,task,distance
0,[0],407.6209439926
1,[1],6197.346794721099
2,[2],1126.9781624522
3,[3],222.337449834
