,customer,weight,round,length
0,"[56, 28, 36, 32, 138, 98, 44, 82, 19, 139, 150, 24, 75, 76]","[2, 1, 1, 1, 1, 1, 1, 1, 1, 1, 1, 1, 1, 1]",0,6879.2274646526
1,"[0, 97, 94, 70, 69, 110, 9, 10, 11, 8]","[2, 1, 1, 2, 3, 1, 2, 1, 1, 1]",0,6043.447704444001
2,"[154, 153, 152]","[2, 1, 1]",1,5747.055157849
3,[],[],1,0.0
