,task,distance
0,"[0, 3]",2624.4607085876005
1,"[1, 2]",8331.0648955309
