,task,distance
0,"[0, 3]",9344.3251074931
1,"[1, 2]",3399.2898620525
