,customer,weight,round,length
0,"[26, 77, 87, 32, 41]","[2, 2, 5, 4, 2]",0,2425.251384215
1,"[29, 30, 4, 5, 35, 11, 34, 13]","[1, 1, 3, 1, 1, 1, 6, 1]",0,4316.445203941999
2,"[78, 62, 53, 55, 100, 66, 102, 94, 85, 47]","[1, 1, 1, 1, 4, 1, 1, 1, 1, 1]",0,2837.2906309013
