,task,distance
0,[0],2425.251384215
1,[1],4316.445203941999
2,[2],2837.2906309013
