,customer,weight,round,length
0,"[43, 136, 105, 152, 117, 118, 98, 40, 167]","[1, 1, 1, 1, 1, 1, 1, 1, 3]",0,5880.9936385986
1,"[19, 92, 78, 32, 23, 145, 154, 157, 49, 77, 50]","[3, 1, 1, 1, 1, 1, 1, 1, 1, 1, 1]",0,10013.509802329
