,task,distance
0,"[0, 4]",9350.287951972401
1,"[1, 3]",6840.532613032099
2,"[2, 5]",6324.038879496
