,task,distance
0,[0],0.0
1,[1],1609.927059449
2,[2],1259.24993816
