,customer,weight,round,length
0,"[20, 24, 80, 118]","[1, 2, 2, 4]",0,1477.3701253315
1,"[51, 37, 5, 77, 114, 93, 72]","[1, 1, 1, 1, 3, 1, 1]",0,5510.1545398323005
