,task,distance
0,[0],2000002289.559994
1,[1],0.0
2,[2],5446.956471687001
