,customer,weight,round,length
0,"[81, 149, 150, 124, 123, 84, 106, 129, 130, 112, 113, 114, 131, 108, 107]","[1, 1, 1, 1, 1, 1, 1, 1, 1, 1, 1, 1, 1, 1, 1]",0,2815.0870243009995
1,[100],[1],1,1682.123526386
