,customer,weight,round,length
0,"[134, 111, 128, 80, 99, 74, 122, 135, 62, 147, 82, 106, 129, 113]","[1, 1, 1, 1, 1, 1, 2, 1, 1, 1, 1, 1, 1, 1]",0,6007.047718996999
1,"[142, 117]","[1, 1]",1,853.72412274
