,customer,weight,round,length
0,"[105, 111, 133, 134, 110, 109, 104, 103, 102, 126, 127, 89, 128]","[2, 1, 1, 2, 1, 1, 1, 1, 1, 1, 1, 1, 1]",0,2357.468500957
1,"[89, 78, 151]","[1, 1, 2]",1,1219.553910045
