,task,distance
0,[0],1751.255401568
1,[1],1441.132558206
2,[2],2039.942228007
3,[3],1322.22949558
4,[4],1198.208780633
