,customer,weight,round,length
0,"[4, 15, 32, 9, 46]","[2, 10, 1, 1, 1]",0,2625.378442397
1,[43],[1],1,1148.675596672
