,customer,weight,round,length
0,"[8, 56, 55, 41]","[6, 4, 4, 1]",0,935.208380322
1,"[3, 20, 7, 30, 22, 8]","[1, 3, 1, 1, 1, 1]",1,7312.003366266999
