,customer,weight,round,length
0,[],[],0,0.0
1,[],[],0,0.0
2,"[24, 3, 23, 38, 8]","[1, 3, 1, 1, 1]",0,1020.0743478248
3,[12],[3],0,338.334492826
