,customer,weight,round,length
0,"[35, 27, 36, 37, 53, 48, 46, 15, 34, 22, 24, 3, 26]","[1, 1, 1, 1, 1, 1, 1, 1, 2, 1, 1, 2, 1]",0,3739.328395514
1,"[43, 42, 31, 24, 8]","[1, 11, 1, 1, 1]",1,2158.256434551
2,[42],[3],2,445.234033024
