,customer,weight,round,length
0,"[6, 16, 17, 24, 25, 22]","[1, 4, 1, 1, 1, 3]",0,845.8829066641001
1,"[38, 23, 28, 5, 27, 26, 29, 21]","[2, 1, 2, 1, 1, 1, 2, 1]",0,1051.8389854992
