,task,distance
0,[0],7540.20015343
1,[1],2331.0594723339
