,customer,weight,round,length
0,"[5, 8, 16, 71, 51, 13, 14, 4, 3, 52, 1, 79]","[1, 1, 1, 1, 1, 2, 1, 1, 2, 1, 1, 2]",0,3635.9196899455
1,"[19, 9]","[1, 1]",1,1302.2656810144
