,task,distance
0,[0],0.0
1,[1],1563.2294903457
2,[2],0.0
3,[3],1421.590360209
4,[4],0.0
