,customer,weight,round,length
0,"[185, 183, 182, 161, 188, 157, 151, 191, 2]","[1, 1, 1, 1, 3, 2, 3, 1, 2]",0,4766.728372669701
1,"[139, 156, 85, 133, 105, 190, 10, 11, 138, 146, 114]","[2, 2, 2, 1, 1, 1, 2, 1, 1, 1, 1]",0,3918.1966767209997
