,task,distance
0,[0],4766.728372669701
1,[1],3918.196676721
