,customer,weight,round,length
0,"[25, 24, 75, 78, 26, 77, 76, 43]","[3, 2, 1, 2, 3, 1, 1, 2]",0,2996.579244596
1,"[19, 18, 62, 10, 68, 12, 79, 59, 60, 61, 47, 49, 17]","[3, 1, 1, 1, 1, 1, 1, 1, 1, 1, 1, 1, 1]",0,3070.4902110476
2,"[54, 9, 20, 64, 65, 46, 21, 3, 4]","[2, 3, 1, 1, 1, 4, 1, 1, 1]",0,2466.6426523715
3,[44],[15],1,356.088633562
4,"[72, 38]","[7, 8]",1,1893.4437434299998
5,"[58, 50, 48, 67, 42, 51, 41, 34, 70]","[1, 1, 1, 1, 5, 1, 3, 1, 1]",1,2502.5822993167
6,"[34, 15, 74, 36, 56]","[1, 3, 2, 1, 2]",2,2015.858368909
7,[],[],2,0.0
8,"[80, 0, 2, 1, 53, 40, 52, 8]","[2, 1, 1, 1, 1, 1, 2, 1]",2,3661.45572827
