,CID,TTDDemd
0,9864,0.72070902586
1,9865,1.99800002575
2,9866,0.104119002819
3,16609,0.114382997155
4,16610,0.467687994242
5,16611,0.402653992176
6,37854,0.296905994415
7,37855,0.460314005613
8,37856,0.282979995012
9,37857,0.244286000729
10,45255,0.192724004388
11,45256,0.533689975739
12,45257,0.214527994394
13,45258,0.166648000479
14,45409,0.216213002801
15,45410,0.94092798233
16,45411,0.698318004608
17,52841,0.324319005013
18,52842,0.260037004948
19,52843,0.622283995152
