,customer,weight,round,length
0,"[36, 21, 12, 16, 39, 20, 4, 41, 14, 3]","[1, 1, 2, 3, 2, 2, 1, 1, 1, 1]",0,2047.23467371
1,"[18, 1, 5, 34, 31, 37, 9, 40, 7, 19]","[1, 2, 1, 1, 3, 1, 1, 3, 1, 1]",0,1119.257153306
2,"[15, 24, 13, 46, 10, 35, 33, 42, 43, 44, 8, 1, 45]","[1, 1, 3, 1, 1, 1, 1, 1, 1, 1, 1, 1, 1]",1,1264.107835107
3,"[28, 38, 29, 6, 32, 17, 22, 27]","[1, 1, 4, 1, 3, 1, 2, 2]",1,670.267872167
4,"[11, 0, 2, 25, 26, 30, 23]","[1, 1, 1, 1, 1, 4, 6]",2,559.363966228
5,[],[],2,0.0
