,task,distance
0,[0],0.0
1,[1],7739.337363925999
2,[2],3082.965196112
3,[3],1483.2675595851
