,task,distance
0,[0],1442.9184286819998
1,[1],5000.2230240730005
2,[2],2470.616182441
3,[3],8885.051745723
