,task,distance
0,[0],0.0
1,[1],0.0
2,[2],2373.9212915918006
3,[3],1389.8023513465
