,task,distance
0,[0],2301.863687695
1,[1],0.0
2,[2],3000002203.001534
3,[3],0.0
