,customer,weight,round,length
0,"[105, 38, 87, 95, 39, 78, 80]","[4, 1, 1, 1, 1, 2, 5]",0,3404.9073074848
1,"[14, 13, 3, 16, 11, 118, 48, 129]","[1, 1, 1, 1, 1, 1, 2, 1]",1,8000.6767280349995
