,task,distance
0,[0],1302.2030006173002
1,[1],0.0
2,[2],347.540198404
