,task,distance
0,"[0, 4]",11854.0359267174
1,"[1, 3]",10514.380058591
2,"[2, 5]",11169.1574376561
