,customer,weight,round,length
0,"[55, 41, 42, 8]","[4, 1, 3, 7]",0,1019.9548499729
1,"[0, 74, 3, 20, 58, 56, 54]","[4, 1, 1, 3, 1, 4, 1]",0,2392.907105761
2,"[39, 30, 10, 11, 5, 12, 43, 67, 61, 60, 68, 6, 7]","[2, 1, 1, 1, 2, 1, 1, 1, 1, 1, 1, 1, 1]",0,6900.6592603325
