,customer,weight,round,length
0,[],[],0,0.0
1,"[72, 61, 67, 70, 54, 58, 0]","[2, 1, 1, 2, 1, 1, 4]",0,2000003479.2429538
2,"[59, 5, 15, 13, 43]","[5, 3, 1, 1, 1]",0,2000001412.7370071
