,task,distance
0,[0],4820.2293462315
1,[1],0.0
2,[2],1889.6545599629
