,task,distance
0,[0],0.0
1,[1],2000003479.2429535
2,[2],2000001412.7370071
