,customer,weight,round,length
0,"[49, 88, 79, 183, 185, 131, 146, 168, 143, 31, 29, 134, 133, 137]","[1, 1, 1, 1, 2, 1, 1, 1, 1, 1, 1, 1, 1, 1]",0,4463.482801577
1,"[142, 94, 52, 186, 139, 126, 26, 179, 108, 128, 55, 96]","[1, 2, 1, 1, 1, 1, 1, 2, 2, 1, 1, 1]",0,4021.0333339638005
2,[],[],1,0.0
3,"[107, 176, 169, 173, 2, 90, 115, 92, 63]","[1, 1, 1, 1, 1, 1, 1, 2, 1]",1,6413.9668473579995
