,customer,weight,round,length
0,"[81, 73, 72, 85, 46, 64]","[1, 3, 2, 7, 1, 1]",0,4178.312226752
1,[96],[7],0,50.9828480138
2,[31],[7],0,53.3487779566
