,task,distance
0,[0],4178.312226752
1,[1],50.9828480138
2,[2],53.3487779566
