,customer,weight,round,length
0,"[30, 44, 51, 26]","[4, 1, 2, 8]",0,1633.6811392475001
1,"[51, 85, 50]","[2, 12, 1]",1,2561.566125354
2,"[22, 76, 24, 16, 11, 9, 60, 85]","[1, 1, 1, 5, 1, 2, 2, 2]",2,4198.8620471705
3,"[25, 43]","[1, 1]",3,5390.16726139
