,customer,weight,round,length
0,"[85, 50, 26, 60]","[4, 1, 8, 2]",0,2976.3137412060005
1,"[78, 12, 87, 2, 3, 64, 80, 81, 65, 76, 11]","[1, 1, 1, 3, 1, 1, 2, 2, 1, 1, 1]",1,8362.323389562
2,"[86, 68]","[1, 3]",2,5724.538839084001
