,customer,weight,round,length
0,"[3, 33, 38, 37, 1]","[1, 2, 1, 1, 10]",0,974.7523658719001
1,"[41, 2, 72, 70, 68, 86, 49, 87, 75, 88, 28, 23]","[1, 3, 1, 1, 2, 1, 1, 1, 1, 1, 1, 1]",1,2697.9396050544
