,task,distance
0,[0],2901.9026741523
1,[1],0.0
2,[2],5249.976822008
3,[3],0.0
