,task,distance
0,[0],3773.549896901
1,[1],1912.9498310533
2,[2],4170.854872227
3,[3],0.0
4,[4],1685.97422143
