,task,distance
0,[0],0.0
1,[1],4166.453372828
2,[2],3015.3987323022
3,[3],248.816957036
4,[4],2187.7940762107
