,customer,weight,round,length
0,"[91, 16, 84, 2, 51, 62, 20, 37, 120]","[2, 3, 1, 1, 4, 1, 1, 1, 1]",0,4653.140487241801
1,"[91, 92, 3, 130, 33, 100, 121]","[1, 3, 1, 1, 1, 6, 2]",0,1267.4930957133001
2,[],[],0,0.0
3,[],[],0,0.0
4,[],[],0,0.0
