,task,distance
0,[0],0.0
1,[1],0.0
2,[2],102.1624838766
3,[3],0.0
4,[4],4958.063867614
