,task,distance
0,[0],326.688506256
1,[1],0.0
2,[2],8101.537977213999
3,[3],0.0
4,[4],0.0
