,task,distance
0,[0],1176.333044432
1,[1],0.0
2,[2],5810.413943942
3,[3],0.0
