,customer,weight,round,length
0,"[19, 53, 54, 80, 8]","[1, 1, 1, 1, 1]",0,6123.974778717
1,[76],[1],0,2184.40311728
2,[],[],0,0.0
