,task,distance
0,[0],6123.974778717
1,[1],2184.40311728
2,[2],0.0
