,customer,weight,round,length
0,"[15, 84, 21, 113, 33, 20, 137, 136, 81]","[2, 2, 1, 2, 1, 3, 1, 1, 2]",0,5323.19171005
1,"[25, 134, 37, 99, 38, 65]","[2, 2, 3, 2, 1, 2]",1,3357.9561356140002
