,task,distance
0,"[0, 3]",2867.2487910446
1,"[1, 2]",3021.8275729481
