,customer,weight,round,length
0,"[32, 140, 141, 144, 118, 36, 35, 139, 40, 150, 147, 19]","[1, 1, 2, 1, 1, 1, 1, 1, 1, 1, 1, 1]",0,3346.8937162899997
1,"[43, 41, 44, 82]","[1, 2, 1, 1]",0,1941.9930945704
2,[],[],0,0.0
3,[],[],0,0.0
