,task,distance
0,[0],0.0
1,[1],3669.8010710120006
2,[2],0.0
3,[3],1900.3474340878
