,task,distance
0,[0],0.0
1,[1],0.0
2,[2],2703.676199249
3,[3],4856.28156839
4,[4],0.0
