,customer,weight,round,length
0,[],[],0,0.0
1,[],[],0,0.0
2,[],[],0,0.0
3,"[34, 110, 30, 26, 106, 126, 41, 23, 22]","[3, 1, 1, 1, 1, 2, 1, 1, 1]",0,4930.766730783
4,"[66, 164, 13, 64, 8, 9, 11, 172]","[2, 2, 3, 2, 1, 2, 1, 1]",0,4577.281543880999
