,customer,weight,round,length
0,[79],[3],0,194.3653264048
1,"[175, 162, 13, 60, 12, 151, 166, 4, 3]","[1, 3, 3, 2, 1, 1, 1, 1, 1]",0,2589.6185582194007
2,[],[],0,0.0
3,[],[],0,0.0
4,"[78, 134, 164, 165, 172, 176, 66]","[1, 4, 2, 4, 1, 1, 2]",0,1969.0227294104002
