,task,distance
0,[0],0.0
1,[1],0.0
2,[2],2532.855152243
3,[3],0.0
4,[4],2547.7176697876
