,task,distance
0,[0],1578.0627696509
1,[1],0.0
2,[2],0.0
3,[3],0.0
4,[4],5102.1247253495
