,customer,weight,round,length
0,"[103, 44, 30, 104, 105, 17, 106, 36, 122]","[2, 1, 1, 1, 2, 2, 2, 1, 3]",0,2663.7080493279996
1,"[16, 15, 69, 18, 13, 31, 22, 37, 51]","[1, 3, 1, 1, 1, 3, 1, 3, 1]",0,2429.638361266
2,"[105, 120, 91, 3, 2]","[2, 1, 2, 1, 1]",1,5779.713287751
3,[],[],1,0.0
