,task,distance
0,"[0, 3]",2663.708049328
1,"[1, 2]",8209.351649017
