,task,distance
0,"[0, 3, 5, 7]",6571.621545558
1,"[1, 2, 4, 6]",5908.329366768
