,customer,weight,round,length
0,"[65, 116, 40, 49, 48, 59, 94, 105, 5, 84]","[1, 1, 3, 1, 1, 2, 2, 1, 1, 2]",0,6414.372631836
1,"[97, 108, 53, 30, 44, 92, 112, 102]","[2, 1, 1, 1, 1, 1, 6, 2]",0,4348.5776021425
2,"[35, 99, 71, 26, 77, 78, 66, 95]","[2, 1, 1, 2, 1, 2, 3, 2]",1,6798.805617462
3,[],[],1,0.0
