,task,distance
0,"[0, 2]",4692.589865403999
1,"[1, 3]",10598.126664712
