,task,distance
0,[0],4587.724434390399
1,[1],389.535097774
2,[2],0.0
3,[3],0.0
4,[4],0.0
