,customer,weight,round,length
0,"[47, 87, 67, 65, 58, 4, 5, 55]","[1, 2, 1, 1, 2, 1, 1, 1]",0,1432.0702161885001
1,"[41, 68, 25, 18, 59, 76, 75]","[1, 1, 1, 1, 1, 1, 3]",0,1955.394869873
