,customer,weight,round,length
0,"[15, 1, 94, 2, 13]","[1, 1, 1, 1, 1]",0,898.5218316993999
1,"[44, 17, 61, 49, 62, 63, 48, 26, 45]","[1, 2, 1, 1, 1, 1, 1, 2, 2]",0,2856.5184062419
