,task,distance
0,[0],1432.0702161885
1,[1],1955.394869873
