,task,distance
0,[0],1600.0943358977
1,[1],1430.6498255281
