,customer,weight,round,length
0,"[46, 88, 6, 5, 81, 103, 107, 104, 105, 106, 44]","[1, 1, 3, 1, 1, 1, 1, 1, 1, 1, 2]",0,3697.6679292589997
1,[],[],0,0.0
2,[],[],0,0.0
3,"[131, 109, 129, 83, 29, 115, 114, 111, 110, 94, 93, 149]","[1, 1, 1, 1, 3, 1, 1, 1, 1, 1, 1, 1]",0,7904.9538615308
4,[],[],0,0.0
