,customer,weight,round,length
0,[],[],0,0.0
1,"[126, 124, 142, 96]","[1, 1, 1, 1]",0,2112.466270554
2,"[40, 136, 78, 99]","[2, 2, 7, 2]",0,3500.745680664
3,[],[],0,0.0
4,"[62, 7, 54, 8, 10, 156, 27, 16, 115, 94, 46, 106, 129, 38]","[1, 1, 1, 1, 1, 1, 1, 1, 1, 1, 1, 1, 1, 2]",0,7324.655253623
