,task,distance
0,[0],0.0
1,[1],6419.69511153
2,[2],0.0
3,[3],4605.813453721001
4,[4],757.109900466
