,task,distance
0,[0],5554.810055633
1,[1],1359.8000731638997
2,[2],5999.386738770001
3,[3],0.0
4,[4],721.493939112
