,task,distance
0,"[0, 5, 8, 11]",10778.558436818
1,"[1, 3, 6, 9]",9875.981023658998
2,"[2, 4, 7, 10]",10374.470419054
