,CID,TTDDemd
0,11314,0.483173012733
1,19700,5.90910005569
2,25201,6.44084978104
3,25205,4.59715986252
4,26603,4.55319023132
5,26604,4.55319023132
6,26606,4.55319023132
7,39854,2.67434000969
8,39855,8.04658985138
9,39866,4.55319023132
10,54423,15.013299942
11,60812,4.55319023132
12,61995,4.55319023132
