,customer,weight,round,length
0,"[48, 68, 43, 58, 12]","[1, 3, 3, 3, 1]",0,1951.5410784641
1,"[27, 8, 9, 67, 16, 17, 14, 13, 61, 45, 29, 24, 50]","[1, 1, 1, 1, 1, 1, 1, 2, 1, 1, 1, 1, 1]",0,3021.5896306159
