,customer,weight,round,length
0,"[65, 51, 62, 116, 115, 59, 98, 5, 33, 9, 84]","[1, 1, 1, 1, 2, 2, 2, 1, 1, 1, 2]",0,3694.23720614
1,"[37, 60, 45, 112, 29]","[3, 1, 4, 6, 1]",0,3027.4202379400003
2,"[86, 57, 12, 44, 43, 92, 40, 30, 53, 52, 108, 32]","[1, 1, 1, 1, 1, 1, 3, 1, 1, 1, 1, 2]",0,2593.1360973119995
3,"[102, 66, 72, 68, 95, 96]","[2, 3, 2, 1, 2, 1]",1,3615.1881116480004
4,"[35, 69, 109, 39, 99, 71, 38, 36, 97]","[2, 1, 1, 1, 1, 1, 1, 2, 2]",1,3645.383886848
5,"[78, 77, 26, 105, 94, 106, 107, 6, 48, 49]","[2, 1, 2, 1, 2, 1, 1, 1, 1, 1]",1,4485.406817203
