,task,distance
0,"[0, 3]",7309.425317788
1,"[1, 4]",6672.804124788001
2,"[2, 5]",7078.542914514999
