,customer,weight,round,length
0,"[161, 133, 263, 204, 202, 46, 71, 67, 68, 230, 45, 198, 70]","[2, 1, 1, 1, 1, 1, 1, 1, 1, 1, 1, 2, 1]",0,2000011967.685388
1,"[185, 64, 65, 41, 247, 245, 107, 174, 6, 239, 157, 122]","[1, 2, 2, 1, 1, 1, 1, 1, 1, 1, 2, 1]",0,2000019318.2245228
2,"[210, 80, 90, 269]","[1, 2, 1, 1]",1,1617.402659414
3,[],[],1,0.0
