,customer,weight,round,length
0,"[62, 26]","[7, 8]",0,4633.028164859999
1,"[51, 61, 90, 50]","[4, 6, 4, 1]",0,4633.965074267
2,"[24, 7, 14, 16, 11, 76, 22]","[1, 1, 5, 5, 1, 1, 1]",1,5849.1806988649
3,"[60, 59, 65, 56, 54, 19, 41]","[6, 3, 1, 1, 1, 2, 1]",1,6276.5112032570005
4,"[12, 40, 78, 43, 68, 86, 49, 87, 75, 23, 38]","[1, 2, 1, 1, 3, 1, 1, 1, 1, 1, 1]",2,3290.6459702179004
5,[1],[10],2,332.616067036
