,customer,weight,round,length
0,[57],[15],0,9949.4283836
1,"[143, 173, 175, 144, 145, 65, 53]","[3, 3, 2, 2, 3, 1, 1]",0,6696.563447038
2,"[69, 73, 51, 52, 115, 71, 61, 23, 125, 141, 85, 100]","[1, 3, 1, 1, 1, 2, 1, 1, 1, 1, 1, 1]",0,11722.051701583
3,[],[],1,0.0
4,"[111, 41, 6, 5, 107, 131]","[1, 1, 1, 1, 4, 2]",1,14250.062340452001
5,[],[],1,0.0
