,customer,weight,round,length
0,"[94, 158, 38, 30, 87, 34, 31, 74, 146, 126, 58, 60, 182, 161]","[1, 1, 1, 1, 1, 1, 1, 1, 1, 1, 1, 1, 1, 2]",0,12981.039091403998
1,"[103, 150, 132, 55, 4, 137, 1, 96, 97, 104, 105, 101]","[2, 1, 2, 2, 1, 1, 1, 1, 1, 1, 1, 1]",0,17587.551433317796
2,[],[],0,0.0
