,task,distance
0,[0],3340.193562501
1,[1],1078.3637460968
2,[2],0.0
3,[3],5237.241728468
