,customer,weight,round,length
0,[],[],0,0.0
1,"[226, 166, 41, 284, 138, 141, 297, 5, 0, 245, 242, 17, 25]","[1, 1, 2, 1, 1, 1, 1, 1, 2, 1, 1, 1, 1]",0,10585.416679912
2,"[213, 120, 72, 47, 124, 112, 153, 289, 118, 307]","[1, 1, 1, 1, 1, 1, 1, 3, 1, 1]",0,2000005884.16304
3,"[33, 86, 87, 80, 85, 82, 81, 59, 58, 227]","[1, 1, 1, 1, 1, 1, 1, 1, 1, 1]",0,7067.116824647001
4,[],[],0,0.0
