,customer,weight,round,length
0,"[58, 241, 239, 66, 71, 245, 244, 62]","[2, 3, 1, 3, 2, 2, 1, 1]",0,7805.282745568
1,"[233, 27, 19, 253, 249, 151, 171, 202, 227, 210, 211]","[1, 1, 1, 2, 1, 1, 1, 1, 2, 1, 3]",0,7535.7793393930015
2,[],[],0,0.0
3,"[155, 153, 133, 183, 101, 167, 216, 119, 110, 115, 124, 196]","[1, 2, 2, 1, 1, 1, 1, 2, 1, 1, 1, 1]",0,12650.875984573
4,[8],[1],0,88.3819826814
