,customer,weight,round,length
0,"[134, 207, 45, 96, 97, 208, 248, 250, 73, 159]","[2, 1, 2, 1, 1, 2, 1, 2, 1, 1]",0,8059.3589602447
1,"[1, 39, 59, 156, 65, 21, 247, 63, 22, 51, 140]","[1, 1, 1, 1, 2, 1, 1, 1, 1, 4, 1]",0,6495.698423226
2,"[90, 83, 107, 30, 114, 112, 38, 260, 123, 9, 5, 6]","[1, 1, 1, 1, 1, 1, 1, 1, 1, 1, 2, 1]",0,10974.5923187645
3,[],[],0,0.0
4,[],[],0,0.0
