,customer,weight,round,length
0,"[58, 59, 241, 156, 240, 239, 60, 52, 53]","[2, 1, 3, 1, 1, 1, 1, 1, 1]",0,1072.9149604341
1,[],[],0,0.0
2,"[66, 157, 174, 62, 63, 22, 242, 64, 65]","[3, 2, 1, 1, 1, 1, 1, 1, 2]",0,1401.4138662285
3,"[51, 206, 147]","[4, 1, 2]",0,642.955908768
4,"[177, 71, 247, 245, 244, 21, 158, 25, 214, 61, 99]","[1, 2, 1, 2, 1, 1, 2, 2, 1, 1, 1]",0,3722.7181446163995
