,task,distance
0,[0],13049.42336575
1,[1],4755.8189014843
2,[2],0.0
3,[3],0.0
4,[4],7437.741135454999
