,task,distance
0,[0],1072.9149604341
1,[1],0.0
2,[2],1401.4138662285
3,[3],642.955908768
4,[4],3722.7181446164
