,customer,weight,round,length
0,"[62, 13, 92, 5, 20, 27, 25, 8, 78]","[1, 1, 2, 1, 2, 3, 2, 1, 2]",0,3475.1415109289997
1,"[49, 75, 70, 79, 74]","[2, 2, 1, 1, 2]",1,3031.576841517
