,task,distance
0,"[0, 4]",6271.9838876373
1,"[1, 5]",5490.0298642116
2,"[2, 3]",7499.806066511999
