,task,distance
0,"[0, 5]",2735.1198045633005
1,"[1, 4]",2779.857438192
2,"[2, 3]",5342.0834835922005
