,customer,weight,round,length
0,"[68, 63, 67, 4, 40, 74, 31, 27, 61, 26, 34, 60, 80]","[1, 1, 1, 3, 1, 1, 1, 1, 1, 1, 1, 1, 1]",0,4580.95533131
1,"[38, 5, 33, 39, 25, 89, 85, 30, 28, 78]","[1, 4, 1, 1, 2, 1, 1, 2, 1, 1]",0,2330.388283872
2,"[6, 73, 32, 77, 59, 64, 37, 79, 62, 50, 86, 75, 24]","[1, 1, 3, 1, 1, 1, 1, 1, 1, 1, 1, 1, 1]",0,4571.7559671
3,"[3, 23, 54, 51, 29, 81, 53, 56, 57, 52]","[3, 2, 1, 1, 3, 1, 1, 1, 1, 1]",1,3612.3990524399997
4,"[41, 55, 11, 13, 88, 35, 12, 9, 91]","[5, 1, 1, 1, 3, 1, 1, 1, 1]",1,2279.5490241859998
5,"[87, 22, 76, 58, 2, 66, 10, 36, 21, 1]","[1, 1, 2, 3, 1, 2, 2, 1, 1, 1]",1,4161.120983209999
6,"[15, 69, 19, 49, 42, 84, 48, 20, 82]","[2, 1, 1, 1, 1, 1, 1, 1, 1]",2,2817.4733830799996
7,"[65, 16, 71, 70, 44, 47, 83, 72]","[1, 1, 1, 1, 1, 2, 1, 2]",2,4150.35211661
8,"[14, 90, 45, 18, 17, 7, 43, 46, 8, 0]","[1, 2, 1, 1, 2, 1, 1, 2, 1, 1]",2,3718.67366899
