,CID,TTDDemd
0,15721,0.0692235976458
1,41803,0.207671001554
