,task,distance
0,[0],320.39168014750004
1,[1],726.833367044
2,[2],1161.870642411
3,[3],1841.807107817
4,[4],1328.250019487
