,customer,weight,round,length
0,"[157, 137, 139, 156, 10, 12, 153, 108, 146, 18, 102]","[1, 1, 1, 1, 1, 2, 1, 1, 4, 1, 1]",0,3568.186219913
1,"[51, 126, 5, 66, 62, 39, 47, 90, 91, 40, 76, 24]","[1, 1, 1, 1, 1, 1, 1, 3, 1, 1, 1, 2]",0,4773.8218768779
2,[135],[1],0,320.499228908
