,task,distance
0,[0],3159.6512021335
1,[1],0.0
2,[2],2878.534225275
