,task,distance
0,"[0, 3]",4132.572639387399
1,"[1, 5]",3078.4605463585
2,"[2, 4]",5281.6104159417
