,task,distance
0,[0],324.802264514
1,[1],343.4997306503
2,[2],0.0
