,customer,weight,round,length
0,"[67, 68, 161, 69, 163, 14, 152, 60, 174, 165, 110]","[1, 1, 1, 2, 1, 1, 1, 2, 3, 1, 1]",0,4850.847345187999
1,"[135, 83, 32, 84, 30, 104, 28, 103, 43, 151, 164, 150]","[1, 1, 3, 1, 1, 1, 1, 1, 2, 1, 1, 1]",1,6885.294217983201
2,"[89, 87, 155, 154]","[1, 1, 1, 2]",2,4289.3772362527
