,customer,weight,round,length
0,[],[],0,0.0
1,"[84, 56, 60, 81, 72, 73]","[1, 2, 1, 1, 3, 1]",0,1751.7752682120001
2,"[71, 95, 43, 45, 106, 68, 67, 102]","[1, 1, 1, 3, 2, 3, 1, 2]",0,4292.294640935
