,customer,weight,round,length
0,"[50, 55, 44]","[3, 3, 3]",0,1887.1918556930002
1,[19],[7],0,143.196378053
2,"[18, 65, 67]","[7, 1, 3]",0,2360.491319071
3,[],[],0,0.0
