,task,distance
0,[0],4282.495065027
1,[1],0.0
2,[2],0.0
3,[3],281.204632598
