,task,distance
0,[0],0.0
1,[1],0.0
2,[2],0.0
3,[3],1641.592707853
4,[4],5652.4057448230005
