,customer,weight,round,length
0,"[75, 132, 89, 106, 82, 94, 109, 99, 140, 103, 91]","[1, 1, 1, 1, 1, 1, 1, 2, 2, 3, 1]",0,2000005883.1858447
1,"[24, 28, 32, 115, 20, 128, 143, 142, 122]","[4, 1, 2, 1, 1, 1, 1, 1, 3]",1,2000005792.1356835
2,"[50, 4, 12, 9, 16, 34, 67]","[1, 2, 1, 1, 1, 1, 4]",2,2000004788.6214201
