,customer,weight,round,length
0,"[110, 100, 143, 81, 105, 101, 93, 131, 90, 87, 138, 141]","[1, 1, 1, 1, 1, 1, 1, 1, 1, 3, 2, 1]",0,2000006307.7810316
1,"[114, 23, 13, 3, 146, 145, 117, 10, 8, 29, 73, 17, 25]","[1, 1, 1, 1, 1, 1, 1, 1, 2, 1, 2, 1, 1]",1,2000007119.7052479
2,[146],[1],2,2000000000.0
