,customer,weight,round,length
0,"[137, 144, 57, 72, 74, 71, 134, 53, 46, 31, 61]","[3, 3, 1, 1, 1, 1, 1, 1, 1, 1, 1]",0,2457.7468044075003
1,"[38, 48, 47, 11, 30, 45, 70, 35, 68, 69, 37]","[1, 1, 3, 1, 2, 1, 1, 2, 1, 1, 1]",1,4162.9146662232
2,"[40, 41, 52, 43]","[1, 1, 1, 1]",2,2905.0365389689996
