,customer,weight,round,length
0,"[35, 59, 39, 23, 38, 1, 42, 60, 17, 18, 49]","[1, 1, 1, 1, 1, 1, 1, 1, 1, 1, 1]",0,4884.315818262501
1,[36],[7],0,230.038651962
2,[],[],0,0.0
3,[],[],0,0.0
4,"[47, 68, 45, 46, 48]","[8, 3, 1, 2, 1]",0,1398.5341652486
