,customer,weight,round,length
0,[],[],0,0.0
1,"[95, 118, 78, 94, 93, 91, 117, 102]","[1, 2, 2, 1, 1, 2, 5, 1]",0,3750.7145931703003
2,[103],[1],0,94.1708636242
3,[],[],0,0.0
4,"[104, 28, 105, 43, 51, 50, 27, 96]","[1, 2, 1, 2, 1, 3, 2, 1]",0,1735.7233895927002
