,customer,weight,round,length
0,"[28, 50, 45, 60, 38, 57, 81, 80, 79]","[2, 3, 1, 1, 1, 1, 1, 1, 1]",0,3849.4617312505998
1,"[98, 14, 64, 25, 115, 76, 30, 31, 80, 79]","[1, 1, 3, 1, 1, 1, 1, 1, 1, 1]",0,4084.3542410516993
2,[],[],0,0.0
3,[],[],0,0.0
4,[],[],0,0.0
