,task,distance
0,"[0, 2, 4, 6]",9477.152564945001
1,"[1, 3, 5, 7]",9442.345222786
