,customer,weight,round,length
0,"[54, 49, 80, 17, 98, 53]","[3, 2, 3, 1, 1, 4]",0,4685.405095867
1,[86],[5],0,312.790985114
