,task,distance
0,[0],771.0132921080001
1,[1],4100.416549768
