,customer,weight,round,length
0,"[101, 178, 179, 237, 180, 199, 63, 88, 96]","[1, 1, 1, 2, 2, 2, 1, 1, 2]",0,3320.5060065826997
1,"[64, 84, 150, 91, 215, 210, 213, 4, 204, 106, 103]","[1, 1, 1, 2, 1, 1, 1, 1, 1, 1, 2]",0,5320.316577372
