,customer,weight,round,length
0,"[21, 8, 15, 41]","[2, 3, 3, 5]",0,5864.3073265230005
1,[40],[5],0,89.108757036
2,[40],[13],0,89.108757036
