,task,distance
0,[0],0.0
1,[1],5649.7563029
2,[2],89.108757036
