,customer,weight,round,length
0,"[32, 11]","[2, 13]",0,2302.8191158110003
1,"[16, 13, 28, 18]","[1, 2, 1, 3]",1,9460.836688653
