,customer,weight,round,length
0,[25],[15],0,7876.93980258
1,"[7, 11, 12, 24]","[1, 4, 2, 1]",1,9229.572395976
