,customer,weight,round,length
0,[26],[3],0,483.648269214
1,[],[],0,0.0
2,"[18, 22, 49, 24, 32, 0, 28, 10, 63, 6, 4]","[3, 1, 1, 1, 1, 1, 1, 3, 1, 1, 1]",0,5960.300441079
