,customer,weight,round,length
0,[8],[12],0,291.593085738
1,"[20, 37, 32]","[3, 1, 2]",0,4271.6799878659995
