,task,distance
0,[0],1695.5458071040002
1,[1],3735.153023564
