,task,distance
0,[0],291.593085738
1,[1],4271.679987866
