,customer,weight,round,length
0,[],[],0,0.0
1,[],[],0,0.0
2,[],[],0,0.0
3,"[66, 58, 85, 19, 23, 156, 53]","[1, 1, 1, 1, 1, 1, 1]",0,7953.486938593
4,[129],[3],0,1957.55260365
