,customer,weight,round,length
0,[61],[1],0,249.30060562
1,"[67, 63, 174, 68]","[1, 1, 1, 1]",0,1102.7164067889
