,task,distance
0,[0],0.0
1,[1],0.0
2,[2],661.376655368
3,[3],10114.0454278343
4,[4],817.769321686
