,task,distance
0,[0],0.0
1,[1],11615.545580059
2,[2],440.493880898
3,[3],0.0
4,[4],0.0
