,customer,weight,round,length
0,"[64, 21, 22, 23, 96, 31]","[2, 1, 1, 1, 1, 1]",0,1828.5416844997003
1,"[38, 43, 47, 40, 62]","[1, 2, 1, 2, 3]",0,1340.102378721
