,task,distance
0,[0],3859.044364287
1,[1],1121.0286905073
