,task,distance
0,"[0, 2, 5, 7, 8]",9169.157135002999
1,"[1, 3, 4, 6, 9]",8644.623255038001
