,customer,weight,round,length
0,"[53, 1, 3, 49, 64, 65, 38, 36, 79, 68]","[1, 1, 2, 2, 2, 2, 1, 1, 1, 1]",0,2207.1448122088
1,"[126, 48, 44, 55, 76]","[1, 1, 1, 3, 2]",0,1564.4042710733002
2,"[50, 33, 34, 104, 78]","[1, 1, 1, 2, 1]",0,1142.6964567595
