,task,distance
0,[0],2207.1448122088
1,[1],1564.4042710733002
2,[2],1142.6964567595
