,customer,weight,round,length
0,"[42, 136, 137, 139, 33, 34, 123, 104, 124, 106, 105, 1, 65]","[1, 1, 1, 1, 1, 2, 1, 1, 2, 1, 1, 1, 1]",0,2689.2351703210993
1,"[85, 171, 120, 73, 76, 48, 122, 43]","[2, 2, 2, 2, 3, 1, 2, 1]",0,5446.514007823
2,"[3, 152, 2, 40, 165, 167, 95, 57, 96, 151, 173]","[2, 1, 1, 1, 1, 3, 1, 1, 1, 2, 1]",0,2370.4233485099
3,[],[],1,0.0
4,[76],[1],1,4010.55290306
5,[],[],1,0.0
