,customer,weight,round,length
0,"[9, 10, 27, 26, 98, 25, 118, 30, 117, 63]","[1, 1, 1, 1, 1, 1, 1, 4, 1, 3]",0,1630.6154312382
1,"[61, 60, 59, 112, 146, 113, 72, 114, 133]","[3, 2, 1, 1, 1, 1, 1, 2, 3]",0,1648.9329362197998
2,"[49, 158, 111, 157, 102, 75, 76, 147, 148, 77, 103, 74, 50]","[1, 1, 1, 1, 1, 1, 1, 3, 1, 1, 1, 1, 1]",0,2313.1272957076
3,[],[],1,0.0
4,[],[],1,0.0
5,[162],[2],1,5758.24417894
