,task,distance
0,"[0, 5]",7388.8596101782005
1,"[1, 4]",1648.9329362197998
2,"[2, 3]",2313.1272957076
