,task,distance
0,[0],0.0
1,[1],2000003704.8748472
2,[2],2000004067.2269287
