,task,distance
0,[0],4090.2535482702
1,[1],206.7923398935
