,customer,weight,round,length
0,"[243, 163, 215, 184, 138, 24, 122, 218, 159, 206]","[1, 2, 1, 2, 2, 2, 1, 2, 1, 1]",0,7296.672067580001
1,"[172, 87, 219, 94, 93, 44, 23, 181]","[1, 5, 1, 2, 1, 1, 1, 3]",0,4211.740776279
2,"[53, 19, 20, 148, 29, 190, 30, 204, 111, 110, 70, 210]","[1, 1, 1, 1, 1, 1, 2, 1, 1, 1, 2, 2]",0,4817.0535775675
3,"[58, 25, 217, 233, 158, 129, 216, 88, 126, 18, 8]","[1, 2, 1, 1, 1, 2, 2, 2, 1, 1, 1]",0,5595.6639133749995
4,[],[],1,0.0
5,"[91, 161, 162]","[2, 1, 1]",1,3194.195284975
6,"[75, 208, 86, 149, 250, 72, 114, 203, 11, 248, 222, 221]","[1, 1, 1, 1, 1, 1, 1, 1, 1, 1, 1, 1]",1,5939.160955519999
7,[],[],1,0.0
