,task,distance
0,[0],610.3250478013999
1,[1],2598.0750728578
2,[2],2711.6483926124
3,[3],1312.3109784560002
