,task,distance
0,[0],2171.2093930653
1,[1],488.4082979473
2,[2],1294.7038405100002
3,[3],2487.993791279
