,task,distance
0,"[0, 7]",2815.6593513538005
1,"[1, 5]",6079.186195424901
2,"[2, 6]",3169.539345694
3,"[3, 4]",4056.235663967
