,task,distance
0,"[0, 5]",3293.876891311
1,"[1, 7]",2143.2150531528
2,"[2, 4]",4227.714768454699
3,"[3, 6]",8549.243997768
