,task,distance
0,[0],10388.210669200997
1,[1],13910.129885997005
2,[2],1086.322906473
3,[3],14841.020093142
