,customer,weight,round,length
0,[],[],0,0.0
1,"[70, 23, 67, 89, 90, 93, 29, 84, 86, 85, 53]","[3, 1, 1, 1, 1, 1, 1, 1, 1, 1, 2]",0,3521.9456716453005
2,"[55, 50, 49, 54, 65, 88, 66]","[3, 1, 1, 3, 1, 2, 2]",0,1633.7062545560998
