,task,distance
0,[0],3967.890664465
1,[1],3765.9183738186
2,[2],451.29186044
