,customer,weight,round,length
0,"[6, 7, 11, 10, 49, 5, 21, 22, 23]","[1, 1, 1, 1, 1, 1, 1, 1, 2]",0,3133.2460110728
1,[12],[9],0,426.507863386
