,task,distance
0,[0],1099.4618416341
1,[1],3045.318120884001
