,customer,weight,round,length
0,"[2, 71, 95, 89, 37, 35, 72, 73]","[3, 1, 1, 1, 2, 1, 1, 2]",0,3284.937391144
1,"[42, 17, 52, 67, 5, 12, 34, 33]","[1, 1, 2, 2, 1, 1, 1, 1]",0,9770.627509367001
2,[],[],0,0.0
