,task,distance
0,[0],0.0
1,[1],5282.274580466001
2,[2],1818.66315774
