,task,distance
0,[0],256.5891399
1,[1],0.0
2,[2],0.0
3,[3],26.5562120326
4,[4],0.0
