,task,distance
0,[0],8340.986813558
1,[1],7492.284236480999
2,[2],310.28013301
