,task,distance
0,[0],2290.590109435
1,[1],6239.022667867999
2,[2],2897.4706223502
