,customer,weight,round,length
0,"[178, 70]","[6, 1]",0,1436.28779992
1,"[153, 183, 69, 101, 160, 68, 161, 123, 14, 114, 158, 127, 190, 103, 131]","[1, 1, 1, 1, 1, 1, 1, 1, 1, 1, 1, 1, 1, 1, 1]",0,12298.393876548998
2,[],[],0,0.0
3,[],[],0,0.0
4,[],[],0,0.0
