,customer,weight,round,length
0,[],[],0,0.0
1,[],[],0,0.0
2,"[11, 5, 4, 0, 3, 17, 14, 18]","[1, 1, 1, 1, 2, 1, 1, 1]",0,1888.543404188
3,"[7, 2, 10, 9, 26, 29, 6, 34, 32, 25, 31, 21]","[1, 2, 2, 1, 1, 1, 1, 1, 1, 1, 1, 1]",0,2326.7730796835
