,customer,weight,round,length
0,[],[],0,0.0
1,[],[],0,0.0
2,"[149, 99, 66, 9, 67, 146, 28, 98, 78, 63]","[1, 1, 2, 2, 1, 1, 1, 1, 1, 1]",0,5180.825998322
3,"[24, 75, 129, 77, 76, 87]","[1, 1, 1, 3, 1, 2]",0,861.2693601742001
4,[],[],0,0.0
