,task,distance
0,[0],0.0
1,[1],87.6240065504
2,[2],1812.7234275374
3,[3],3669.8010710120006
4,[4],0.0
