,task,distance
0,[0],7975.937297111
1,[1],3381.6056025269995
2,[2],0.0
3,[3],0.0
4,[4],0.0
