,task,distance
0,[0],0.0
1,[1],0.0
2,[2],5180.825998322
3,[3],861.2693601742001
4,[4],0.0
