,customer,weight,round,length
0,"[51, 18, 17, 36, 8, 19, 9, 11, 6, 49, 35, 12, 32]","[1, 1, 1, 1, 1, 1, 1, 1, 1, 1, 1, 2, 1]",0,11160.6286319501
1,"[14, 28]","[5, 5]",0,1630.158071302
