,task,distance
0,[0],0.0
1,[1],0.0
2,[2],3738.969329403
3,[3],3595.7814870094
4,[4],0.0
