,customer,weight,round,length
0,"[81, 104]","[1, 2]",0,610.667430989
1,"[85, 108, 8, 109, 75, 68, 77, 113, 0, 32, 16, 87]","[1, 1, 2, 1, 1, 1, 1, 1, 2, 1, 1, 1]",0,4647.94007178
