,task,distance
0,[0],3210.3429630922
1,[1],295.818836178
