,customer,weight,round,length
0,"[86, 2, 90, 81, 59, 56, 30, 95, 97, 91, 92, 13, 29]","[1, 1, 1, 1, 3, 1, 1, 1, 1, 1, 1, 1, 1]",0,4742.296904318001
1,"[85, 82, 6, 26, 4, 77, 35, 16, 103, 17, 98, 74, 9, 7]","[1, 1, 1, 1, 1, 1, 1, 1, 1, 1, 2, 1, 1, 1]",0,6008.928480592
2,[],[],1,0.0
3,"[31, 34, 32, 99, 15, 102]","[1, 1, 1, 2, 1, 1]",1,4387.929439359999
