,task,distance
0,"[0, 3]",2706.2424168432003
1,"[1, 2]",1161.659645972
