,customer,weight,round,length
0,"[51, 18, 53, 54, 50, 48, 40, 63, 33, 44, 42, 47, 41, 34, 36]","[1, 1, 1, 1, 1, 1, 1, 1, 1, 1, 1, 1, 1, 1, 1]",0,5599.545374783999
1,[38],[1],1,3853.96648262
