,customer,weight,round,length
0,"[32, 62, 60, 37, 28, 64, 26, 49, 23, 25, 27, 30]","[2, 1, 2, 1, 2, 1, 1, 1, 1, 1, 1, 1]",0,4930.502291108999
1,"[22, 24, 65, 37]","[1, 2, 1, 1]",1,3351.896689141
