,task,distance
0,[0],0.0
1,[1],4527.040056112
2,[2],2964.480015495
