,task,distance
0,[0],0.0
1,[1],2437.2546168427
2,[2],866.2265869467
