,task,distance
0,[0],541.887193862
1,[1],2640.964304589
2,[2],1282.629892198
