,task,distance
0,[0],0.0
1,[1],2096.299468171
2,[2],1009.557608196
