,task,distance
0,[0],0.0
1,[1],1670.576543344
2,[2],5626.423975965
