,customer,weight,round,length
0,"[129, 19, 18, 110, 151, 77, 3, 29, 147]","[1, 2, 1, 2, 1, 2, 2, 1, 3]",0,5525.642251522001
1,"[45, 115, 47, 25, 114, 142, 39, 154, 126, 103, 76, 30]","[1, 1, 1, 2, 1, 1, 1, 2, 2, 1, 1, 1]",0,8370.393413958001
2,[178],[2],1,403.014038804
3,[181],[1],1,98.026167849
