,customer,weight,round,length
0,"[33, 135, 104, 35, 34, 39, 40, 20, 42, 141]","[1, 3, 3, 1, 1, 1, 1, 1, 2, 1]",0,2021.3039326604999
1,"[140, 144, 27, 114, 157, 71, 143, 142]","[2, 4, 1, 1, 2, 2, 2, 1]",0,1808.6957343186
2,"[70, 41, 154, 156]","[1, 1, 2, 2]",1,1707.1683865972
3,[113],[4],1,881.966603464
