,task,distance
0,"[0, 3]",8466.021873863101
1,"[1, 2]",6878.6438620240015
