,task,distance
0,"[0, 2]",6038.881962787001
1,"[1, 3]",7848.7685201716
