,customer,weight,round,length
0,"[88, 60, 113, 53]","[1, 2, 11, 1]",0,2625.3508459629998
1,[],[],0,0.0
2,[],[],0,0.0
3,"[118, 94, 128, 98, 96]","[3, 7, 1, 2, 2]",0,4897.032405264999
4,"[45, 5, 93, 95]","[3, 3, 2, 2]",0,2605.460524
