,task,distance
0,[0],0.0
1,[1],4073.173330759
2,[2],0.0
3,[3],861.673310308
4,[4],0.0
