,task,distance
0,[0],4304.234564812001
1,[1],0.0
2,[2],0.0
3,[3],0.0
4,[4],955.7107524996
