,customer,weight,round,length
0,"[207, 147, 52, 156, 239, 65, 62, 174, 247, 244, 157, 216]","[1, 2, 1, 1, 1, 2, 1, 1, 1, 1, 2, 1]",0,6638.8181793979
1,[],[],0,0.0
2,"[233, 234, 5, 7, 8, 9, 11, 10, 33, 196, 114, 110, 210, 90]","[1, 1, 2, 1, 1, 1, 1, 1, 1, 1, 1, 1, 1, 1]",0,10771.0949613603
3,"[121, 73, 18, 252, 27, 256, 248]","[1, 1, 2, 1, 1, 1, 1]",0,3314.9696280900002
4,"[142, 136, 138, 223, 208, 46, 44, 99, 98, 133]","[1, 2, 1, 1, 2, 1, 1, 1, 1, 2]",0,5577.780141518001
