,customer,weight,round,length
0,"[51, 241, 240, 60, 96, 189, 100, 183, 131, 134, 237]","[1, 3, 1, 1, 1, 2, 1, 1, 1, 2, 1]",0,7449.944222993402
1,"[35, 38, 112, 106, 55]","[5, 1, 1, 1, 1]",0,2108.065664936
2,"[51, 66, 177, 245, 158, 25, 63, 242]","[3, 3, 1, 2, 2, 2, 1, 1]",0,5267.0630043070005
3,"[260, 32, 19, 159, 160, 253, 249, 168, 169]","[1, 1, 1, 1, 1, 2, 1, 4, 3]",0,11216.068698226
4,"[224, 1, 144, 89, 151, 155, 140, 202, 15, 119, 107, 37, 35]","[1, 1, 1, 1, 1, 1, 1, 1, 1, 2, 1, 2, 1]",0,6642.772185734
