,customer,weight,round,length
0,[],[],0,0.0
1,"[24, 21, 9, 8]","[2, 1, 3, 1]",0,1130.7668553285
2,"[33, 34, 51, 45, 41, 7, 6, 63, 13]","[1, 1, 2, 1, 1, 1, 1, 1, 2]",0,3017.284855289
