,task,distance
0,[0],0.0
1,[1],1130.7668553285
2,[2],3017.284855289
