,customer,weight,round,length
0,"[115, 70, 58, 94, 66]","[7, 2, 1, 1, 1]",0,2331.278170981
1,"[51, 69, 89, 112, 60, 57, 22, 118]","[4, 1, 2, 1, 1, 1, 1, 4]",0,3352.1479273228
