,customer,weight,round,length
0,[],[],0,0.0
1,"[55, 56, 75, 74, 63, 64, 17, 29, 77, 7]","[1, 1, 1, 1, 1, 2, 2, 1, 1, 1]",0,25742.481141573
2,"[72, 54, 19, 51, 49, 58]","[2, 1, 2, 1, 1, 1]",0,3498.5004463929995
3,"[112, 21, 22, 24, 113, 111]","[1, 2, 1, 1, 1, 1]",0,1363.8076266218
