,customer,weight,round,length
0,[],[],0,0.0
1,"[99, 0, 104, 93, 20, 95, 55, 78, 79, 102, 13]","[1, 1, 1, 1, 2, 1, 2, 1, 1, 1, 1]",0,2938.0061218139995
2,[45],[6],0,139.062207206
3,[],[],0,0.0
4,[],[],0,0.0
