,customer,weight,round,length
0,[],[],0,0.0
1,[],[],0,0.0
2,"[21, 8, 9]","[1, 1, 3]",0,876.4411608445
3,"[24, 33, 34, 51, 45, 41, 7, 6, 63, 13]","[2, 1, 1, 2, 1, 1, 1, 1, 1, 2]",0,3271.6105497729995
