,task,distance
0,"[0, 7]",3261.44977891
1,"[1, 5]",3055.112643094
2,"[2, 9]",3582.772083808
3,"[3, 6]",4354.588738419
4,"[4, 8]",5836.63186503
