,task,distance
0,"[0, 8]",3793.527983198
1,"[1, 6]",5181.716898077
2,"[2, 5]",8256.995584853299
3,"[3, 9]",3353.3137639346005
4,"[4, 7]",3917.1118356480006
