,customer,weight,round,length
0,"[108, 95, 133, 146, 65, 66, 61, 21, 17, 159, 81]","[1, 1, 1, 4, 1, 1, 1, 1, 1, 1, 2]",0,3437.0329572204
1,"[11, 119, 9, 10, 113, 120, 156, 139, 138, 117, 152, 155, 154]","[2, 1, 1, 1, 1, 2, 1, 1, 1, 1, 1, 1, 1]",0,1928.1214425368
2,"[78, 79, 80, 30, 16, 14, 12, 153]","[1, 1, 1, 1, 3, 2, 2, 1]",0,1119.1313670749
