,task,distance
0,[0],3437.0329572204
1,[1],1928.1214425368
2,[2],1119.1313670749
