,customer,weight,round,length
0,"[136, 18, 17, 16, 159, 133, 147, 69, 68, 15, 102, 143]","[1, 1, 1, 3, 1, 1, 1, 1, 1, 2, 1, 1]",0,2275.2254565202
1,"[132, 156, 155, 152, 139, 138, 117, 13, 83, 98, 87, 157, 84]","[1, 1, 1, 1, 1, 1, 1, 2, 2, 1, 1, 1, 1]",0,2530.5722123346
2,"[20, 21, 95, 80, 78, 154, 153, 11, 119, 9, 10, 113, 120]","[1, 1, 1, 1, 1, 1, 1, 2, 1, 1, 1, 1, 2]",1,2939.5047020187994
3,"[97, 129, 51, 110, 125, 126, 135, 96, 116, 8, 137]","[1, 2, 1, 2, 1, 1, 1, 2, 1, 1, 1]",1,2945.700419142
