,customer,weight,round,length
0,"[45, 104, 5, 114, 36, 69, 89]","[1, 1, 1, 3, 4, 2, 1]",0,3618.4870483957
1,"[24, 63, 27, 118, 20]","[2, 7, 1, 4, 1]",0,6656.950438526
2,[],[],0,0.0
3,"[111, 110, 48, 68, 54, 55, 83]","[1, 1, 3, 1, 1, 1, 1]",0,2552.0395397944003
