,customer,weight,round,length
0,[5],[1],0,344.773357172
1,[],[],0,0.0
2,[],[],0,0.0
3,"[2, 15, 18, 44, 1, 42, 22, 40, 24, 26]","[1, 1, 1, 1, 1, 1, 1, 1, 1, 1]",0,1952.5977169894
