,task,distance
0,[0],5199.677166519999
1,[1],18892.016789436
2,[2],0.0
3,[3],0.0
