,customer,weight,round,length
0,"[44, 125]","[6, 9]",0,3700.443122998
1,"[18, 34, 33, 95, 76, 108, 109, 114, 110, 4]","[1, 1, 1, 1, 1, 1, 1, 1, 1, 6]",0,14718.101232622199
2,"[9, 119, 102]","[13, 1, 1]",0,5940.288963970301
3,"[101, 14, 100, 99, 139, 7, 117, 84, 46, 30, 32]","[1, 1, 1, 1, 1, 1, 2, 1, 1, 3, 2]",0,7758.505320771501
4,[],[],1,0.0
5,[],[],1,0.0
6,[],[],1,0.0
7,"[130, 129, 61]","[1, 2, 1]",1,12843.081794244
