,task,distance
0,"[0, 2]",3581.733907198
1,"[1, 3]",6179.286043279599
