,customer,weight,round,length
0,[7],[3],0,174.862312682
1,"[10, 14]","[13, 1]",0,631.4831389982
