,task,distance
0,[0],174.862312682
1,[1],631.4831389982
