,customer,weight,round,length
0,"[73, 45, 44, 42, 36, 34, 31]","[3, 2, 1, 2, 1, 1, 2]",0,3447.9499209819996
1,"[47, 64, 62, 59, 11, 21, 19, 58, 55, 72]","[1, 1, 1, 1, 1, 1, 1, 2, 5, 1]",0,3674.6928973086997
