,task,distance
0,[0],3285.3176663977
1,[1],1957.2731737757
