,customer,weight,round,length
0,"[34, 9]","[1, 13]",0,5731.747096295
1,[],[],0,0.0
2,"[71, 74, 73, 69, 127, 126, 130, 129, 131, 109, 110]","[1, 1, 1, 1, 2, 1, 1, 2, 3, 1, 1]",0,11618.078315624702
3,"[79, 67, 7, 45, 77, 84, 65, 111, 139, 99, 14, 101, 102]","[1, 1, 1, 2, 2, 1, 1, 1, 1, 1, 1, 1, 1]",0,8184.935211051101
4,"[4, 125]","[6, 9]",0,4377.032416958
