,customer,weight,round,length
0,"[32, 38, 37, 45, 33]","[2, 2, 1, 1, 1]",0,7452.087622783
1,[31],[1],0,358.994489562
2,"[29, 30]","[2, 2]",0,897.307943794
