,task,distance
0,[0],0.0
1,[1],6644.6234355510005
2,[2],6476.732047645
