,task,distance
0,[0],0.0
1,[1],144.9308164316
2,[2],1651.7894444141998
