,customer,weight,round,length
0,[69],[15],0,635.910661568
1,"[69, 98]","[6, 9]",1,1497.802328775
2,"[25, 109, 51, 24, 21, 2, 78, 8, 98]","[1, 2, 2, 1, 1, 1, 1, 3, 3]",2,8644.654263744998
3,"[87, 136, 12]","[1, 1, 1]",3,7702.091005002999
