,customer,weight,round,length
0,"[73, 72, 76, 74, 90, 70, 10, 111, 110, 131, 129, 38, 107]","[1, 1, 1, 1, 2, 1, 1, 1, 2, 1, 1, 1, 1]",0,6401.7430131902
1,"[36, 113]","[1, 1]",1,5091.214077369
