,customer,weight,round,length
0,"[134, 47, 86, 89, 88, 62, 35, 34, 33, 32, 80, 52, 0, 49]","[1, 1, 1, 1, 1, 1, 1, 1, 2, 1, 1, 1, 1, 1]",0,2458.3487186776
1,[114],[1],1,1191.55321917
