,customer,weight,round,length
0,[],[],0,0.0
1,[12],[5],0,88.2343902474
2,"[12, 21, 86, 66, 53, 63, 56]","[1, 1, 5, 1, 2, 2, 1]",0,4768.8686445637
3,[],[],0,0.0
