,customer,weight,round,length
0,"[68, 63, 174, 67]","[1, 1, 1, 1]",0,1102.7164067889
1,[],[],0,0.0
2,"[61, 60]","[1, 1]",0,591.580757972
3,[],[],0,0.0
4,[],[],0,0.0
