,task,distance
0,[0],1102.7164067889
1,[1],0.0
2,[2],591.580757972
3,[3],0.0
4,[4],0.0
