,customer,weight,round,length
0,"[5, 26, 4, 25, 28, 10, 27, 21, 51, 22, 48, 11]","[1, 1, 1, 1, 1, 2, 1, 1, 1, 2, 1, 2]",0,798.988667817
1,"[49, 41, 23, 29, 36, 46, 30, 15, 42, 24, 45, 47, 18]","[2, 1, 1, 1, 1, 1, 1, 1, 1, 1, 1, 1, 2]",1,3810.000540879
