,customer,weight,round,length
0,[],[],0,0.0
1,"[53, 133, 134, 84, 99]","[1, 1, 1, 2, 1]",0,4966.777127433
2,"[78, 36, 37, 105, 102, 46, 54, 103, 59]","[1, 2, 2, 2, 4, 1, 1, 1, 1]",0,11441.081912396001
