,task,distance
0,[0],4669.764026231
1,[1],8707.256835442999
2,[2],0.0
