,task,distance
0,[0],13548.120764923002
1,[1],558.91233941
2,[2],0.0
