,task,distance
0,[0],0.0
1,[1],147.0135932574
2,[2],0.0
3,[3],8967.341477808599
