,task,distance
0,[0],0.0
1,[1],5295.153860563
2,[2],0.0
3,[3],4500.391512233
