,task,distance
0,[0],2233.2708996282
1,[1],928.686979076
2,[2],6023.17686424
