,task,distance
0,[0],2891.024242296
1,[1],11496.162527232998
2,[2],2039.422088964
