,customer,weight,round,length
0,[],[],0,0.0
1,[],[],0,0.0
2,"[89, 52, 106, 81, 11, 50, 116, 72, 7, 70, 121, 134]","[2, 1, 1, 1, 1, 1, 1, 1, 1, 1, 3, 1]",0,21553.404168956
3,"[3, 123]","[1, 1]",0,17329.61799202
4,[],[],0,0.0
