,task,distance
0,[0],0.0
1,[1],0.0
2,[2],0.0
3,[3],18119.730626715
4,[4],16379.883363731002
