,customer,weight,round,length
0,"[10, 56, 69, 68, 78, 98, 60]","[1, 1, 5, 3, 1, 3, 1]",0,5544.866230979
1,"[85, 139, 136, 120, 122, 99, 66, 65, 28, 59]","[2, 1, 2, 1, 2, 2, 1, 2, 1, 1]",0,3899.140148613
2,"[84, 83, 38, 125, 44, 105, 103, 88, 110, 116]","[2, 1, 2, 1, 2, 1, 1, 1, 1, 2]",1,5563.471097013
3,"[37, 36, 48, 126, 3, 97, 96, 160, 134, 40, 42]","[1, 1, 2, 1, 1, 1, 1, 1, 1, 2, 1]",1,4717.843429666999
