,task,distance
0,"[0, 3, 5]",12724.119803898999
1,"[1, 2, 4]",11836.027568612602
