,customer,weight,round,length
0,"[70, 69]","[1, 5]",0,297.79971845800003
1,"[15, 48, 18, 11, 71, 26, 23, 40, 35, 90, 79, 84, 4, 57, 58]","[1, 1, 1, 1, 1, 1, 1, 1, 1, 1, 1, 1, 1, 1, 1]",0,3657.1743663272
2,[],[],0,0.0
