,task,distance
0,[0],4573.740955281
1,[1],680.6404247753001
2,[2],2143.51180057
