,customer,weight,round,length
0,[33],[14],0,241.521529762
1,"[33, 51, 57, 10, 14, 9, 77, 31]","[2, 4, 1, 1, 1, 3, 2, 1]",0,5069.072226507
2,"[87, 90, 89, 88, 7]","[4, 3, 3, 4, 1]",0,1470.7055349328
3,[],[],0,0.0
4,[],[],0,0.0
