,task,distance
0,[0],2297.2041126138
1,[1],396.4292900442
2,[2],4865.700435419
