,customer,weight,round,length
0,[19],[12],0,236.418100712
1,"[11, 18, 9, 19]","[1, 1, 1, 9]",0,3684.450160227
