,customer,weight,round,length
0,"[40, 21, 42, 9]","[8, 2, 1, 1]",0,5448.829123969
1,[40],[11],0,1500.58067507
