,task,distance
0,[0],2165.560155948
1,[1],5456.088737947
