,task,distance
0,[0],3373.3843897330003
1,[1],2735.257016957
