,task,distance
0,"[0, 3]",2411.0957833226007
1,"[1, 2]",5641.799188881
