,task,distance
0,"[0, 3]",2550.9476334196
1,"[1, 2]",7192.442285372201
