,customer,weight,round,length
0,[1],[15],0,7919.8843768
1,[1],[15],0,7919.8843768
