,task,distance
0,"[0, 5]",1659.661117535
1,"[1, 4]",3062.8358353470003
2,"[2, 5]",2235.48366249
3,"[3, 5]",1268.309594792
