,customer,weight,round,length
0,[],[],0,0.0
1,"[5, 15]","[8, 2]",0,2000000894.3072634
2,[],[],0,0.0
3,[12],[8],0,245.454672584
