,customer,weight,round,length
0,"[118, 115, 51]","[4, 7, 4]",0,741.2201797358
1,"[89, 69, 120, 112, 61, 22, 66]","[2, 1, 1, 1, 1, 1, 1]",1,3870.9002965
