,task,distance
0,[0],1679.165537828
1,[1],297.795400196
