,customer,weight,round,length
0,"[107, 89, 102, 55, 57, 56, 72, 1, 81, 93]","[1, 2, 1, 1, 5, 1, 1, 1, 1, 1]",0,12626.171840732999
1,"[24, 120]","[14, 1]",0,9248.29280658
2,"[27, 9, 7, 96, 101, 37]","[1, 1, 1, 1, 1, 1]",1,36495.24289804
3,[],[],1,0.0
