,customer,weight,round,length
0,"[56, 31, 116, 143, 144, 96]","[1, 1, 1, 1, 1, 1]",0,4548.078429693
1,"[95, 27, 26, 7, 77, 70, 5, 84, 29, 75, 72]","[2, 1, 1, 1, 2, 1, 1, 1, 2, 1, 1]",0,4918.3473392316
