,task,distance
0,[0],27301.5815260688
1,[1],5175.11826855
