,customer,weight,round,length
0,"[274, 198, 197, 275, 207, 69, 70, 208, 71]","[2, 1, 1, 3, 1, 1, 3, 1, 2]",0,2652.3925337237
1,"[133, 216, 182, 238, 264, 29, 31, 169, 170, 266]","[1, 2, 3, 1, 1, 1, 1, 2, 1, 2]",0,3825.2302573209995
2,"[196, 57, 147, 148, 174, 141, 142, 163, 61, 200, 146, 144, 145]","[1, 2, 1, 1, 1, 1, 1, 1, 1, 1, 1, 2, 1]",0,2998.6231027827002
3,"[214, 279, 49, 99, 172, 263, 33, 190, 271, 159, 168]","[1, 3, 2, 1, 1, 1, 1, 1, 1, 1, 1]",1,8312.349086895
4,[],[],1,0.0
5,[],[],1,0.0
