,customer,weight,round,length
0,"[153, 152, 237, 260, 259, 236, 92, 157, 38, 132, 227]","[1, 1, 1, 1, 1, 2, 2, 2, 1, 2, 1]",0,2982.1857481847
1,"[230, 166, 235, 234, 257, 258, 231, 28, 138, 137, 126, 125]","[1, 1, 1, 1, 2, 1, 1, 1, 1, 1, 3, 1]",0,3500.545331305
2,"[181, 229, 232, 19, 76, 121, 75, 77, 226]","[3, 1, 2, 1, 1, 3, 1, 2, 1]",0,3135.429081875
3,[],[],1,0.0
4,"[149, 46, 281, 122]","[3, 1, 1, 3]",1,2583.7685758400003
5,"[251, 79, 110, 62, 63, 243, 10, 209]","[2, 1, 2, 1, 2, 2, 1, 2]",1,4056.8153457219996
