,task,distance
0,"[0, 3]",10964.741620618699
1,"[1, 4]",3825.230257321
2,"[2, 5]",2998.6231027827
