,task,distance
0,"[0, 3]",8699.3357811432
1,"[1, 5]",3365.306435365
2,"[2, 4]",5900.887626289001
