,customer,weight,round,length
0,"[89, 65, 43, 24, 42, 64, 37, 133]","[1, 2, 2, 1, 1, 3, 3, 2]",0,3116.1208439541997
1,"[88, 38, 100, 99, 85, 101, 102, 36, 40, 135, 134]","[1, 1, 1, 2, 1, 2, 1, 1, 2, 1, 2]",0,4079.7742441961004
2,[],[],1,0.0
3,[36],[1],1,2573.92325222
