,task,distance
0,"[0, 3]",5690.044096174201
1,"[1, 2]",4079.774244196101
