,task,distance
0,"[0, 3]",4373.380389874
1,"[1, 2]",3312.920647108
