,customer,weight,round,length
0,"[24, 13]","[1, 1]",0,1200.065346718
1,[88],[2],0,460.777972766
2,"[46, 30, 15]","[1, 1, 1]",0,1773.9672725540001
