,customer,weight,round,length
0,[],[],0,0.0
1,[],[],0,0.0
2,"[34, 64, 65, 42, 41, 99, 52, 102, 87, 3]","[1, 2, 2, 1, 1, 2, 1, 2, 1, 1]",0,15662.566085001
3,"[6, 5, 16, 25, 90, 55, 79]","[1, 1, 1, 1, 1, 1, 1]",0,4093.7941442359997
4,[],[],0,0.0
