,customer,weight,round,length
0,"[90, 55, 21, 102, 50, 99, 108, 52, 94, 70, 98, 74, 89]","[1, 1, 1, 2, 1, 2, 1, 1, 1, 1, 1, 1, 1]",0,15135.055372478002
1,[],[],0,0.0
2,[],[],0,0.0
3,[],[],0,0.0
4,"[78, 75, 35, 6]","[1, 2, 1, 1]",0,5850.982544316001
