,customer,weight,round,length
0,[],[],0,0.0
1,"[78, 39, 77, 75, 76]","[1, 1, 1, 2, 2]",0,2221.5896601709997
2,[],[],0,0.0
3,"[68, 35, 100, 33, 89, 44, 83, 59, 51, 19, 88, 21]","[1, 1, 1, 2, 1, 1, 2, 1, 1, 1, 1, 1]",0,13990.581970348001
4,[],[],0,0.0
