,task,distance
0,[0],1289.9511375836
1,[1],0.0
2,[2],0.0
3,[3],4712.404894036
4,[4],0.0
