,task,distance
0,[0],0.0
1,[1],6366.007639926
2,[2],0.0
3,[3],12098.691473249
4,[4],0.0
