,task,distance
0,[0],0.0
1,[1],2735.257016957
2,[2],3373.384389733
3,[3],0.0
