,task,distance
0,"[0, 5]",2998.471684968
1,"[1, 7]",2280.5479852771
2,"[2, 4]",4507.151531985
3,"[3, 6]",6062.8234622340005
