,customer,weight,round,length
0,"[148, 63, 124, 113, 40, 41]","[1, 3, 1, 7, 1, 1]",0,2914.7541373829995
1,[],[],0,0.0
2,"[31, 155, 165, 163, 135, 60, 43, 179, 80, 132, 149, 24, 130]","[1, 1, 1, 1, 1, 2, 2, 1, 1, 1, 1, 1, 1]",0,10386.574044287998
