,customer,weight,round,length
0,"[117, 123, 42, 125, 90]","[1, 1, 1, 1, 9]",0,3285.8253919629997
1,"[103, 151, 104, 30, 83, 152, 68, 67, 174]","[1, 1, 1, 1, 1, 1, 1, 1, 3]",0,5871.3472899477
2,"[90, 23, 52, 48, 25, 181]","[9, 1, 1, 1, 1, 1]",0,4926.849209233001
