,task,distance
0,[0],3285.825391963
1,[1],5871.3472899477
2,[2],4926.849209233001
