,task,distance
0,[0],2914.7541373829995
1,[1],0.0
2,[2],10386.574044287998
