,task,distance
0,[0],2664.9270685838
1,[1],0.0
2,[2],375.471367688
