,task,distance
0,[0],2934.5664159091
1,[1],3050.2939897499
2,[2],0.0
3,[3],0.0
