,task,distance
0,"[0, 3]",10114.90453809
1,"[1, 2]",9314.212571411
