,customer,weight,round,length
0,[8],[15],0,2293.9041096
1,"[25, 92, 30, 76, 97, 8]","[2, 1, 1, 1, 1, 9]",0,6109.805542711
2,[11],[15],1,2568.9936131
3,[11],[15],1,2568.9936131
4,[11],[15],2,2568.9936131
5,[11],[15],2,2568.9936131
6,[],[],3,0.0
7,"[72, 35, 53, 116]","[1, 1, 1, 1]",3,4531.321066866
