,customer,weight,round,length
0,"[65, 11]","[2, 13]",0,3588.9080890979994
1,"[65, 11, 43, 44, 16, 100, 55, 23]","[1, 7, 1, 1, 1, 1, 1, 2]",0,6460.354870234999
2,[11],[11],1,3588.9080891
3,"[81, 45, 111, 11]","[1, 1, 3, 10]",1,5997.342308073
