,task,distance
0,"[0, 2, 5, 7, 9, 11, 13, 15, 17, 19]",4478.4973354414
1,"[1, 3, 4, 6, 8, 10, 12, 14, 16, 18]",1628.1308518811002
