,task,distance
0,[0],2759.1528730552
1,[1],5825.052491825
