,task,distance
0,"[0, 2, 5]",6887.202877096
1,"[1, 3, 4]",4124.64015005
