,customer,weight,round,length
0,[],[],0,0.0
1,[],[],0,0.0
2,[8],[12],0,158.978472868
3,[],[],0,0.0
4,"[13, 10, 36, 45, 49, 8]","[1, 3, 1, 1, 1, 6]",0,4979.6698146362
