,customer,weight,round,length
0,"[0, 98, 99, 123, 102, 106, 103, 104, 125, 124, 100, 37, 38]","[1, 2, 1, 1, 1, 1, 1, 1, 1, 1, 1, 2, 1]",0,4364.920961727
1,"[111, 110, 43, 50, 65, 92, 3]","[2, 2, 5, 2, 2, 1, 1]",0,2486.5766764484
2,"[87, 88, 55, 54, 53, 136, 135, 35, 94, 66, 93]","[1, 1, 3, 2, 2, 1, 1, 1, 1, 1, 1]",0,3260.8033283022005
3,"[121, 105, 68, 69, 70, 31, 61]","[3, 1, 1, 1, 3, 5, 1]",1,5313.2751855609995
4,"[122, 67, 82, 51, 44, 119, 62, 120, 116, 73, 90]","[2, 2, 2, 1, 2, 1, 1, 1, 1, 1, 1]",1,5287.071634820999
5,"[131, 56, 74, 112, 113, 78, 129]","[1, 1, 1, 4, 3, 4, 1]",1,3134.379739401
6,"[77, 61]","[1, 4]",2,3664.8147216750003
7,[],[],2,0.0
8,"[114, 63, 108, 137, 139, 64]","[2, 2, 3, 2, 2, 2]",2,4651.290090988
