,customer,weight,round,length
0,[59],[10],0,74.7276861206
1,"[79, 47, 77, 74, 69, 27]","[1, 2, 4, 1, 1, 1]",0,3742.6305844030003
