,customer,weight,round,length
0,"[19, 20, 16, 15, 3, 14, 21, 27]","[1, 2, 1, 2, 4, 1, 1, 3]",0,1943.089110185
1,"[36, 7, 38]","[1, 7, 7]",0,1533.6838762510001
2,"[31, 28, 37]","[7, 1, 7]",0,1211.844783435
3,"[25, 8, 34, 5, 23, 18, 30, 6, 1, 32]","[3, 2, 1, 1, 1, 1, 1, 1, 1, 2]",1,1582.871159392
4,"[13, 4, 12, 9, 17, 29, 33, 11, 24]","[1, 1, 1, 1, 1, 3, 1, 1, 2]",1,2435.0820774100002
5,"[26, 10, 0, 2, 35, 22]","[1, 1, 2, 2, 1, 2]",1,1910.888655563
