,customer,weight,round,length
0,"[78, 25, 95, 52, 53, 54, 64, 63]","[3, 4, 1, 1, 2, 1, 1, 2]",0,2702.1632700620003
1,"[62, 97, 85]","[1, 7, 7]",0,1263.911783581
2,"[31, 96, 81]","[7, 7, 1]",0,1465.5382169302002
3,"[72, 73, 24, 83, 82]","[2, 3, 2, 1, 3]",1,2743.8341177310003
4,"[65, 66, 61, 93, 60, 48, 86, 87, 88, 46, 75, 45]","[2, 1, 1, 1, 1, 1, 2, 1, 1, 1, 1, 1]",1,5645.093190293
5,"[38, 39, 40, 29, 28, 21, 20, 26]","[2, 1, 1, 1, 1, 1, 2, 1]",1,3304.228311553001
