,task,distance
0,"[0, 3]",5445.997387793001
1,"[1, 4]",6909.004973874
2,"[2, 5]",4769.766528483201
