,task,distance
0,[0],36249.072692713
1,[1],6886.216915930001
2,[2],33276.432474686
3,[3],2000005235.473972
