,customer,weight,round,length
0,"[48, 52, 54, 116, 55, 70, 56, 60]","[3, 1, 1, 3, 1, 2, 1, 3]",0,1799.2639576114
1,"[96, 26, 114, 115, 77, 76, 36]","[2, 1, 3, 3, 1, 1, 4]",0,2040.6926180987998
2,"[109, 110, 111, 35, 82, 59, 84, 71, 49]","[1, 1, 1, 2, 1, 1, 1, 4, 3]",0,2321.6766801289004
3,"[106, 108, 17, 33, 32, 90, 61, 69, 89]","[2, 1, 1, 1, 3, 2, 2, 2, 1]",1,3611.693319118999
4,"[68, 25, 5, 93, 51, 37, 8, 104, 4, 45, 83, 50]","[1, 3, 1, 1, 1, 1, 2, 1, 1, 1, 1, 1]",1,8151.031363995
5,"[24, 23, 22, 95, 27, 117, 118, 80, 72, 20]","[2, 1, 1, 1, 1, 1, 4, 2, 1, 1]",1,6209.3549130049
6,"[95, 64, 62, 63]","[1, 1, 2, 7]",2,6037.069192592
7,[],[],2,0.0
8,[],[],2,0.0
