,customer,weight,round,length
0,"[80, 78, 85, 87, 138, 109, 27]","[1, 1, 1, 1, 2, 3, 2]",0,3851.1602667199995
1,[],[],0,0.0
2,[],[],0,0.0
3,"[178, 151, 136, 134, 130, 163, 16, 129, 164, 103]","[1, 1, 1, 1, 2, 1, 1, 1, 5, 1]",0,6664.759371741
4,"[120, 146, 22, 144, 99, 2, 26, 56, 100]","[1, 1, 2, 1, 1, 2, 1, 3, 1]",0,5137.963383872
