,customer,weight,round,length
0,"[130, 83, 163, 31, 171, 16, 129, 168, 125]","[2, 2, 1, 1, 2, 1, 1, 1, 1]",0,3667.1336227350007
1,"[21, 137, 136, 134, 133, 178, 20, 132, 131, 135, 102, 103]","[2, 1, 1, 1, 1, 1, 1, 1, 2, 1, 1, 1]",0,3975.7180624550006
2,[],[],0,0.0
3,[],[],0,0.0
4,"[70, 42, 82, 5, 0, 164]","[1, 1, 1, 1, 1, 5]",0,3070.0641562102
