,customer,weight,round,length
0,"[43, 45, 32, 2, 26, 75, 139, 140, 98, 100, 76]","[3, 1, 1, 2, 1, 1, 1, 2, 1, 1, 1]",0,6918.35296146
1,"[160, 159]","[3, 3]",0,1238.470087861
2,[57],[13],0,448.4301488
3,"[138, 78, 29, 59, 56, 109, 142]","[2, 1, 2, 1, 3, 3, 3]",0,4301.573440072
4,"[4, 3, 85, 84, 87, 57, 104]","[2, 1, 1, 1, 1, 7, 2]",0,1951.0700671680002
