,customer,weight,round,length
0,"[108, 109, 51, 128, 50, 130, 129, 192, 84, 85]","[1, 3, 2, 1, 1, 1, 2, 2, 1, 1]",0,1757.2513977081999
1,"[13, 14, 24, 147, 35, 59, 112, 172]","[2, 4, 1, 1, 1, 1, 4, 1]",0,5170.4669801009995
2,[],[],1,0.0
3,"[158, 74]","[1, 1]",1,4578.99102977
