,customer,weight,round,length
0,"[101, 79, 42, 77, 182, 55, 82, 56, 54, 189, 162, 163, 103]","[1, 1, 1, 2, 1, 1, 1, 1, 1, 1, 1, 1, 2]",0,2392.7690852269993
1,"[45, 44, 175, 139, 183, 38]","[1, 1, 1, 1, 1, 1]",0,2038.616589635
