,customer,weight,round,length
0,"[2, 59, 42, 35, 62, 144, 150, 156, 134, 189, 103, 139]","[2, 1, 1, 1, 1, 1, 1, 1, 1, 1, 2, 1]",0,7210.416277687
1,"[117, 114, 155, 48, 14, 108, 130, 121]","[1, 1, 1, 2, 4, 1, 1, 3]",0,4610.3739727516
