,task,distance
0,[0],2392.769085227
1,[1],2038.616589635
