,task,distance
0,[0],7210.416277687
1,[1],4610.3739727516
