,customer,weight,round,length
0,"[19, 15, 10, 65, 35, 34, 33, 38, 13, 62]","[1, 1, 1, 2, 1, 1, 1, 2, 2, 1]",0,2226.867867918
1,"[26, 54, 56, 32, 53, 66, 59]","[2, 3, 2, 1, 4, 1, 1]",0,2474.929815868
2,[],[],0,0.0
3,"[58, 12, 68, 43, 39, 16, 17]","[3, 1, 3, 3, 2, 1, 1]",0,2538.291102524
4,"[14, 61, 45, 31, 29, 24, 50, 48, 27, 8, 9, 67]","[1, 1, 1, 1, 1, 1, 1, 1, 1, 1, 1, 1]",0,2838.1823729199996
