,customer,weight,round,length
0,"[31, 18, 35, 3, 16, 0, 34, 33, 27, 19, 29]","[1, 1, 3, 1, 1, 1, 1, 1, 2, 2, 1]",0,1639.5995210209999
1,"[26, 21, 22, 25, 2]","[3, 3, 1, 4, 1]",0,836.899451095
2,"[8, 20, 10, 28, 30, 24, 1, 23, 17, 4, 5]","[1, 2, 1, 3, 1, 1, 1, 1, 1, 2, 1]",0,582.5381166599
3,[],[],0,0.0
4,"[8, 9, 14, 6, 11, 32, 12, 15, 13, 7]","[1, 1, 1, 1, 2, 2, 1, 1, 1, 1]",0,887.4074917600001
