,task,distance
0,[0],1639.599521021
1,[1],836.899451095
2,[2],582.5381166599
3,[3],0.0
4,[4],887.4074917600001
