,customer,weight,round,length
0,"[102, 103, 100, 79, 80, 78, 63, 64, 7, 44]","[1, 3, 1, 2, 1, 1, 1, 2, 1, 1]",0,2000014800.6008744
1,"[58, 19, 72, 112, 24, 22, 21, 113, 111, 75, 74, 25]","[1, 2, 2, 1, 1, 1, 2, 1, 1, 1, 1, 1]",0,2000009606.079223
2,[],[],0,0.0
3,[],[],0,0.0
