,task,distance
0,[0],3413.555799251
1,[1],0.0
2,[2],12852.602268142798
3,[3],0.0
