,customer,weight,round,length
0,[],[],0,0.0
1,[31],[3],0,542.385378378
2,[],[],0,0.0
3,"[54, 25, 3, 40, 43, 44, 52]","[1, 1, 1, 1, 3, 1, 3]",0,1833.3832217655
