,customer,weight,round,length
0,[44],[15],0,1265.379056978
1,"[79, 12, 76, 78, 64, 72, 61]","[1, 1, 1, 2, 1, 7, 1]",0,3435.542644637
2,"[42, 8, 0, 74, 49]","[5, 1, 1, 2, 1]",0,2728.4264515516998
