,task,distance
0,[0],0.0
1,[1],1982.4028985108
2,[2],3866.586045184
