,task,distance
0,[0],1265.379056978
1,[1],3435.542644637
2,[2],2728.4264515517
