,customer,weight,round,length
0,"[1, 74, 72, 34, 33, 117, 68, 79]","[2, 1, 1, 3, 1, 3, 1, 1]",0,3101.399028979
1,"[38, 76, 47, 56, 45, 116, 59, 35]","[2, 1, 2, 1, 1, 1, 1, 1]",0,3473.6182852309994
