,customer,weight,round,length
0,"[81, 51, 99, 109, 60, 93, 29, 55, 54, 120]","[1, 1, 1, 2, 1, 1, 2, 1, 1, 3]",0,4273.9264924161
1,"[24, 15, 106, 0, 75, 3]","[1, 1, 1, 1, 1, 2]",0,2626.8012338810004
