,customer,weight,round,length
0,[],[],0,0.0
1,[11],[6],0,7962.70372884
2,"[7, 11, 12, 24]","[1, 11, 2, 1]",0,9229.572395976
3,[],[],0,0.0
