,task,distance
0,[0],294.53091234
1,[1],9629.652090198
2,[2],1209.040566808
3,[3],0.0
