,task,distance
0,[0],0.0
1,[1],9841.2884169433
2,[2],0.0
3,[3],54.9924736466
