,customer,weight,round,length
0,"[34, 52, 9, 10, 20, 17, 25, 43, 47, 4]","[1, 1, 1, 1, 1, 1, 1, 1, 1, 1]",0,5474.341005078
1,"[0, 7]","[13, 2]",0,1399.963868671
2,[0],[15],0,636.047666528
