,task,distance
0,[0],5474.341005078
1,[1],1399.963868671
2,[2],636.047666528
