,task,distance
0,"[0, 4]",8665.659784896001
1,"[1, 3]",5067.198687912
2,"[2, 5]",4855.15805736
