,customer,weight,round,length
0,"[33, 23, 4, 7, 0, 19, 20, 26, 18, 15, 24, 29]","[2, 1, 1, 1, 1, 1, 1, 1, 2, 1, 2, 1]",0,1374.028667665
1,"[30, 43, 37, 45, 27, 41, 38, 49, 39]","[1, 3, 1, 3, 1, 3, 1, 1, 1]",0,1057.927385302
2,"[47, 35, 32, 22, 36, 25, 40, 28, 17, 5, 14]","[1, 1, 1, 2, 1, 2, 3, 1, 1, 1, 1]",0,739.756364606
3,"[3, 21, 48, 13, 16, 46, 44, 9, 42, 34]","[1, 1, 1, 2, 1, 1, 2, 1, 1, 2]",1,1118.1828367150001
4,[],[],1,0.0
5,"[2, 1, 6, 10, 11, 31, 8, 12]","[1, 1, 1, 2, 1, 5, 1, 1]",1,955.1850906330001
