,customer,weight,round,length
0,"[65, 1, 81, 57, 63, 89, 61, 17, 59, 62]","[3, 1, 3, 2, 1, 1, 1, 1, 1, 1]",0,2412.979388301
1,"[73, 50, 24, 26, 12, 13, 56, 47, 48, 49, 67]","[3, 1, 1, 1, 1, 1, 1, 1, 1, 1, 3]",0,2059.1662844533
2,"[85, 64, 45, 44, 33, 34, 30, 42, 46, 31, 54]","[1, 1, 2, 1, 1, 1, 1, 2, 2, 2, 1]",0,2431.9563015320005
3,"[9, 11, 22, 79, 21, 20, 84, 19, 18]","[1, 1, 1, 2, 1, 2, 1, 1, 1]",1,2780.6742399923996
4,"[72, 23, 55, 86, 15, 29, 58, 36, 5]","[1, 2, 5, 1, 1, 1, 2, 1, 1]",1,5161.374246846
5,[],[],1,0.0
