,customer,weight,round,length
0,"[85, 17, 18, 19, 78, 81, 104, 103, 79, 83, 86, 87]","[1, 1, 1, 1, 1, 1, 2, 1, 2, 1, 2, 1]",0,1851.5273521549002
1,"[106, 52, 43, 42, 16, 58, 108, 9, 8, 98, 20, 82]","[1, 1, 2, 2, 1, 1, 1, 1, 2, 1, 1, 1]",0,2936.3385433830003
2,[],[],1,0.0
3,"[55, 45, 32, 36]","[1, 1, 1, 1]",1,2224.174019438
