,task,distance
0,"[0, 2]",5281.16417688
1,"[1, 3]",3179.7814642726
