,customer,weight,round,length
0,[8],[7],0,4341.58815754
1,[34],[15],0,1739.245247274
2,"[34, 70, 10, 52, 20, 59, 81, 98]","[6, 1, 1, 2, 1, 2, 1, 1]",0,8548.003489808
3,[],[],0,0.0
4,[],[],0,0.0
