,task,distance
0,[0],6045.448095584
1,[1],0.0
2,[2],3920.5658628718006
3,[3],1880.291791173
4,[4],0.0
