,task,distance
0,"[0, 3]",12531.970627736
1,"[1, 2]",7042.660719377501
