,customer,weight,round,length
0,"[35, 69]","[1, 10]",0,1947.235461008
1,"[43, 31, 32, 91, 79, 55, 103]","[3, 1, 1, 2, 1, 2, 2]",0,5947.0129832358
2,[],[],0,0.0
3,[],[],0,0.0
