,task,distance
0,[0],139.062207206
1,[1],0.0
2,[2],6073.612850702
3,[3],0.0
