,task,distance
0,[0],0.0
1,[1],339.434235812
2,[2],930.8151380288
3,[3],977.6565098099
