,customer,weight,round,length
0,"[0, 139, 102, 61]","[4, 2, 4, 4]",0,2442.166319528
1,[],[],0,0.0
2,"[59, 97, 27, 129, 15, 21, 89, 46, 96, 136, 20, 7, 1]","[1, 1, 1, 1, 1, 1, 1, 2, 1, 1, 1, 1, 1]",0,9106.787415593999
3,[],[],0,0.0
4,[61],[12],0,547.674564766
