,customer,weight,round,length
0,"[51, 137, 118, 101, 5, 45, 44, 106, 95]","[1, 2, 2, 4, 1, 2, 1, 1, 1]",0,6783.254992318
1,"[26, 103, 18, 9, 2]","[1, 1, 1, 5, 7]",0,4941.2744624550005
2,[],[],0,0.0
3,"[138, 22, 105]","[1, 2, 2]",0,1792.3933588661
4,[],[],0,0.0
