,task,distance
0,[0],6783.254992318
1,[1],4941.2744624550005
2,[2],0.0
3,[3],1792.3933588661
4,[4],0.0
