,customer,weight,round,length
0,[],[],0,0.0
1,"[11, 20]","[1, 1]",0,492.47827226379997
2,[],[],0,0.0
3,"[38, 24, 37, 17, 21]","[2, 1, 2, 1, 1]",0,1403.8641350757998
