,task,distance
0,[0],365.3283416961
1,[1],0.0
2,[2],0.0
3,[3],890.5000410271999
