,task,distance
0,[0],0.0
1,[1],3070.0641562102
2,[2],3975.718062455
3,[3],3667.133622735
