,customer,weight,round,length
0,"[42, 45, 43, 81, 65, 75, 62, 4, 38, 17, 41]","[2, 1, 2, 1, 1, 2, 1, 1, 1, 2, 1]",0,2350.0007671070002
1,"[82, 80, 15, 91, 49, 40, 2, 61, 92, 5, 18]","[2, 1, 1, 2, 2, 1, 1, 1, 2, 1, 1]",1,2719.1398607650003
2,"[13, 70, 71, 84, 74, 14]","[1, 1, 1, 1, 2, 1]",2,3109.6878813546
