,task,distance
0,"[0, 5]",2968.2549103
1,"[1, 5]",3343.54202702
2,"[2, 5]",4011.37173257
3,"[3, 7]",5737.822352927001
4,"[4, 5]",2248.316901766
