,task,distance
0,"[0, 9]",4060.810289017
1,"[1, 7]",5829.571344108001
2,"[2, 5]",9936.45981462
3,"[3, 8]",4691.4089101223
4,"[4, 6]",7869.376106776
