,customer,weight,round,length
0,"[6, 95, 30, 99, 68, 80, 47, 46, 45, 44, 106, 57, 39]","[1, 1, 1, 1, 1, 1, 2, 1, 1, 1, 2, 1, 1]",0,6183.249170972998
1,"[18, 53, 40, 66, 94, 59, 87, 51, 48]","[2, 1, 1, 1, 1, 1, 1, 1, 2]",1,5330.8854383197
