,customer,weight,round,length
0,"[50, 26, 70, 34, 87, 128, 67, 19, 57]","[1, 1, 2, 2, 1, 4, 2, 1, 1]",0,6714.777369713001
1,"[108, 21, 80, 11, 37, 64, 90]","[1, 9, 1, 1, 1, 1, 1]",0,3596.6801430769997
2,"[6, 110, 36, 89, 82, 102, 133, 106]","[1, 1, 1, 2, 1, 1, 1, 1]",1,6031.184378156
3,[109],[10],1,215.777597032
