,customer,weight,round,length
0,"[100, 47, 46, 45, 57, 2]","[3, 1, 1, 1, 3, 1]",0,7076.9410905894
1,"[29, 39, 50, 49, 23, 24, 17, 41, 109, 34, 97]","[3, 1, 1, 1, 1, 1, 1, 1, 1, 1, 3]",0,8889.8531330119
2,"[56, 65, 14, 58]","[1, 3, 2, 4]",0,7428.272802369999
