,task,distance
0,"[0, 5]",5820.80065356
1,"[1, 3]",9297.5490580245
2,"[2, 4]",8637.785821932
