,task,distance
0,[0],1029.6532006378
1,[1],168.724603193
2,[2],4260.278508833
