,task,distance
0,[0],3484.4559180040005
1,[1],852.0983732256999
