,customer,weight,round,length
0,"[100, 99, 8, 6, 115, 13, 87, 133, 65, 125, 7, 31, 77]","[1, 1, 1, 1, 1, 1, 2, 1, 2, 1, 1, 1, 1]",0,11531.995936211002
1,[78],[1],0,256.660768832
2,[],[],0,0.0
3,[],[],0,0.0
