,task,distance
0,[0],0.0
1,[1],5217.091515439
2,[2],11190.76752439
3,[3],0.0
