,customer,weight,round,length
0,[13],[1],0,151.6746525346
1,[],[],0,0.0
2,"[92, 99, 78, 23, 24, 96, 95, 11, 113, 64, 12]","[1, 1, 4, 1, 1, 1, 2, 1, 1, 1, 1]",0,3292.7221056318
3,"[26, 47, 74, 22, 106, 38, 27, 2, 67]","[1, 1, 1, 1, 1, 1, 1, 1, 1]",0,8315.838342813
