,task,distance
0,[0],4034.447643339
1,[1],3568.9464127821
