,customer,weight,round,length
0,"[5, 7, 96, 95, 82, 36, 118, 52, 121, 101]","[1, 1, 1, 1, 1, 1, 1, 1, 3, 1]",0,4213.4989609405
1,[],[],0,0.0
2,"[113, 70, 32, 23, 43, 87]","[1, 1, 1, 1, 1, 1]",0,2065.934073412
