,task,distance
0,[0],188.7565688518
1,[1],1227.9594471721998
2,[2],1978.04573463
