,task,distance
0,[0],4884.6530566431
1,[1],735.4105151696001
2,[2],0.0
