,customer,weight,round,length
0,"[115, 17, 152, 65, 9, 80, 42, 118, 143, 86, 53]","[2, 2, 1, 1, 1, 2, 1, 1, 2, 1, 1]",0,18035.817568135
1,"[68, 18, 51, 70, 165]","[1, 1, 1, 1, 1]",0,2956.235892095
2,[],[],0,0.0
3,[],[],0,0.0
