,customer,weight,round,length
0,"[161, 19, 59, 60, 123, 169, 63, 62, 81, 141, 55, 54, 122]","[1, 1, 1, 1, 1, 1, 1, 2, 1, 1, 1, 1, 1]",0,3780.7135022420002
1,"[166, 168, 52]","[1, 2, 3]",0,821.8619896391999
2,[],[],0,0.0
3,[],[],0,0.0
