,task,distance
0,[0],1616.323502986
1,[1],0.0
2,[2],15442.3391833166
3,[3],0.0
