,customer,weight,round,length
0,"[35, 113, 217, 170, 169, 34, 98]","[3, 5, 1, 3, 1, 1, 1]",0,819.764610833
1,"[95, 164, 151, 162, 238, 286, 241, 240, 239, 213, 52, 96, 97]","[1, 1, 1, 1, 2, 1, 1, 1, 1, 1, 2, 1, 1]",0,2029.3323140968
2,"[51, 53]","[2, 2]",1,798.3766753636
3,"[165, 57, 55, 168, 166, 214, 22, 174, 252, 249]","[1, 2, 1, 2, 1, 2, 1, 1, 2, 1]",1,7103.228630645999
