,customer,weight,round,length
0,"[114, 64, 222, 108, 110, 61, 62, 107, 63, 60, 308, 29, 28]","[1, 2, 1, 1, 1, 1, 1, 1, 1, 1, 2, 1, 1]",0,3142.5564840490997
1,"[293, 294, 291, 154, 48, 211, 49, 50, 290, 159, 158, 304, 153, 104]","[2, 1, 1, 1, 1, 1, 1, 1, 1, 1, 1, 1, 1, 1]",0,2886.1636247476
2,"[160, 50, 299, 285, 312]","[1, 1, 2, 2, 1]",1,23264.710586431
3,[],[],1,0.0
