,customer,weight,round,length
0,"[266, 142, 15, 190, 78, 196, 93, 222, 110, 63, 28, 49, 50]","[1, 1, 1, 1, 1, 1, 2, 1, 1, 1, 1, 1, 2]",0,26452.896349927993
1,"[259, 296, 23, 238, 217, 53, 51, 129, 194]","[1, 1, 2, 2, 1, 2, 2, 3, 1]",0,14807.368966438598
2,"[165, 35, 113]","[1, 1, 5]",1,13721.720470921
3,"[198, 285, 210, 312, 220, 280, 87]","[5, 2, 1, 1, 1, 1, 1]",1,15653.974171401002
