,customer,weight,round,length
0,[4],[12],0,559.444364168
1,"[4, 32, 33, 28]","[10, 1, 1, 1]",0,13195.650594182
2,[],[],0,0.0
