,customer,weight,round,length
0,"[18, 17]","[4, 7]",0,558.0643936882
1,"[22, 24, 26, 25]","[1, 1, 7, 4]",0,2590.2914284111
