,task,distance
0,"[0, 2]",3381.615651534
1,"[1, 3]",4584.9209736878
