,task,distance
0,[0],2350.1201212533
1,[1],508.337332118
2,[2],0.0
