,customer,weight,round,length
0,"[37, 15, 11, 40, 14, 23]","[1, 7, 1, 1, 2, 1]",0,5351.931198301
1,"[6, 7, 24, 27]","[2, 1, 1, 1]",0,2377.207301296
