,customer,weight,round,length
0,"[57, 39, 91, 93, 94, 60, 55, 67, 77]","[3, 3, 1, 1, 2, 2, 1, 1, 1]",0,2852.351823791
1,"[21, 124, 69, 36, 70, 71, 41, 82]","[2, 1, 3, 4, 1, 1, 2, 1]",0,3164.3009672412
2,"[23, 110, 125, 6, 43, 51, 44, 45, 31, 108, 121, 114, 50]","[1, 1, 2, 1, 1, 1, 1, 1, 1, 1, 1, 1, 1]",1,5023.005982206299
3,"[98, 80, 83, 52, 130, 128, 28, 26, 116, 33, 54]","[1, 3, 1, 1, 1, 1, 1, 2, 1, 2, 1]",1,5015.0755464819995
