,task,distance
0,"[0, 3, 4]",7200.410189865999
1,"[1, 2, 5]",9460.954419763399
