,customer,weight,round,length
0,"[131, 84, 85, 78]","[1, 2, 1, 4]",0,2000000838.9767046
1,"[83, 108, 97, 106, 121, 122, 29, 31, 119, 46]","[1, 1, 1, 3, 1, 2, 1, 2, 1, 2]",0,2000002038.038904
2,"[15, 93, 94, 10, 92, 89, 58]","[2, 1, 1, 1, 2, 1, 1]",0,2000000981.1657016
