,task,distance
0,[0],2000000838.9767048
1,[1],2000002038.038904
2,[2],2000000981.1657016
