,task,distance
0,[0],2000002363.7607083
1,[1],2000001108.6164412
2,[2],2000001090.8184032
