,customer,weight,round,length
0,[90],[7],0,206.183651856
1,"[31, 155, 87, 89, 32]","[1, 1, 1, 1, 3]",0,3196.1295315557
2,[],[],0,0.0
3,"[148, 70, 147, 153, 130, 118, 117, 124, 96, 122, 42, 125, 63]","[1, 1, 1, 1, 1, 1, 1, 1, 1, 1, 1, 1, 3]",0,3874.9687841743007
4,[90],[11],0,206.183651856
