,task,distance
0,[0],323.110467672
1,[1],8915.79278837
2,[2],0.0
3,[3],4825.683590469
4,[4],0.0
