,task,distance
0,[0],206.183651856
1,[1],3196.1295315557
2,[2],0.0
3,[3],3874.9687841743007
4,[4],206.183651856
