,task,distance
0,[0],5871.347289947699
1,[1],0.0
2,[2],4926.849209233
3,[3],0.0
4,[4],3285.825391963
