,customer,weight,round,length
0,[],[],0,0.0
1,"[4, 3, 0, 1]","[2, 4, 6, 1]",0,3650.04165999
2,[],[],0,0.0
3,[2],[11],0,4064.30423472
4,[2],[15],0,4064.30423472
