,customer,weight,round,length
0,[],[],0,0.0
1,"[5, 1, 4, 0]","[2, 1, 4, 6]",0,9733.4898612215
2,[],[],0,0.0
3,[3],[15],0,249.229065696
4,[3],[11],0,249.229065696
