,task,distance
0,[0],0.0
1,[1],3650.04165999
2,[2],0.0
3,[3],4064.30423472
4,[4],4064.30423472
