,customer,weight,round,length
0,"[55, 54, 97, 99, 98, 127]","[2, 1, 4, 1, 1, 3]",0,828.5838958085999
1,"[56, 42, 44, 28, 68, 8, 126, 53]","[1, 1, 3, 1, 1, 1, 1, 1]",0,4483.3674250329
2,[],[],0,0.0
3,"[58, 51, 52, 134, 135, 131, 100, 72, 57, 56]","[1, 1, 1, 2, 1, 4, 1, 1, 1, 1]",0,2621.6321054909
