,customer,weight,round,length
0,"[65, 32, 62, 63, 138, 137, 103, 104, 39, 85, 81, 125]","[3, 1, 1, 1, 1, 1, 1, 1, 1, 1, 1, 2]",0,2876.1280142410997
1,[],[],0,0.0
2,[9],[4],0,84.9834179752
3,"[13, 12, 11, 46, 23, 21, 20, 67, 121]","[1, 2, 1, 3, 1, 1, 1, 1, 1]",0,2381.7686740076997
