,customer,weight,round,length
0,"[213, 122, 44, 112, 43, 54, 124, 36, 72, 52]","[1, 1, 1, 1, 1, 1, 1, 1, 1, 2]",0,5259.554251040599
1,[],[],0,0.0
2,"[188, 33, 228, 180, 96, 117, 143, 144, 55, 289, 288]","[1, 1, 1, 2, 1, 1, 1, 1, 2, 3, 1]",0,2000006008.6723804
3,"[39, 261, 282, 286, 298, 245, 100, 14, 242, 17, 106, 65, 163, 64]","[1, 1, 1, 1, 1, 1, 1, 1, 1, 1, 1, 1, 1, 1]",0,8227.488778555
4,"[87, 84, 88, 81, 208, 171, 206, 209, 28]","[1, 2, 1, 1, 1, 1, 1, 2, 1]",0,3931.7927990899993
