,task,distance
0,[0],5259.554251040599
1,[1],0.0
2,[2],2000006008.6723804
3,[3],8227.488778555
4,[4],3931.7927990899993
