,task,distance
0,[0],0.0
1,[1],0.0
2,[2],2859.55984093
3,[3],4157.6454754080005
