,task,distance
0,[0],0.0
1,[1],3156.3068103960004
2,[2],2977.472587614
3,[3],0.0
