,task,distance
0,[0],4799.884684793
1,[1],0.0
2,[2],254.708786292
