,task,distance
0,[0],4361.747723969
1,[1],3601.764307238
2,[2],0.0
3,[3],3041.502344878
4,[4],0.0
