,task,distance
0,[0],3808.533419193
1,[1],1110.4958962524
2,[2],0.0
3,[3],0.0
