,task,distance
0,[0],1841.4316260747
1,[1],4162.2364421600005
2,[2],0.0
3,[3],1177.722450825
