,task,distance
0,[0],9285.083343583
1,[1],8361.6241958947
2,[2],0.0
3,[3],0.0
