,task,distance
0,[0],4822.4897311197
1,[1],6662.513131746
2,[2],0.0
3,[3],0.0
