,task,distance
0,[0],5881.102023263
1,[1],1965.349709694
