,customer,weight,round,length
0,"[51, 23, 64, 34, 35]","[3, 1, 2, 1, 1]",0,1137.654801744
1,"[61, 57, 74, 40, 76, 14]","[2, 2, 1, 1, 1, 1]",0,1674.4138138510002
2,[],[],0,0.0
3,[],[],0,0.0
4,[73],[8],0,279.567158728
