,customer,weight,round,length
0,[],[],0,0.0
1,"[10, 46, 29, 45, 52, 43, 37]","[1, 1, 3, 1, 3, 1, 1]",0,1750.4230084664
2,"[39, 26, 27, 17, 30, 31, 23, 41, 38]","[3, 2, 1, 1, 1, 2, 1, 2, 1]",0,3631.9349915945
