,task,distance
0,[0],3422.490182404
1,[1],5651.595453123001
2,[2],2865.006869443
