,task,distance
0,"[0, 5]",2250.524843558
1,"[1, 7]",2364.0539173139996
2,"[2, 6]",2621.411371018
3,"[3, 8]",2051.516502624
4,"[4, 8]",2389.2243522
