,task,distance
0,[0],509.756234614
1,[1],49.2364579338
2,[2],1083.113044136
