,customer,weight,round,length
0,"[126, 25, 106, 42, 33, 120, 122, 40]","[3, 2, 1, 2, 1, 1, 2, 3]",0,4125.2844353109995
1,"[85, 127, 105, 123, 55, 93, 95, 133, 19, 110, 99]","[1, 2, 3, 1, 1, 1, 1, 1, 1, 1, 2]",0,5149.9469905243
2,"[37, 34, 137, 64, 45]","[4, 1, 1, 1, 4]",1,4574.823626511
3,[],[],1,0.0
