,task,distance
0,[0],508.337332118
1,[1],0.0
2,[2],0.0
3,[3],2350.1201212533
