,customer,weight,round,length
0,[25],[2],0,744.255163018
1,[25],[15],0,744.255163018
2,"[7, 1, 16, 13, 12, 17]","[1, 3, 1, 2, 2, 4]",0,9175.580706088
