,customer,weight,round,length
0,[93],[15],0,182.3455743378
1,"[59, 45, 60, 14, 123, 116, 10, 114, 109, 106, 96, 79]","[1, 1, 1, 1, 2, 1, 1, 1, 2, 1, 1, 2]",0,6914.365235147001
2,[],[],0,0.0
