,task,distance
0,[0],9374.9195589962
1,[1],0.0
2,[2],4023.33106372
