,task,distance
0,[0],0.0
1,[1],2282.881285802
2,[2],7821.202574831001
