,task,distance
0,[0],0.0
1,[1],1505.465789162
2,[2],7203.881220313701
