,customer,weight,round,length
0,"[107, 132, 102, 3, 77, 23, 103, 66, 22]","[3, 1, 1, 1, 1, 2, 2, 1, 1]",0,6630.508215478
1,[],[],0,0.0
2,[],[],0,0.0
3,"[101, 129, 126, 120, 121, 44, 24, 12, 105, 36]","[1, 3, 3, 1, 1, 1, 1, 1, 2, 1]",0,6370.801372823001
4,[],[],0,0.0
