,task,distance
0,[0],0.0
1,[1],0.0
2,[2],4823.213343391
3,[3],0.0
4,[4],3721.003025518
