,customer,weight,round,length
0,"[78, 2, 12, 41, 57, 72, 69, 81, 29]","[1, 2, 1, 1, 2, 1, 3, 3, 1]",0,5862.197109406001
1,[39],[1],1,2599.95721938
