,customer,weight,round,length
0,"[69, 103, 55, 79, 91, 32, 31, 43]","[3, 2, 2, 1, 2, 1, 1, 3]",0,6384.638978433801
1,[38],[1],1,1684.670374076
