,customer,weight,round,length
0,"[33, 32, 17, 15, 6, 1]","[2, 2, 1, 3, 4, 3]",0,691.976490462
1,"[4, 17, 0, 30, 11, 31, 3, 5]","[3, 2, 2, 2, 3, 1, 1, 1]",1,1984.3285031229998
