,customer,weight,round,length
0,"[127, 222, 237, 83, 11, 132, 131, 221, 128, 62, 178, 179, 177, 176]","[1, 1, 1, 1, 1, 1, 1, 1, 1, 1, 1, 1, 1, 1]",0,8800.996513182003
1,"[4, 227, 103, 195, 223, 263, 98, 107, 60, 248]","[3, 1, 1, 1, 1, 1, 1, 1, 1, 1]",0,7302.5901292246
