,customer,weight,round,length
0,"[254, 90, 166, 139, 263, 98, 4, 71, 197, 196]","[1, 1, 1, 1, 1, 1, 3, 3, 1, 1]",0,7638.070306701
1,"[225, 223, 178, 237, 177, 60, 248, 127, 131, 204, 63, 103, 228, 249]","[1, 1, 1, 1, 1, 1, 1, 1, 1, 1, 1, 1, 1, 1]",0,18562.370993381002
