,customer,weight,round,length
0,"[34, 31, 196, 197, 191, 249, 251, 216, 166, 90, 138, 254]","[1, 1, 1, 1, 1, 1, 1, 1, 1, 1, 1, 1]",0,4589.449154635
1,"[71, 228, 145, 204, 65, 74, 63, 229, 139, 260, 225, 212]","[3, 1, 1, 1, 1, 1, 1, 1, 1, 2, 1, 1]",0,15210.359043089999
