,task,distance
0,[0],5718.649654197
1,[1],11118.030325768
