,task,distance
0,[0],8800.996513182003
1,[1],7302.5901292246
