,customer,weight,round,length
0,"[47, 58, 34, 33, 28]","[1, 1, 1, 1, 3]",0,1365.0186232869999
1,"[77, 79, 67, 86, 36, 62]","[3, 6, 1, 1, 1, 1]",0,3239.5085184970003
2,[],[],0,0.0
