,customer,weight,round,length
0,"[35, 90, 118, 101, 100, 72, 107, 103, 89, 102]","[1, 1, 1, 1, 1, 5, 1, 1, 1, 2]",0,3750.4519740250003
1,"[69, 131]","[1, 1]",1,3066.667496741
