,customer,weight,round,length
0,"[69, 100, 45, 71, 61, 133, 126, 135, 94, 85, 111, 103]","[1, 1, 1, 1, 2, 1, 1, 2, 1, 1, 2, 1]",0,8924.524435694
1,[107],[1],1,954.101773722
