,customer,weight,round,length
0,"[5, 14, 93, 111, 54]","[7, 2, 1, 2, 3]",0,2121.9906416258
1,"[108, 41, 21, 64, 130, 59, 85]","[2, 1, 1, 2, 1, 2, 1]",1,4257.144984618999
