,customer,weight,round,length
0,[24],[15],0,590.475899352
1,"[60, 24]","[5, 10]",0,2110.7703565780002
2,"[60, 66, 132, 88, 134, 121, 120, 149]","[5, 1, 1, 1, 1, 3, 1, 2]",1,5737.030634253
3,[60],[15],1,1520.294457224
4,"[4, 64, 124, 57, 133, 130]","[1, 1, 1, 5, 1, 1]",2,27140.856830999997
5,"[15, 111, 1, 13, 12, 50, 51, 122]","[1, 1, 1, 3, 1, 1, 2, 5]",2,12352.568259663
