,customer,weight,round,length
0,"[11, 101, 3, 18, 94, 93, 81, 17, 106, 105, 107, 108]","[1, 1, 1, 1, 1, 1, 1, 1, 1, 2, 1, 1]",0,28541.1378818747
1,"[62, 55, 53, 35, 54, 82, 52, 102, 49, 89, 137]","[1, 1, 1, 1, 1, 2, 1, 1, 3, 2, 1]",0,2790.6022980712
