,task,distance
0,"[0, 2, 5]",18680.074793268
1,"[1, 3, 4]",30771.921644802
