,task,distance
0,[0],2338.3995064662
1,[1],0.0
2,[2],179.4672805298
3,[3],0.0
4,[4],0.0
