,customer,weight,round,length
0,"[77, 78, 27, 6, 53, 1, 57, 58, 10, 5, 18]","[2, 1, 2, 1, 1, 1, 1, 1, 3, 1, 1]",0,4256.639471392
1,"[18, 0, 82, 14, 72, 16]","[3, 1, 5, 1, 4, 1]",1,5479.150311004
2,"[17, 19, 73, 79]","[1, 1, 4, 9]",2,1750.3337381029999
3,"[62, 86, 90, 3, 84, 81]","[3, 3, 2, 1, 2, 4]",3,4179.350888243001
4,"[64, 90, 46, 55, 68, 67, 66]","[6, 2, 1, 3, 1, 1, 1]",4,9761.3818030552
5,"[44, 48, 22, 47]","[1, 1, 1, 2]",5,4604.447855434101
