,customer,weight,round,length
0,"[95, 96, 0, 93, 1, 13, 90, 119, 14, 118, 169, 133]","[2, 1, 1, 1, 1, 1, 1, 1, 1, 2, 1, 2]",0,3256.4324404379995
1,"[130, 132, 56, 166]","[1, 1, 1, 3]",1,1891.9707914290002
