,customer,weight,round,length
0,"[1, 56, 0, 166, 109, 73, 62, 121, 123, 115, 118]","[1, 1, 1, 3, 1, 1, 2, 1, 1, 1, 2]",0,6703.617621501
1,"[5, 80, 45, 51, 173, 141]","[1, 2, 1, 1, 1, 2]",1,10033.349409933
