,customer,weight,round,length
0,"[73, 72, 62, 70, 84, 83, 107, 108, 109, 78, 77, 75, 122, 74]","[1, 1, 2, 1, 1, 1, 1, 1, 1, 1, 1, 1, 1, 1]",0,1917.2227475389998
1,"[140, 137]","[1, 1]",1,6209.085758827
