,customer,weight,round,length
0,"[142, 136, 10, 12, 19, 133]","[1, 1, 1, 1, 1, 1]",0,4154.454952691
1,[],[],0,0.0
2,[],[],0,0.0
3,"[100, 2, 51, 65, 85, 80]","[6, 1, 4, 1, 1, 2]",0,5232.947938767
