,customer,weight,round,length
0,"[18, 5]","[8, 7]",0,2000000090.4008057
1,[5],[14],0,2000000000.0
2,"[1, 3, 2, 13, 29, 28, 52]","[2, 2, 2, 2, 1, 2, 2]",0,2000001606.2026367
3,"[31, 49, 4, 38, 41, 26, 42, 43, 45, 46, 15, 12]","[2, 2, 1, 1, 1, 1, 1, 1, 2, 1, 1, 1]",0,2000002023.6375837
