,task,distance
0,[0],2000000090.4008057
1,[1],2000000000.0
2,[2],2000001606.2026367
3,[3],2000002023.637584
