,task,distance
0,[0],0.0
1,[1],9354.959566402
2,[2],2000008902.439348
3,[3],0.0
