,task,distance
0,[0],4330.688629705
1,[1],2422.95512192
2,[2],10682.357070829
3,[3],6361.344699832999
