,task,distance
0,[0],0.0
1,[1],6764.807629096998
2,[2],89.108757036
