,task,distance
0,[0],890.5000410272
1,[1],365.3283416961
2,[2],0.0
