,task,distance
0,[0],492.4782722638
1,[1],0.0
2,[2],1403.8641350757998
