,customer,weight,round,length
0,[],[],0,0.0
1,[],[],0,0.0
2,"[4, 68, 75, 60, 58, 0]","[3, 2, 1, 1, 6, 2]",0,2000002226.4573255
3,"[21, 79]","[1, 2]",0,2000000335.356225
4,[],[],0,0.0
