,customer,weight,round,length
0,"[56, 70, 76, 71, 75, 60, 0]","[1, 2, 2, 1, 1, 1, 2]",0,2000003145.4076242
1,[],[],0,0.0
2,[],[],0,0.0
3,[],[],0,0.0
4,[31],[12],0,89.4094945492
