,task,distance
0,[0],0.0
1,[1],2000000346.6875465
2,[2],0.0
3,[3],0.0
4,[4],3090.713893253
