,customer,weight,round,length
0,"[16, 77, 76, 114, 21, 20, 17, 62, 85, 103, 112, 23, 94]","[1, 2, 1, 2, 1, 1, 1, 1, 1, 1, 1, 1, 1]",0,3111.1435030386
1,"[92, 31, 87, 109, 47, 11, 34, 29, 110, 111, 57, 78, 91]","[1, 1, 1, 1, 1, 1, 1, 1, 2, 1, 2, 1, 1]",0,4425.197665405701
2,[],[],1,0.0
3,"[75, 115]","[1, 2]",1,1665.980330409
