,task,distance
0,"[0, 2]",8043.6891946491
1,"[1, 3]",6368.0304601217
