,customer,weight,round,length
0,"[176, 177, 70, 51, 18, 68, 165, 53, 44, 110]","[1, 1, 1, 1, 1, 1, 1, 1, 1, 1]",0,7590.764865603
1,"[151, 152, 150, 112, 65, 9, 83, 90, 29, 17, 115, 92]","[1, 1, 1, 1, 1, 1, 1, 1, 1, 2, 2, 1]",0,9542.118376855002
