,task,distance
0,"[0, 3]",8030.7512315496
1,"[1, 2]",5351.1737727072
