,task,distance
0,[0],2763.035385443
1,[1],3216.7490012612
