,customer,weight,round,length
0,"[20, 14]","[1, 2]",0,523.3693230884
1,"[19, 27, 23]","[1, 1, 1]",0,754.805450331
