,task,distance
0,[0],0.0
1,[1],0.0
2,[2],4436.778517557
3,[3],3648.100727591
