,task,distance
0,[0],0.0
1,[1],4160.459056944001
2,[2],0.0
3,[3],782.700207224
