,customer,weight,round,length
0,[],[],0,0.0
1,[],[],0,0.0
2,[],[],0,0.0
3,"[68, 39]","[2, 8]",0,366.80215688650003
4,"[16, 22, 38]","[1, 1, 7]",0,3976.1016213090998
