,customer,weight,round,length
0,"[9, 10, 4]","[2, 3, 8]",0,2214.158208543
1,[13],[3],0,554.322709262
