,task,distance
0,[0],0.0
1,[1],81.1567075492
2,[2],0.0
3,[3],3146.683787017
4,[4],0.0
