,customer,weight,round,length
0,"[68, 62, 33, 56, 5, 24]","[1, 3, 3, 6, 1, 1]",0,5746.510576208999
1,"[13, 12, 50, 60, 47, 63]","[3, 8, 1, 1, 1, 1]",0,2266.5976493548
2,"[6, 7, 17, 10, 29, 28, 0, 22, 1, 25, 9]","[1, 1, 1, 1, 2, 4, 1, 1, 1, 1, 1]",0,3290.505378263
3,[],[],1,0.0
4,[],[],1,0.0
5,"[42, 48, 55, 66]","[1, 1, 1, 3]",1,4694.436743204999
