,customer,weight,round,length
0,"[92, 24, 36, 39, 43, 67, 66, 32, 12, 5]","[1, 3, 2, 1, 3, 1, 1, 1, 1, 1]",0,6250.499518169
1,"[79, 45, 0, 81, 11, 92]","[1, 6, 1, 3, 2, 2]",0,4407.313993123
2,[],[],0,0.0
