,customer,weight,round,length
0,[],[],0,0.0
1,"[95, 10, 2, 4, 91, 34, 31, 84, 29, 20, 93]","[1, 1, 2, 1, 2, 1, 1, 2, 1, 2, 1]",0,7250.1346005410005
2,"[72, 50, 38, 51, 69]","[1, 2, 1, 1, 10]",0,3333.2119105970005
