,customer,weight,round,length
0,[18],[8],0,1419.146445262
1,[],[],0,0.0
2,[],[],0,0.0
3,"[74, 98, 97, 86, 46, 89, 38, 77]","[1, 1, 2, 2, 1, 1, 1, 4]",0,4407.111930738999
