,task,distance
0,[0],0.0
1,[1],0.0
2,[2],7947.284997829
3,[3],0.0
4,[4],2305.602856981
