,customer,weight,round,length
0,[75],[12],0,225.954571292
1,"[66, 32, 44, 8, 5, 15, 19, 59, 2, 11, 71]","[2, 1, 1, 1, 1, 2, 1, 2, 1, 1, 1]",0,10940.157813284999
2,[],[],0,0.0
