,task,distance
0,[0],3525.51279727
1,[1],543.0094545540999
2,[2],5851.151663076002
3,[3],0.0
4,[4],0.0
