,task,distance
0,[0],880.688574194
1,[1],0.0
2,[2],2119.339119001
