,task,distance
0,[0],3237.3597030226
1,[1],2079.5374277091
2,[2],2153.4518531838003
3,[3],0.0
