,task,distance
0,"[0, 3]",1014.1400582672001
1,"[1, 2]",1175.3819784222
