,task,distance
0,[0],988.3993331046
1,[1],1159.0511356086
2,[2],0.0
