,customer,weight,round,length
0,"[11, 94, 7, 199, 66, 16, 45, 13, 205, 60, 194]","[1, 1, 3, 1, 2, 1, 1, 1, 1, 1, 2]",0,14403.532204562998
1,"[87, 183, 213, 22, 133, 26, 42, 72, 158, 174, 156, 19, 121]","[1, 1, 1, 2, 1, 1, 1, 2, 1, 1, 1, 1, 1]",1,11249.726997198
2,"[193, 148, 105, 184, 185, 93, 209]","[2, 7, 1, 2, 1, 1, 1]",2,13122.103089496002
3,"[172, 107, 149, 226, 160, 162, 98]","[1, 1, 1, 2, 1, 1, 1]",3,13006.715990337003
