,customer,weight,round,length
0,"[144, 6, 211, 10, 5, 188, 69, 129, 56, 57, 116]","[4, 2, 1, 1, 1, 1, 1, 1, 1, 1, 1]",0,9958.5457663654
1,"[132, 134, 64, 63, 214, 119, 120, 201, 175, 21, 86, 88]","[1, 1, 1, 1, 1, 1, 1, 2, 1, 3, 1, 1]",1,9432.203666592
2,"[104, 183, 138, 222, 52, 54, 97, 105, 106, 228]","[4, 1, 1, 1, 1, 1, 1, 2, 2, 1]",2,13392.399203273
3,"[150, 163, 145, 77]","[1, 1, 1, 1]",3,6328.2627915699995
