,customer,weight,round,length
0,"[30, 34, 33, 26, 59, 29, 11, 10]","[1, 2, 2, 2, 5, 1, 1, 1]",0,2614.1860149425
1,"[6, 70, 25, 24, 18, 23, 31, 72, 61, 60, 66, 67, 68]","[1, 2, 1, 1, 1, 1, 1, 2, 1, 1, 1, 1, 1]",1,2903.1863186304004
2,"[71, 22, 35, 5, 31, 14, 13, 75, 47, 43, 65]","[2, 1, 1, 3, 2, 1, 1, 1, 1, 1, 1]",2,3097.6493571324004
3,"[42, 39, 8, 7, 15, 16, 12]","[3, 1, 7, 1, 1, 1, 1]",3,5793.673459332599
4,"[0, 58, 56, 55, 54, 41, 39]","[3, 1, 4, 4, 1, 1, 1]",4,4823.563439775
5,"[20, 3, 74, 0]","[3, 1, 1, 1]",5,5513.033730989
