,task,distance
0,[0],0.0
1,[1],0.0
2,[2],796.6337007129999
3,[3],5421.6209151032
4,[4],0.0
