,customer,weight,round,length
0,"[143, 141, 162, 39, 74, 101, 158, 144, 6, 149, 65, 62]","[1, 1, 1, 1, 1, 1, 2, 1, 1, 1, 3, 1]",0,6922.1171191325
1,"[97, 113, 197, 109, 107]","[1, 4, 1, 1, 2]",1,4267.961967109
