,task,distance
0,[0],2000000682.502349
1,[1],2000007929.452036
