,customer,weight,round,length
0,"[20, 24, 33]","[2, 6, 7]",0,5810.413943942
1,[27],[1],0,1176.333044432
