,task,distance
0,[0],8256.242108192999
1,[1],132.5386982992
