,task,distance
0,[0],2374.1244040198003
1,[1],0.0
2,[2],1243.8425490121
3,[3],153.8787718894
4,[4],0.0
