,task,distance
0,[0],782.914329042
1,[1],0.0
2,[2],697.869619202
3,[3],557.090486778
4,[4],0.0
