,task,distance
0,[0],0.0
1,[1],0.0
2,[2],1806.48141163
3,[3],668.2947586761001
