,customer,weight,round,length
0,"[68, 105, 28, 51, 117, 102, 95, 79]","[3, 1, 2, 1, 5, 1, 1, 1]",0,2776.422471762
1,"[31, 110, 99, 41, 13, 100, 106, 80, 55, 83, 84, 85, 108, 38, 48]","[1, 1, 1, 1, 1, 1, 1, 1, 1, 1, 1, 1, 1, 1, 1]",1,4779.8556922589
2,"[76, 72, 62, 63, 6, 91]","[1, 1, 1, 1, 3, 2]",2,3964.9263693290004
