,customer,weight,round,length
0,"[74, 102, 11, 18, 6, 109, 75, 115, 112, 106, 86, 87]","[1, 1, 1, 1, 2, 1, 2, 1, 1, 1, 1, 2]",0,5593.266415538999
1,"[32, 84]","[2, 1]",1,638.9881521159
