,customer,weight,round,length
0,"[47, 45, 10, 12, 52, 50, 53, 51, 14, 19, 73]","[3, 3, 1, 1, 1, 1, 1, 1, 1, 1, 1]",0,2292.0727744854003
1,"[10, 30, 29, 9, 28]","[1, 1, 1, 1, 1]",1,2272.7726463199997
