,customer,weight,round,length
0,"[76, 63, 62, 41, 37, 38, 35, 69, 36, 40]","[3, 1, 1, 1, 1, 1, 1, 4, 1, 1]",0,2303.759571491
1,"[27, 6, 70, 31, 41]","[1, 1, 1, 1, 2]",1,3877.0690911809997
