,task,distance
0,[0],3682.149439882
1,[1],458.205754582
2,[2],0.0
3,[3],4328.4079573196
4,[4],4299.50107521
