,customer,weight,round,length
0,"[20, 140, 52, 138, 56, 134, 132, 51]","[4, 1, 1, 2, 3, 1, 1, 2]",0,5313.244696775
1,[20],[15],0,323.110467672
2,"[160, 44, 23, 93, 40, 96, 122, 110, 67, 163, 69, 161, 68, 135]","[1, 1, 1, 1, 1, 1, 1, 1, 1, 1, 2, 1, 1, 1]",0,8656.3034496036
3,"[165, 174, 60, 152, 14, 83, 154, 89, 31]","[1, 3, 2, 1, 1, 1, 2, 1, 1]",1,9005.497690609
4,[],[],1,0.0
5,"[134, 48, 79, 176, 80, 149]","[1, 1, 1, 1, 1, 1]",1,5540.771422174999
