,task,distance
0,"[0, 5]",10854.01611895
1,"[1, 3]",9328.608158281
2,"[2, 4]",8656.3034496036
