,customer,weight,round,length
0,"[9, 8, 10, 11]","[1, 2, 1, 1]",0,999.022453497
1,"[13, 83, 22, 49, 26, 86, 79, 57, 60, 59, 38]","[1, 1, 1, 1, 1, 1, 1, 2, 1, 1, 2]",0,3089.3783344447997
