,task,distance
0,[0],1357.514800563
1,[1],2897.095767232
