,customer,weight,round,length
0,"[48, 93, 102, 81, 125, 141, 68, 8, 53, 52, 147]","[3, 1, 2, 1, 2, 1, 1, 1, 1, 1, 1]",0,4662.649913047
1,"[56, 127]","[1, 3]",1,2473.507021245
