,customer,weight,round,length
0,"[23, 12, 65, 28, 126, 35, 33, 95, 138, 85]","[1, 2, 3, 1, 1, 1, 1, 3, 1, 1]",0,5360.0805566257
1,"[44, 42, 98, 134]","[3, 1, 1, 2]",1,5346.405259466001
