,customer,weight,round,length
0,"[114, 56, 66, 13]","[2, 2, 1, 2]",0,3180.412982575
1,[],[],0,0.0
2,"[91, 104, 31, 49, 53, 76, 125, 124]","[1, 2, 1, 2, 1, 2, 1, 1]",0,2000002662.75125
