,customer,weight,round,length
0,"[78, 53, 49, 39, 38, 65, 36]","[1, 1, 2, 1, 1, 2, 1]",0,1345.8613538513
1,[],[],0,0.0
2,"[68, 79, 33, 34, 104]","[1, 1, 1, 1, 2]",0,1128.865911701
