,customer,weight,round,length
0,"[14, 87, 91, 128, 31, 64, 82, 126, 124, 83]","[1, 1, 1, 1, 1, 2, 4, 1, 1, 2]",0,3000003283.354641
1,[],[],0,0.0
2,[16],[1],0,50.6120493344
