,task,distance
0,[0],0.0
1,[1],2000002926.7568216
2,[2],218.193410744
