,task,distance
0,[0],0.0
1,[1],149.1867673474
2,[2],2000002890.240326
