,task,distance
0,[0],0.0
1,[1],1915.874342093
2,[2],0.0
3,[3],0.0
4,[4],1091.018758524
