,customer,weight,round,length
0,"[82, 79, 72]","[1, 13, 1]",0,2566.007524318
1,"[79, 85]","[14, 1]",0,2554.863559781
2,"[64, 45, 95, 78, 62, 20, 21, 25, 19]","[1, 1, 1, 1, 1, 1, 1, 2, 1]",1,3296.2458337289995
3,[],[],1,0.0
