,customer,weight,round,length
0,[79],[15],0,193.0679152404
1,"[79, 86, 29, 33]","[12, 1, 1, 1]",0,1385.4484797812
2,[],[],1,0.0
3,"[83, 36, 88, 2, 10, 59, 60, 41, 68, 72]","[1, 1, 1, 1, 1, 1, 1, 1, 1, 1]",1,5671.3094172442
