,task,distance
0,"[0, 3]",2566.007524318
1,"[1, 2]",5851.10939351
