,task,distance
0,[0],1461.529021512
1,[1],3831.749607039
