,customer,weight,round,length
0,[],[],0,0.0
1,[],[],0,0.0
2,"[88, 65, 44]","[3, 1, 2]",0,2542.533928217
3,"[108, 36, 99, 112, 60, 67, 106, 69, 81, 34, 56, 93, 79, 118]","[2, 1, 1, 1, 1, 1, 1, 1, 1, 1, 1, 1, 1, 1]",0,9383.49506959
4,[],[],0,0.0
