,customer,weight,round,length
0,[],[],0,0.0
1,"[88, 64, 63, 65, 44, 54]","[3, 1, 1, 1, 2, 2]",0,3737.928547899
2,"[15, 24, 66, 123, 121, 102, 12, 11, 10, 55, 17]","[2, 1, 1, 1, 1, 1, 1, 1, 1, 1, 2]",0,4639.828727017
3,[],[],0,0.0
4,[],[],0,0.0
