,task,distance
0,[0],9157.682691318
1,[1],0.0
2,[2],0.0
3,[3],675.6920736123
4,[4],0.0
