,customer,weight,round,length
0,[],[],0,0.0
1,"[106, 103, 46, 149]","[2, 1, 1, 1]",0,3370.66342877
2,[],[],0,0.0
3,"[64, 61, 83, 122, 132, 130, 13, 135, 125, 111, 157, 4]","[1, 1, 1, 1, 1, 1, 1, 1, 1, 1, 1, 2]",0,8568.47755514
