,customer,weight,round,length
0,"[90, 131, 129, 164, 68, 77, 107, 70, 60, 8, 49, 159, 155, 154]","[1, 1, 1, 1, 1, 1, 1, 1, 1, 1, 1, 1, 2, 1]",0,9421.710252650299
1,[],[],0,0.0
2,"[30, 29]","[1, 1]",0,1223.86193435
3,[],[],0,0.0
