,task,distance
0,[0],0.0
1,[1],3370.66342877
2,[2],0.0
3,[3],8568.47755514
