,task,distance
0,[0],0.0
1,[1],1420.2965409078
2,[2],0.0
3,[3],1708.8121440065
