,customer,weight,round,length
0,"[263, 98, 107, 60, 222, 237, 83, 11, 132, 131, 221, 127, 128, 223]","[1, 1, 1, 1, 1, 1, 1, 1, 1, 1, 1, 1, 1, 1]",0,9188.230498902001
1,"[71, 191, 197, 196, 31, 34, 254, 138, 90, 166, 216, 251, 249]","[3, 1, 1, 1, 1, 1, 1, 1, 1, 1, 1, 1, 1]",0,7743.401268036
2,[],[],0,0.0
3,"[228, 145, 63, 74, 103, 65, 204, 227, 229]","[1, 1, 1, 1, 1, 1, 1, 1, 1]",0,10569.5016108
4,"[139, 225, 212, 195, 260, 62, 178, 179, 177, 176, 248, 4]","[1, 1, 1, 1, 2, 1, 1, 1, 1, 1, 1, 3]",0,5547.933616114
