,task,distance
0,"[0, 7]",2984.060055139
1,"[1, 6]",5324.6416754145
2,"[2, 5]",3150.657813751
3,"[3, 4]",3394.665521157
