,task,distance
0,[0],249.229065696
1,[1],3934.0967887892
