,task,distance
0,[0],8046.57601412
1,[1],9302.071602786998
2,[2],10068.8188834
