,customer,weight,round,length
0,[2],[15],0,7075.24664026
1,"[10, 6, 7, 1, 13]","[2, 4, 3, 1, 3]",0,7406.52307653
2,[13],[13],0,7802.28087382
3,[10],[15],0,7010.76527924
4,"[13, 8, 9, 3, 0, 5, 12, 4, 11, 2]","[1, 1, 1, 2, 3, 1, 1, 2, 1, 2]",0,7438.76375704
