,customer,weight,round,length
0,"[5, 1, 6, 2, 9, 0]","[3, 1, 2, 2, 1, 1]",0,433.297663838
1,[8],[13],0,455.232681336
2,"[7, 3, 4, 10]","[5, 1, 3, 1]",0,291.4447534227
