,task,distance
0,[0],0.0
1,[1],3257.6727860561
2,[2],1080.5765262759
3,[3],8327.804319341101
