,customer,weight,round,length
0,"[27, 16, 57, 26, 66, 65, 32]","[2, 2, 2, 3, 2, 2, 1]",0,4529.199957441
1,"[63, 69, 54]","[1, 1, 3]",0,1551.191976774
2,[],[],0,0.0
3,[],[],0,0.0
