,task,distance
0,[0],4529.199957441
1,[1],1551.191976774
2,[2],0.0
3,[3],0.0
