,customer,weight,round,length
0,"[36, 40, 14, 10, 79, 9, 73, 27]","[1, 3, 1, 1, 2, 1, 1, 1]",0,2446.01456474
1,"[25, 24, 23, 22, 68, 69, 77, 91, 4, 16, 19, 20, 67, 80, 82]","[1, 1, 1, 1, 1, 1, 1, 1, 1, 1, 1, 1, 1, 1, 1]",0,3365.7101550538996
2,"[96, 95, 30, 29, 57, 63, 41, 75, 15, 76, 44]","[1, 1, 1, 2, 1, 1, 1, 1, 1, 1, 1]",0,2745.268700584
3,[],[],0,0.0
4,"[3, 33, 65, 104, 13, 102, 100]","[4, 6, 1, 1, 1, 1, 1]",0,2891.535798957
