,customer,weight,round,length
0,"[47, 56, 64, 12, 38, 33, 26]","[1, 1, 1, 1, 1, 2, 8]",0,5952.617794386
1,"[8, 24, 62]","[1, 1, 13]",0,2285.7576689939
2,"[18, 69, 49]","[1, 1, 1]",1,5937.785904306
3,[],[],1,0.0
