,task,distance
0,"[0, 3]",5952.617794386
1,"[1, 2]",8223.5435732999
