,customer,weight,round,length
0,[5],[15],0,181.4443701256
1,"[5, 29, 52, 9, 1, 28]","[6, 1, 2, 2, 2, 2]",1,6189.0993275248
2,"[49, 17, 15, 12]","[1, 2, 1, 1]",2,7839.1703369100005
