,customer,weight,round,length
0,[5],[15],0,181.4443701256
1,"[5, 29, 52, 49, 1, 28]","[6, 1, 2, 2, 2, 2]",1,6278.8838849188
2,"[17, 46]","[1, 1]",2,7406.921588955
