,customer,weight,round,length
0,[18],[15],0,180.8016115202
1,"[18, 35, 37, 38, 39, 41, 32, 15]","[6, 1, 1, 1, 1, 1, 2, 1]",1,2000001325.819956
