,customer,weight,round,length
0,"[50, 92, 65, 94, 88, 37, 69, 102, 98, 67]","[2, 1, 2, 1, 1, 2, 1, 1, 2, 2]",0,7519.18038511
1,"[44, 56, 120, 62, 108, 63]","[2, 1, 1, 1, 1, 2]",0,3472.411112435
