,task,distance
0,[0],0.0
1,[1],15592.94441623
2,[2],1499.178660658
3,[3],32810.325768298004
