,task,distance
0,[0],0.0
1,[1],8141.547659170999
2,[2],9186.762702059
3,[3],11878.497954019002
4,[4],12096.4894506508
