,task,distance
0,"[0, 5]",6356.444642651
1,"[1, 6]",3300.3182984472996
2,"[2, 7]",3379.06374903
3,"[3, 4]",5900.000223995799
