,task,distance
0,[0],2917.264708801
1,[1],4200.36589044
2,[2],4071.82670408
3,[3],3973.45706052
