,task,distance
0,[0],524.602186456
1,[1],0.0
2,[2],0.0
3,[3],5876.459647459201
4,[4],0.0
