,customer,weight,round,length
0,"[129, 36]","[1, 1]",0,613.0461584039999
1,"[135, 147, 136, 52, 134, 58, 8, 32, 72, 100, 131]","[1, 1, 1, 1, 2, 1, 1, 1, 1, 1, 4]",0,3003.9814093996006
