,customer,weight,round,length
0,"[57, 53, 126, 28, 39, 42, 56]","[1, 1, 1, 1, 1, 1, 1]",0,3884.9949886039
1,"[55, 54, 97, 99, 98, 127]","[2, 1, 4, 1, 1, 3]",0,828.5838958085999
