,task,distance
0,[0],7476.237642904701
1,[1],1888.343502005
