,customer,weight,round,length
0,"[110, 111, 19, 209, 207, 170, 15, 14, 60, 139, 160]","[1, 1, 1, 1, 1, 1, 1, 1, 1, 1, 1]",0,3466.960772758
1,"[175, 87, 219, 218, 98, 217, 65, 96, 0, 177, 58, 196, 257]","[1, 1, 1, 1, 1, 2, 2, 1, 1, 1, 1, 1, 1]",0,6343.5452532298
2,"[153, 166, 38, 43, 80]","[1, 1, 1, 9, 1]",0,1499.460316492
3,"[154, 181, 151, 188, 213, 76, 77, 3, 109, 107, 106, 115, 122]","[1, 1, 1, 1, 2, 1, 1, 1, 1, 1, 2, 1, 1]",0,3798.017372609999
4,"[93, 134, 237, 261, 238, 24, 259, 85, 144, 255, 101, 8, 204, 203, 81]","[1, 1, 1, 1, 1, 1, 1, 1, 1, 1, 1, 1, 1, 1, 1]",0,6288.884529065702
