,task,distance
0,"[0, 3]",6620.457743540999
1,"[1, 4]",5155.5601080550005
2,"[2, 5]",4507.6119968737
