,task,distance
0,[0],3927.35884664
1,[1],376.930765892
2,[2],202.216894374
