,task,distance
0,[0],122.7960603726
1,[1],9127.650006387
