,task,distance
0,"[0, 4]",11899.7375754067
1,"[1, 5]",10639.148127248
2,"[2, 7]",10465.766658681401
3,"[3, 6]",6959.4608196186
