,task,distance
0,"[0, 7]",7708.912160114599
1,"[1, 4]",11609.7216477414
2,"[2, 5]",9641.800233455
3,"[3, 6]",12879.742523523799
