,customer,weight,round,length
0,"[38, 37, 12, 4, 14, 32, 1, 3, 2, 13, 39, 6]","[2, 1, 1, 1, 1, 1, 2, 1, 1, 1, 2, 1]",0,2267.87169516
1,"[43, 28, 5, 41, 26, 40, 23, 33, 7]","[1, 1, 2, 1, 2, 1, 5, 1, 1]",1,1903.7279802593998
