,customer,weight,round,length
0,"[91, 32, 31, 34, 12, 5, 4, 2, 90, 78, 10, 92]","[2, 1, 1, 1, 1, 1, 1, 2, 1, 1, 1, 2]",0,5105.254916365
1,"[79, 102, 13, 45, 93, 95, 55, 11, 66]","[1, 1, 1, 5, 1, 1, 2, 2, 1]",1,6027.770370701
2,"[45, 99]","[1, 1]",2,3626.069862644
