,customer,weight,round,length
0,[],[],0,0.0
1,"[52, 54, 161, 32, 160, 11, 149, 108, 89, 90, 91]","[1, 1, 2, 1, 2, 3, 1, 1, 1, 1, 1]",0,2918.4633690878004
2,[],[],0,0.0
3,"[142, 141, 22, 20, 23, 144, 145, 154]","[2, 1, 1, 2, 1, 2, 1, 1]",0,1216.7536216452
4,"[143, 140, 92, 19, 21, 154]","[3, 2, 1, 3, 3, 1]",0,1177.8867327158
