,task,distance
0,[0],0.0
1,[1],2918.4633690878004
2,[2],0.0
3,[3],1216.7536216452
4,[4],1177.8867327158
