,task,distance
0,[0],0.0
1,[1],0.0
2,[2],0.0
3,[3],12956.772860124698
4,[4],16738.591419423003
