,task,distance
0,[0],0.0
1,[1],2604.77899571
2,[2],0.0
3,[3],0.0
4,[4],10064.0177240795
