,task,distance
0,"[0, 4]",7263.590458732
1,"[1, 6]",4844.226762375
2,"[2, 5]",5274.810164668999
3,"[3, 7]",4434.2518842583
