,task,distance
0,"[0, 7]",3368.86516383
1,"[1, 4]",4518.1715880751
2,"[2, 5]",4125.110674785199
3,"[3, 6]",5217.984170132
