,customer,weight,round,length
0,"[17, 11]","[1, 1]",0,2272.61634089
1,"[18, 4, 21, 20, 6, 8, 19, 10, 15]","[3, 1, 1, 1, 2, 1, 1, 2, 3]",0,1174.876569953
2,[5],[15],0,833.231143954
3,[0],[4],0,919.436805378
4,"[16, 9, 1, 14, 13, 2, 7, 12, 3]","[5, 1, 1, 1, 1, 1, 1, 2, 2]",0,3716.765672027
