,customer,weight,round,length
0,"[13, 47, 64, 8, 24, 5, 7, 72]","[2, 1, 2, 1, 1, 1, 5, 1]",0,3023.213522478
1,[9],[1],0,101.7612409654
2,[],[],0,0.0
3,[],[],0,0.0
4,[],[],0,0.0
