,task,distance
0,"[0, 5]",1986.622431834
1,"[1, 5]",2144.35380706
2,"[2, 5]",1372.311691061
3,"[3, 8]",2889.040101049
4,"[4, 5]",2112.494363916
