,customer,weight,round,length
0,[],[],0,0.0
1,"[29, 33, 4]","[1, 1, 11]",0,13394.131006634
2,[],[],0,0.0
3,[4],[15],0,559.444364168
