,task,distance
0,[0],0.0
1,[1],3694.761889839
2,[2],8923.518944250898
