,task,distance
0,[0],0.0
1,[1],3677.309554089
2,[2],1618.9817654891
