,task,distance
0,[0],0.0
1,[1],2000005844.6139011
2,[2],2000002489.9015937
