,task,distance
0,[0],57.4602396174
1,[1],0.0
2,[2],2765.5207526819995
