,task,distance
0,[0],2000002644.393768
1,[1],2000001843.907684
2,[2],2000001426.169716
