,customer,weight,round,length
0,"[7, 50, 1, 56, 11, 31, 69, 67, 65, 45, 23, 46, 25, 16, 74]","[1, 1, 1, 1, 1, 1, 1, 1, 1, 1, 1, 1, 1, 1, 1]",0,5279.386804529
1,"[13, 51, 5, 75, 73, 12, 9, 8]","[1, 1, 2, 1, 2, 1, 2, 1]",1,3940.8628011261
