,customer,weight,round,length
0,"[34, 65, 64, 62, 84, 18, 79, 23, 31, 44]","[1, 2, 1, 1, 1, 1, 1, 2, 3, 2]",0,2281.5276093856996
1,"[78, 74, 55, 68, 46, 32, 14]","[2, 4, 2, 2, 3, 1, 1]",1,4442.481759544
