,task,distance
0,"[0, 2]",6264.648582879
1,"[1, 3]",5967.321794865
