,task,distance
0,"[0, 3]",4854.992276223
1,"[1, 2]",12127.8957144983
