,task,distance
0,[0],0.0
1,[1],0.0
2,[2],1545.2976702928
3,[3],5678.523273397
4,[4],4748.560454761
