,customer,weight,round,length
0,[57],[3],0,88.452312474
1,[],[],0,0.0
2,[],[],0,0.0
3,"[55, 17, 18]","[1, 13, 1]",0,14167.3342996843
4,[],[],0,0.0
