,task,distance
0,[0],88.452312474
1,[1],0.0
2,[2],0.0
3,[3],14167.3342996843
4,[4],0.0
