,task,distance
0,[0],0.0
1,[1],2902.455360352
2,[2],2890.09494696
3,[3],6936.2959389570005
4,[4],0.0
