,customer,weight,round,length
0,"[87, 144, 106, 46, 11, 4, 114, 99, 140, 91]","[1, 3, 1, 1, 1, 2, 1, 2, 2, 1]",0,2000004825.2248108
1,"[24, 43, 29, 131, 132, 57]","[4, 1, 1, 1, 1, 1]",1,2000003002.2770197
