,customer,weight,round,length
0,"[137, 144, 87, 57, 72, 71, 134, 53, 46, 31, 61]","[3, 3, 1, 1, 1, 1, 1, 1, 1, 1, 1]",0,2727.5666751747003
1,"[106, 47, 45, 70, 68, 69, 89, 74, 37, 73, 87]","[1, 3, 1, 1, 1, 1, 1, 1, 1, 2, 2]",1,3253.4346622021994
2,"[38, 41, 11, 105, 52, 30, 93, 132, 131, 90, 67, 35]","[1, 1, 1, 1, 1, 2, 1, 1, 1, 1, 2, 2]",2,4870.793325239799
3,"[67, 75, 34, 17, 32, 101]","[2, 1, 1, 1, 2, 1]",3,3987.139756925
