,customer,weight,round,length
0,[],[],0,0.0
1,"[16, 5, 19, 35]","[3, 1, 2, 1]",0,936.0405348925001
2,[20],[15],0,2130.35383266
3,[],[],0,0.0
