,customer,weight,round,length
0,[6],[12],0,370.171490992
1,[],[],0,0.0
2,[],[],0,0.0
3,"[11, 14, 0]","[1, 1, 12]",0,3240.4075622670002
4,[],[],0,0.0
