,customer,weight,round,length
0,[],[],0,0.0
1,"[13, 1]","[1, 12]",0,541.174819963
2,[4],[12],0,895.822495492
3,[6],[12],0,370.171490992
4,[],[],0,0.0
