,task,distance
0,[0],248.148018988
1,[1],2001.494294017
2,[2],0.0
3,[3],1793.495236546
4,[4],1497.59254802
