,task,distance
0,[0],370.171490992
1,[1],0.0
2,[2],0.0
3,[3],3240.407562267
4,[4],0.0
