,task,distance
0,[0],944.638870846
1,[1],162.20905308
2,[2],0.0
3,[3],0.0
4,[4],0.0
