,customer,weight,round,length
0,"[51, 5, 71, 4, 124, 48, 47, 46, 24, 23, 22]","[2, 1, 1, 2, 1, 1, 1, 1, 1, 1, 1]",0,5952.14133011
1,"[122, 123, 121, 54]","[2, 1, 2, 1]",0,1063.2340899417
