,task,distance
0,[0],333.8042759958
1,[1],16589.261179638
