,customer,weight,round,length
0,[34],[2],0,157.271660486
1,[],[],0,0.0
2,[],[],0,0.0
3,"[33, 37, 45, 12, 1]","[1, 2, 1, 9, 1]",0,4989.182379960999
