,customer,weight,round,length
0,[],[],0,0.0
1,"[109, 6, 110, 14, 63]","[1, 1, 1, 1, 1]",0,2000002010.1758623
2,"[46, 4, 22, 30, 118, 121, 106, 83, 72, 128, 85]","[2, 1, 1, 2, 1, 1, 3, 1, 1, 1, 1]",0,2000002788.963656
3,[],[],0,0.0
