,task,distance
0,[0],1767.1503345741005
1,[1],0.0
2,[2],0.0
3,[3],1862.548341087
