,task,distance
0,"[0, 5]",2668.8492611104
1,"[1, 6]",2390.483336695
2,"[2, 4]",5822.1825508049005
3,"[3, 7]",5411.2192498868
