,customer,weight,round,length
0,[],[],0,0.0
1,[],[],0,0.0
2,"[179, 174, 131, 23, 48, 59, 180]","[2, 1, 1, 1, 1, 1, 1]",0,7791.746767920999
3,"[117, 189, 190, 123, 10, 85, 196, 31, 97, 34, 81, 165, 52]","[1, 1, 1, 1, 1, 1, 1, 1, 1, 1, 1, 1, 2]",0,12955.923825704202
4,[],[],0,0.0
