,customer,weight,round,length
0,"[138, 146, 108, 87, 192, 6, 7, 33, 74, 44, 80, 129]","[1, 1, 1, 1, 1, 1, 1, 1, 1, 4, 1, 1]",0,12777.982267655
1,"[79, 82, 50, 148, 61, 62, 1, 138, 154]","[1, 1, 1, 1, 2, 5, 2, 1, 1]",0,8281.935711668999
2,[],[],0,0.0
3,[],[],0,0.0
4,[],[],0,0.0
