,customer,weight,round,length
0,"[19, 45, 20, 15, 26, 43, 29, 5, 3]","[1, 1, 1, 4, 3, 2, 1, 1, 1]",0,1309.242842296
1,"[4, 18, 41, 10, 11, 30, 21, 9, 1, 2, 17]","[1, 2, 1, 1, 1, 1, 2, 1, 1, 2, 2]",0,1368.97828985
2,"[25, 23, 38, 16, 44, 24, 34, 8, 12, 6]","[1, 1, 5, 1, 1, 1, 2, 1, 1, 1]",0,1434.582478326
3,[],[],1,0.0
4,"[39, 13, 28, 27, 32]","[1, 1, 2, 1, 2]",1,1227.9842217369999
5,"[38, 14, 33, 31, 35, 36, 40, 37, 42, 22, 0, 7]","[3, 1, 1, 2, 1, 1, 1, 1, 1, 1, 1, 1]",1,891.699341106
