,task,distance
0,"[0, 4]",2537.227064033
1,"[1, 5]",2260.677630956
2,"[2, 3]",1434.582478326
