,customer,weight,round,length
0,"[75, 52, 71, 0, 67, 66, 54, 62, 64, 63]","[1, 1, 1, 1, 3, 1, 1, 3, 2, 1]",0,2000004913.1701808
1,"[92, 91, 89, 90, 83, 96, 74, 79, 72, 51, 81]","[1, 1, 1, 1, 4, 1, 1, 2, 1, 1, 1]",1,2000008997.599546
2,"[76, 31, 16, 8, 19, 9, 11, 50]","[1, 1, 1, 1, 1, 1, 1, 1]",2,2000007602.3299546
