,customer,weight,round,length
0,[64],[6],0,241.006873256
1,"[0, 58, 57, 1, 10, 3, 86, 44]","[1, 1, 1, 1, 3, 1, 3, 1]",0,11435.817772171999
2,[],[],0,0.0
