,task,distance
0,[0],1800.596202993
1,[1],831.369220088
2,[2],810.7510360189999
