,task,distance
0,[0],590.1006537822
1,[1],0.0
2,[2],0.0
3,[3],5029.021845801501
4,[4],0.0
