,customer,weight,round,length
0,"[43, 35, 27, 48, 53, 37, 36, 46, 15, 34]","[1, 1, 1, 1, 1, 1, 1, 1, 1, 2]",0,2731.102508842
1,[42],[14],0,445.234033024
2,"[26, 22, 31, 24, 3, 8]","[1, 1, 1, 2, 2, 1]",0,2253.974516545
3,[],[],0,0.0
