,customer,weight,round,length
0,"[18, 23, 25, 27, 57, 68, 50, 67, 53, 62, 41]","[2, 1, 1, 1, 2, 1, 1, 1, 1, 1, 3]",0,3146.7482519240007
1,"[47, 63, 59, 12, 32, 64, 38, 37]","[3, 1, 3, 2, 1, 3, 1, 1]",0,2758.0737067358
2,"[2, 15, 3, 43, 4, 13, 65, 45, 46, 44, 7]","[1, 2, 1, 1, 1, 1, 3, 1, 1, 1, 2]",0,2379.7371948215996
3,[],[],1,0.0
4,[],[],1,0.0
5,"[58, 30]","[2, 2]",1,2793.922149558
