,customer,weight,round,length
0,"[2, 12, 16, 30, 9, 28, 6, 7, 31, 18, 17]","[1, 1, 1, 1, 1, 3, 2, 2, 1, 1, 1]",0,418.723446081
1,"[13, 1, 14, 8, 20, 4, 22, 27, 10, 15]","[1, 1, 1, 1, 3, 2, 1, 1, 1, 3]",0,1115.037757518
2,"[0, 29, 26, 5, 25, 21, 19, 23, 3]","[1, 3, 1, 1, 3, 1, 1, 2, 2]",0,1688.150501014
3,[],[],1,0.0
4,[],[],1,0.0
5,"[24, 11]","[2, 2]",1,1747.0694539830001
