,task,distance
0,[0],26.5562120326
1,[1],4552.3396114
