,task,distance
0,[0],256.5891399
1,[1],26.5562120326
