,customer,weight,round,length
0,"[167, 129, 128, 0, 2, 19, 169, 149, 158, 136, 16, 48, 74]","[2, 1, 2, 1, 1, 1, 1, 1, 1, 1, 1, 1, 1]",0,3722.5865176750003
1,"[10, 75, 132, 165, 52, 44, 163, 142, 130, 80, 41, 42, 139]","[2, 1, 1, 1, 1, 1, 1, 1, 1, 2, 1, 1, 1]",1,5602.111185664
2,"[138, 27, 26, 25, 22, 5, 63, 64]","[1, 2, 2, 1, 3, 3, 1, 2]",2,4622.433955551
3,"[104, 84, 160, 162, 120]","[1, 1, 1, 1, 1]",3,4701.7111182240005
