,customer,weight,round,length
0,[],[],0,0.0
1,[],[],0,0.0
2,[],[],0,0.0
3,"[53, 73, 83, 81, 72, 70, 99, 98, 3, 41, 59, 61]","[3, 1, 1, 1, 1, 1, 1, 1, 1, 2, 1, 1]",0,4347.035862178
4,[54],[3],0,109.4698320574
