,customer,weight,round,length
0,"[97, 96, 95, 101, 38, 50]","[1, 1, 1, 1, 8, 1]",0,1856.0503040400001
1,"[93, 56, 5, 57, 63, 87, 82]","[2, 4, 1, 3, 1, 1, 1]",0,4592.5176593510005
2,[],[],0,0.0
3,[],[],0,0.0
4,[],[],0,0.0
