,customer,weight,round,length
0,"[51, 97, 96, 85, 83, 24, 87, 86, 68, 73, 50]","[3, 1, 1, 1, 1, 1, 1, 1, 1, 1, 1]",0,3266.3601898839997
1,[],[],0,0.0
2,[],[],0,0.0
3,"[48, 49]","[1, 4]",0,566.737537065
4,[],[],0,0.0
