,customer,weight,round,length
0,[],[],0,0.0
1,[],[],0,0.0
2,[],[],0,0.0
3,"[38, 70, 72]","[8, 1, 1]",0,509.1606171922
4,"[80, 94, 101, 81, 27, 100, 99, 98, 102, 78]","[2, 1, 1, 1, 2, 1, 1, 1, 1, 1]",0,2871.5066085804
