,task,distance
0,[0],608.8223571947001
1,[1],0.0
2,[2],0.0
3,[3],1600.7733667557
4,[4],0.0
