,task,distance
0,[0],109.4698320574
1,[1],0.0
2,[2],1600.70247488
3,[3],0.0
4,[4],4227.992110585
