,customer,weight,round,length
0,"[21, 9, 60, 59]","[5, 1, 7, 2]",0,2741.578874439
1,"[16, 56, 8]","[1, 1, 1]",1,3619.323753484
