,customer,weight,round,length
0,"[37, 60, 34, 18]","[2, 7, 2, 4]",0,1542.355730622
1,"[59, 48, 18, 64]","[2, 1, 3, 2]",1,3923.514670467
