,customer,weight,round,length
0,"[3, 96, 49, 9, 64, 50, 93, 54, 106]","[1, 1, 2, 3, 1, 2, 1, 1, 3]",0,3329.813139852001
1,"[84, 66, 91, 32, 80, 105, 36, 56, 73, 26, 75, 24, 25]","[1, 1, 2, 1, 2, 1, 1, 1, 1, 1, 1, 1, 1]",0,10832.005250788
2,"[6, 11, 10, 103, 86, 12, 31, 92, 89, 0]","[1, 2, 2, 3, 1, 1, 2, 1, 1, 1]",0,3213.7090867726997
3,[],[],1,0.0
4,[],[],1,0.0
5,"[70, 48, 47, 102, 8, 49]","[1, 1, 1, 2, 3, 2]",1,4148.4474856669995
