,task,distance
0,"[0, 3]",2554.8236590670003
1,"[1, 4]",4176.3967298995
2,"[2, 4]",1409.67206199
