,task,distance
0,"[0, 4]",3663.5521898442
1,"[1, 3]",14364.441515303
2,"[2, 5]",3366.440812166001
