,task,distance
0,[0],1336.58133676
1,[1],5016.518944976
2,[2],4794.529152742
3,[3],3969.9388349609
