,task,distance
0,[0],676.32921992
1,[1],2000000000.0
2,[2],0.0
3,[3],2000003364.4601712
