,customer,weight,round,length
0,"[39, 60, 4, 6, 28]","[1, 3, 1, 1, 1]",0,2252.3234045328
1,"[33, 46, 2, 66, 17, 28]","[6, 1, 3, 1, 1, 1]",0,4635.608768165
2,[],[],0,0.0
