,customer,weight,round,length
0,"[13, 55, 42]","[1, 1, 4]",0,784.5935662562001
1,[],[],0,0.0
2,"[38, 64, 39, 44, 19, 28, 41]","[2, 1, 1, 3, 3, 1, 4]",0,3385.074849036
