,task,distance
0,[0],0.0
1,[1],0.0
2,[2],277.257807778
3,[3],4456.43761564
