,task,distance
0,"[0, 2]",10002.552340898
1,"[1, 3]",6910.254960322001
