,customer,weight,round,length
0,"[44, 7, 19, 51, 49, 112, 24, 22, 56, 74, 64]","[1, 1, 2, 1, 1, 1, 1, 1, 1, 1, 2]",0,2000016662.6319005
1,"[29, 17]","[1, 2]",0,741.014182995
2,[],[],0,0.0
3,[],[],0,0.0
4,"[80, 79, 18, 5, 103, 20, 90, 89, 27, 33]","[1, 2, 2, 1, 3, 1, 1, 1, 2, 1]",0,4029.9626789029994
