,customer,weight,round,length
0,[],[],0,0.0
1,"[7, 74, 75, 111, 113, 24, 22, 21, 112, 72, 19, 58]","[1, 1, 1, 1, 1, 1, 1, 2, 1, 2, 2, 1]",0,2000011765.4590976
2,[],[],0,0.0
3,[],[],0,0.0
4,"[25, 64, 63, 78, 80, 79, 100, 103, 102, 44]","[1, 2, 1, 1, 1, 2, 1, 3, 1, 1]",0,2000012641.2210002
