,customer,weight,round,length
0,[],[],0,0.0
1,"[62, 102, 4, 94, 92, 100, 37, 36, 34, 78, 28, 77]","[1, 1, 1, 1, 1, 1, 1, 2, 1, 1, 1, 1]",0,2000002572.3317025
2,[],[],0,0.0
3,[],[],0,0.0
4,"[25, 63, 75, 55, 113, 21, 111, 72, 54, 58]","[1, 1, 1, 1, 1, 2, 1, 2, 1, 1]",0,2000009112.8324544
