,task,distance
0,[0],0.0
1,[1],0.0
2,[2],0.0
3,[3],12852.602268142798
4,[4],3413.555799251
