,task,distance
0,"[0, 2, 4, 7, 9]",99811.9141281126
1,"[1, 3, 5, 6, 8]",100252.95734974879
