,task,distance
0,[0],1040.850383886
1,[1],2900.125004492
2,[2],0.0
3,[3],3206.974531321
4,[4],0.0
