,task,distance
0,[0],1157.1563436555
1,[1],4593.259822138
2,[2],2182.756767426
3,[3],0.0
4,[4],1048.384735946
