,task,distance
0,"[0, 3]",5215.705068605501
1,"[1, 4]",5550.2497749695
2,"[2, 5]",5144.9259552565
