,customer,weight,round,length
0,[],[],0,0.0
1,"[51, 116, 136, 112, 26]","[2, 3, 1, 2, 1]",0,4926.3851397220005
2,[],[],0,0.0
3,"[64, 141, 142, 101, 139, 14, 120, 27, 47]","[1, 1, 1, 1, 1, 1, 1, 3, 2]",0,5227.04854431
