,customer,weight,round,length
0,"[133, 27, 14, 86, 119, 13, 120]","[2, 3, 1, 4, 1, 1, 1]",0,3348.315831987
1,"[25, 26, 72, 79, 116, 22]","[3, 1, 2, 2, 3, 1]",0,2634.140112747
2,[],[],0,0.0
3,[],[],0,0.0
