,task,distance
0,[0],2921.463740473
1,[1],3727.241539853
2,[2],0.0
