,customer,weight,round,length
0,[79],[15],0,4024.0993036
1,"[58, 79, 94, 44, 5, 30, 19, 64, 71]","[1, 6, 2, 1, 1, 1, 1, 1, 1]",0,7738.302805790999
2,[79],[15],0,4024.0993036
