,customer,weight,round,length
0,"[26, 20, 19, 90, 11, 97, 31, 52]","[1, 1, 1, 1, 1, 1, 1, 2]",0,6566.0139287069
1,[89],[1],0,294.611366864
2,[],[],0,0.0
