,task,distance
0,[0],4024.0993036
1,[1],7738.302805790999
2,[2],4024.0993036
