,task,distance
0,[0],6566.0139287069
1,[1],294.611366864
2,[2],0.0
