,task,distance
0,[0],5448.829123969001
1,[1],1500.58067507
2,[2],0.0
3,[3],0.0
4,[4],0.0
