,customer,weight,round,length
0,"[23, 191, 45, 232, 233, 46, 262, 73, 30, 134, 160, 239]","[2, 1, 1, 1, 1, 1, 1, 2, 2, 1, 1, 1]",0,38968.909573309
1,"[139, 140, 84, 64, 188, 90, 155, 33, 257, 245, 248]","[1, 1, 2, 2, 2, 1, 1, 1, 1, 1, 1]",0,2000008488.9049325
