,task,distance
0,[0],35509.132511312004
1,[1],2000019671.963384
