,customer,weight,round,length
0,"[37, 60, 34, 18]","[2, 7, 2, 4]",0,1542.355730622
1,"[59, 48, 17, 16, 18]","[2, 1, 1, 1, 3]",1,2182.733486195
