,customer,weight,round,length
0,"[7, 17, 0, 13, 1, 14, 20, 15, 3]","[2, 1, 1, 1, 1, 1, 3, 3, 2]",0,558.669736375
1,"[22, 4, 27, 8, 19, 6, 18, 16, 2, 29, 26]","[1, 2, 1, 1, 1, 2, 1, 1, 1, 3, 1]",1,1381.405745509
2,"[12, 21, 9, 28, 31, 5, 30, 25, 10, 23]","[1, 1, 1, 3, 1, 1, 1, 3, 1, 2]",2,1229.235609108
3,"[24, 11]","[2, 2]",3,1747.0694539830001
