,task,distance
0,[0],833.6129229341
1,[1],6534.712983646701
2,[2],0.0
