,customer,weight,round,length
0,[1],[15],0,4176.33068748
1,[1],[13],0,4176.33068748
2,[],[],0,0.0
