,customer,weight,round,length
0,"[47, 41, 76, 87, 69, 65, 58, 45, 55, 56, 5, 4]","[1, 1, 1, 2, 1, 1, 2, 2, 1, 1, 1, 1]",0,2499.6044418625
1,"[44, 15, 48, 67, 68, 75, 0]","[1, 1, 1, 1, 1, 3, 2]",1,2257.8982845756996
