,customer,weight,round,length
0,"[32, 30, 54, 91, 90, 31, 93, 95, 1, 13, 22, 23, 12]","[1, 2, 1, 1, 1, 1, 1, 1, 1, 1, 2, 1, 1]",0,2316.2160855686
1,"[2, 94, 63, 62, 49, 61, 17]","[1, 1, 1, 1, 1, 1, 2]",1,2040.0149647557
