,task,distance
0,[0],0.0
1,[1],3880.819273279
2,[2],1712.7910652699002
3,[3],3312.2873120387994
4,[4],0.0
