,task,distance
0,[0],0.0
1,[1],0.0
2,[2],1018.562223531
3,[3],2059.1662844533
4,[4],2604.1308111318
