,customer,weight,round,length
0,"[12, 92, 95, 96, 24, 23, 78, 99, 11, 113, 64]","[1, 1, 2, 1, 1, 1, 4, 1, 1, 1, 1]",0,3292.7221056318003
1,"[67, 2, 27, 38, 106, 22, 74, 47, 26]","[1, 1, 1, 1, 1, 1, 1, 1, 1]",0,8315.838342813002
2,[13],[1],0,151.6746525346
