,task,distance
0,"[0, 5]",2641.273576645
1,"[1, 9]",2143.757734526
2,"[2, 6]",4246.533951825
3,"[3, 7]",4040.690127275
4,"[4, 8]",2411.7778124105
