,customer,weight,round,length
0,"[219, 20, 54, 19, 53, 154, 210, 70, 192, 205, 190, 189, 29]","[1, 1, 1, 1, 1, 1, 1, 2, 1, 2, 1, 1, 1]",0,4267.538855632
1,"[8, 130, 131, 128, 18, 126, 88, 216, 217, 173, 169, 7]","[1, 1, 1, 1, 1, 1, 2, 2, 1, 1, 1, 2]",0,3454.287998524
2,"[58, 25, 28, 26, 144, 87, 172]","[1, 2, 2, 1, 3, 5, 1]",0,2494.8991526512
3,[],[],1,0.0
4,[],[],1,0.0
5,"[111, 110, 65, 38, 11]","[1, 1, 1, 2, 1]",1,6937.441758986
