,task,distance
0,"[0, 3]",4267.538855632
1,"[1, 4]",3454.287998524
2,"[2, 5]",9432.3409116372
