,task,distance
0,[0],0.0
1,[1],1155.11078102
2,[2],0.0
3,[3],4554.345121837
