,task,distance
0,[0],2787.1608257013004
1,[1],1260.7249111023
2,[2],437.625995198
3,[3],2469.9718721
