,customer,weight,round,length
0,[],[],0,0.0
1,[],[],0,0.0
2,"[106, 81, 142, 0, 25, 146, 153, 150, 87, 138, 70, 11, 6, 5]","[2, 1, 1, 1, 1, 1, 1, 1, 1, 1, 1, 1, 1, 1]",0,15797.996096452001
3,"[61, 22, 135, 58, 108]","[1, 1, 1, 1, 1]",0,3031.3989688334
4,[],[],0,0.0
