,task,distance
0,[0],4536.427910993
1,[1],0.0
2,[2],1731.0238113459998
3,[3],5136.453995778999
