,customer,weight,round,length
0,"[109, 11, 91, 94, 86, 27, 52, 64, 13, 51, 30, 80]","[1, 1, 2, 1, 1, 1, 1, 1, 1, 1, 1, 3]",0,8922.875139512
1,[63],[1],1,4269.11749982
