,customer,weight,round,length
0,"[53, 9, 97, 96, 109, 54, 36]","[3, 1, 1, 1, 1, 3, 5]",0,2513.4990963046002
1,"[26, 95, 110, 129, 128, 41, 127, 27, 57, 81, 82]","[2, 1, 3, 2, 1, 1, 1, 1, 1, 1, 1]",0,3006.0723730229997
2,"[10, 134, 135, 141, 63, 111, 80, 79, 133, 132, 130, 113, 40]","[2, 1, 1, 1, 1, 1, 1, 1, 1, 1, 1, 1, 2]",0,3177.5068381029996
3,"[19, 44, 47, 102, 20, 21, 52, 51, 55, 50]","[1, 1, 1, 3, 2, 1, 3, 1, 1, 1]",0,3997.1119215820004
4,[],[],1,0.0
5,"[99, 24, 101, 93, 91, 89, 88, 108, 49, 85, 69]","[2, 1, 1, 1, 1, 1, 1, 1, 1, 2, 1]",1,6250.7464089019995
6,"[28, 1, 0, 29, 31, 107, 71, 76, 105, 139, 138, 64]","[1, 1, 1, 1, 1, 1, 1, 3, 1, 1, 2, 1]",1,4190.3224112307
7,"[142, 66, 67, 60, 106, 115, 43, 136, 104, 131]","[2, 1, 1, 1, 1, 1, 1, 2, 1, 1]",1,5109.752545875999
