,customer,weight,round,length
0,"[158, 178, 14, 48, 21, 43, 35, 23, 120, 61, 63, 73, 71]","[1, 1, 1, 1, 1, 2, 1, 1, 1, 1, 1, 2, 1]",0,4854.992276223
1,"[74, 87, 82, 84, 86, 152, 184, 183, 55, 52, 92, 81, 41]","[1, 1, 1, 1, 2, 1, 1, 1, 2, 1, 1, 1, 1]",0,4799.547432367999
2,"[38, 136, 138, 115, 137, 182, 180, 96, 103, 124, 112, 95, 163]","[1, 1, 1, 1, 1, 1, 2, 1, 1, 1, 1, 1, 1]",1,7328.3482821303
3,[],[],1,0.0
