,customer,weight,round,length
0,"[109, 152, 117]","[1, 6, 2]",0,2191.539683985
1,[],[],0,0.0
2,"[22, 160, 149, 146, 161, 195, 178, 12, 76, 0]","[1, 1, 1, 1, 1, 2, 2, 2, 2, 2]",0,14507.742792069
