,customer,weight,round,length
0,"[112, 45, 92, 43, 44, 12, 57]","[6, 4, 1, 1, 1, 1, 1]",0,2543.275356788
1,"[32, 84, 78, 65, 52, 108, 53, 29, 30, 40, 86]","[2, 2, 1, 1, 1, 1, 1, 1, 1, 3, 1]",0,3911.76073849
