,customer,weight,round,length
0,"[98, 105, 26, 5, 77, 33, 9, 62, 51, 116, 115]","[2, 1, 2, 1, 1, 1, 1, 1, 1, 1, 2]",0,2796.7018798369995
1,"[59, 49, 48, 6, 107, 106, 94]","[2, 1, 1, 1, 1, 1, 2]",0,1934.718130199
