,task,distance
0,[0],2543.275356788
1,[1],3911.76073849
