,customer,weight,round,length
0,"[57, 58, 17, 16, 27]","[2, 2, 2, 2, 2]",0,2117.412627602
1,"[19, 65, 1, 44, 66, 20, 26, 28]","[1, 2, 1, 2, 2, 2, 3, 1]",0,3050.0439221419997
2,[],[],0,0.0
3,[],[],0,0.0
4,[],[],0,0.0
