,task,distance
0,[0],2117.412627602
1,[1],3050.043922142
2,[2],0.0
3,[3],0.0
4,[4],0.0
