,customer,weight,round,length
0,"[113, 112, 102, 46, 2, 57, 123, 83, 36]","[2, 1, 4, 1, 1, 1, 1, 1, 2]",0,5087.558571029
1,"[114, 10, 11, 111, 37]","[2, 2, 2, 1, 2]",0,1442.0238653920003
2,[],[],0,0.0
