,customer,weight,round,length
0,[78],[1],0,256.660768832
1,[],[],0,0.0
2,"[100, 99, 7, 125, 65, 133, 87, 13, 115, 6, 8, 31, 77]","[1, 1, 1, 1, 2, 1, 2, 1, 1, 1, 1, 1, 1]",0,11531.995936211
