,customer,weight,round,length
0,[],[],0,0.0
1,"[55, 56, 48, 17, 105, 121, 120]","[1, 2, 3, 2, 2, 1, 1]",0,1827.4648244569003
2,"[15, 14, 116, 5, 103, 35, 58]","[1, 1, 1, 2, 1, 1, 2]",0,2335.8396256429996
