,task,distance
0,[0],0.0
1,[1],10912.412280039
2,[2],2143.516556621
