,task,distance
0,[0],256.660768832
1,[1],0.0
2,[2],11531.995936211
