,task,distance
0,[0],5087.558571029
1,[1],1442.0238653920003
2,[2],0.0
