,customer,weight,round,length
0,"[128, 146, 34, 153, 148, 150, 151, 152, 138, 149, 85, 72, 87, 140]","[2, 1, 1, 1, 1, 1, 1, 1, 1, 1, 1, 1, 1, 1]",0,3287.9515750569994
1,"[91, 143, 77, 26]","[1, 1, 2, 2]",0,9553.515869330999
