,customer,weight,round,length
0,"[28, 76, 75, 50, 92, 93, 52]","[1, 1, 2, 1, 1, 2, 2]",0,2144.459195185
1,"[56, 120, 155, 123, 144, 1, 2, 73, 17, 25, 0, 142]","[1, 1, 1, 1, 1, 1, 2, 1, 2, 1, 1, 1]",0,16340.9407039706
