,task,distance
0,[0],1804.0387788129
1,[1],5271.464251949001
