,task,distance
0,[0],5881.932315797
1,[1],9954.252792272
