,customer,weight,round,length
0,[77],[2],0,551.00332897
1,"[147, 179, 128, 17, 171, 152]","[8, 1, 1, 1, 2, 2]",0,4549.102358708
2,"[34, 114, 157, 115, 72, 55, 41, 39, 141, 135, 101]","[1, 1, 2, 1, 1, 1, 1, 1, 1, 3, 1]",0,5434.982156493001
