,customer,weight,round,length
0,[23],[1],0,152.4389901914
1,[],[],0,0.0
2,"[5, 25]","[1, 2]",0,972.6992373722001
3,[],[],0,0.0
