,task,distance
0,"[0, 9]",6654.1453233762
1,"[1, 7]",4283.0386658345005
2,"[2, 5]",4530.1058487566
3,"[3, 8]",3772.118059968
4,"[4, 6]",4909.659105833201
