,task,distance
0,"[0, 5]",2824.161256456
1,"[1, 7]",2380.760109036
2,"[2, 7]",3029.54256635
3,"[3, 6]",2487.037806757
4,"[4, 7]",2799.96155915
