,task,distance
0,[0],16274.893909004
1,[1],2758.82621924
2,[2],4526.208239368
3,[3],0.0
