,task,distance
0,"[0, 3]",7821.95394278
1,"[1, 2]",12809.250883667
