,customer,weight,round,length
0,"[148, 48, 49, 126, 125, 129, 124, 13, 56, 57, 25]","[1, 1, 1, 1, 1, 1, 2, 1, 2, 1, 1]",0,2209.409627373
1,"[154, 10, 71, 61, 22, 83, 80, 23]","[2, 1, 1, 2, 1, 1, 1, 1]",0,1484.7063193430001
2,[],[],0,0.0
