,customer,weight,round,length
0,"[152, 40, 27, 91, 66, 67, 82]","[1, 1, 1, 1, 1, 1, 1]",0,2691.4398942343
1,[],[],0,0.0
2,"[153, 56, 23, 34, 95, 17, 59, 31, 49, 129, 98, 76, 121]","[1, 2, 1, 1, 1, 1, 1, 1, 1, 1, 1, 1, 1]",0,4701.0560451605
