,customer,weight,round,length
0,"[121, 110, 109, 122, 73, 78, 130, 104, 77, 76, 75, 144, 143]","[1, 1, 1, 1, 1, 1, 1, 1, 1, 1, 2, 1, 2]",0,3862.6655294259995
1,"[141, 139, 111, 51, 52, 142]","[1, 1, 1, 1, 3, 3]",0,1311.9530741304002
2,[120],[6],0,159.0806638974
