,task,distance
0,[0],3862.665529426
1,[1],1311.9530741304002
2,[2],159.0806638974
