,task,distance
0,[0],0.0
1,[1],1786.470900303
2,[2],1576.6024542977998
