,task,distance
0,[0],5199.677166519999
1,[1],0.0
2,[2],18892.016789436
