,customer,weight,round,length
0,[40],[15],0,89.108757036
1,"[21, 8, 15, 41, 40]","[1, 3, 3, 5, 3]",0,5953.416083559
