,customer,weight,round,length
0,"[13, 84, 82, 34, 75, 41, 76, 37, 63]","[5, 2, 1, 1, 1, 1, 1, 1, 2]",0,4697.383836249
1,"[21, 20, 62, 16, 86, 74, 36]","[1, 1, 1, 1, 5, 3, 3]",0,2490.717466129
2,"[10, 9, 8, 79, 66, 67, 58, 56]","[2, 4, 4, 1, 1, 1, 1, 1]",0,1897.335349918
3,"[6, 12, 11]","[2, 5, 6]",0,416.97530659559993
4,"[71, 53, 85, 81, 73, 47, 54, 31]","[2, 2, 6, 1, 1, 1, 1, 1]",0,3490.3080248167994
