,customer,weight,round,length
0,"[4, 18, 2, 6]","[5, 1, 4, 5]",0,649.015588024
1,"[21, 30, 16, 8, 10, 9, 7, 1, 24]","[2, 1, 2, 1, 1, 1, 1, 4, 2]",0,1937.692149254
2,"[4, 22, 25, 15, 28, 32, 13, 17, 12, 14, 0]","[1, 1, 1, 1, 1, 2, 1, 1, 3, 1, 2]",0,1365.456509072
3,"[3, 27, 34, 5]","[2, 1, 5, 5]",0,967.777038544
4,"[29, 23, 31, 26, 11, 20, 33, 19]","[1, 1, 1, 3, 1, 1, 6, 1]",0,1847.304635304
