,customer,weight,round,length
0,"[57, 40, 92, 91, 78, 32, 37, 96, 35, 19, 17, 94, 95]","[1, 1, 1, 1, 1, 1, 1, 1, 2, 1, 1, 1, 2]",0,4820.478296184
1,"[93, 71, 72, 16, 49]","[1, 1, 2, 9, 2]",1,2356.1492777534
2,"[38, 67, 61, 62, 99, 45]","[7, 2, 2, 2, 1, 1]",2,4254.250081996
3,"[18, 0]","[1, 1]",3,1561.5987487009997
