,task,distance
0,"[0, 2]",7097.018434831001
1,"[1, 3]",6364.1722754255
