,customer,weight,round,length
0,"[66, 65, 181, 188, 187]","[1, 2, 3, 2, 1]",0,32598.27932176
1,[],[],0,0.0
2,"[6, 248, 219, 247, 37, 142, 140, 93, 24, 155, 80, 89, 19]","[1, 1, 1, 1, 1, 1, 1, 2, 1, 1, 2, 1, 1]",0,2000018575.058236
3,"[204, 116, 114, 71, 43, 44, 198, 191, 68, 259, 232, 23]","[1, 1, 1, 1, 1, 1, 2, 1, 1, 1, 1, 2]",0,5804.3060648866995
4,"[27, 239, 209, 123, 125, 132, 124, 75, 205]","[1, 1, 2, 1, 1, 3, 1, 1, 1]",0,18569.805261596997
