,customer,weight,round,length
0,"[23, 206]","[2, 2]",0,604.8788760161001
1,"[77, 27, 122, 121, 75, 203, 201, 114, 115, 261, 262, 46, 204]","[2, 1, 1, 1, 1, 2, 1, 1, 1, 1, 1, 1, 1]",0,17999.4869817852
2,[],[],0,0.0
3,"[43, 45, 44, 231, 70, 230, 67, 68, 233, 259, 260, 150, 232, 116, 202]","[1, 1, 1, 1, 1, 1, 1, 1, 1, 1, 1, 1, 1, 1, 1]",0,5401.562549167998
4,"[76, 19, 20, 71, 74, 72, 73, 263, 205]","[3, 1, 2, 1, 2, 2, 2, 1, 1]",0,3045.2966613693998
