,task,distance
0,[0],604.8788760161001
1,[1],17999.4869817852
2,[2],0.0
3,[3],5401.562549167998
4,[4],3045.2966613694
