,task,distance
0,[0],5092.540202786001
1,[1],3189.1996905277
2,[2],3045.296661368999
3,[3],1519.9755277156
4,[4],17192.1902483572
