,task,distance
0,[0],0.0
1,[1],0.0
2,[2],2590.793499721
3,[3],3752.13459577
