,customer,weight,round,length
0,"[63, 25, 19, 18, 149, 157, 102, 75, 147]","[3, 1, 3, 1, 1, 1, 1, 1, 3]",0,5798.626517500599
1,"[74, 103, 133, 167, 57, 173, 43, 42, 106, 3]","[1, 1, 3, 3, 1, 1, 1, 1, 1, 2]",0,5617.869172556999
2,"[145, 22, 161, 142, 143]","[1, 1, 1, 2, 3]",1,5872.830823451
3,[],[],1,0.0
