,task,distance
0,"[0, 2]",9569.8123388837
1,"[1, 3]",14558.0911778609
