,customer,weight,round,length
0,[],[],0,0.0
1,"[53, 98, 17, 49, 80, 54]","[4, 1, 1, 2, 3, 3]",0,4685.405095867
2,[],[],0,0.0
3,[86],[5],0,312.790985114
4,[],[],0,0.0
