,customer,weight,round,length
0,[],[],0,0.0
1,[],[],0,0.0
2,[],[],0,0.0
3,"[29, 79, 5, 2, 95, 96]","[1, 1, 1, 1, 1, 1]",0,2381.257785725
4,[56],[2],0,308.53425897
