,task,distance
0,[0],448.158073804
1,[1],5685.286235931
