,customer,weight,round,length
0,"[8, 33, 13, 12]","[12, 1, 1, 1]",0,4718.665318821
1,[],[],0,0.0
2,[],[],0,0.0
3,"[10, 49, 32, 38, 45, 36]","[3, 1, 2, 1, 1, 1]",0,2720.9883481852003
4,[],[],0,0.0
