,customer,weight,round,length
0,[163],[15],0,854.076085002
1,[90],[15],0,1032.05990264
2,"[165, 166, 222, 114, 15, 157, 100, 102, 167, 168]","[1, 2, 1, 1, 1, 1, 1, 1, 3, 3]",0,7456.193938013
3,"[143, 66, 40, 68, 71, 69, 195, 67, 147, 87, 223]","[1, 1, 1, 1, 3, 1, 1, 1, 2, 1, 1]",0,6192.388383988
