,customer,weight,round,length
0,"[16, 93, 94, 95, 214, 112, 165, 48, 17]","[2, 1, 1, 1, 2, 1, 1, 1, 1]",0,1977.971567783
1,[],[],0,0.0
2,"[220, 24, 115, 108, 81, 98, 75, 97, 119, 120]","[2, 1, 2, 2, 3, 1, 1, 1, 1, 1]",0,3282.2121886707005
3,[],[],0,0.0
