,customer,weight,round,length
0,[],[],0,0.0
1,"[85, 141, 192, 195, 194, 47, 91, 100, 21, 64]","[1, 2, 1, 1, 1, 1, 1, 1, 2, 1]",0,8610.139939752999
2,"[86, 72, 13, 82, 136, 206, 28, 83, 53]","[2, 1, 1, 1, 1, 1, 1, 1, 2]",0,4099.7753530316
3,[],[],0,0.0
