,task,distance
0,[0],1977.971567783
1,[1],0.0
2,[2],3282.2121886707005
3,[3],0.0
