,customer,weight,round,length
0,"[86, 57, 12, 44, 43, 92, 40, 30, 53, 52, 108, 32, 29]","[1, 1, 1, 1, 1, 1, 3, 1, 1, 1, 1, 1, 1]",0,2771.1286009929995
1,"[32, 84, 62, 116, 51, 65, 112, 45]","[1, 2, 1, 1, 1, 1, 4, 4]",1,3961.5115869900005
2,"[9, 115, 59, 48, 49, 112, 102, 37, 60]","[1, 2, 2, 1, 1, 2, 2, 3, 1]",2,6315.092220138999
3,"[106, 94, 98, 105, 26, 5, 33, 96, 36, 97]","[1, 2, 2, 1, 2, 1, 1, 1, 2, 2]",3,6085.782515437
4,"[78, 77, 6, 107, 72, 68, 95, 35, 38, 99, 39]","[2, 1, 1, 1, 2, 1, 2, 2, 1, 1, 1]",4,7153.733970122001
5,"[66, 69, 109, 71]","[3, 1, 1, 1]",5,4364.948104136
