,customer,weight,round,length
0,[],[],0,0.0
1,"[17, 62, 11, 10, 50, 25, 54]","[1, 1, 1, 1, 2, 8, 1]",0,4092.8264398485
2,[],[],0,0.0
3,"[64, 53, 0, 28, 44]","[1, 1, 5, 1, 1]",0,3266.3252052959997
4,[],[],0,0.0
