,task,distance
0,[0],0.0
1,[1],0.0
2,[2],876.4411608445
3,[3],3271.6105497729995
4,[4],0.0
