,task,distance
0,[0],801.529905154
1,[1],2512.9422755545
2,[2],0.0
3,[3],925.832972268
4,[4],0.0
