,customer,weight,round,length
0,"[28, 25, 48, 61, 2, 95, 93, 55, 5, 58, 76, 26, 19]","[1, 1, 1, 1, 1, 1, 1, 1, 1, 2, 1, 2, 1]",0,5870.6371446329995
1,[84],[1],0,85.9055938522
