,customer,weight,round,length
0,"[74, 98, 97, 86, 46, 89, 38, 77]","[1, 1, 2, 2, 1, 1, 1, 4]",0,4407.111930738999
1,[18],[13],0,1419.146445262
2,[18],[11],0,1419.146445262
