,task,distance
0,[0],0.0
1,[1],3738.969329403
2,[2],3518.2997226294
