,customer,weight,round,length
0,"[92, 11, 90, 89, 66, 54, 62, 38, 43, 41, 37, 35]","[1, 1, 1, 1, 1, 1, 3, 1, 2, 1, 1, 1]",0,2000003400.6928596
1,"[19, 14, 72, 87, 44, 46, 64, 21, 96]","[1, 4, 1, 2, 2, 1, 2, 1, 1]",1,2000003209.110113
2,"[76, 74, 79, 13, 5, 16, 81, 75]","[1, 1, 2, 1, 1, 1, 1, 1]",2,2000004402.2974796
