,customer,weight,round,length
0,"[103, 191, 158, 156, 68, 65, 64, 62, 33, 149, 145, 143, 134]","[2, 1, 1, 1, 1, 1, 1, 1, 1, 2, 1, 1, 1]",0,3556.0347168383005
1,"[38, 2, 174, 3, 78, 4, 5, 80, 74, 73, 21]","[1, 2, 3, 1, 1, 1, 1, 1, 1, 1, 1]",0,4711.5698486592
2,"[56, 82, 179, 77, 42, 79, 101]","[1, 1, 2, 2, 1, 1, 1]",0,1977.3818567253
3,"[94, 92, 172, 121, 116, 16, 114, 112, 104]","[1, 1, 1, 3, 1, 1, 1, 4, 2]",0,4301.282397858
4,"[109, 108, 13, 14, 85, 84, 50, 126, 167]","[3, 1, 2, 4, 1, 1, 1, 1, 1]",0,5745.425321512699
