,task,distance
0,[0],9188.230498902
1,[1],7743.401268036
2,[2],0.0
3,[3],10569.5016108
4,[4],5547.933616114
