,customer,weight,round,length
0,"[87, 82, 77, 29, 78, 116, 80, 90, 175, 117]","[1, 1, 1, 1, 1, 2, 3, 1, 2, 2]",0,2226.5972602597
1,"[74, 92, 41, 95, 81, 80]","[1, 1, 1, 1, 1, 1]",1,2059.307227523
