,customer,weight,round,length
0,"[44, 43, 98, 14, 11, 50, 49, 48, 21, 35, 86, 23, 37]","[1, 2, 1, 1, 1, 1, 1, 1, 1, 1, 2, 1, 1]",0,3845.4807722497
1,"[38, 138, 115]","[1, 1, 1]",1,1692.975647795
