,customer,weight,round,length
0,"[39, 42, 48, 41, 60, 46, 47, 43, 38, 40]","[1, 1, 1, 1, 2, 1, 1, 2, 1, 2]",0,1336.5663098921
1,[],[],0,0.0
2,[],[],0,0.0
3,"[62, 96, 50, 34, 87, 44, 49, 35, 37]","[3, 1, 1, 2, 2, 2, 2, 1, 1]",0,8354.401829592
