,task,distance
0,[0],0.0
1,[1],2846.5629083445
2,[2],0.0
3,[3],4503.560968893999
