,task,distance
0,[0],11046.9262900871
1,[1],813.3467398106001
2,[2],0.0
3,[3],0.0
