,customer,weight,round,length
0,[],[],0,0.0
1,[],[],0,0.0
2,"[47, 73, 81, 53]","[1, 1, 1, 2]",0,1157.5090515972001
3,"[63, 71, 8, 66, 76, 37, 31, 54]","[2, 2, 4, 1, 1, 1, 1, 1]",0,2328.5743144436
