,task,distance
0,[0],1439.1015080896
1,[1],0.0
2,[2],3532.9379673580006
3,[3],58.258187024
