,task,distance
0,[0],0.0
1,[1],0.0
2,[2],1157.5090515972
3,[3],2328.5743144436
