,task,distance
0,[0],442.6140031763
1,[1],0.0
2,[2],0.0
3,[3],4823.916315728799
