,task,distance
0,[0],9106.280175941
1,[1],197.4348677828
2,[2],0.0
3,[3],0.0
4,[4],0.0
