,task,distance
0,[0],0.0
1,[1],8180.542408282999
2,[2],264.77820429
