,task,distance
0,[0],5463.631954174
1,[1],0.0
2,[2],3202.611124863
