,task,distance
0,[0],0.0
1,[1],6135.208006387
2,[2],2254.263880906
