,task,distance
0,"[0, 4]",8588.371251366
1,"[1, 3]",13228.787648492002
2,"[2, 5]",6558.462136035001
