,customer,weight,round,length
0,"[79, 80, 30, 14, 12, 103, 90, 81, 108]","[1, 1, 1, 2, 2, 2, 3, 2, 1]",0,3891.9545948674004
1,[78],[1],0,88.5091332314
2,[154],[1],0,67.048553884
3,"[155, 152, 117, 138, 139, 156, 120, 113, 10, 9, 119, 11, 153]","[1, 1, 1, 1, 1, 1, 2, 1, 1, 1, 1, 2, 1]",0,1928.1214425362998
