,customer,weight,round,length
0,"[133, 159, 80, 9, 120, 98, 97, 110, 54, 96, 15]","[1, 1, 1, 1, 2, 1, 1, 2, 1, 2, 2]",0,3933.7161685913998
1,[69],[1],0,82.7044884488
2,[],[],0,0.0
3,"[106, 46, 28, 34, 49, 72, 55, 65, 64, 128, 20, 21]","[2, 1, 3, 1, 1, 1, 1, 1, 1, 1, 1, 1]",0,3797.9560837466
