,customer,weight,round,length
0,"[102, 18, 146, 108, 153, 12, 10, 156, 139, 137, 157]","[1, 1, 4, 1, 1, 2, 1, 1, 1, 1, 1]",0,3568.1862199130005
1,[],[],0,0.0
2,"[24, 76, 40, 91, 90, 47, 39, 62, 66, 5, 126, 51]","[2, 1, 1, 1, 3, 1, 1, 1, 1, 1, 1, 1]",0,4773.8218768779
3,[135],[1],0,320.499228908
