,task,distance
0,[0],3891.9545948674
1,[1],88.5091332314
2,[2],67.048553884
3,[3],1928.1214425363
