,task,distance
0,[0],542.3710544400001
1,[1],2060.5866947109
2,[2],0.0
3,[3],2202.697210285
