,customer,weight,round,length
0,"[105, 106, 228, 230, 107, 77, 78, 82, 76, 149]","[3, 2, 1, 1, 1, 1, 1, 3, 1, 1]",0,4529.610071119
1,"[98, 147, 150, 162, 163, 160, 226, 168, 97, 220, 86, 88, 35]","[1, 1, 1, 1, 1, 1, 2, 1, 1, 2, 1, 1, 1]",0,6694.493502467001
2,"[104, 87, 193, 148, 192]","[4, 1, 2, 7, 1]",0,3619.5735229070006
3,"[172, 80, 145, 29, 152, 52, 209, 157]","[1, 1, 1, 1, 1, 1, 1, 1]",1,15902.499560984003
4,[],[],1,0.0
5,[],[],1,0.0
