,task,distance
0,[0],2916.0590652250003
1,[1],6416.671315585
2,[2],3942.686860518
