,customer,weight,round,length
0,"[58, 45, 5, 55, 91, 30, 23, 93, 95, 2, 44, 48]","[2, 2, 1, 1, 1, 2, 1, 1, 1, 1, 1, 1]",0,5742.749299344
1,"[18, 19, 26, 25, 67, 41, 75, 76, 34, 81]","[1, 1, 2, 1, 1, 1, 3, 1, 1, 3]",0,3370.9726560255
2,[],[],1,0.0
3,"[80, 53, 51, 61, 96, 84, 28]","[2, 1, 3, 1, 4, 1, 1]",1,4410.565180949
