,customer,weight,round,length
0,"[84, 96, 18, 34, 29, 72, 83, 28, 37, 36, 80]","[1, 4, 1, 1, 1, 1, 1, 1, 1, 1, 2]",0,1912.9834306098
1,"[98, 53, 51, 19, 26, 25, 59, 68, 63, 81]","[1, 1, 3, 1, 2, 1, 1, 1, 1, 3]",0,3683.3761627271
2,[],[],1,0.0
3,"[91, 90, 93, 95, 22, 62, 61, 49]","[1, 1, 1, 1, 2, 1, 1, 1]",1,4949.4796755445
