,task,distance
0,"[0, 3]",6862.4631061543005
1,"[1, 2]",3683.3761627271
