,task,distance
0,[0],2000017754.020276
1,[1],8381.058488872999
2,[2],33299.5221594738
