,customer,weight,round,length
0,"[104, 153, 154, 291, 294, 308, 63, 62, 107, 29, 28, 114, 222, 108]","[1, 1, 1, 1, 1, 2, 1, 1, 1, 1, 1, 1, 1, 1]",0,2429.8924589439
1,"[64, 48, 211, 49, 50, 290, 159, 158, 304, 293, 60, 61, 110]","[2, 1, 1, 1, 1, 1, 1, 1, 1, 2, 1, 1, 1]",1,4717.8053472219
2,"[50, 160, 232, 229, 145, 120, 124, 10, 68, 227, 194, 70]","[1, 1, 2, 2, 2, 1, 1, 1, 1, 1, 1, 1]",2,24828.978102511996
3,"[130, 102, 101, 306, 129, 147, 259, 260, 7, 296, 295, 9, 11]","[1, 1, 1, 1, 3, 1, 1, 1, 1, 1, 1, 1, 1]",3,19728.2669039251
4,"[241, 240, 239, 286, 97, 98, 96, 52, 53, 213, 51, 101]","[1, 1, 1, 1, 1, 1, 1, 2, 2, 1, 2, 1]",4,19140.1993618401
5,"[57, 164, 34, 35, 113, 217, 169, 170]","[2, 1, 1, 3, 3, 1, 1, 3]",5,19910.072101034995
6,"[113, 55, 168, 166, 246, 309, 220, 249, 285, 206]","[2, 1, 2, 1, 1, 1, 1, 1, 2, 1]",6,24858.672384938596
