,customer,weight,round,length
0,[],[],0,0.0
1,[],[],0,0.0
2,"[117, 39, 123]","[5, 1, 1]",0,2964.480015495
3,"[72, 75, 47, 22, 119]","[1, 6, 2, 1, 1]",0,4527.040056112
