,task,distance
0,[0],5812.001577722001
1,[1],0.0
2,[2],0.0
3,[3],1213.726380908
