,task,distance
0,"[0, 6]",2276.7261636860003
1,"[1, 4]",1736.2733760651001
2,"[2, 7]",2806.718888624
3,"[3, 5]",1277.089994566
