,task,distance
0,"[0, 2, 4, 6]",11287.145415150699
1,"[1, 3, 5, 7]",11065.9655109382
