,customer,weight,round,length
0,[21],[15],0,404.790363764
1,"[21, 20]","[9, 1]",0,2000000202.395182
2,[21],[15],0,404.790363764
