,task,distance
0,[0],0.0
1,[1],13125.258683053
2,[2],4132.172800724999
