,task,distance
0,[0],4522.1636677333
1,[1],0.0
2,[2],0.0
3,[3],4831.569266334301
