,task,distance
0,[0],0.0
1,[1],3277.273378637
2,[2],7249.746274727
3,[3],0.0
