,task,distance
0,[0],4946.7769443125
1,[1],1679.6219722330002
