,task,distance
0,[0],226.278946548
1,[1],3434.8917652114
