,task,distance
0,[0],1838.764375596
1,[1],9947.809296535
