,customer,weight,round,length
0,"[57, 111, 110, 47, 87, 31, 109, 11, 34, 29, 89, 58, 84]","[2, 1, 2, 1, 1, 1, 1, 1, 1, 1, 1, 1, 1]",0,4915.386109513
1,"[81, 5, 25, 108, 70, 71, 65, 49, 117, 64]","[2, 3, 1, 2, 1, 1, 1, 1, 2, 1]",0,4043.003997348
2,"[77, 75, 115, 20, 105, 74, 73, 95, 72, 63, 61]","[2, 1, 2, 1, 2, 1, 1, 2, 1, 1, 1]",0,3328.6068908679
3,"[78, 16, 62, 17, 85, 76, 114, 21, 103, 112, 23, 94, 92, 91]","[1, 1, 1, 1, 1, 1, 2, 1, 1, 1, 1, 1, 1, 1]",0,3307.1866570550005
4,[],[],1,0.0
5,[],[],1,0.0
6,[],[],1,0.0
7,"[4, 1, 6, 10, 97, 24, 63, 100, 116, 106]","[1, 1, 2, 1, 1, 1, 2, 1, 2, 1]",1,5055.937969474999
