,task,distance
0,"[0, 6]",2651.0218925149998
1,"[1, 4]",1474.442644022
2,"[2, 4]",1076.206612636
3,"[3, 4]",1437.624997293
