,task,distance
0,"[0, 5]",4354.339131035
1,"[1, 4]",4601.886446071001
2,"[2, 7]",3492.0175603646003
3,"[3, 6]",8285.3132924876
