,task,distance
0,[0],4278.9332451445
1,[1],0.0
2,[2],0.0
3,[3],5287.715241234
4,[4],0.0
