,task,distance
0,[0],1230.043083731
1,[1],2354.478316035
2,[2],0.0
3,[3],5076.589155404001
4,[4],0.0
