,customer,weight,round,length
0,"[15, 57, 59, 135, 136, 203, 6, 67, 141, 80, 196, 110, 4]","[1, 1, 1, 1, 1, 2, 1, 1, 1, 1, 2, 1, 1]",0,5284.006167825701
1,"[33, 95, 73, 3, 9, 100, 83, 210, 212, 176, 175, 165]","[2, 1, 1, 2, 1, 1, 1, 2, 1, 1, 1, 1]",0,9360.201368090002
2,[],[],1,0.0
3,"[189, 51, 181, 119]","[5, 2, 2, 1]",1,3514.6888871749993
