,customer,weight,round,length
0,"[73, 50, 187, 92, 178, 126, 9, 149, 10, 116, 117, 19, 108, 72]","[1, 1, 1, 1, 1, 1, 1, 2, 1, 1, 1, 1, 1, 1]",0,6261.834864197999
1,"[93, 96, 1, 95, 89, 100, 83, 156, 209, 210, 84, 101]","[1, 1, 1, 1, 1, 1, 1, 2, 1, 2, 2, 1]",0,4095.314853138
2,"[186, 3, 61]","[1, 2, 1]",1,6461.58920711
3,[],[],1,0.0
