,task,distance
0,"[0, 3]",3126.2144451324
1,"[1, 2]",2481.5655016514
