,customer,weight,round,length
0,"[146, 128, 26, 179, 169, 176, 175, 143, 168, 31, 29, 134, 133, 137]","[1, 1, 1, 2, 1, 1, 1, 1, 1, 1, 1, 1, 1, 1]",0,3969.052144804001
1,"[142, 94, 52, 186, 139, 173, 2, 126, 108, 55, 96, 131]","[1, 2, 1, 1, 1, 1, 1, 1, 2, 1, 1, 1]",0,4409.1167151218
2,[],[],0,0.0
3,"[185, 183, 88, 90, 115, 99, 63, 79, 49]","[2, 1, 1, 1, 1, 1, 1, 1, 1]",0,3932.629922639
