,task,distance
0,[0],3969.052144804001
1,[1],4409.1167151218
2,[2],0.0
3,[3],3932.629922639
