,customer,weight,round,length
0,"[83, 26, 119, 118, 8, 115, 122, 69, 71, 57, 61, 56, 75, 78]","[1, 1, 1, 1, 1, 1, 1, 2, 1, 1, 1, 1, 1, 1]",0,4005.819817902
1,"[48, 37, 87, 134, 40, 17, 90, 91, 128, 72, 73]","[1, 1, 1, 1, 1, 1, 2, 2, 1, 3, 1]",0,3881.275699326
2,"[21, 29]","[2, 1]",0,588.169953748
3,[],[],0,0.0
4,"[49, 79, 52, 54, 58, 63, 100, 110, 85, 93, 92]","[1, 2, 1, 1, 2, 1, 1, 1, 1, 1, 2]",0,5388.4305956046
