,task,distance
0,[0],4005.819817902
1,[1],3881.275699326
2,[2],588.169953748
3,[3],0.0
4,[4],5388.4305956046
