,task,distance
0,[0],5006.883962186
1,[1],0.0
2,[2],7285.906897495
3,[3],1323.287660146
4,[4],2954.3870545979007
