,customer,weight,round,length
0,[],[],0,0.0
1,"[20, 21]","[1, 14]",0,2000000202.395182
2,[21],[13],0,404.790363764
3,[],[],0,0.0
4,[21],[12],0,404.790363764
