,customer,weight,round,length
0,"[16, 92, 91, 120, 37, 89, 133, 17, 19, 88]","[3, 3, 2, 1, 1, 1, 1, 1, 1, 1]",0,3057.93199194
1,"[78, 47, 65, 127, 125, 64, 85, 90, 12, 67, 86]","[1, 2, 1, 1, 1, 1, 1, 1, 1, 4, 1]",0,3318.633173238
2,"[84, 2, 3, 33, 130, 100, 121, 80]","[1, 1, 1, 1, 1, 6, 2, 2]",0,2579.478046079
