,customer,weight,round,length
0,"[20, 19, 39, 59, 93, 30, 92, 71, 58, 116, 52]","[1, 1, 1, 2, 1, 1, 1, 1, 4, 1, 1]",0,5223.846395599
1,"[33, 109, 68, 67, 89, 38, 60, 103, 25, 86]","[1, 1, 1, 1, 1, 1, 2, 1, 1, 1]",1,7120.630309137
