,task,distance
0,"[0, 5, 10, 15, 20, 25, 30, 35, 40, 45, 50, 58]",6601.780455338001
1,"[1, 5, 10, 15, 20, 25, 30, 35, 40, 45, 50, 55, 55, 55, 55]",5814.5806324760015
2,"[2, 5, 10, 15, 20, 25, 30, 35, 40, 45, 50]",5814.5806324760015
3,"[3, 5, 10, 15, 20, 25, 30, 35, 40, 45, 50]",5814.5806324760015
4,"[4, 5, 10, 15, 20, 25, 30, 35, 40, 45, 50]",5814.5806324760015
