,customer,weight,round,length
0,[34],[1],0,262.601882266
1,"[32, 26, 29, 6]","[1, 1, 1, 1]",0,1017.3773074541999
2,[],[],0,0.0
3,[],[],0,0.0
