,task,distance
0,"[0, 7]",7258.8277600024
1,"[1, 6]",6709.5511622185
2,"[2, 4]",3183.360594214
3,"[3, 5]",2911.931191815
