,customer,weight,round,length
0,"[80, 32, 44, 23, 22, 6]","[1, 1, 1, 1, 1, 1]",0,1364.7329401709999
1,[],[],0,0.0
2,"[17, 16, 63, 92, 53, 52, 75, 60, 33, 11, 78, 4]","[1, 1, 1, 1, 1, 1, 1, 4, 1, 1, 1, 1]",0,3582.1252927039995
3,[18],[1],0,144.616741127
