,task,distance
0,[0],3200.0028512910003
1,[1],5073.3375634385
2,[2],0.0
3,[3],1860.195553144
