,customer,weight,round,length
0,"[94, 117, 82, 87, 89, 113, 97, 112, 41, 74, 75]","[1, 4, 1, 2, 1, 1, 1, 1, 1, 1, 1]",0,2717.9550578050003
1,"[93, 20, 111, 40, 38, 24, 25, 128, 76]","[1, 1, 1, 1, 1, 1, 1, 1, 3]",1,4869.0699508464
