,task,distance
0,"[0, 7]",2031.1005036565
1,"[1, 9]",3594.924262543
2,"[2, 6]",2249.1856496297
3,"[3, 5]",5258.0798805214
4,"[4, 8]",3279.6289884213
