,customer,weight,round,length
0,"[63, 6, 17, 146, 183, 190, 85, 149, 1, 171, 166, 14]","[1, 2, 1, 1, 1, 1, 2, 1, 1, 1, 1, 2]",0,13427.206138396
1,"[13, 25, 109]","[6, 1, 1]",1,7104.988110331999
