,customer,weight,round,length
0,"[170, 2, 139, 138, 182, 157, 156, 160, 167, 12]","[1, 2, 2, 1, 1, 2, 2, 1, 1, 2]",0,9112.103440923
1,"[147, 129, 152, 168]","[1, 1, 6, 7]",1,4861.687906243
2,[24],[1],2,4531.44449766
