,customer,weight,round,length
0,"[171, 152]","[1, 6]",0,440.0647793931
1,"[127, 109, 129, 147, 166, 168, 117]","[1, 1, 1, 1, 1, 7, 2]",0,2787.61774493
2,"[189, 149, 6, 195, 160, 20, 176, 22, 143, 25, 24]","[1, 1, 2, 2, 1, 1, 2, 1, 2, 1, 1]",0,8988.781189752
