,customer,weight,round,length
0,[79],[15],0,193.0679152404
1,"[72, 29, 86, 79]","[1, 1, 1, 12]",1,1322.0631260641999
2,"[18, 32, 74, 45, 49, 62, 87, 60, 8]","[2, 1, 1, 1, 1, 1, 1, 1, 1]",2,5953.877062193
