,task,distance
0,[0],3190.347420133
1,[1],6232.045416108599
2,[2],206.627459198
3,[3],1153.746774022
4,[4],0.0
