,customer,weight,round,length
0,"[2, 71, 1, 75]","[1, 1, 1, 12]",0,2626.2585532169996
1,"[73, 11, 48, 68, 50, 74]","[1, 1, 9, 1, 2, 1]",1,7333.81312593
2,"[5, 19]","[1, 1]",2,7487.83518024
