,customer,weight,round,length
0,[],[],0,0.0
1,"[146, 144, 137, 61, 89, 74, 134, 132, 34, 90]","[2, 3, 3, 1, 1, 1, 1, 1, 1, 1]",0,2000002663.3826437
2,"[8, 52, 41, 94, 4, 128, 23, 141, 91]","[2, 1, 1, 1, 2, 1, 1, 1, 1]",0,2000005053.0805914
