,customer,weight,round,length
0,"[82, 13, 10, 105, 101, 29, 43, 17, 24]","[1, 1, 1, 1, 1, 1, 1, 1, 4]",0,2000003740.1670566
1,"[109, 115, 4, 128, 141, 145, 73, 134, 90, 67]","[1, 1, 2, 1, 1, 1, 2, 1, 1, 4]",0,2000003848.7947173
2,[],[],0,0.0
