,customer,weight,round,length
0,"[144, 38, 57, 72, 37, 74, 71, 69, 68, 70, 45, 53]","[3, 1, 1, 1, 1, 1, 1, 1, 1, 1, 1, 1]",0,2471.7578303655005
1,[],[],0,0.0
2,"[61, 52, 31, 46, 47, 48, 137]","[1, 1, 1, 1, 3, 1, 3]",0,2114.4408836578
