,customer,weight,round,length
0,"[109, 131, 108, 127, 76, 130, 89, 91, 114, 110]","[1, 3, 1, 2, 1, 1, 2, 1, 2, 1]",0,1306.4356762944
1,"[61, 95, 71, 73, 55, 77, 126, 129, 8]","[1, 1, 1, 1, 1, 2, 1, 2, 4]",1,15620.224133528998
