,task,distance
0,[0],1459.5173335737
1,[1],2935.000915605
2,[2],332.616067036
3,[3],3771.440004447
