,customer,weight,round,length
0,[10],[15],0,10576.59673078
1,[32],[5],0,333.922718178
2,"[9, 28, 40, 11, 18, 4, 37, 5, 30]","[1, 2, 1, 2, 1, 1, 3, 2, 1]",0,7599.835318238
