,customer,weight,round,length
0,[],[],0,0.0
1,[119],[2],0,149.1867673474
2,[],[],0,0.0
3,"[28, 105, 23, 62, 18, 66, 114, 13, 60, 117, 130]","[2, 1, 1, 1, 1, 1, 2, 2, 1, 2, 1]",0,2000002890.2403257
