,customer,weight,round,length
0,[],[],0,0.0
1,"[36, 65, 38, 101, 39, 31, 64, 49, 53, 78]","[1, 2, 1, 1, 1, 1, 2, 2, 1, 1]",0,1788.6243762278002
2,[],[],0,0.0
3,"[104, 128, 105, 62, 33, 50, 34, 79, 68]","[2, 1, 1, 1, 1, 1, 1, 1, 1]",0,2189.9080897010003
