,customer,weight,round,length
0,[],[],0,0.0
1,"[55, 82]","[3, 4]",0,1250.931206898
2,"[102, 57, 69, 84, 117, 105, 78, 39, 3, 0]","[1, 2, 1, 1, 2, 1, 1, 1, 2, 2]",0,2000003558.6157615
3,[],[],0,0.0
