,task,distance
0,[0],0.0
1,[1],2086.8011449711
2,[2],0.0
3,[3],1845.537891234
