,task,distance
0,[0],0.0
1,[1],1788.6243762278002
2,[2],0.0
3,[3],2189.9080897010003
