,task,distance
0,[0],1976.717827963
1,[1],0.0
2,[2],0.0
3,[3],7303.6358574698
