,customer,weight,round,length
0,[18],[14],0,129.3777604514
1,"[72, 86, 22, 36, 26, 46, 100, 89, 31, 56]","[1, 2, 1, 1, 1, 1, 2, 1, 3, 2]",0,5521.952383046
2,"[18, 47, 74, 98, 97, 77, 38, 84]","[2, 2, 1, 1, 2, 4, 1, 2]",0,3397.5846456586996
3,"[18, 59]","[5, 10]",0,1493.8741313817
