,customer,weight,round,length
0,[70],[15],0,1168.916358942
1,"[8, 9, 10, 97, 98, 74, 40, 89, 100]","[1, 2, 4, 2, 1, 1, 1, 1, 2]",0,2606.7462368180004
2,[],[],0,0.0
3,"[46, 26, 28, 35, 49, 36, 86, 22, 70, 92]","[1, 1, 1, 1, 1, 1, 2, 1, 5, 1]",0,2502.2885359389998
