,customer,weight,round,length
0,"[56, 101, 180, 77, 74, 1, 72, 155, 157]","[2, 1, 1, 1, 1, 4, 2, 2, 1]",0,5181.538571364
1,"[124, 39, 71, 103, 100, 122, 75, 33]","[1, 1, 1, 1, 3, 1, 1, 6]",1,5085.839127113
2,"[33, 158, 125, 163, 162, 93, 94, 69, 187, 115]","[2, 5, 1, 1, 1, 1, 1, 1, 1, 1]",2,3717.2469736671997
3,"[142, 48, 205, 117, 143, 141, 106, 126, 128]","[1, 1, 6, 2, 1, 1, 1, 1, 1]",3,2057.3137552872
4,"[62, 65, 149, 47, 195, 194, 145, 15, 10, 17, 190, 31]","[1, 3, 1, 2, 1, 1, 1, 1, 1, 1, 1, 1]",4,3909.4178695329992
5,"[147, 148, 0, 98, 99, 44, 7, 6, 144, 79, 172, 171, 123]","[1, 1, 1, 1, 1, 1, 1, 1, 1, 1, 2, 1, 2]",5,4010.292686225
6,"[150, 97, 11, 137, 136, 107, 174, 138, 161]","[1, 1, 1, 1, 2, 2, 1, 2, 4]",6,4836.62605642
7,"[92, 197, 109, 108, 111, 110, 159, 160, 175, 174]","[4, 1, 1, 2, 1, 1, 1, 2, 1, 1]",7,4499.588190250401
8,"[159, 131, 132, 133, 113]","[1, 2, 2, 2, 4]",8,4228.0276949052
