,task,distance
0,[0],931.090072656
1,[1],554.951713458
2,[2],287.686343738
3,[3],223.66969886
4,[4],104.3286622874
