,task,distance
0,[0],287.686343738
1,[1],242.247197532
2,[2],223.66969886
3,[3],554.951713458
4,[4],2774.157807139
