,task,distance
0,[0],0.0
1,[1],7670.928643178
2,[2],0.0
3,[3],190.025115592
