,customer,weight,round,length
0,[10],[1],0,1185.791561006
1,"[19, 14, 0, 8, 15, 12, 21, 1, 3, 11]","[1, 1, 1, 1, 1, 1, 1, 3, 1, 1]",0,741.332477598
2,"[2, 13, 16, 7, 20, 6, 17, 18, 4]","[1, 1, 2, 1, 1, 1, 1, 4, 1]",0,1040.552790517
3,"[22, 5, 9]","[1, 10, 1]",0,521.223691096
