,task,distance
0,[0],2241.3814465313003
1,[1],97.1938246666
2,[2],2725.055541095
3,[3],1198.710457527
