,customer,weight,round,length
0,"[83, 84, 71, 49, 80, 63, 81, 82, 76]","[1, 1, 1, 1, 1, 2, 1, 1, 1]",0,2121.7002552269
1,[],[],0,0.0
2,[],[],0,0.0
3,"[114, 20, 19, 35, 33, 72, 7, 48]","[1, 1, 1, 1, 1, 2, 2, 2]",0,2246.9330799036
