,task,distance
0,[0],2121.7002552269
1,[1],0.0
2,[2],0.0
3,[3],2246.9330799036
