,task,distance
0,[0],0.0
1,[1],4886.9451578037
2,[2],650.401081014
3,[3],6310.270379937
