,customer,weight,round,length
0,"[53, 26, 120, 111, 185, 186, 149, 148, 15, 95, 146]","[1, 3, 2, 1, 1, 2, 1, 1, 1, 1, 1]",0,2710.5712020085
1,[],[],0,0.0
2,"[51, 48, 19, 113]","[2, 1, 1, 2]",0,1126.2240782949998
