,customer,weight,round,length
0,[10],[15],0,9711.98513226
1,"[18, 41, 17, 40, 5, 29, 31]","[1, 1, 2, 1, 2, 1, 3]",0,3948.3070084189994
2,[],[],0,0.0
