,task,distance
0,"[0, 3]",6442.5869515697
1,"[1, 2]",7951.652453135999
