,task,distance
0,[0],2000000749.9514508
1,[1],2000002294.680731
2,[2],2000000243.9784312
3,[3],89.4094945492
4,[4],0.0
