,customer,weight,round,length
0,"[153, 152, 35, 113, 44]","[1, 1, 1, 2, 1]",0,3326.078346737
1,"[297, 145, 138, 141, 140, 144, 143, 56, 55, 288, 19, 291, 264, 292]","[1, 1, 1, 1, 1, 1, 1, 1, 2, 1, 1, 1, 1, 1]",0,3733.950322557
2,"[102, 100, 278, 5, 280, 245, 286, 17, 248, 16, 246, 242, 241, 14]","[1, 1, 1, 1, 1, 1, 1, 1, 2, 1, 1, 1, 1, 1]",0,3192.8570069341004
