,customer,weight,round,length
0,"[152, 153, 203, 44, 54, 102, 0, 5, 297, 145, 141, 138, 278]","[1, 1, 2, 1, 1, 1, 2, 1, 1, 1, 1, 1, 1]",0,4698.159448841
1,"[14, 241, 242, 246, 16, 248, 17, 284, 282, 286, 243, 245, 280, 100]","[1, 1, 1, 1, 1, 2, 1, 1, 1, 1, 1, 1, 1, 1]",0,3270.2513324179995
2,"[292, 264, 291, 19, 289, 288, 55, 56, 143, 220, 144, 140]","[1, 1, 1, 1, 3, 1, 2, 1, 1, 1, 1, 1]",0,3247.59387761
3,[],[],1,0.0
4,[],[],1,0.0
5,"[261, 113, 112]","[1, 2, 1]",1,5823.198497362
