,customer,weight,round,length
0,"[73, 107, 127, 124, 35, 47, 72, 71, 36, 37, 38, 52]","[1, 2, 1, 1, 1, 1, 1, 1, 1, 1, 2, 2]",0,6175.1533257036
1,"[22, 33, 184, 182, 189, 188, 213, 121, 120, 122, 119, 307, 234, 235]","[1, 1, 1, 1, 1, 1, 1, 2, 1, 1, 1, 1, 1, 1]",0,5826.1685316903
2,"[227, 228, 180, 187, 226, 175, 176, 28, 163, 164, 64, 86, 87, 263]","[1, 1, 2, 1, 1, 1, 1, 1, 1, 1, 1, 1, 1, 1]",0,6909.692339237999
3,"[125, 43]","[4, 1]",1,5908.447778694
4,[],[],1,0.0
5,[],[],1,0.0
