,task,distance
0,"[0, 3]",4698.159448841
1,"[1, 4]",3270.2513324179995
2,"[2, 5]",9070.792374972
