,task,distance
0,[0],8844.570464706
1,[1],2000007058.39225
2,[2],3003.251332687
