,task,distance
0,"[0, 5]",7627.956229865
1,"[1, 4]",3811.8710820153
2,"[2, 3]",4103.526549157299
