,task,distance
0,"[0, 3]",8660.1078459362
1,"[1, 2]",5592.663438282
