,customer,weight,round,length
0,"[37, 38, 52, 106, 102, 21, 105]","[4, 1, 2, 1, 1, 1, 4]",0,4415.398862323
1,"[87, 18]","[1, 2]",0,1174.051069725
2,[],[],0,0.0
3,[],[],0,0.0
4,[],[],0,0.0
