,task,distance
0,[0],7080.951030934
1,[1],0.0
2,[2],0.0
3,[3],0.0
4,[4],321.607825484
