,task,distance
0,[0],4415.398862323
1,[1],1174.051069725
2,[2],0.0
3,[3],0.0
4,[4],0.0
