,task,distance
0,[0],259.92407621
1,[1],12440.126981008
