,task,distance
0,[0],0.0
1,[1],414.730791114
2,[2],0.0
3,[3],1523.567296153
