,task,distance
0,[0],1192.911100884
1,[1],0.0
2,[2],109.5282282568
