,task,distance
0,"[0, 3]",10187.468418483402
1,"[1, 2]",9001.957048275202
