,customer,weight,round,length
0,"[102, 67, 68, 106, 45, 43, 95, 71]","[2, 1, 3, 2, 3, 1, 1, 1]",0,4292.294640935
1,"[73, 72, 81, 60, 56, 84]","[1, 3, 1, 1, 2, 1]",0,1751.775268212
2,[],[],0,0.0
3,[],[],0,0.0
