,customer,weight,round,length
0,"[42, 71, 103, 47, 95]","[3, 1, 1, 1, 1]",0,985.4542142339999
1,[],[],0,0.0
2,"[99, 79, 49, 92, 93, 90, 46, 45, 44, 43]","[2, 1, 1, 2, 1, 1, 1, 3, 1, 1]",0,1850.0034013765
3,[],[],0,0.0
