,task,distance
0,[0],4292.294640935
1,[1],1751.775268212
2,[2],0.0
3,[3],0.0
