,customer,weight,round,length
0,"[17, 27, 94, 5, 4, 37, 36, 89, 34, 33, 28, 29]","[2, 2, 1, 1, 1, 1, 2, 1, 1, 1, 1, 1]",0,3265.2677598891005
1,"[56, 51, 77]","[1, 1, 1]",0,11343.501012112
