,customer,weight,round,length
0,"[58, 54, 111, 24, 55, 74, 75, 25]","[1, 1, 1, 1, 1, 1, 1, 1]",0,2000009329.2223225
1,"[80, 79, 92, 18, 102, 62, 78]","[1, 2, 1, 2, 1, 1, 1]",0,2000002135.0773635
