,task,distance
0,[0],2000011092.2620609
1,[1],2000002266.741573
