,task,distance
0,[0],3265.2677598891005
1,[1],11343.501012112
