,customer,weight,round,length
0,[133],[8],0,297.137821738
1,"[3, 156, 157, 80, 116, 58, 144, 53, 91, 173, 95]","[1, 1, 1, 1, 1, 1, 1, 1, 1, 1, 1]",0,29934.940347033
2,[133],[13],0,297.137821738
