,task,distance
0,[0],6131.027388529999
1,[1],258.192200202
