,customer,weight,round,length
0,[18],[15],0,180.8016115202
1,[18],[6],1,180.8016115202
