,customer,weight,round,length
0,[50],[15],0,4417.12209854
1,[5],[15],1,3821.38877852
2,"[21, 22, 23, 24, 25, 20, 35, 37, 17, 9, 27]","[1, 2, 1, 1, 1, 3, 1, 1, 1, 2, 1]",2,2683.5019899316003
3,"[38, 41, 26, 42, 43, 45, 46, 15, 12, 18]","[1, 1, 1, 1, 1, 2, 1, 1, 1, 5]",3,2000002352.435474
