,customer,weight,round,length
0,"[29, 21, 22, 23, 24, 2, 13, 52, 28, 27]","[1, 1, 2, 1, 1, 2, 2, 2, 2, 1]",0,1718.3981314786997
1,"[25, 20, 31, 35, 9, 49, 1, 3]","[1, 3, 2, 1, 2, 2, 2, 2]",1,2762.6190996769997
2,"[37, 4, 38, 17, 39, 41, 26, 47, 42, 10, 40, 32, 12]","[1, 1, 1, 2, 1, 1, 1, 1, 1, 1, 2, 1, 1]",2,4492.6472842042
3,"[32, 11, 57, 15, 46, 45, 44, 43, 5]","[1, 1, 1, 1, 1, 2, 1, 1, 6]",3,7920.1472349956
4,[5],[15],4,3821.38877852
5,[50],[15],5,4417.12209854
6,[50],[6],6,4417.12209854
