,customer,weight,round,length
0,[],[],0,0.0
1,"[34, 29, 27, 90, 4, 18, 92, 100]","[1, 1, 2, 1, 1, 2, 1, 1]",0,2000001862.645957
2,"[64, 111, 21, 112, 19, 58, 44]","[2, 1, 2, 1, 2, 1, 1]",0,2000002885.51766
3,[],[],0,0.0
4,[],[],0,0.0
