,customer,weight,round,length
0,[],[],0,0.0
1,"[100, 103, 90, 20, 44]","[1, 3, 1, 1, 1]",0,2000000899.1569397
2,[],[],0,0.0
3,[],[],0,0.0
4,"[49, 19, 72, 112, 21, 22, 113, 64, 63, 7]","[1, 2, 2, 1, 2, 1, 1, 2, 1, 1]",0,2000011153.1917205
