,task,distance
0,[0],2000002135.0773635
1,[1],0.0
2,[2],0.0
3,[3],0.0
4,[4],2000009329.2223225
