,customer,weight,round,length
0,[],[],0,0.0
1,"[49, 48, 60, 13]","[2, 1, 2, 2]",0,2695.771311583
2,"[16, 81, 91, 67, 26, 40, 63, 23, 22, 76]","[1, 1, 1, 3, 1, 2, 1, 1, 1, 1]",0,9702.399421008999
3,[],[],0,0.0
