,task,distance
0,[0],1153.063112565
1,[1],0.0
2,[2],640.3407403799999
3,[3],4046.89518121
4,[4],4708.96022393
