,task,distance
0,[0],0.0
1,[1],3446.8270495443
2,[2],3036.344652146
3,[3],5021.737270908399
4,[4],792.696185374
