,customer,weight,round,length
0,"[13, 3, 12, 4, 11, 33, 18, 32, 10, 19, 37, 34]","[1, 1, 1, 1, 1, 1, 1, 1, 3, 2, 1, 1]",0,1039.296192305
1,"[36, 38, 6, 0, 15, 16, 2, 28, 5, 29, 35, 17, 1]","[1, 1, 1, 1, 1, 1, 1, 1, 1, 2, 2, 1, 1]",1,1212.3362455650001
2,"[26, 7, 8, 30, 14, 27, 9, 22, 21, 31, 23, 20, 35]","[1, 1, 1, 1, 2, 1, 1, 1, 1, 1, 2, 1, 1]",2,1268.916803268
3,"[14, 25, 24]","[2, 2, 4]",3,631.2331708280001
