,customer,weight,round,length
0,"[11, 57, 30, 29, 54, 21, 8, 22, 62, 23, 55, 24]","[1, 1, 2, 1, 1, 3, 1, 1, 1, 1, 1, 1]",0,2377.8968848226
1,"[0, 64, 45, 46, 1, 28, 12, 27, 26, 6, 16, 60, 61]","[1, 1, 1, 2, 1, 1, 1, 1, 1, 1, 1, 2, 1]",1,3945.1082274112
2,"[52, 60, 20, 17, 18, 35, 53, 34, 33, 36, 41, 42, 25]","[1, 1, 1, 1, 1, 1, 1, 1, 1, 2, 1, 1, 2]",2,5516.6404399808
3,"[25, 40, 37]","[2, 2, 4]",3,2717.0731393280003
