,customer,weight,round,length
0,"[64, 79, 56, 55, 96, 48, 10, 11, 24, 35, 70]","[4, 2, 1, 1, 1, 1, 1, 1, 1, 1, 1]",0,8649.413049185803
1,[],[],0,0.0
2,"[26, 40, 82, 83, 4, 29]","[1, 6, 1, 1, 1, 3]",0,4089.9701975129997
