,customer,weight,round,length
0,"[18, 17, 42, 31, 37]","[1, 1, 1, 1, 3]",0,4093.8733006862003
1,[],[],0,0.0
2,"[23, 21, 90, 86, 50, 51, 78, 61, 12, 13, 80]","[1, 1, 1, 2, 1, 1, 2, 1, 1, 1, 1]",0,8320.8989233979
