,customer,weight,round,length
0,"[0, 5, 4, 7]","[2, 5, 5, 3]",0,157.0456679705
1,[9],[15],0,1384.744438534
2,"[7, 11, 2]","[5, 5, 5]",0,361.140738642
3,"[1, 10, 3, 0]","[1, 5, 5, 4]",0,317.55606637849996
4,"[6, 8, 1]","[3, 5, 5]",0,878.7949983240001
