,customer,weight,round,length
0,"[8, 2]","[8, 6]",0,732.735028942
1,"[12, 5, 6]","[5, 5, 5]",0,1744.999939017
2,[10],[15],0,521.295021006
3,"[3, 11, 4]","[5, 5, 5]",0,1974.52946995
4,"[7, 9, 1]","[3, 5, 6]",0,1741.5940207879999
