,customer,weight,round,length
0,"[37, 49, 41, 35, 40, 36, 50, 16]","[1, 2, 3, 1, 1, 1, 3, 3]",0,1184.749968874
1,"[60, 21, 22, 32, 34, 20, 17, 15, 33, 6]","[1, 2, 1, 1, 3, 2, 1, 1, 1, 2]",1,1378.868280191
2,"[2, 30, 14, 55, 8, 27, 29, 31, 28, 42, 11, 60]","[1, 1, 1, 3, 1, 1, 1, 1, 1, 2, 1, 1]",2,3515.769965964
3,"[14, 26, 43, 39, 57, 7, 48, 46]","[1, 1, 2, 4, 1, 2, 2, 2]",3,1721.313480338
4,"[1, 53, 45, 3, 59, 23, 54, 51, 56, 48]","[2, 3, 1, 1, 1, 1, 1, 1, 2, 2]",4,2244.3932429610004
5,"[19, 4, 13, 61, 18, 12, 58, 47, 38, 44, 1]","[1, 1, 1, 1, 1, 1, 1, 1, 3, 1, 3]",5,2440.1211418030002
6,"[9, 52, 24, 10, 5, 25]","[1, 8, 1, 2, 2, 1]",6,1556.545609401
7,"[52, 0]","[13, 1]",7,3386.823941926
