,customer,weight,round,length
0,"[65, 29, 54, 55, 56, 61, 86, 88]","[3, 3, 1, 1, 1, 1, 2, 3]",0,2299.4446124494
1,"[53, 52, 108, 51, 38, 39, 30, 13, 28, 37]","[3, 1, 1, 1, 2, 1, 1, 2, 1, 2]",1,2786.349015104
2,"[66, 50, 19, 49, 108, 15, 4, 45, 46, 26, 47, 100]","[2, 1, 1, 1, 1, 1, 1, 1, 1, 1, 1, 3]",2,5098.3501178919005
3,"[26, 75, 44, 58, 14, 82, 104, 67]","[1, 2, 1, 4, 2, 2, 1, 2]",3,6091.66272376
4,"[102, 7, 3, 98, 97, 69, 82, 89, 106, 40]","[2, 1, 2, 1, 3, 1, 2, 1, 1, 1]",4,6633.8050934647
5,"[68, 81, 23, 24, 34, 35, 109, 105, 57, 8, 3]","[1, 1, 1, 1, 1, 1, 1, 1, 3, 1, 3]",5,7481.8436266959
6,"[10, 96, 17, 18, 41, 42]","[2, 8, 1, 2, 1, 1]",6,8780.379562270098
7,"[96, 2]","[13, 1]",7,7372.60956422
