,task,distance
0,"[0, 7]",17987.864730956997
1,"[1, 5]",27563.634036696698
2,"[2, 9]",13519.8675762907
3,"[3, 6]",24692.944522638398
4,"[4, 8]",15677.475966770002
