,task,distance
0,"[0, 7]",17828.817221982197
1,"[1, 8]",2000014867.1320994
2,"[2, 6]",28691.153967702
3,"[3, 5]",2000014617.790476
4,"[4, 9]",17419.290863239
