,customer,weight,round,length
0,[],[],0,0.0
1,"[145, 67, 144, 105, 101, 100, 103, 128, 99]","[3, 2, 2, 1, 1, 1, 2, 1, 1]",0,1568.6167361995
2,"[132, 111, 1, 5, 43, 96, 97]","[2, 1, 1, 1, 1, 1, 1]",0,10044.151751328996
