,customer,weight,round,length
0,"[120, 119, 152, 48, 17, 93, 94, 91, 95, 214, 16]","[1, 1, 3, 1, 1, 1, 1, 1, 1, 2, 2]",0,2401.2390917543
1,"[220, 153, 154, 156, 115, 216, 24, 81, 149, 98, 75, 97]","[2, 1, 1, 1, 2, 1, 1, 2, 1, 1, 1, 1]",0,3098.4628248981003
