,customer,weight,round,length
0,"[186, 131, 178, 181, 182, 180, 179, 5, 106, 197, 38]","[2, 2, 1, 1, 1, 1, 1, 1, 2, 1, 1]",0,7381.0039858812
1,"[64, 116, 96, 117, 102, 101, 21, 140, 204, 219, 60, 202, 4]","[1, 1, 2, 1, 1, 1, 2, 1, 1, 1, 1, 1, 1]",0,8192.7046718339
