,customer,weight,round,length
0,[],[],0,0.0
1,"[47, 10, 53, 45, 2, 23, 8]","[1, 1, 1, 3, 3, 1, 1]",0,2909.074620218
2,"[26, 17, 27, 6, 4, 15, 60, 5]","[1, 1, 2, 1, 1, 2, 3, 1]",0,1404.6392887114998
