,task,distance
0,[0],81.1567075492
1,[1],0.0
2,[2],0.0
3,[3],1788.580080398
