,customer,weight,round,length
0,"[45, 43, 56, 52, 13, 25, 42, 11, 61, 47, 14, 49]","[1, 1, 1, 2, 1, 1, 1, 3, 1, 1, 1, 1]",0,7852.69141229
1,"[38, 28, 17, 40, 36, 16, 23, 48, 44, 46, 51, 4, 19, 37]","[1, 1, 1, 1, 1, 1, 1, 2, 1, 1, 1, 1, 1, 1]",0,7575.8660978299995
2,"[18, 24, 5, 58, 59, 27, 39, 50]","[2, 2, 1, 1, 2, 2, 4, 1]",0,9345.88290929
3,[0],[15],1,3433.29590572
4,"[41, 2, 30, 20, 34, 3, 63, 10, 54, 33, 55, 9, 1, 60]","[1, 2, 1, 1, 1, 1, 1, 1, 1, 1, 1, 1, 1, 1]",1,1981.850400706
5,"[8, 12, 29, 22, 6, 26, 32, 62, 35, 31, 15, 21, 57, 53, 7]","[1, 1, 1, 1, 1, 1, 1, 1, 1, 1, 1, 1, 1, 1, 1]",1,5089.67698243
6,[],[],2,0.0
7,[35],[1],2,9447.54413886
8,[],[],2,0.0
