,task,distance
0,"[0, 3, 7]",20733.531456869998
1,"[1, 5, 6]",12665.543080259999
2,"[2, 4, 6]",11327.733309996
