,customer,weight,round,length
0,"[80, 89, 88, 19, 17, 48, 130, 2, 92, 91, 120, 78]","[1, 1, 1, 1, 1, 1, 1, 1, 3, 2, 1, 1]",0,5303.290494008401
1,"[109, 13, 118, 105, 5, 135, 140, 29, 12, 64, 85, 126, 127, 47]","[1, 1, 1, 1, 1, 1, 1, 1, 1, 1, 1, 1, 1, 2]",1,5897.6729647580005
2,"[136, 111, 110]","[1, 1, 2]",2,3621.9227704009995
