,customer,weight,round,length
0,"[5, 139, 111, 110, 142, 137, 136, 135, 10, 41, 7, 8, 105, 40]","[1, 1, 1, 2, 1, 1, 1, 1, 1, 1, 1, 1, 1, 1]",0,3681.850047613
1,"[140, 30, 29, 109, 13, 14, 144, 118, 38]","[1, 1, 1, 1, 1, 3, 1, 1, 5]",1,4859.328087917
2,"[144, 48, 33, 51, 62, 57, 20]","[1, 1, 1, 3, 1, 1, 1]",2,7161.672959568999
