,customer,weight,round,length
0,"[58, 57, 38, 82, 20, 21, 94, 60, 77]","[1, 2, 3, 1, 1, 2, 2, 2, 1]",0,2409.9731708491
1,"[127, 55, 64, 66, 65, 63, 93, 57, 22, 71]","[3, 1, 1, 1, 2, 2, 1, 1, 2, 1]",1,3466.8005294548
2,"[72, 41, 70, 69, 30, 128, 62, 67]","[1, 2, 1, 3, 1, 1, 3, 1]",2,4642.209074042999
