,customer,weight,round,length
0,"[39, 38, 58, 21, 72, 77, 67, 65, 91, 90]","[2, 3, 1, 2, 1, 1, 1, 2, 1, 1]",0,4216.5616843935
1,"[103, 116, 50, 36, 102, 46, 48]","[3, 1, 1, 4, 2, 1, 3]",1,3157.132464367
2,"[33, 25, 23, 6, 51, 81, 45, 130, 128, 100, 49, 47]","[2, 1, 1, 1, 1, 1, 1, 1, 1, 2, 2, 1]",2,5156.771410501799
