,task,distance
0,[0],0.0
1,[1],0.0
2,[2],543.394475344
3,[3],3576.56935642
