,task,distance
0,[0],4092.8264398485
1,[1],3266.325205296
