,customer,weight,round,length
0,[],[],0,0.0
1,[],[],0,0.0
2,"[65, 60, 6, 95, 30, 99, 80, 68, 25, 4]","[1, 1, 1, 1, 1, 1, 1, 1, 2, 1]",0,5766.852883422001
3,"[20, 19, 57, 106, 44, 45, 47, 46, 39, 17, 88]","[1, 1, 1, 2, 1, 1, 2, 1, 1, 2, 1]",0,3305.9850787018
4,[],[],0,0.0
