,task,distance
0,[0],2354.478316035
1,[1],1230.043083731
2,[2],5076.589155404001
