,task,distance
0,[0],0.0
1,[1],2301.450218208
2,[2],1198.4972692699
