,task,distance
0,[0],0.0
1,[1],0.0
2,[2],1218.0963548279
3,[3],2160.8411503084
