,customer,weight,round,length
0,"[165, 140, 42, 41, 94, 96, 98, 129, 110]","[4, 1, 1, 1, 2, 1, 1, 3, 1]",0,5460.545140438001
1,"[78, 164, 162, 166, 75, 134, 26, 112]","[1, 2, 3, 1, 2, 4, 1, 1]",1,3604.8162972679997
2,"[60, 8, 158, 54, 103, 65]","[2, 1, 1, 1, 1, 2]",2,3303.65802589
