,customer,weight,round,length
0,"[84, 77, 6, 33, 46, 45]","[2, 1, 1, 1, 3, 1]",0,3041.502344878
1,"[136, 49, 4, 40, 20, 36, 102]","[1, 3, 2, 2, 3, 2, 1]",0,4361.747723969
2,"[12, 42, 64, 37, 134, 43]","[4, 1, 3, 3, 2, 2]",0,3601.764307238
