,task,distance
0,[0],508.6474184561
1,[1],5615.398130797
2,[2],4095.379621321
