,task,distance
0,[0],371.1200017091
1,[1],0.0
2,[2],6960.1701370687
