,customer,weight,round,length
0,"[27, 186, 17, 85]","[1, 12, 1, 1]",0,7995.306452424999
1,"[16, 186]","[5, 8]",0,407.8310371366
2,"[114, 126, 115, 113, 175, 128, 150, 151, 193, 42, 83, 81, 135, 26]","[1, 1, 2, 1, 1, 1, 1, 1, 1, 1, 1, 1, 1, 1]",0,8300.760021334
