,CID,TTDDemd
0,12764,0.299535989761
1,19916,0.133294001222
2,19918,0.275337994099
3,19919,0.1246669963
4,19923,0.109103001654
5,27433,0.432770997286
6,34117,15.8338003159
