,customer,weight,round,length
0,"[6, 165, 147, 176, 186, 1, 89, 93, 178, 10, 19, 66, 64, 42, 8]","[1, 1, 1, 1, 1, 1, 1, 1, 1, 1, 1, 1, 1, 1, 1]",0,7358.2250869232
1,"[196, 110, 4, 15, 57, 59, 33, 136, 135, 203]","[2, 1, 1, 3, 1, 1, 2, 1, 1, 2]",1,4629.7680434206995
2,"[189, 188, 197, 51]","[5, 1, 1, 2]",2,5123.038171361
