,customer,weight,round,length
0,"[128, 205, 119, 120, 31, 66, 9, 6, 199, 144]","[1, 1, 1, 1, 1, 2, 1, 2, 1, 4]",0,18333.160496825003
1,"[72, 71, 52, 26, 63, 185, 157, 148]","[2, 1, 1, 1, 1, 1, 1, 7]",1,10530.747119568001
2,"[149, 76, 163, 160]","[1, 1, 1, 1]",2,10048.516014997002
