,task,distance
0,[0],0.0
1,[1],0.0
2,[2],9538.647975021
3,[3],10408.084146646
