,customer,weight,round,length
0,[64],[4],0,265.269046068
1,"[13, 65, 12]","[4, 6, 4]",0,1092.136456276
2,"[42, 54, 21]","[2, 2, 8]",0,1754.3184913559999
3,[],[],0,0.0
