,task,distance
0,[0],265.269046068
1,[1],1092.136456276
2,[2],1754.318491356
3,[3],0.0
