,task,distance
0,[0],799.13127952
1,[1],3657.947501467
2,[2],0.0
3,[3],0.0
