,customer,weight,round,length
0,"[11, 29, 34]","[1, 1, 1]",0,1209.385302427
1,[],[],0,0.0
2,[],[],0,0.0
3,"[110, 111, 57, 81, 58, 84, 91, 94, 92, 31, 109, 47]","[2, 1, 2, 2, 1, 1, 1, 1, 1, 1, 1, 1]",0,4163.413438752
