,customer,weight,round,length
0,"[5, 89, 49, 65, 4, 1, 6, 108]","[3, 1, 1, 1, 1, 1, 2, 2]",0,3763.0411957024
1,[],[],0,0.0
2,[],[],0,0.0
3,"[25, 24, 97, 10, 71, 70]","[1, 1, 1, 1, 1, 1]",0,1074.25064241
