,customer,weight,round,length
0,"[95, 74, 76, 75, 105, 73, 72]","[2, 1, 1, 1, 2, 1, 1]",0,1702.3812379908
1,[],[],0,0.0
2,"[63, 61, 64, 117, 106, 116, 100]","[3, 1, 1, 2, 1, 2, 1]",0,2034.72273696
3,[],[],0,0.0
