,task,distance
0,[0],3763.0411957024
1,[1],0.0
2,[2],0.0
3,[3],1074.25064241
