,task,distance
0,"[0, 3, 4]",6657.6310455211005
1,"[1, 2, 5]",8556.546908730601
