,customer,weight,round,length
0,[],[],0,0.0
1,"[128, 167, 166, 165, 77, 164, 50, 48, 132, 66, 82, 138, 177, 163, 204]","[1, 1, 1, 1, 1, 1, 1, 1, 1, 1, 1, 1, 1, 1, 1]",0,4813.422638145
2,"[81, 102, 80, 21, 162, 116, 75, 74, 113, 49, 146, 40, 33, 34, 37]","[1, 1, 1, 1, 1, 1, 1, 1, 1, 1, 1, 1, 1, 1, 1]",0,3470.3446859498
3,"[130, 129]","[1, 1]",0,624.058180014
