,customer,weight,round,length
0,[],[],0,0.0
1,"[80, 189, 9, 97, 6, 185, 87, 200, 55, 123, 41, 146, 147, 113, 75]","[1, 1, 1, 1, 1, 1, 1, 1, 1, 1, 1, 1, 1, 1, 1]",0,11637.674182749997
2,"[102, 166, 165, 50, 179, 61, 60, 58, 51, 160]","[1, 1, 1, 1, 2, 2, 2, 3, 1, 1]",0,6160.702740237
3,"[23, 173, 82, 66, 149, 163, 204]","[1, 1, 1, 1, 1, 1, 1]",0,3663.443096062
