,task,distance
0,[0],0.0
1,[1],4813.422638145
2,[2],3470.3446859498
3,[3],624.058180014
