,task,distance
0,[0],773.2839037415999
1,[1],5250.922197925
2,[2],7542.631852283
3,[3],2018.5589315981
