,customer,weight,round,length
0,"[38, 41, 39, 42, 50, 22, 12]","[1, 1, 2, 2, 5, 1, 3]",0,2112.494363916
1,"[13, 7, 11, 17, 15, 49, 40, 35, 47, 6, 16, 14, 28]","[1, 1, 3, 1, 1, 1, 1, 1, 1, 1, 1, 1, 1]",0,2283.78860809
2,"[10, 8, 33]","[13, 1, 1]",1,2646.4046293399997
3,"[50, 4, 37, 51, 5, 18, 34, 36]","[2, 2, 2, 1, 3, 2, 1, 2]",1,1513.875073518
4,"[27, 26, 1, 9, 23, 19, 46, 43, 48, 32, 45, 31, 2]","[1, 1, 2, 1, 1, 1, 1, 1, 1, 1, 1, 2, 1]",2,1080.8000071702
5,"[20, 24, 3, 30, 44, 21, 0, 29, 25]","[1, 1, 1, 2, 1, 5, 1, 1, 1]",2,1487.365785884
