,customer,weight,round,length
0,"[91, 114, 115, 63, 44, 45, 103, 71]","[1, 1, 5, 1, 3, 1, 2, 1]",0,2665.3061547649995
1,"[29, 30, 102, 43, 111, 98, 99, 100, 53, 46, 47, 54]","[1, 1, 1, 3, 1, 1, 2, 1, 1, 1, 1, 1]",0,3642.3768535749996
2,"[116, 115, 26, 35]","[1, 2, 3, 9]",1,3065.8590587030003
3,"[35, 55, 24, 89, 87, 32, 97, 96]","[4, 2, 2, 1, 1, 1, 2, 2]",1,4319.602042567
4,"[110, 112, 73, 72, 58, 59, 11, 108, 78, 106, 107, 15]","[1, 1, 2, 1, 1, 1, 2, 1, 2, 1, 1, 1]",2,5341.5455886623995
5,"[18, 68, 69, 70, 86, 67, 34, 5, 60, 66]","[1, 1, 1, 1, 1, 1, 1, 1, 5, 1]",2,4122.3463454755
