,customer,weight,round,length
0,"[106, 54, 70, 47, 48, 96, 3]","[3, 1, 1, 1, 1, 1, 1]",0,2781.4564644099996
1,"[25, 24, 75, 26, 73, 56, 36, 105, 80, 32, 91, 66, 84]","[1, 1, 1, 1, 1, 1, 1, 1, 2, 1, 2, 1, 1]",0,10832.005250787997
2,"[11, 10, 102, 103, 86, 12, 31, 92, 89]","[2, 2, 2, 3, 1, 1, 2, 1, 1]",0,3494.0286246369997
3,[0],[1],0,86.960140159
4,"[8, 9, 64, 50, 49, 93, 6]","[3, 3, 1, 2, 4, 1, 1]",0,2450.4717994212
