,task,distance
0,[0],2781.45646441
1,[1],10832.005250787995
2,[2],3494.028624637
3,[3],86.960140159
4,[4],2450.4717994212
