,customer,weight,round,length
0,"[33, 34, 154, 156, 126, 35, 104, 135]","[1, 1, 2, 2, 2, 1, 3, 3]",0,2486.8172539517
1,"[141, 42, 20, 40, 39, 142, 71, 157, 114, 27, 140]","[1, 2, 1, 1, 1, 1, 2, 2, 1, 1, 2]",0,1844.9879327921
