,customer,weight,round,length
0,"[77, 147, 152, 171, 101]","[2, 8, 2, 2, 1]",0,3786.08313901
1,"[135, 34, 157, 114, 141, 39, 41, 55, 72, 115, 17, 128]","[3, 1, 2, 1, 1, 1, 1, 1, 1, 1, 1, 1]",0,5883.583780382999
2,[],[],1,0.0
3,[179],[1],1,2579.77004016
