,customer,weight,round,length
0,"[119, 77, 3, 68, 120, 121, 122]","[1, 2, 2, 1, 1, 1, 1]",0,2702.5730516875997
1,"[151, 152, 95, 96, 127, 134, 171, 110, 93, 102, 101, 109]","[1, 2, 1, 1, 1, 1, 2, 2, 1, 1, 1, 1]",0,3061.4168327472994
