,task,distance
0,[0],2702.5730516876
1,[1],3061.4168327472994
