,task,distance
0,[0],5493.443845645699
1,[1],6789.875999974001
