,customer,weight,round,length
0,"[4, 9, 15, 24, 8]","[2, 1, 1, 10, 1]",0,5325.39263851
1,"[28, 10, 22, 23, 11, 12]","[1, 1, 5, 4, 3, 1]",0,1097.125003446
2,"[7, 24]","[1, 14]",1,3470.437921111
3,"[24, 3, 1, 16, 6, 20, 18, 29, 17, 5]","[2, 2, 1, 1, 1, 2, 2, 1, 2, 1]",1,3153.813562681
4,[],[],2,0.0
5,"[19, 0, 25, 21, 13, 26, 2, 14, 27]","[1, 1, 1, 1, 1, 1, 1, 1, 2]",2,1398.912605044
