,customer,weight,round,length
0,[48],[12],0,368.00598625
1,"[46, 57, 58, 61, 35]","[1, 1, 1, 1, 1]",0,1907.908469808
