,customer,weight,round,length
0,"[38, 52, 39, 77, 40, 98, 97, 9, 89]","[1, 2, 1, 4, 1, 1, 2, 2, 1]",0,2180.0706286358
1,"[85, 84, 31, 56]","[1, 2, 3, 2]",0,1078.0165048672
