,customer,weight,round,length
0,"[72, 59, 10]","[1, 10, 4]",0,3229.2762086760004
1,"[98, 77, 52, 25, 79, 31, 100, 92, 49]","[1, 4, 2, 1, 1, 2, 2, 1, 1]",0,4209.678075158
2,"[60, 18]","[2, 13]",1,4633.64551682
3,[18],[12],1,4265.18344542
