,task,distance
0,"[0, 3]",2484.1471293524
1,"[1, 2]",1856.7947368030002
