,task,distance
0,"[0, 2]",4355.5433820902
1,"[1, 3]",2948.448432964
