,task,distance
0,[0],8327.870807629999
1,[1],125.7311773098
