,task,distance
0,"[0, 2]",12151.403557358
1,"[1, 3]",12181.149886371999
