,task,distance
0,[0],0.0
1,[1],1383.05110329
2,[2],0.0
3,[3],5811.062656945
4,[4],0.0
