,task,distance
0,"[0, 3]",3146.7482519240007
1,"[1, 4]",2758.0737067358
2,"[2, 5]",5173.6593443796
