,task,distance
0,[0],19.2394831186
1,[1],0.0
2,[2],7072.83236519
