,customer,weight,round,length
0,"[96, 63, 15, 57, 29, 30]","[1, 1, 1, 1, 2, 1]",0,1754.5301442213
1,"[23, 24, 25, 82, 80, 22, 68, 20, 19, 4, 91, 77, 69, 95]","[1, 1, 1, 1, 1, 1, 1, 1, 1, 1, 1, 1, 1, 1]",0,2876.4414352855993
