,customer,weight,round,length
0,[],[],0,0.0
1,"[65, 120, 67, 160, 66, 162, 161, 56, 53, 54]","[1, 1, 1, 1, 1, 1, 1, 1, 1, 3]",0,1625.8380207477003
2,"[90, 27, 139, 112, 138]","[1, 2, 1, 1, 1]",0,893.0480001291
