,customer,weight,round,length
0,"[40, 80, 78, 50, 51, 55, 56, 79]","[6, 1, 2, 1, 1, 1, 1, 2]",0,5078.397803781301
1,"[13, 12, 11, 10, 61, 48, 96, 86, 90, 23, 24, 37]","[1, 1, 1, 1, 1, 1, 1, 2, 1, 1, 1, 3]",0,7450.4003954785
2,"[31, 17, 18, 82, 83, 4, 42, 29, 26, 64]","[1, 1, 1, 1, 1, 1, 1, 3, 1, 4]",0,2881.2660309282
3,"[70, 35, 21]","[1, 1, 1]",1,5924.799058677
4,[],[],1,0.0
5,[],[],1,0.0
