,task,distance
0,"[0, 5]",7799.364765738402
1,"[1, 4]",3149.892403613
2,"[2, 3]",4641.816070493
