,task,distance
0,"[0, 4]",6123.813304002001
1,"[1, 5]",6394.8017750199
2,"[2, 3]",6820.0597239055005
