,customer,weight,round,length
0,[],[],0,0.0
1,"[1, 19, 9, 28, 2, 11, 71, 73]","[1, 1, 1, 1, 1, 1, 1, 1]",0,8735.304573046898
2,[75],[12],0,225.954571292
