,task,distance
0,[0],1878.733438384
1,[1],0.0
2,[2],5472.84202821
