,customer,weight,round,length
0,[24],[15],0,1435.693510688
1,[23],[15],0,3595.16342082
2,"[4, 47, 43, 25, 17, 20, 10, 9, 52, 34, 24]","[1, 1, 1, 1, 1, 1, 1, 1, 1, 1, 5]",0,6666.135644722
3,"[24, 23]","[7, 8]",0,5030.856931504
