,customer,weight,round,length
0,"[104, 91, 47, 54, 51, 89, 5, 76, 15, 16, 67, 14, 68]","[1, 2, 2, 1, 1, 1, 1, 1, 1, 1, 1, 1, 1]",0,9710.525582672703
1,"[74, 105, 80]","[3, 1, 1]",0,593.7190694391
