,customer,weight,round,length
0,"[126, 95, 25, 74, 92, 46, 38, 14, 119, 34]","[1, 1, 1, 1, 1, 1, 1, 1, 1, 1]",0,14381.020032549999
1,[],[],0,0.0
2,[],[],0,0.0
3,[],[],0,0.0
4,[9],[13],0,315.295058014
