,task,distance
0,[0],10206.853980942
1,[1],0.0
2,[2],0.0
3,[3],470.640527716
4,[4],0.0
