,customer,weight,round,length
0,"[77, 88, 96, 108, 3, 26, 73, 74, 117]","[1, 1, 2, 1, 4, 2, 1, 1, 1]",0,3391.563081125
1,[45],[3],0,651.129084722
2,"[90, 93, 5, 124, 123, 87, 28, 8, 121, 48, 49, 50]","[1, 2, 3, 1, 1, 1, 1, 1, 1, 1, 1, 1]",0,2521.0596340429
3,"[53, 41, 95, 68, 67, 42, 40, 43, 69, 119]","[1, 1, 2, 1, 1, 1, 3, 1, 1, 2]",0,2492.817440147
4,[],[],0,0.0
