,customer,weight,round,length
0,[],[],0,0.0
1,[32],[15],0,294.53091234
2,"[32, 17, 19, 29, 1]","[2, 4, 1, 1, 3]",0,8471.160740951002
