,task,distance
0,[0],7962.70372884
1,[1],9229.572395976
2,[2],0.0
