,customer,weight,round,length
0,[25],[15],0,744.255163018
1,[],[],0,0.0
2,"[7, 12, 13, 16, 1, 17]","[1, 2, 2, 1, 3, 4]",0,9175.580706088
3,[25],[2],0,744.255163018
4,[],[],0,0.0
