,task,distance
0,[0],744.255163018
1,[1],0.0
2,[2],9175.580706088
3,[3],744.255163018
4,[4],0.0
