,customer,weight,round,length
0,[38],[1],0,81.7202027152
1,"[37, 53, 41, 31, 18, 68, 81, 50, 28]","[1, 2, 2, 1, 2, 1, 1, 1, 1]",0,4109.3864401494
2,[],[],0,0.0
3,[],[],0,0.0
4,"[75, 6, 99, 88]","[1, 3, 1, 4]",0,2379.012998796
