,task,distance
0,[0],81.7202027152
1,[1],4109.3864401494
2,[2],0.0
3,[3],0.0
4,[4],2379.012998796
