,customer,weight,round,length
0,"[123, 53, 103, 76, 23, 77, 59, 80, 82, 81, 50, 3]","[1, 1, 2, 2, 2, 1, 1, 1, 1, 1, 1, 1]",0,4707.538896845999
1,"[120, 126, 129, 36, 35, 105, 116, 12, 24, 44]","[1, 3, 3, 1, 1, 2, 1, 1, 1, 1]",0,3281.0936500219
2,"[102, 27, 19, 132, 16, 107, 101, 97, 14, 25, 38, 121]","[1, 1, 1, 1, 1, 3, 1, 1, 2, 1, 1, 1]",0,6525.907466268
3,[],[],1,0.0
4,[],[],1,0.0
5,"[74, 66, 71, 69]","[1, 1, 1, 1]",1,5170.049869278
