,task,distance
0,"[0, 4]",5784.742481222
1,"[1, 5]",3387.893736853
2,"[2, 3]",5064.3041163684
