,task,distance
0,"[0, 5]",6850.9043124659
1,"[1, 4]",2672.7316591334
2,"[2, 3]",4615.237545235001
