,customer,weight,round,length
0,[130],[1],0,1849.469053902
1,"[61, 132, 147, 149, 79, 66, 80]","[1, 1, 1, 1, 1, 1, 1]",0,2054.008474549
2,[],[],0,0.0
