,customer,weight,round,length
0,[54],[1],0,524.602186456
1,"[34, 1, 37, 51, 7, 9, 43]","[1, 1, 2, 2, 1, 1, 1]",0,5782.665535106
2,[],[],0,0.0
3,[],[],0,0.0
