,customer,weight,round,length
0,[],[],0,0.0
1,"[19, 22, 38, 32, 15, 44, 8, 1, 14, 10, 11]","[1, 2, 2, 1, 1, 1, 1, 1, 1, 1, 2]",0,3796.738223277
2,[42],[2],0,402.242869798
