,customer,weight,round,length
0,"[12, 9, 13, 5, 6]","[1, 2, 1, 2, 1]",0,1428.2073065250001
1,[],[],0,0.0
2,[],[],0,0.0
3,"[74, 76, 77, 75, 78, 73, 4, 25, 18, 16]","[1, 1, 1, 1, 1, 2, 1, 1, 3, 1]",0,1787.9502650550003
