,task,distance
0,[0],1861.858450218
1,[1],0.0
2,[2],0.0
3,[3],4126.1183402995
