,task,distance
0,[0],19961.101777117
1,[1],32225.228769917
2,[2],2000003044.76854
