,task,distance
0,"[0, 6, 11]",9069.0610212936
1,"[1, 4, 10]",16708.160510558497
2,"[2, 7, 9]",10104.189290470998
3,"[3, 5, 8]",21380.421292436098
