,customer,weight,round,length
0,[102],[11],0,221.478652384
1,[27],[1],0,137.0347808732
2,[],[],0,0.0
3,"[100, 5, 70, 41, 75, 48, 33, 99, 8, 0, 77, 30, 68]","[1, 1, 1, 1, 1, 1, 1, 1, 2, 2, 1, 1, 1]",0,4493.277280094099
4,[],[],0,0.0
