,customer,weight,round,length
0,"[21, 25, 119, 118]","[1, 5, 5, 3]",0,1375.1541952258
1,"[88, 97, 96, 47, 113, 111, 22, 34, 89, 49, 118]","[1, 1, 1, 1, 1, 3, 1, 3, 1, 1, 1]",0,1952.5521442625
2,[],[],0,0.0
3,[],[],0,0.0
4,[],[],0,0.0
