,task,distance
0,[0],1971.1093530238
1,[1],0.0
2,[2],476.3460457583
3,[3],0.0
4,[4],0.0
