,customer,weight,round,length
0,[],[],0,0.0
1,"[74, 77, 35, 17, 31, 34, 32, 99, 16, 15, 102, 103, 98]","[1, 1, 1, 1, 1, 1, 1, 2, 1, 1, 1, 1, 2]",0,5061.3640415
2,"[29, 13, 92, 91, 97, 95, 30, 56, 59, 81, 90, 2, 86]","[1, 1, 1, 1, 1, 1, 1, 1, 3, 1, 1, 1, 1]",0,4742.296904318001
3,"[9, 7, 4, 26, 6, 82, 85]","[1, 1, 1, 1, 1, 1, 1]",0,2441.6790760862
