,customer,weight,round,length
0,"[82, 60, 33, 28, 76, 97, 22, 41]","[1, 2, 1, 3, 2, 1, 2, 1]",0,3159.6512021334997
1,[],[],0,0.0
2,"[29, 66, 54, 67, 89]","[1, 2, 3, 1, 1]",0,2878.5342252749997
