,task,distance
0,[0],6951.396821804001
1,[1],3733.29076064
2,[2],7437.29227331
3,[3],5881.595364214
