,customer,weight,round,length
0,[4],[15],0,559.444364168
1,"[4, 32, 31, 19, 20, 33]","[6, 1, 1, 1, 1, 1]",1,4917.788212112
