,customer,weight,round,length
0,"[40, 90, 113, 112, 67, 66, 27, 30, 91, 92, 147, 64, 26]","[1, 1, 1, 1, 1, 1, 1, 1, 1, 3, 1, 1, 1]",0,2178.4746631435
1,"[138, 17, 94, 9, 84, 114, 7]","[2, 1, 1, 1, 1, 1, 1]",1,5273.340174534
