,customer,weight,round,length
0,"[91, 90, 121, 13, 14, 143, 58, 18, 105, 156]","[1, 1, 2, 2, 3, 1, 2, 1, 1, 1]",0,4668.921689065999
1,"[83, 56, 65, 64, 63, 61, 4]","[2, 1, 2, 2, 5, 2, 1]",0,1865.3467850017
2,[],[],1,0.0
3,"[101, 82]","[1, 1]",1,3231.236027089
