,customer,weight,round,length
0,"[94, 12, 90, 60, 47, 70, 148, 13, 14, 126]","[1, 1, 1, 2, 1, 1, 1, 2, 3, 2]",0,1485.8206180978002
1,"[121, 123, 103, 143, 8, 124, 9, 10, 11]","[2, 1, 4, 1, 1, 2, 2, 1, 1]",0,1061.4534535523
