,task,distance
0,[0],1485.8206180978002
1,[1],1061.4534535523
