,task,distance
0,"[0, 2]",2800.6748133160004
1,"[1, 3]",4712.3730405622
