,task,distance
0,[0],1948.944837932
1,[1],2067.185030384
