,task,distance
0,[0],2412.700766729
1,[1],3598.0350980840003
