,task,distance
0,"[0, 6]",4102.026306649001
1,"[1, 4]",7803.090593539999
2,"[2, 7]",3456.008928089
3,"[3, 5]",4934.94673611
