,task,distance
0,"[0, 5]",6097.801594326999
1,"[1, 6]",5249.247575257999
2,"[2, 7]",5040.5344960064
3,"[3, 4]",6426.0061259013
