,customer,weight,round,length
0,"[3, 22, 24, 38, 25]","[3, 1, 1, 1, 4]",0,3499.7359216463
1,[26],[13],0,98.7567346056
2,[26],[6],0,98.7567346056
