,customer,weight,round,length
0,"[103, 102, 26, 82, 0, 70, 125, 16, 171, 83, 130, 132, 21]","[1, 1, 1, 1, 1, 1, 1, 1, 2, 1, 2, 1, 1]",0,6592.5169426990005
1,"[137, 152, 133, 178, 131, 99, 56, 43, 140]","[1, 1, 1, 1, 2, 1, 3, 3, 2]",1,5007.025901089
2,"[29, 109, 142, 159, 59, 144, 33, 34]","[2, 3, 3, 3, 1, 1, 1, 1]",2,7450.815738787
3,"[57, 120, 155]","[13, 1, 1]",3,6158.091496896999
4,"[138, 104, 57, 87, 78, 112, 110, 81, 119]","[2, 2, 4, 1, 1, 1, 1, 2, 1]",4,7399.413206445
5,[115],[1],5,4223.61992346
