,customer,weight,round,length
0,"[73, 72, 14, 18]","[4, 4, 1, 4]",0,1529.7818432200002
1,[],[],0,0.0
2,"[79, 77, 78]","[9, 2, 1]",0,1312.8171189079999
3,[],[],0,0.0
4,"[17, 19, 81, 62, 16]","[1, 1, 4, 3, 1]",0,1373.2367538629999
