,task,distance
0,[0],6838.723058164999
1,[1],241.006873256
2,[2],0.0
3,[3],0.0
4,[4],8533.842627999002
