,task,distance
0,[0],391.38568095
1,[1],0.0
2,[2],8805.397485018
3,[3],0.0
4,[4],4762.61913678
