,task,distance
0,[0],2217.629583104
1,[1],3107.66911701
2,[2],3731.51680723
3,[3],4610.50779731
4,[4],2236.673290009
