,task,distance
0,[0],0.0
1,[1],4253.205926416
2,[2],945.603473757
