,task,distance
0,[0],559.444364168
1,[1],12876.366776364
