,customer,weight,round,length
0,"[21, 12, 10, 22, 23, 24, 3, 25, 9, 7]","[3, 1, 1, 2, 1, 1, 1, 1, 1, 3]",0,1716.8038109560998
1,"[7, 26, 16, 27, 19, 18, 4, 5]","[1, 1, 4, 1, 1, 1, 3, 3]",1,1888.6780141686
2,"[4, 14, 17]","[1, 2, 1]",2,1676.3249676730002
