,customer,weight,round,length
0,"[16, 7, 8]","[1, 1, 13]",0,2000000934.4126642
1,"[23, 61, 56, 39, 15, 76, 29]","[2, 1, 1, 7, 1, 1, 2]",0,2000002986.418339
2,[8],[15],0,2000000000.0
3,"[11, 79]","[14, 1]",1,2000001084.8408637
4,[11],[15],1,2000000000.0
5,[11],[15],1,2000000000.0
6,[11],[15],2,2000000000.0
7,[11],[15],2,2000000000.0
8,[11],[15],2,2000000000.0
9,"[111, 73, 72, 113, 116, 47]","[3, 2, 1, 1, 1, 1]",3,2000002510.36602
10,[],[],3,0.0
11,[],[],3,0.0
