,customer,weight,round,length
0,"[77, 84, 30, 69, 67, 78, 44, 11]","[1, 1, 1, 1, 1, 1, 1, 8]",0,5591.343366374998
1,"[65, 11, 92, 24]","[3, 10, 1, 1]",0,4638.06465536
2,[11],[15],0,3423.89492266
3,[11],[15],1,3423.89492266
4,[11],[15],1,3423.89492266
5,[11],[15],1,3423.89492266
6,[],[],2,0.0
7,[],[],2,0.0
8,"[0, 45, 35, 71, 13, 11]","[1, 1, 1, 1, 1, 5]",2,5609.553729518
