,customer,weight,round,length
0,"[65, 116, 47, 16, 100, 29, 30, 110, 77]","[3, 1, 1, 1, 1, 2, 1, 3, 1]",0,6094.61551863
1,"[38, 92, 61, 55, 56, 24]","[2, 1, 1, 1, 1, 1]",0,2057.780300707
2,"[15, 40, 39]","[1, 2, 7]",0,1162.8225362297
