,task,distance
0,[0],1307.5421898047002
1,[1],6483.192287681
2,[2],3824.354409783
