,task,distance
0,[0],2000001839.906536
1,[1],0.0
2,[2],2000004658.4662056
