,customer,weight,round,length
0,"[76, 43, 47, 7, 8]","[1, 1, 1, 1, 7]",0,2000002276.5606472
1,"[39, 42, 41, 54, 55, 56]","[2, 3, 1, 1, 4, 4]",0,2000000911.591154
2,"[20, 58, 0, 3, 74]","[3, 1, 4, 1, 1]",0,2000001201.5670674
3,[],[],0,0.0
4,"[59, 35, 5, 16, 15, 14, 13, 71]","[5, 1, 3, 1, 1, 1, 1, 2]",0,2000001277.945903
