,customer,weight,round,length
0,[],[],0,0.0
1,[44],[14],0,1316.610209248
2,"[59, 52, 129, 128, 80, 97, 89, 22, 15, 23, 12, 107, 72, 111]","[1, 1, 1, 1, 1, 1, 1, 1, 1, 1, 1, 1, 1, 1]",0,11163.651424864001
3,"[8, 44, 120, 122]","[3, 7, 1, 2]",0,7847.702045802
