,customer,weight,round,length
0,[98],[13],0,5872.59748198
1,"[51, 24, 11, 113, 114, 61, 88, 86, 20]","[2, 1, 1, 1, 1, 1, 1, 1, 2]",0,14083.155671138
2,"[95, 96, 28]","[1, 2, 2]",0,1096.470811577
3,"[109, 73, 90, 70, 76, 98]","[2, 1, 2, 1, 1, 8]",0,10229.810159228
