,task,distance
0,[0],0.0
1,[1],959.4502766888
2,[2],2220.879227936
3,[3],0.0
