,task,distance
0,[0],0.0
1,[1],14852.259602674
2,[2],1679.052280381
3,[3],0.0
