,customer,weight,round,length
0,"[128, 129, 167, 98, 75, 133, 132, 135, 166, 30, 10]","[2, 1, 2, 2, 1, 1, 1, 1, 1, 1, 2]",0,2963.5267510053995
1,"[145, 16, 136, 148, 156, 108, 139, 70, 42, 41, 80, 48, 74]","[2, 1, 1, 1, 1, 1, 1, 1, 1, 1, 2, 1, 1]",0,4264.20563969
2,"[131, 165, 113, 43, 44, 52, 45, 163, 46, 97, 130, 96, 142, 13, 143]","[1, 1, 1, 1, 1, 1, 1, 1, 1, 1, 1, 1, 1, 1, 1]",0,3011.8367587854
3,"[71, 7, 100, 0, 2, 76, 14, 19, 169, 18, 149, 158, 125]","[1, 1, 1, 1, 1, 1, 3, 1, 1, 1, 1, 1, 1]",0,3808.269568788
4,[],[],1,0.0
5,"[106, 105, 104, 103, 84, 25, 26, 27, 99]","[2, 1, 1, 1, 1, 1, 2, 2, 1]",1,5944.4840389150995
6,"[65, 120, 67, 160, 66, 162, 161, 56, 54, 53, 90, 138, 112]","[1, 1, 1, 1, 1, 1, 1, 1, 3, 1, 1, 1, 1]",1,4406.391108452001
7,"[64, 63, 5, 22, 23]","[2, 1, 3, 3, 1]",1,3652.602026061
