,task,distance
0,"[0, 5]",3725.39734429
1,"[1, 7]",4706.2917626486
2,"[2, 6]",5879.242859528
3,"[3, 9]",5990.2288034086
4,"[4, 8]",4195.602467967
