,customer,weight,round,length
0,[],[],0,0.0
1,"[50, 49, 52, 76, 57, 69, 24, 12, 115]","[1, 1, 1, 2, 1, 2, 1, 1, 1]",0,4398.00082776
2,"[85, 107, 129, 25, 37, 26]","[1, 3, 3, 1, 1, 1]",0,4726.344904373
