,customer,weight,round,length
0,[],[],0,0.0
1,"[54, 23, 52, 53, 75, 103, 79, 77, 21, 49]","[1, 2, 1, 1, 1, 2, 2, 1, 2, 1]",0,2669.2832239699997
2,"[59, 80, 81, 82, 58]","[1, 1, 1, 1, 2]",0,1114.0495843709
