,task,distance
0,[0],0.0
1,[1],4398.00082776
2,[2],4726.344904373
