,task,distance
0,[0],0.0
1,[1],7418.571017542
2,[2],1764.9900291209
