,task,distance
0,"[0, 6]",10470.002475469999
1,"[1, 5]",9535.192520427201
2,"[2, 4]",15642.79750703
3,"[3, 7]",4861.868098849
