,task,distance
0,[0],0.0
1,[1],0.0
2,[2],1881.200549107
3,[3],3365.728232029
4,[4],3400.423607374
