,customer,weight,round,length
0,[35],[13],0,247.648002506
1,"[103, 46, 70, 69, 68, 18, 54]","[2, 1, 1, 1, 1, 1, 1]",0,3237.7643470993003
2,[],[],0,0.0
3,"[59, 58, 112, 78, 11, 108, 106, 107, 15]","[1, 1, 1, 2, 2, 1, 1, 1, 1]",0,2972.674312112
4,[],[],0,0.0
