,task,distance
0,[0],0.0
1,[1],0.0
2,[2],4805.611756162
3,[3],4099.903120237
4,[4],0.0
