,task,distance
0,[0],2057.862302911
1,[1],112.9063522222
2,[2],133.1587238112
