,task,distance
0,[0],6118.782842638
1,[1],445.302485158
2,[2],1019.005507675
