,task,distance
0,[0],5649.554000531
1,[1],199.5697140458
2,[2],1459.28816995
