,customer,weight,round,length
0,"[12, 24, 10, 16, 15, 32, 18, 7, 28, 21, 38, 6, 17, 36, 29]","[1, 1, 1, 1, 1, 1, 1, 1, 1, 1, 1, 1, 1, 1, 1]",0,888.2669137944999
1,"[34, 3, 1, 8, 19, 20, 39, 13]","[1, 8, 1, 1, 1, 1, 1, 1]",0,1717.585220251
2,"[4, 35, 0, 25, 33, 40, 31, 23, 30, 14]","[1, 1, 1, 4, 1, 1, 1, 1, 1, 1]",0,1845.393421124
3,"[9, 27, 2]","[1, 13, 1]",0,1854.439664086
4,"[26, 37, 11, 41, 22, 5]","[5, 1, 3, 1, 1, 2]",0,2365.001968552
