,task,distance
0,[0],1847.1605380217
1,[1],1336.7122308912
2,[2],1557.835639024
3,[3],2762.4054086109995
4,[4],6153.3768726646
