,task,distance
0,[0],888.2669137944999
1,[1],1717.585220251
2,[2],1845.393421124
3,[3],1854.439664086
4,[4],2365.001968552
