,customer,weight,round,length
0,"[47, 74, 77]","[2, 1, 5]",0,1012.9856874334
1,[],[],0,0.0
2,[],[],0,0.0
3,[],[],0,0.0
4,"[113, 80, 75]","[8, 1, 6]",0,1571.2291259060003
