,task,distance
0,[0],0.0
1,[1],6367.496791733999
2,[2],3316.5714309388
3,[3],0.0
