,task,distance
0,[0],9328.938070649
1,[1],418.033557012
2,[2],103.0847426158
3,[3],0.0
4,[4],0.0
