,customer,weight,round,length
0,"[24, 1, 2, 9]","[5, 1, 1, 1]",0,3045.3181208840006
1,[],[],0,0.0
2,[],[],0,0.0
3,"[33, 31, 41, 32, 34, 35]","[1, 1, 1, 2, 2, 4]",0,1099.4618416341002
4,[],[],0,0.0
