,task,distance
0,[0],114.4712800302
1,[1],0.0
2,[2],4997.4168600898
3,[3],0.0
