,customer,weight,round,length
0,[78],[1],0,1027.245718592
1,"[34, 100, 5, 90, 65, 44, 37, 59, 94, 97, 102, 88]","[1, 1, 1, 1, 2, 1, 2, 1, 1, 1, 2, 1]",0,16116.198263248003
2,[],[],0,0.0
3,[],[],0,0.0
4,[],[],0,0.0
