,task,distance
0,[0],1027.245718592
1,[1],16116.198263248005
2,[2],0.0
3,[3],0.0
4,[4],0.0
