,customer,weight,round,length
0,"[62, 69, 40, 29, 28, 12]","[1, 1, 10, 1, 1, 1]",0,8097.596049529001
1,[],[],0,0.0
2,[],[],0,0.0
3,"[12, 55, 40, 25, 26]","[1, 1, 8, 2, 2]",0,5584.424170368
4,[22],[3],0,784.477634928
