,task,distance
0,[0],796.549963679
1,[1],0.0
2,[2],0.0
3,[3],10475.039058957998
4,[4],0.0
