,customer,weight,round,length
0,[],[],0,0.0
1,"[86, 72, 87, 65, 19, 104, 128, 94, 74, 38, 103, 40, 73]","[1, 1, 2, 1, 2, 1, 1, 1, 1, 1, 1, 1, 1]",0,7137.640765321
2,"[84, 83]","[1, 1]",0,1208.01162531
