,task,distance
0,[0],0.0
1,[1],1186.613055576
2,[2],7632.109255946999
