,customer,weight,round,length
0,"[128, 89, 78, 100, 80, 127, 126, 102, 103, 104]","[1, 2, 1, 1, 1, 1, 1, 1, 1, 1]",0,1841.3225079902002
1,"[105, 111, 134, 133, 109, 110]","[2, 1, 2, 1, 1, 1]",0,1100.9257598039999
