,task,distance
0,[0],1841.3225079902
1,[1],1100.925759804
