,task,distance
0,[0],947.009877325
1,[1],1516.3346217539
