,task,distance
0,[0],1565.3950910469998
1,[1],4408.118721784
