,task,distance
0,[0],2641.1451892754003
1,[1],782.7099852201001
