,task,distance
0,[0],1858.657561967
1,[1],5977.0999046490015
2,[2],0.0
