,customer,weight,round,length
0,"[93, 33, 94, 35, 184, 186, 182, 132]","[2, 1, 1, 1, 1, 2, 2, 4]",0,50690.267745289
1,[],[],0,0.0
2,"[45, 157, 23, 156, 158, 159, 149, 152, 97, 84, 213]","[1, 1, 1, 2, 1, 1, 1, 1, 2, 1, 1]",0,2394.38218932
