,customer,weight,round,length
0,"[18, 34, 35, 36, 38, 21, 2]","[2, 1, 1, 1, 1, 3, 3]",0,4267.234980947001
1,[],[],0,0.0
2,[],[],0,0.0
3,[],[],0,0.0
4,"[42, 17]","[1, 3]",0,1774.808224423
