,task,distance
0,[0],0.0
1,[1],0.0
2,[2],963.187624708
3,[3],0.0
4,[4],3079.9589693564
