,customer,weight,round,length
0,[25],[15],0,54.9924736466
1,"[25, 11, 28, 13, 18]","[2, 4, 1, 2, 3]",1,10290.855777940298
