,task,distance
0,[0],9331.80034423
1,[1],0.0
2,[2],665.20996151
