,customer,weight,round,length
0,"[60, 85, 74, 49, 18, 17, 32, 86, 27, 28]","[3, 1, 1, 1, 2, 2, 1, 2, 1, 1]",0,2991.077901657
1,"[42, 53]","[1, 1]",1,1125.41410776
