,customer,weight,round,length
0,"[0, 9, 64, 55, 27, 42, 49, 17, 59, 58, 87]","[2, 2, 2, 1, 1, 1, 1, 2, 1, 1, 1]",0,6699.23072985
1,[43],[1],1,703.885992132
