,customer,weight,round,length
0,[],[],0,0.0
1,"[84, 123, 124, 150, 149, 81, 101, 108, 107]","[1, 1, 1, 1, 1, 1, 2, 1, 1]",0,2607.977792974
2,"[106, 129, 130, 131, 114, 113, 112]","[1, 1, 1, 1, 1, 1, 1]",0,1139.5753013307
