,customer,weight,round,length
0,"[85, 113]","[3, 1]",0,1010.828978106
1,[],[],0,0.0
2,"[134, 111, 128, 80, 99, 74, 122, 135, 62, 147, 82, 106, 129]","[2, 1, 1, 1, 1, 1, 2, 1, 1, 1, 1, 1, 1]",0,6000.573134961
