,customer,weight,round,length
0,[25],[3],0,314.294276758
1,"[78, 68, 67, 12, 4, 77, 26, 75]","[2, 1, 1, 1, 1, 1, 3, 1]",0,2737.043211789
2,[],[],0,0.0
3,[24],[2],0,129.7082437938
4,[],[],0,0.0
