,customer,weight,round,length
0,"[36, 74, 15, 34, 56]","[1, 2, 3, 2, 2]",0,1640.618825944
1,[],[],0,0.0
2,[],[],0,0.0
3,"[0, 2, 1, 53, 52, 80]","[1, 1, 1, 1, 2, 2]",0,2882.6989800676
4,[],[],0,0.0
