,task,distance
0,[0],314.294276758
1,[1],2737.043211789
2,[2],0.0
3,[3],129.7082437938
4,[4],0.0
