,customer,weight,round,length
0,"[80, 79, 78, 91, 15, 13, 19, 11, 46, 94, 95, 102, 103, 104]","[1, 1, 2, 1, 1, 1, 1, 1, 1, 1, 1, 1, 1, 1]",0,5459.897273311701
1,"[81, 80, 104]","[6, 5, 3]",0,346.1047126527
2,"[106, 52, 38, 37, 18, 87, 105]","[1, 2, 1, 4, 2, 1, 4]",0,2435.8913538988
