,customer,weight,round,length
0,"[103, 87, 37, 38, 52, 79, 78, 91, 13, 114]","[1, 1, 4, 1, 2, 1, 2, 1, 1, 1]",0,4639.913962865201
1,"[113, 16, 55, 21, 76, 129, 48, 83, 116, 39, 128, 127]","[1, 1, 1, 1, 1, 1, 2, 1, 1, 1, 1, 1]",0,7298.8098423289985
2,[],[],0,0.0
