,customer,weight,round,length
0,"[157, 26, 6, 142, 126]","[1, 1, 2, 1, 1]",0,3340.800925257
1,[],[],0,0.0
2,[],[],0,0.0
3,"[146, 96, 85, 45, 41, 109, 116, 123, 65, 114, 34]","[1, 1, 2, 1, 1, 2, 1, 2, 1, 1, 2]",0,9473.176948928
