,customer,weight,round,length
0,"[6, 12, 9, 3]","[1, 1, 1, 1]",0,3864.43014728
1,[4],[9],0,142.6452745412
