,task,distance
0,[0],142.6452745412
1,[1],3864.43014728
