,customer,weight,round,length
0,"[2, 12]","[14, 1]",0,2001.4942940170001
1,[2],[14],0,1497.59254802
2,[1],[12],0,1793.495236546
3,[5],[12],0,248.148018988
