,task,distance
0,"[0, 5]",1579.487402903
1,"[1, 5]",1534.350992651
2,"[2, 9]",2369.123823161
3,"[3, 5]",1733.416859747
4,"[4, 8]",1478.643692074
