,task,distance
0,"[0, 7]",3354.963287816
1,"[1, 5]",4575.067458318
2,"[2, 6]",7512.4679957469
3,"[3, 8]",2942.005778127
4,"[4, 9]",5280.137686454
