,customer,weight,round,length
0,"[50, 90, 79, 5, 16, 35, 34, 100, 78, 76, 65, 64]","[1, 1, 1, 1, 1, 1, 1, 1, 1, 2, 2, 2]",0,13549.103065749998
1,"[102, 88, 89, 44, 73, 95, 94, 97, 60, 59, 81]","[2, 1, 1, 1, 2, 2, 1, 1, 1, 1, 2]",1,7153.517204411
2,"[51, 37, 99]","[1, 2, 2]",2,3482.6057720820004
