,task,distance
0,[0],2168.181484029
1,[1],5813.2698751832
2,[2],0.0
3,[3],0.0
4,[4],3846.8003591964
