,task,distance
0,[0],0.0
1,[1],1091.7533076168
2,[2],4269.187299352
3,[3],4437.4159238178
4,[4],0.0
