,customer,weight,round,length
0,"[30, 57]","[2, 2]",0,1078.924365184
1,"[53, 62, 63, 32, 64, 7, 43, 41, 18]","[1, 1, 1, 1, 3, 2, 1, 3, 2]",0,4358.496823929
2,[],[],0,0.0
