,customer,weight,round,length
0,"[57, 30, 58, 27]","[2, 2, 2, 1]",0,1415.0842305866997
1,[],[],0,0.0
2,"[68, 50, 67, 53, 59, 23, 25]","[1, 1, 1, 1, 3, 1, 1]",0,2668.425949641
