,customer,weight,round,length
0,"[119, 95, 60, 66, 44, 24, 106, 62, 96]","[2, 2, 2, 1, 1, 1, 1, 2, 2]",0,5388.588647569
1,[],[],0,0.0
2,[],[],0,0.0
3,[],[],0,0.0
4,"[50, 49, 48, 87, 124, 26, 118]","[1, 1, 1, 1, 1, 2, 3]",0,3488.065533158
