,customer,weight,round,length
0,"[119, 93, 5, 69, 67, 41, 53, 77, 88, 74, 117]","[2, 2, 3, 1, 1, 1, 1, 1, 1, 1, 1]",0,3514.074434167
1,"[45, 48, 49, 50, 90]","[3, 1, 1, 1, 1]",0,1147.7360027710001
2,[],[],0,0.0
3,[],[],0,0.0
4,[],[],0,0.0
