,task,distance
0,"[0, 2]",10697.2531474144
1,"[1, 3]",4701.9936868645
