,task,distance
0,"[0, 5]",2833.839026951
1,"[1, 7]",6286.882406864001
2,"[2, 4]",3322.975830783
3,"[3, 6]",4952.8056255601
