,task,distance
0,"[0, 5]",5361.3249959991
1,"[1, 4]",2715.4762065939003
2,"[2, 7]",2610.624062983
3,"[3, 6]",6632.4567776238
