,customer,weight,round,length
0,"[147, 53, 172, 156, 136, 137, 44, 67, 168, 85, 58, 163, 162]","[1, 1, 1, 1, 1, 3, 1, 1, 1, 1, 1, 1, 1]",0,6125.491822442001
1,"[130, 19, 88, 40, 135, 122]","[1, 1, 1, 1, 3, 1]",1,7703.417055683999
