,customer,weight,round,length
0,[50],[15],0,204.480113214
1,"[22, 24, 20, 9, 44, 10, 40, 17, 27]","[2, 1, 3, 2, 1, 1, 2, 2, 1]",1,7770.458756838999
2,"[57, 18]","[1, 5]",2,2000003919.4694529
