,customer,weight,round,length
0,"[32, 1, 13, 33, 27, 10, 17, 18]","[1, 2, 1, 7, 1, 1, 1, 1]",0,9290.222421945999
1,[2],[12],0,132.5386982992
2,[],[],0,0.0
3,[],[],0,0.0
