,task,distance
0,[0],2370.640852092
1,[1],132.5386982992
2,[2],0.0
3,[3],6748.90575337
