,customer,weight,round,length
0,"[112, 113, 78, 129, 55]","[4, 3, 4, 1, 3]",0,5200.896987644001
1,[],[],0,0.0
2,[],[],0,0.0
3,"[44, 114, 63, 62, 139, 64, 120, 119]","[2, 2, 2, 1, 2, 2, 1, 1]",0,2400.3079942212
4,[],[],0,0.0
