,customer,weight,round,length
0,"[111, 110, 43, 50, 54, 87]","[2, 2, 5, 2, 2, 1]",0,3336.8073182243998
1,[],[],0,0.0
2,[],[],0,0.0
3,[],[],0,0.0
4,"[90, 73, 131, 56, 74, 51, 82]","[1, 1, 1, 1, 1, 1, 2]",0,1875.8434567656
