,customer,weight,round,length
0,"[189, 187, 186, 185, 33, 139, 141, 63, 23, 167, 38, 129, 20, 188]","[1, 1, 1, 1, 1, 1, 1, 2, 1, 1, 1, 1, 1, 1]",0,2988.1758253125
1,"[29, 32, 101, 200]","[1, 1, 1, 5]",1,3958.5062227050003
