,customer,weight,round,length
0,[],[],0,0.0
1,[],[],0,0.0
2,"[30, 258, 257, 38, 234, 45, 132, 13, 34, 129]","[2, 1, 1, 1, 1, 1, 1, 1, 1, 1]",0,2318.7128145847
3,"[239, 260, 237, 245, 84, 212, 27]","[1, 1, 2, 1, 1, 1, 1]",0,2789.2533352029996
4,[],[],0,0.0
