,task,distance
0,[0],1664.1133514945
1,[1],0.0
2,[2],0.0
3,[3],2020.197459287
4,[4],0.0
