,customer,weight,round,length
0,"[66, 46, 45, 44, 1, 32, 31, 2, 65, 19]","[2, 1, 1, 2, 1, 1, 3, 1, 2, 1]",0,3219.925292571
1,"[20, 18, 28, 17, 58, 57, 16, 27]","[2, 3, 1, 2, 2, 1, 2, 2]",0,3233.8081152020004
2,"[57, 26, 64]","[1, 3, 2]",1,2522.417124662
3,[],[],1,0.0
