,task,distance
0,"[0, 2]",8529.175023589
1,"[1, 3]",7667.7541725804
