,customer,weight,round,length
0,"[90, 125, 42, 95, 23, 121, 123, 117, 118, 38]","[5, 1, 1, 1, 1, 1, 1, 1, 1, 2]",0,3865.322488769
1,"[90, 70, 153]","[13, 1, 1]",0,1764.165715186
2,"[149, 132, 56, 51, 113, 94]","[1, 1, 3, 2, 7, 1]",1,3099.596185258
3,"[182, 24, 130, 80, 176, 179, 28, 43, 87, 155, 84, 150, 60, 14]","[1, 1, 1, 1, 1, 1, 1, 2, 1, 1, 1, 1, 1, 1]",1,6340.457908438
4,"[174, 67, 69, 68, 160, 140]","[3, 1, 2, 1, 1, 1]",2,7351.719942205
5,[],[],2,0.0
