,task,distance
0,"[0, 2, 5]",14231.519024925601
1,"[1, 3, 4]",17527.019659574
