,task,distance
0,"[0, 2, 4]",14316.638616232
1,"[1, 3, 5]",8104.623623624
