,customer,weight,round,length
0,[],[],0,0.0
1,"[130, 30, 71, 86, 51, 54, 105, 123, 22, 24, 87]","[1, 1, 1, 1, 2, 1, 2, 1, 1, 1, 1]",0,2000007301.7946622
2,"[8, 63, 64, 143, 61, 57, 117, 12, 44, 100]","[1, 1, 1, 2, 1, 2, 4, 1, 1, 1]",0,2000006185.3092642
3,[],[],0,0.0
4,[],[],0,0.0
