,customer,weight,round,length
0,"[54, 106, 123, 121, 122, 105]","[1, 1, 1, 2, 2, 2]",0,1406.2415299006998
1,[],[],0,0.0
2,"[22, 23, 24, 46, 47, 48, 87, 86, 109, 124, 51]","[1, 1, 1, 1, 1, 1, 1, 1, 1, 1, 2]",0,5050.587887344
3,"[5, 114, 71, 66, 30, 42, 148, 145, 143, 43, 64, 63, 65, 59]","[1, 1, 1, 1, 1, 1, 1, 1, 2, 1, 1, 1, 1, 1]",0,14532.600913039003
4,[],[],0,0.0
