,task,distance
0,[0],1406.2415299006998
1,[1],0.0
2,[2],5050.587887344
3,[3],14532.600913039005
4,[4],0.0
