,task,distance
0,[0],1063.234089942
1,[1],0.0
2,[2],0.0
3,[3],4728.929138477
4,[4],2000009500.642571
