,task,distance
0,[0],6785.893010321
1,[1],0.0
2,[2],3585.7295449437
3,[3],4886.7249706106
4,[4],0.0
