,customer,weight,round,length
0,"[14, 26, 123, 45, 49, 90, 108]","[1, 2, 1, 3, 1, 1, 1]",0,3125.7766599710003
1,[],[],0,0.0
2,"[118, 11, 34, 97, 98, 37, 62]","[3, 3, 2, 1, 2, 2, 2]",0,3391.623485244
3,"[108, 27, 24, 39, 65, 19, 60, 53]","[1, 1, 1, 2, 6, 1, 2, 1]",0,4801.435638189
