,customer,weight,round,length
0,"[106, 38]","[2, 1]",0,2354.598963487
1,"[64, 116, 117, 100, 102, 101, 21, 167, 168, 60]","[1, 1, 1, 1, 1, 1, 2, 3, 3, 1]",0,7166.324331742999
2,"[186, 179, 180, 182, 181, 178, 131, 202, 218, 219, 4, 5]","[2, 1, 1, 1, 1, 1, 2, 1, 2, 1, 1, 1]",0,6139.8004831602
3,[],[],0,0.0
