,customer,weight,round,length
0,"[108, 102, 81]","[2, 1, 3]",0,2103.54768192
1,"[24, 216, 217, 96, 158, 157, 115, 156, 154, 153]","[1, 1, 1, 2, 1, 1, 2, 1, 1, 1]",0,1452.7441381181002
2,"[16, 93, 214, 94, 95, 91, 15, 82, 28, 17]","[2, 1, 2, 1, 1, 1, 1, 1, 1, 1]",0,7265.155493215299
3,"[220, 120, 119, 97, 75, 98, 152, 149]","[2, 1, 1, 1, 1, 1, 3, 1]",0,1159.1806912764998
