,customer,weight,round,length
0,[4],[1],0,550.225765172
1,[11],[1],0,305.983240428
