,task,distance
0,[0],550.225765172
1,[1],305.983240428
