,customer,weight,round,length
0,[],[],0,0.0
1,"[70, 44, 68]","[2, 2, 1]",0,925.915403752
2,"[45, 65, 59, 33, 19, 32, 23, 24]","[1, 1, 1, 6, 1, 3, 1, 1]",0,9357.110343287999
3,[],[],0,0.0
