,customer,weight,round,length
0,"[2, 3, 20, 19, 5, 1, 8, 7, 4, 9, 6, 13]","[1, 1, 1, 1, 1, 1, 2, 1, 1, 2, 2, 1]",0,4103.75863258
1,"[11, 14, 22, 16, 12, 15, 0, 10, 21, 17, 18]","[2, 1, 1, 1, 1, 1, 3, 1, 1, 1, 1]",1,2787.04844018
