,task,distance
0,[0],0.0
1,[1],10866.904142965
2,[2],241.006873256
