,customer,weight,round,length
0,[],[],0,0.0
1,"[80, 69, 64, 79]","[1, 1, 5, 2]",0,2705.632647493
2,[],[],0,0.0
3,"[25, 55, 85, 14, 46, 39, 91, 0, 74, 15]","[1, 3, 1, 1, 1, 1, 2, 2, 1, 2]",0,4293.348982377
