,task,distance
0,[0],0.0
1,[1],898.076769486
2,[2],2685.8153420314
3,[3],0.0
