,task,distance
0,[0],0.0
1,[1],444.418899168
2,[2],0.0
3,[3],1832.567489948
4,[4],0.0
