,customer,weight,round,length
0,"[42, 7, 10, 59, 79, 27, 33, 32, 20, 31, 43]","[1, 1, 1, 1, 1, 1, 2, 2, 1, 1, 1]",0,4057.5720502961994
1,[30],[4],0,257.121558108
