,customer,weight,round,length
0,[2],[15],0,1068.173929594
1,"[5, 12, 1]","[2, 1, 12]",1,2902.394046786
