,task,distance
0,"[0, 3, 5, 7, 8]",18355.902846233
1,"[1, 2, 4, 6, 9]",16840.715973273
