,customer,weight,round,length
0,"[49, 10, 41, 19, 36, 45, 37, 38, 22, 44]","[1, 3, 1, 3, 1, 1, 1, 1, 1, 2]",0,2471.5190282361
1,"[28, 40, 35, 11, 12, 18]","[1, 3, 3, 1, 1, 1]",1,3278.9061724834
