,task,distance
0,[0],0.0
1,[1],1867.2663746966
2,[2],1595.303834491
