,task,distance
0,[0],2685.8153420314
1,[1],898.076769486
2,[2],0.0
