,customer,weight,round,length
0,[],[],0,0.0
1,[],[],0,0.0
2,"[81, 49, 80, 63, 36, 92, 91, 120, 76, 83, 84, 82]","[1, 1, 1, 2, 1, 1, 1, 1, 1, 1, 1, 1]",0,5412.7909996119
3,[71],[1],0,175.6716853846
