,customer,weight,round,length
0,"[118, 22, 57, 60, 112, 89, 69, 51]","[4, 1, 1, 1, 1, 2, 1, 4]",0,3352.1479273228
1,[],[],0,0.0
2,"[115, 70, 58, 94, 66]","[7, 2, 1, 1, 1]",0,2331.278170981
3,[],[],0,0.0
