,customer,weight,round,length
0,[],[],0,0.0
1,[],[],0,0.0
2,"[15, 11, 5, 10, 4, 2, 19, 8, 13, 18, 6, 20]","[1, 1, 1, 1, 1, 1, 1, 1, 1, 1, 1, 1]",0,630.424095585
3,[],[],0,0.0
4,"[1, 14, 9, 17, 7, 12, 0, 16, 3]","[1, 4, 1, 1, 1, 1, 1, 2, 1]",0,2490.79487219
