,customer,weight,round,length
0,"[47, 41, 76, 87, 69, 65, 58, 45, 55, 56, 5, 4]","[1, 1, 1, 2, 1, 1, 2, 2, 1, 1, 1, 1]",0,2499.6044418625
1,"[67, 48, 15, 44, 94, 1, 13, 30, 0, 54, 75]","[1, 1, 1, 1, 1, 1, 1, 2, 2, 1, 3]",1,3054.985856554
2,"[2, 31, 32, 23, 12, 17]","[1, 1, 1, 1, 1, 2]",2,2548.580009769
