,task,distance
0,[0],0.0
1,[1],5239.992633177
2,[2],329.647099004
