,task,distance
0,[0],4767.7756708136
1,[1],205.917803202
