,task,distance
0,[0],6583.925143053002
1,[1],0.0
2,[2],0.0
3,[3],0.0
4,[4],1464.564117439
