,customer,weight,round,length
0,"[100, 158, 8, 9]","[1, 1, 1, 2]",0,669.9763766476
1,"[63, 71, 116, 126, 166, 151, 12, 60, 11]","[1, 2, 1, 2, 1, 1, 1, 2, 1]",0,4309.9781855658
