,customer,weight,round,length
0,"[79, 175, 162, 4, 3, 134, 78]","[3, 1, 3, 1, 1, 4, 1]",0,1707.1118086594
1,"[66, 176, 172, 140, 83, 165, 164]","[2, 1, 1, 1, 4, 4, 2]",0,3413.1345135502997
