,task,distance
0,[0],1916.729667103
1,[1],7262.653619455999
