,customer,weight,round,length
0,[25],[8],0,414.730791114
1,"[33, 0, 34, 53, 54, 52, 51]","[1, 5, 1, 1, 1, 2, 2]",0,1957.156311122
2,[],[],0,0.0
3,[],[],0,0.0
4,[23],[7],0,511.102181154
