,customer,weight,round,length
0,[],[],0,0.0
1,"[11, 38, 59, 28, 8, 22, 9, 21, 10]","[1, 1, 1, 1, 1, 2, 3, 1, 1]",0,3538.1758834255
2,[50],[2],0,248.261983836
3,[],[],0,0.0
4,[],[],0,0.0
