,customer,weight,round,length
0,"[164, 86, 19, 97, 9, 53, 17, 159]","[4, 1, 1, 1, 1, 5, 1, 1]",0,4088.755028061
1,"[46, 182, 77, 78, 153, 184, 7, 28, 25, 102, 10, 196, 33]","[1, 1, 1, 1, 1, 1, 1, 1, 1, 2, 1, 2, 1]",1,11439.708749651
2,"[59, 122, 57, 4, 5, 120, 153, 54, 175, 95]","[1, 1, 1, 1, 1, 1, 6, 1, 1, 1]",2,13046.965343155
3,"[51, 118, 99, 60]","[1, 1, 1, 1]",3,10287.959938302998
