,task,distance
0,[0],1446.8170389548002
1,[1],758.8881454831001
