,customer,weight,round,length
0,"[24, 22, 42, 40, 26, 35, 49, 6, 11, 12, 9, 19, 8, 36]","[1, 1, 1, 1, 1, 1, 1, 1, 1, 2, 1, 1, 1, 1]",0,4101.422762829
1,"[5, 51, 28, 14, 32]","[1, 1, 5, 5, 1]",0,9496.5560498763
2,"[52, 47, 46, 16, 18, 17, 44, 34, 1, 29, 2, 15]","[2, 1, 1, 1, 1, 1, 1, 1, 1, 3, 1, 1]",0,2333.0964433373
