,task,distance
0,[0],926.307612437
1,[1],1341.151948163
2,[2],1032.085978222
