,task,distance
0,"[0, 3, 4]",9157.6849250319
1,"[1, 2, 5]",5950.682141918
