,customer,weight,round,length
0,"[0, 3]","[6, 9]",0,6785.0169234780005
1,"[5, 4]","[2, 4]",1,3684.8677231011998
