,task,distance
0,[0],1330.2809673779998
1,[1],6703.073294207999
