,customer,weight,round,length
0,"[18, 14, 48, 23, 47, 35, 3, 12, 7, 13, 24]","[1, 1, 2, 2, 1, 2, 2, 1, 1, 1, 1]",0,2048.026889269
1,"[2, 11, 38, 6, 1, 15, 36, 8, 16, 37, 41, 10]","[1, 1, 1, 1, 2, 1, 1, 1, 2, 1, 2, 1]",1,1535.255547285
2,"[9, 20, 29, 19, 5, 28, 46, 34, 39, 21, 22]","[1, 2, 1, 2, 3, 1, 1, 1, 1, 1, 1]",2,1858.5940711389999
3,"[26, 4, 17, 30, 33, 40, 49, 45, 43, 25, 27, 0, 42, 34]","[1, 1, 2, 1, 1, 1, 1, 1, 1, 1, 1, 1, 1, 1]",3,2454.629106273
4,"[44, 32, 31]","[1, 1, 1]",4,1956.1758169549998
