,customer,weight,round,length
0,"[46, 62, 28, 63, 7]","[1, 4, 1, 1, 6]",0,1319.8493710793
1,"[61, 47, 30, 22, 34, 1, 32]","[5, 2, 1, 1, 1, 2, 1]",0,2134.3072425299997
