,task,distance
0,[0],3319.461047722
1,[1],3966.941930772
