,task,distance
0,[0],87.2406485582
1,[1],5848.232896859001
2,[2],2116.9478468055
3,[3],1724.8577268199
4,[4],3091.77192324
