,task,distance
0,[0],2752.0296024481004
1,[1],144.4567989976
2,[2],0.0
3,[3],1317.39634888
4,[4],5049.28787451
