,task,distance
0,[0],0.0
1,[1],0.0
2,[2],2254.263880906
3,[3],0.0
4,[4],6135.208006387
