,task,distance
0,[0],0.0
1,[1],8180.542408282999
2,[2],0.0
3,[3],264.77820429
4,[4],0.0
