,task,distance
0,[0],1997.75874665
1,[1],232.302808126
