,customer,weight,round,length
0,"[23, 25]","[7, 8]",0,925.832972268
1,"[13, 3, 55, 5, 62, 63, 54, 51, 34]","[2, 3, 1, 3, 1, 1, 1, 2, 1]",0,2746.5815175284997
2,"[28, 44, 30, 17, 41, 45, 43, 7, 6, 47, 64, 60, 59, 53]","[1, 1, 1, 1, 1, 1, 1, 1, 1, 2, 1, 1, 1, 1]",0,4154.9076044478
3,"[52, 38, 11, 10, 9, 8, 0, 33]","[2, 1, 1, 1, 3, 1, 5, 1]",0,2310.661015002
4,[],[],1,0.0
5,"[21, 20, 22, 50, 24]","[1, 1, 2, 2, 2]",1,2386.5951733244
6,[],[],1,0.0
7,[],[],1,0.0
