,customer,weight,round,length
0,[1],[10],0,458.977817886
1,[],[],0,0.0
2,"[3, 15]","[1, 2]",0,1638.5569154819998
3,[],[],0,0.0
