,task,distance
0,[0],2000000229.4889088
1,[1],0.0
2,[2],0.0
3,[3],2870.348880463
