,customer,weight,round,length
0,"[28, 0, 7]","[5, 5, 5]",0,1423.2699509027
1,"[20, 32, 36, 9, 38, 33, 34, 10]","[3, 2, 1, 1, 1, 4, 2, 1]",0,4331.6536387940005
2,"[8, 36, 25]","[12, 1, 2]",1,3842.70859446
3,"[35, 41, 37, 13, 19, 11, 31]","[5, 5, 1, 1, 1, 1, 1]",1,5993.487723443
4,[],[],2,0.0
5,[35],[14],2,2916.13350018
