,customer,weight,round,length
0,"[35, 46, 49]","[1, 1, 13]",0,3959.514565648
1,"[30, 34, 5, 8, 7]","[1, 1, 1, 8, 1]",1,4830.667405181
