,customer,weight,round,length
0,[],[],0,0.0
1,[2],[1],0,161.024658093
2,"[31, 32, 41, 4]","[3, 5, 1, 1]",0,8543.568138278
3,[],[],0,0.0
