,customer,weight,round,length
0,"[89, 99, 100]","[5, 5, 5]",0,3513.8889664509998
1,"[90, 55, 85, 15, 87, 7, 70]","[1, 2, 7, 2, 1, 1, 1]",0,5246.195849529
2,"[30, 94, 35, 42, 25, 98, 68, 67]","[1, 2, 1, 1, 3, 1, 3, 3]",0,4833.009366726
3,[],[],1,0.0
4,[92],[1],1,5077.05480174
5,[],[],1,0.0
