,task,distance
0,"[0, 4]",8590.943768191
1,"[1, 3]",5246.195849529
2,"[2, 5]",4833.009366726
