,task,distance
0,[0],2782.658338011
1,[1],3846.2553225202
2,[2],1080.056900807
