,task,distance
0,[0],1823.467485334
1,[1],2014.464684206
2,[2],4106.837024703
3,[3],1750.3710474220002
