,task,distance
0,[0],6540.09814121
1,[1],1889.671584322
2,[2],2615.455828468
3,[3],1503.059672981
