,customer,weight,round,length
0,"[45, 13, 102, 99]","[6, 1, 1, 1]",0,977.183411802
1,"[79, 78, 84, 41, 35, 51, 20, 95, 93, 104, 55, 0]","[1, 1, 2, 1, 1, 1, 2, 1, 1, 1, 2, 1]",0,5869.383080509999
