,customer,weight,round,length
0,"[50, 38, 37, 36, 24, 57, 29, 81]","[2, 1, 1, 2, 3, 2, 1, 3]",0,2354.5096854845997
1,"[19, 103, 69, 72]","[2, 2, 10, 1]",0,1403.1347093593
2,"[39, 43, 83]","[1, 3, 2]",1,2278.250713365
3,[],[],1,0.0
