,customer,weight,round,length
0,"[37, 35, 41, 42, 83]","[1, 1, 1, 1, 2]",0,2260.8626225751
1,"[57, 90, 78, 102, 13, 99, 55, 104, 103, 19]","[2, 1, 1, 1, 1, 1, 2, 1, 2, 2]",0,4175.614736324
