,task,distance
0,[0],977.183411802
1,[1],5869.383080509999
