,task,distance
0,"[0, 3]",2354.5096854846
1,"[1, 2]",3681.3854227243
