,customer,weight,round,length
0,"[40, 115, 24, 7, 12]","[2, 1, 1, 1, 10]",0,1287.266791741
1,"[136, 20, 74, 51, 68, 75, 112, 80]","[1, 1, 1, 2, 3, 2, 2, 2]",1,4884.270152886999
