,customer,weight,round,length
0,"[53, 21, 8, 40, 59, 4, 3]","[1, 1, 1, 1, 9, 1, 1]",0,3569.360640889
1,"[19, 34, 32, 7, 74, 73, 5, 6, 43, 52, 20]","[1, 1, 3, 2, 1, 2, 1, 1, 1, 1, 1]",0,1903.627167654
2,"[49, 11, 58, 10, 23, 14, 27, 1, 28, 39, 31, 2]","[2, 1, 1, 1, 1, 1, 1, 1, 1, 2, 1, 2]",1,5059.9070812889995
3,"[54, 57, 29, 7, 63, 12, 33, 47, 48, 30, 13, 9, 22]","[2, 1, 1, 1, 1, 2, 1, 1, 1, 1, 1, 1, 1]",1,3757.615828082
4,"[51, 64, 50, 18, 38, 61, 69, 70, 37, 25, 45, 24, 26]","[1, 1, 1, 1, 1, 1, 1, 1, 2, 2, 1, 1, 1]",2,5787.45226125
5,"[56, 15, 60, 16, 67, 71, 41, 17, 68, 46, 44, 36, 65]","[1, 1, 1, 2, 1, 1, 1, 1, 1, 2, 1, 1, 1]",2,3388.549509
6,"[66, 62, 0, 42, 72, 35, 55]","[1, 1, 1, 1, 1, 1, 2]",3,4088.4266297900003
7,[],[],3,0.0
