,task,distance
0,[0],3590.9170410427
1,[1],0.0
2,[2],0.0
3,[3],937.425698214
4,[4],2985.259981032
