,task,distance
0,[0],0.0
1,[1],0.0
2,[2],0.0
3,[3],4542.543959312
4,[4],2386.9588200736
