,customer,weight,round,length
0,"[27, 26, 114, 15, 112, 111, 44, 106, 88, 93, 62, 85]","[1, 1, 1, 2, 1, 1, 2, 1, 1, 1, 1, 2]",0,4826.7931811616
1,"[82, 7, 9, 54, 53, 61, 60, 59]","[1, 1, 3, 1, 1, 1, 1, 1]",0,1433.5399154759
2,"[86, 14, 113, 16, 76, 116, 115, 17, 28, 77]","[1, 1, 1, 1, 1, 2, 1, 2, 1, 4]",0,1981.1763239870002
3,"[156, 158, 8, 10, 23, 22, 91]","[1, 2, 1, 1, 1, 3, 3]",0,1581.947212479
