,task,distance
0,"[0, 7]",2500.2891496710004
1,"[1, 6]",3840.005749929801
2,"[2, 5]",4702.468284957
3,"[3, 4]",9661.461449198
