,task,distance
0,[0],203.006074714
1,[1],5254.0302220161
2,[2],0.0
3,[3],72.5896584432
