,customer,weight,round,length
0,[2],[15],0,5847.79204118
1,[2],[5],0,5847.79204118
