,customer,weight,round,length
0,"[17, 55, 57]","[11, 1, 3]",0,431.9520431243
1,"[17, 44, 56]","[2, 4, 2]",1,983.3556727790001
