,customer,weight,round,length
0,"[105, 13, 14, 48, 144, 118, 38, 5]","[1, 1, 3, 1, 2, 1, 5, 1]",0,3512.9763352850005
1,"[8, 7, 126, 62, 51, 57, 20, 109, 40]","[1, 1, 1, 1, 4, 1, 1, 1, 1]",0,5858.222296208
2,[],[],0,0.0
3,[],[],0,0.0
4,"[137, 136, 135, 10, 140, 30, 29, 41, 142, 110, 111, 139]","[1, 1, 1, 1, 1, 1, 1, 1, 1, 2, 1, 1]",0,2520.18470007
