,task,distance
0,[0],0.0
1,[1],0.0
2,[2],4293.031442932999
3,[3],4639.188671874999
4,[4],5744.083080345
