,customer,weight,round,length
0,"[41, 45, 42, 43]","[1, 1, 2, 2]",0,712.518161896
1,"[75, 49, 91, 15, 74, 14, 80, 65, 81, 82]","[2, 2, 2, 1, 2, 1, 1, 1, 1, 2]",0,1898.3173377203
2,"[17, 5, 92, 4, 38, 61, 70, 71, 13, 84, 40, 2, 62]","[2, 1, 2, 1, 1, 1, 1, 1, 1, 1, 1, 1, 1]",0,3539.2181290356
3,[],[],0,0.0
4,[],[],0,0.0
