,customer,weight,round,length
0,[],[],0,0.0
1,"[21, 18, 33, 73, 72, 51, 52, 79, 54, 55, 19]","[1, 1, 1, 1, 4, 1, 1, 1, 1, 2, 1]",0,4279.010719578
2,[],[],0,0.0
3,"[48, 47, 6, 22, 8, 78, 7, 56, 57]","[2, 1, 3, 2, 1, 2, 1, 1, 1]",0,1938.763240004
4,"[25, 20, 28, 29, 27, 26]","[2, 2, 2, 2, 3, 2]",0,871.0270267369
