,task,distance
0,[0],7807.501545642001
1,[1],6345.843497701
