,customer,weight,round,length
0,"[105, 14, 15, 138, 21, 24, 129, 74]","[2, 6, 1, 1, 1, 2, 1, 1]",0,1935.9466477421
1,"[76, 26, 27, 98, 97, 51, 137, 106, 46, 64, 22, 58]","[1, 1, 1, 1, 1, 1, 1, 1, 2, 2, 2, 1]",1,7011.595646128
2,"[103, 137, 136, 47, 71, 89, 95]","[1, 1, 1, 1, 1, 1, 1]",2,7414.086855590001
