,customer,weight,round,length
0,"[49, 55, 36, 59, 37, 1, 43, 51]","[1, 1, 1, 4, 1, 2, 4, 1]",0,2000027918.9165218
1,"[2, 24]","[1, 1]",1,2000000065.4356709
