,task,distance
0,[0],2350.650310834
1,[1],2174.4029891616
2,[2],5223.8795279860005
