,task,distance
0,[0],3808.891936786
1,[1],2615.992600036
2,[2],2295.4691332539
