,customer,weight,round,length
0,[],[],0,0.0
1,"[79, 49, 29, 50, 54]","[1, 2, 1, 1, 3]",0,1841.4131723254
2,"[56, 55, 57]","[2, 1, 10]",0,1431.298283285
3,"[75, 48, 24, 64, 6, 7, 1, 2, 102, 98]","[1, 1, 1, 1, 1, 6, 1, 1, 1, 1]",0,5162.556498374
