,customer,weight,round,length
0,[15],[10],0,205.274440068
1,[],[],0,0.0
2,"[4, 27, 22, 18, 32]","[3, 1, 1, 1, 1]",0,2224.124355414
