,customer,weight,round,length
0,"[51, 26, 3, 47, 5]","[1, 1, 1, 1, 1]",0,1489.628719086
1,[25],[1],0,148.6754665454
2,[],[],0,0.0
