,customer,weight,round,length
0,[],[],0,0.0
1,"[16, 62, 84, 21, 20, 86, 74]","[1, 1, 2, 1, 1, 5, 3]",0,1939.517691162
2,[],[],0,0.0
3,[36],[3],0,165.6947843126
4,[],[],0,0.0
