,customer,weight,round,length
0,[71],[2],0,187.6744999844
1,[],[],0,0.0
2,[],[],0,0.0
3,"[63, 31, 37, 82, 66, 58, 9, 8]","[2, 1, 1, 1, 1, 1, 4, 4]",0,3966.470010555
4,[],[],0,0.0
