,customer,weight,round,length
0,[],[],0,0.0
1,"[56, 13, 36, 84, 82, 75, 37, 73]","[1, 5, 3, 2, 1, 1, 1, 1]",0,6798.670615509
2,[8],[4],0,2200.3979125
3,[],[],0,0.0
4,[],[],0,0.0
