,task,distance
0,[0],4601.061297002
1,[1],0.0
2,[2],3777.468127189
