,task,distance
0,[0],0.0
1,[1],6019.259445665
2,[2],2272.0712948050004
