,customer,weight,round,length
0,[],[],0,0.0
1,"[95, 20, 28, 39, 45, 53, 54]","[1, 2, 1, 1, 1, 2, 1]",0,3887.8638154989994
2,"[85, 72, 24, 66, 82]","[7, 2, 2, 1, 3]",0,2423.318980358
3,[96],[7],0,189.5000760876
