,task,distance
0,[0],2099.838034584
1,[1],4743.987309531
2,[2],0.0
3,[3],0.0
