,task,distance
0,[0],0.0
1,[1],3095.7530052193006
2,[2],236.832957566
3,[3],0.0
