,task,distance
0,[0],0.0
1,[1],3887.863815499
2,[2],2423.318980358
3,[3],189.5000760876
