,customer,weight,round,length
0,"[73, 33, 108, 13, 34, 124, 59, 98, 77, 88]","[2, 1, 3, 1, 1, 2, 2, 1, 1, 1]",0,3718.020621627
1,"[53, 87, 117, 47, 71, 3, 24, 39, 68, 69, 38]","[1, 2, 2, 1, 1, 1, 3, 1, 1, 1, 1]",0,3204.1469763615005
2,"[12, 107, 109, 93, 9, 14, 15, 16, 67, 89]","[1, 1, 1, 1, 1, 1, 1, 1, 1, 1]",1,5261.136721047999
3,[],[],1,0.0
