,task,distance
0,"[0, 2]",6332.917451607001
1,"[1, 3]",11555.965667358
