,task,distance
0,"[0, 2]",8431.3089260565
1,"[1, 3]",7178.079917884
