,customer,weight,round,length
0,"[20, 9, 4, 0, 5, 29, 12, 27]","[1, 3, 3, 2, 1, 2, 2, 1]",0,2759.9754775600004
1,"[23, 33, 18, 16, 32, 6, 17, 14]","[1, 2, 1, 1, 2, 4, 3, 1]",0,1618.885446625
2,"[35, 3, 24, 22, 8, 34]","[1, 2, 2, 1, 2, 3]",0,1535.6964894839998
3,"[28, 7, 19, 1, 25, 13, 31, 2]","[2, 3, 1, 3, 1, 1, 1, 1]",0,1753.0244201360001
4,"[26, 30, 11, 10, 21, 15]","[3, 2, 3, 2, 1, 3]",0,1242.14702779
