,customer,weight,round,length
0,"[31, 48, 47, 46, 6, 7, 49]","[3, 1, 2, 2, 2, 3, 2]",0,2965.4956893
1,"[43, 45, 52]","[3, 2, 3]",0,1086.610518649
2,"[51, 13, 21, 1, 2, 14]","[2, 1, 3, 2, 3, 4]",0,2984.060055139
3,"[33, 38, 19, 20, 36, 35, 34, 18, 44]","[3, 1, 3, 2, 1, 1, 1, 2, 1]",0,3712.567320656
4,"[54, 25, 3, 24, 32, 23, 39, 17, 42, 41, 40]","[1, 1, 1, 1, 1, 2, 1, 3, 1, 2, 1]",0,2975.9936814225
