,customer,weight,round,length
0,"[14, 12, 7, 1, 6, 5, 4, 3, 8]","[1, 1, 3, 1, 3, 1, 2, 1, 2]",0,1868.0849189289997
1,[10],[13],0,136.0090647214
2,[],[],0,0.0
3,[9],[5],0,160.3086139562
