,customer,weight,round,length
0,[5],[11],0,81.1567075492
1,[],[],0,0.0
2,[0],[7],0,1788.580080398
