,customer,weight,round,length
0,"[31, 18]","[3, 2]",0,2272.0712948050004
1,"[36, 13, 2, 7, 46, 39, 32, 3, 54, 40]","[1, 1, 3, 3, 2, 1, 1, 1, 1, 1]",0,6019.2594456649995
