,customer,weight,round,length
0,"[41, 31, 22]","[3, 1, 1]",0,3031.4793838409996
1,"[187, 144, 63, 46, 48, 226, 32, 81, 97, 116, 44]","[1, 2, 1, 2, 1, 1, 1, 1, 1, 2, 1]",0,10998.714373511
2,[],[],0,0.0
