,customer,weight,round,length
0,"[102, 136, 45, 12, 95, 105, 24, 129, 76]","[4, 1, 2, 1, 1, 2, 2, 1, 1]",0,8169.956881229001
1,"[1, 59, 142, 103]","[1, 1, 6, 1]",0,2555.576960225
