,customer,weight,round,length
0,"[142, 18, 36]","[6, 1, 8]",0,850.7665719940001
1,"[60, 59, 9, 61]","[1, 1, 1, 12]",0,1209.4572655643
2,"[1, 9, 103, 71, 98, 97]","[1, 4, 1, 1, 1, 1]",1,6881.448708126
3,[],[],1,0.0
