,task,distance
0,"[0, 3]",8808.092180716
1,"[1, 2]",5573.2235259264
