,task,distance
0,[0],6030.061452079
1,[1],1478.3881667714002
