,task,distance
0,[0],4337.574976978
1,[1],256.589220322
2,[2],539.734572254
