,customer,weight,round,length
0,"[19, 53, 54, 14, 120, 100, 43, 80, 42, 49, 102, 8, 16, 22, 76]","[1, 1, 1, 1, 1, 1, 1, 1, 1, 1, 1, 1, 1, 1, 1]",0,14803.611320474
1,"[38, 39]","[7, 8]",1,3916.022179462
2,[68],[2],2,3959.96442622
