,customer,weight,round,length
0,"[101, 178, 179, 237, 180, 199, 63, 88, 96]","[1, 1, 1, 2, 2, 2, 1, 1, 2]",0,3320.5060065826997
1,[],[],0,0.0
2,"[103, 106, 204, 4, 213, 210, 215, 91, 150, 84, 64]","[2, 1, 1, 1, 1, 1, 1, 2, 1, 1, 1]",0,5320.316577371999
