,customer,weight,round,length
0,"[140, 237, 180, 24, 54, 234, 95]","[1, 2, 2, 1, 2, 1, 1]",0,11336.221657298001
1,[],[],0,0.0
2,"[93, 227, 14, 143, 127, 46, 106, 103, 91, 64, 150, 35, 155]","[1, 1, 1, 1, 1, 1, 1, 2, 2, 1, 1, 1, 1]",0,15400.090489717999
