,task,distance
0,[0],2177.26632674
1,[1],0.0
2,[2],2663.141304027
3,[3],293.325347864
