,task,distance
0,[0],0.0
1,[1],0.0
2,[2],4208.480614772001
3,[3],754.743610164
