,task,distance
0,[0],754.743610164
1,[1],4260.737819129399
2,[2],0.0
3,[3],1208.9183708434
