,customer,weight,round,length
0,"[74, 54, 53, 102, 103, 48, 64, 8, 158]","[2, 1, 2, 2, 1, 2, 2, 1, 1]",0,1903.3995340864997
1,[],[],0,0.0
2,[],[],0,0.0
3,"[75, 63, 76, 71, 118, 11, 100, 9, 158]","[2, 1, 1, 2, 4, 1, 1, 2, 1]",0,5607.793064581001
