,customer,weight,round,length
0,"[89, 45, 96, 146, 23, 94, 41, 43, 42]","[1, 2, 1, 1, 1, 2, 1, 1, 1]",0,2532.855152243
1,[],[],0,0.0
2,"[22, 123, 140, 34, 83, 35, 36, 98]","[1, 1, 1, 3, 4, 3, 1, 1]",0,2547.7176697876002
3,[],[],0,0.0
