,task,distance
0,[0],194.3653264048
1,[1],1969.0227294104
2,[2],0.0
3,[3],2589.6185582194
