,task,distance
0,[0],2532.855152243
1,[1],0.0
2,[2],2547.7176697876
3,[3],0.0
