,customer,weight,round,length
0,[99],[1],0,176.6006711046
1,"[11, 8, 21, 7, 6, 89, 61, 55, 77, 30, 95, 97]","[1, 1, 1, 1, 1, 1, 2, 1, 1, 1, 1, 1]",0,4424.7601516739005
