,task,distance
0,[0],6309.171789439701
1,[1],329.167313782
