,customer,weight,round,length
0,[11],[15],0,183.183723649
1,"[11, 19, 7]","[2, 1, 1]",1,9028.2979871885
