,customer,weight,round,length
0,[25],[15],0,7109.96657098
1,"[18, 1]","[3, 3]",1,1787.0278978850001
