,customer,weight,round,length
0,[11],[15],0,1424.258552448
1,"[29, 12]","[1, 2]",1,7665.265545799
