,customer,weight,round,length
0,[32],[15],0,79.3129266994
1,"[32, 28]","[2, 1]",1,7701.5742294797
