,task,distance
0,[0],0.0
1,[1],0.0
2,[2],98.7567346056
3,[3],1889.210695826
4,[4],140.4405458342
