,customer,weight,round,length
0,[20],[15],0,909.381377318
1,"[22, 14, 18, 19, 36, 32]","[2, 2, 2, 2, 1, 1]",0,2693.0173262480002
