,task,distance
0,"[0, 3]",4619.0795171808
1,"[1, 2]",3791.5214915518
