,task,distance
0,[0],909.381377318
1,[1],2693.017326248
