,task,distance
0,[0],3090.9270049514
1,[1],2750.3910834535
2,[2],536.2795323225
3,[3],4849.832793394
4,[4],0.0
