,customer,weight,round,length
0,"[60, 75, 34, 91, 23, 58, 24, 59]","[1, 1, 2, 3, 4, 1, 1, 2]",0,1485.7782214638999
1,"[57, 10, 3, 1, 79, 45, 17, 70, 32]","[1, 1, 1, 1, 1, 7, 1, 1, 1]",0,2630.6705188060005
2,[],[],1,0.0
3,[46],[1],1,1491.855642266
