,task,distance
0,"[0, 3]",2977.6338637299
1,"[1, 2]",2630.6705188060005
