,task,distance
0,"[0, 2]",2460.8420923680005
1,"[1, 3]",3651.1022527164
