,task,distance
0,"[0, 3]",4950.1908607122
1,"[1, 2]",4606.33347144
