,task,distance
0,[0],6759.713343989001
1,[1],0.0
2,[2],2146.281705656
