,task,distance
0,"[0, 5]",4395.4985804558
1,"[1, 4]",5064.3334121972
2,"[2, 6]",2967.2335185441
3,"[3, 7]",8423.718687690898
