,customer,weight,round,length
0,"[115, 179, 65, 178, 60, 61, 62, 63, 73, 84, 52, 55]","[1, 2, 1, 1, 1, 1, 1, 1, 2, 1, 1, 2]",0,5143.82305483
1,"[154, 101, 16, 183, 184, 99, 152, 54]","[1, 2, 2, 1, 1, 1, 1, 1]",0,2249.427096751
