,customer,weight,round,length
0,"[43, 73, 103, 27, 102, 9, 12, 4, 11]","[4, 2, 2, 1, 1, 1, 1, 1, 1]",0,2212.0417251229997
1,"[18, 117, 118, 81, 82, 47, 54, 55, 0]","[1, 2, 1, 1, 1, 1, 1, 2, 1]",0,1750.5967071406
2,"[2, 6, 35, 51, 109, 50, 75, 77, 70, 8, 10]","[1, 2, 2, 1, 1, 1, 2, 1, 1, 1, 1]",0,2491.2523490289996
3,[],[],0,0.0
