,customer,weight,round,length
0,"[100, 40, 99, 98, 84, 87]","[1, 2, 1, 4, 1, 2]",0,1533.964652783
1,"[101, 96, 67, 92, 91, 90, 94, 93, 31, 32, 29, 86, 85]","[1, 1, 1, 1, 1, 1, 1, 1, 1, 2, 2, 1, 1]",0,2635.3008683887997
2,[],[],0,0.0
3,"[74, 108, 105, 106, 112, 95, 45, 115, 72, 111, 110]","[1, 1, 1, 1, 1, 2, 1, 1, 1, 1, 1]",0,3681.5366742417
