,customer,weight,round,length
0,"[2, 1, 21, 13, 33, 51]","[3, 2, 3, 1, 3, 2]",0,1714.4130549699003
1,"[14, 48, 47, 7, 49, 31]","[4, 1, 2, 3, 2, 3]",0,2543.2654798360004
