,task,distance
0,[0],1714.4130549699005
1,[1],2543.2654798360004
