,task,distance
0,[0],5381.344704814
1,[1],1199.0998128299
