,task,distance
0,[0],4520.511020456301
1,[1],14718.827377164002
2,[2],0.0
