,task,distance
0,[0],3441.852210391
1,[1],1742.401077626
2,[2],9427.118915496
3,[3],1742.4010776259995
4,[4],5012.636837933999
