,customer,weight,round,length
0,"[7, 12, 32]","[1, 2, 12]",0,8074.480983227701
1,[32],[5],0,79.3129266994
