,customer,weight,round,length
0,[25],[4],0,41.6838112286
1,[],[],0,0.0
2,[26],[14],0,98.7567346056
3,[26],[5],0,98.7567346056
4,[],[],0,0.0
