,customer,weight,round,length
0,[17],[7],0,1369.470955584
1,[],[],0,0.0
2,[26],[14],0,98.7567346056
3,[26],[5],0,98.7567346056
4,[],[],0,0.0
