,customer,weight,round,length
0,"[74, 81, 58, 54, 3, 29, 93]","[1, 1, 2, 1, 1, 1, 1]",0,5613.747522778
1,"[27, 119, 105, 61, 71, 126, 134, 38]","[1, 1, 2, 1, 1, 3, 1, 1]",0,6245.4235173570005
2,[],[],0,0.0
3,[],[],0,0.0
