,customer,weight,round,length
0,"[26, 37, 25, 129, 107, 85]","[1, 1, 1, 3, 3, 1]",0,4726.344904373
1,[],[],0,0.0
2,[],[],0,0.0
3,"[115, 12, 24, 69, 57, 76, 52, 49, 50]","[1, 1, 1, 2, 1, 2, 1, 1, 1]",0,4398.00082776
