,task,distance
0,[0],4065.444870601
1,[1],2100.564403796
2,[2],3191.4796094289995
3,[3],1621.9175378873
4,[4],0.0
