,task,distance
0,[0],1373.675296827
1,[1],1595.1926550439998
2,[2],1211.81062762
3,[3],1435.63238813
4,[4],0.0
