,task,distance
0,"[0, 5]",9523.368999550305
1,"[1, 9]",5019.471266238999
2,"[2, 6]",8231.674019635
3,"[3, 8]",2000005212.585059
4,"[4, 7]",7289.2474007966
