,customer,weight,round,length
0,[40],[10],0,254.44492968
1,"[24, 25, 23, 26, 53, 32, 72, 55, 45, 71, 39]","[1, 2, 1, 2, 1, 3, 1, 1, 1, 1, 1]",0,3154.5017455182006
2,"[40, 10, 69, 44, 70]","[8, 1, 1, 2, 2]",0,3416.0108941880003
