,task,distance
0,[0],254.44492968
1,[1],3154.501745518201
2,[2],3416.0108941880003
