,task,distance
0,[0],0.0
1,[1],0.0
2,[2],2000001409.3353257
3,[3],2000002421.1853013
