,customer,weight,round,length
0,"[61, 99, 53, 91, 93, 92, 32, 88, 96, 57, 55, 13, 20]","[1, 1, 1, 1, 1, 1, 2, 1, 2, 1, 1, 1, 1]",0,3324.7597371837005
1,"[38, 40, 30, 73]","[1, 1, 1, 1]",1,2489.984374593
