,task,distance
0,[0],2556.1418168057003
1,[1],4830.917501805001
2,[2],6146.932692460001
3,[3],3165.7595034527
