,customer,weight,round,length
0,"[103, 102, 135, 99, 144, 22, 37, 34, 33, 18, 131, 132]","[1, 1, 1, 1, 1, 2, 1, 1, 1, 1, 2, 1]",0,4043.825437129
1,"[130, 20, 19, 178, 133, 177, 151, 152, 136, 137, 134, 21]","[2, 1, 2, 1, 1, 1, 1, 1, 1, 1, 1, 2]",0,3557.7728608059997
2,[],[],0,0.0
3,"[83, 163, 31, 32, 171, 16, 129, 168, 125]","[2, 1, 1, 1, 2, 1, 1, 1, 1]",0,3272.7415589260004
4,"[164, 0, 2, 5, 82, 42, 70]","[5, 1, 2, 1, 1, 1, 1]",0,3813.897619762
