,customer,weight,round,length
0,"[76, 56, 31]","[2, 1, 12]",0,2000000856.308847
1,"[53, 54, 0, 52, 58]","[2, 4, 2, 1, 6]",0,2000000987.7157826
2,[],[],1,0.0
3,"[70, 16, 78, 4, 71, 68, 67, 14]","[2, 1, 1, 3, 1, 2, 2, 1]",1,2000003104.7179878
