,task,distance
0,"[0, 3]",4000003961.026835
1,"[1, 2]",2000000987.7157824
