,task,distance
0,"[0, 2]",2000002321.5671957
1,"[1, 3]",2000002719.2405584
