,task,distance
0,[0],2970.5698378433
1,[1],4474.243115658301
