,task,distance
0,[0],5428.0039456523
1,[1],142.7485800266
