,task,distance
0,[0],1563.2294903457
1,[1],1421.5903602090002
