,customer,weight,round,length
0,[23],[3],0,307.860414364
1,[],[],0,0.0
2,"[21, 24, 34, 29]","[2, 1, 2, 2]",0,1807.293707273
