,task,distance
0,[0],307.860414364
1,[1],0.0
2,[2],1807.293707273
