,customer,weight,round,length
0,"[25, 18, 16, 31, 17, 19, 37, 20, 6, 24]","[2, 3, 1, 1, 1, 1, 1, 3, 1, 1]",0,3072.8187568309995
1,"[9, 11, 39, 29]","[1, 1, 1, 12]",0,4848.894394213
2,"[7, 15, 36, 2]","[12, 1, 1, 1]",0,2929.1478983389998
3,"[8, 23, 38]","[12, 1, 2]",0,2493.9266903929997
4,[3],[13],0,1056.241261106
