,task,distance
0,[0],2078.515948807
1,[1],547.509921454
2,[2],0.0
3,[3],0.0
4,[4],6681.891230763
