,customer,weight,round,length
0,[],[],0,0.0
1,"[79, 7, 3, 94, 95, 89, 40, 24, 63, 60, 97, 101]","[2, 1, 1, 1, 1, 2, 1, 1, 1, 1, 1, 1]",0,7777.2032296463
2,[],[],0,0.0
3,[],[],0,0.0
4,"[119, 27, 13, 15, 122, 17, 104, 44, 11, 78]","[1, 1, 1, 3, 3, 2, 1, 1, 1, 1]",0,6421.258215366999
