,customer,weight,round,length
0,[34],[1],0,262.601882266
1,"[6, 29, 26, 32]","[1, 1, 1, 1]",0,1017.3773074541999
