,customer,weight,round,length
0,"[21, 31, 25, 9]","[1, 1, 1, 1]",0,642.7871505177001
1,[10],[2],0,218.003922334
