,task,distance
0,[0],1600.4441332699998
1,[1],808.046529288
