,task,distance
0,"[0, 4]",4317.95406846
1,"[1, 6]",6661.912402364
2,"[2, 7]",6024.496545503
3,"[3, 5]",6994.498390371
