,customer,weight,round,length
0,[],[],0,0.0
1,[],[],0,0.0
2,"[6, 0, 2, 1, 5, 3]","[1, 2, 1, 1, 1, 3]",0,2278.6318175339998
3,[7],[3],0,4483.83210368
4,[4],[1],0,3771.92567654
