,task,distance
0,[0],0.0
1,[1],0.0
2,[2],2278.631817534
3,[3],4483.83210368
4,[4],3771.92567654
