,task,distance
0,[0],2000002107.5812352
1,[1],2000007619.5870936
2,[2],0.0
