,task,distance
0,[0],0.0
1,[1],50975.660504596
2,[2],63982.69263414801
