,customer,weight,round,length
0,[25],[14],0,270.055428874
1,"[24, 22, 33, 13, 5, 23, 1]","[2, 2, 1, 3, 1, 2, 2]",0,2011.4319430842002
2,[],[],0,0.0
3,[24],[15],0,113.8447262164
4,[],[],0,0.0
