,task,distance
0,[0],909.381377318
1,[1],349.054489308
2,[2],0.0
3,[3],2674.535236775
4,[4],580.734538702
