,task,distance
0,[0],270.055428874
1,[1],2011.4319430842
2,[2],0.0
3,[3],113.8447262164
4,[4],0.0
