,task,distance
0,[0],0.0
1,[1],0.0
2,[2],2936.4032954100003
3,[3],270.055428874
4,[4],0.0
