,task,distance
0,[0],2106.9314730459
1,[1],0.0
2,[2],1963.202744381
