,task,distance
0,[0],3231.864375719
1,[1],4808.62936712
2,[2],2017.295127464
3,[3],0.0
