,task,distance
0,[0],5221.074853862
1,[1],6719.612387063
2,[2],0.0
3,[3],1404.924256389
