,customer,weight,round,length
0,"[92, 115, 17, 90, 65, 112, 150, 152, 151, 176, 177, 44, 110]","[1, 2, 2, 1, 1, 1, 1, 1, 1, 1, 1, 1, 1]",0,8492.571400903
1,"[29, 9, 83, 53, 70, 165, 51, 18, 68]","[1, 1, 1, 1, 1, 1, 1, 1, 1]",1,11658.659336047998
