,customer,weight,round,length
0,"[61, 59, 79, 15, 55, 23, 72, 12]","[1, 1, 2, 1, 5, 2, 1, 1]",0,4075.600779244
1,[],[],0,0.0
2,[],[],0,0.0
3,"[65, 46, 45, 63]","[3, 2, 2, 1]",0,1765.108072937
