,task,distance
0,[0],101.8627615892
1,[1],0.0
2,[2],0.0
3,[3],4730.6662074430005
