,customer,weight,round,length
0,"[63, 66, 106, 104, 9, 71, 95, 18, 83, 80, 20, 77]","[1, 1, 3, 1, 1, 1, 1, 1, 2, 1, 1, 1]",0,9412.488358960001
1,"[46, 90, 87]","[1, 1, 2]",0,1474.7026977219
