,task,distance
0,[0],0.0
1,[1],3293.383374409
2,[2],4206.588209787001
3,[3],1448.2577599380002
4,[4],0.0
