,task,distance
0,[0],3529.613384308
1,[1],3468.019105569
2,[2],0.0
3,[3],0.0
4,[4],0.0
