,task,distance
0,[0],2276.945676639
1,[1],5094.776611954
2,[2],6971.4290977910005
3,[3],0.0
4,[4],0.0
