,customer,weight,round,length
0,[],[],0,0.0
1,[],[],0,0.0
2,"[36, 57, 35, 14, 116, 54, 120, 121, 102]","[2, 1, 1, 1, 1, 1, 1, 1, 4]",0,4800.058812238
3,[],[],0,0.0
4,"[23, 51, 84, 28, 77, 78, 6, 66, 10, 11]","[2, 1, 2, 2, 1, 1, 1, 1, 2, 2]",0,9589.802680074
