,customer,weight,round,length
0,[],[],0,0.0
1,"[120, 121, 105, 17, 48, 56, 55]","[1, 1, 2, 2, 3, 2, 1]",0,1827.4648244569
2,"[100, 99, 58, 35, 103, 5, 54, 13, 115, 14, 15, 116]","[1, 1, 2, 1, 1, 2, 1, 1, 1, 1, 1, 1]",0,10130.0281724893
3,[],[],0,0.0
4,[],[],0,0.0
