,task,distance
0,[0],11423.362533696005
1,[1],0.0
2,[2],0.0
3,[3],2378.011909101
4,[4],0.0
