,task,distance
0,[0],0.0
1,[1],0.0
2,[2],4533.1154654090005
3,[3],3165.4624593809003
4,[4],0.0
