,customer,weight,round,length
0,"[63, 58, 102, 105, 134, 108, 46, 112, 84, 123, 149, 81, 90, 136]","[1, 1, 1, 2, 1, 1, 1, 1, 1, 1, 1, 1, 1, 1]",0,5806.603972724
1,[85],[3],1,3940.61326924
