,task,distance
0,[0],9247.689224518
1,[1],329.167313782
2,[2],0.0
3,[3],0.0
4,[4],0.0
