,task,distance
0,[0],2220.1526536
1,[1],1091.018758524
