,customer,weight,round,length
0,"[77, 78, 26, 9, 3, 4, 76, 10, 68, 12]","[1, 2, 3, 3, 1, 1, 1, 1, 1, 1]",0,2114.4655200108
1,"[21, 64, 20, 24]","[1, 1, 1, 2]",1,1798.6700105178002
