,task,distance
0,"[0, 3]",2205.3686074699003
1,"[1, 2]",5976.366133256201
