,task,distance
0,"[0, 2]",2403.263126711
1,"[1, 3]",5864.8190586253
