,customer,weight,round,length
0,"[49, 33, 58, 59, 74, 52]","[1, 1, 1, 2, 1, 1]",0,1492.4521311869003
1,[91],[2],0,397.752789014
2,[],[],0,0.0
3,[],[],0,0.0
4,"[88, 72, 84, 69, 44, 43, 2, 30, 28, 66]","[2, 1, 1, 2, 1, 2, 1, 1, 1, 3]",0,8598.631084771998
