,task,distance
0,[0],3203.497201933
1,[1],2333.9159672911
2,[2],0.0
