,customer,weight,round,length
0,"[26, 53, 111, 149, 186, 51, 49, 48, 19, 172, 113]","[3, 1, 1, 1, 1, 2, 1, 1, 1, 1, 2]",0,3152.936667996
1,"[120, 114, 117, 13, 22, 109, 94, 174, 182, 125, 126]","[2, 2, 1, 3, 1, 1, 1, 1, 1, 1, 1]",0,3491.7455206409995
2,"[153, 85, 101, 102, 81, 147, 15, 148, 95, 146, 186, 185, 151]","[2, 1, 1, 1, 1, 2, 1, 1, 1, 1, 1, 1, 1]",1,6257.0790573622
3,"[29, 122, 123, 124, 32, 31, 28, 6, 88, 58, 132, 21, 180]","[1, 2, 1, 2, 1, 1, 1, 1, 1, 1, 1, 1, 1]",1,4381.802267402
4,"[153, 39, 40]","[13, 1, 1]",2,3341.168616887
5,"[56, 33, 64, 62, 142, 133, 173, 153]","[2, 1, 1, 1, 2, 2, 1, 5]",2,7769.346585717
6,"[161, 162, 188, 68, 14, 157, 71, 145, 159]","[1, 1, 1, 1, 2, 2, 1, 1, 1]",3,4608.149029797
7,"[134, 135, 24, 136, 137, 140, 139, 129, 18, 130, 44, 38]","[1, 1, 1, 1, 1, 1, 2, 1, 1, 1, 1, 2]",3,8491.764490997
