,customer,weight,round,length
0,"[45, 19, 22, 73, 71, 39, 36, 38, 5, 41, 69, 40]","[1, 1, 1, 1, 1, 2, 1, 2, 1, 2, 1, 1]",0,2257.5875349899998
1,"[46, 1, 75, 21, 20, 37, 62, 7, 32, 9]","[1, 3, 1, 2, 1, 1, 1, 1, 1, 3]",0,1722.415468232
2,"[59, 75, 64, 43, 42, 49, 61, 11, 29, 3, 63, 35, 10]","[1, 1, 2, 1, 2, 1, 1, 1, 1, 1, 1, 1, 1]",1,1930.368922994
3,"[72, 30, 24, 74, 44, 6, 31, 34, 13, 60, 12, 0, 33]","[1, 1, 1, 1, 2, 1, 1, 1, 1, 2, 1, 1, 1]",1,2985.42241975
4,"[16, 64, 14, 50, 23, 57, 17, 70, 25]","[1, 4, 1, 2, 2, 2, 1, 1, 1]",2,2088.982203662
5,"[26, 64]","[1, 14]",2,1605.2243268250002
6,"[56, 67, 54, 27, 28, 58, 76, 52, 68, 4]","[1, 1, 1, 1, 1, 1, 1, 1, 1, 1]",3,1978.816153495
7,"[48, 8, 55, 51, 18, 47, 53, 65, 2, 15, 66]","[1, 1, 2, 1, 1, 1, 1, 2, 2, 2, 1]",3,2282.387767063
