,task,distance
0,[0],208.941672412
1,[1],0.0
2,[2],5124.468053495699
3,[3],0.0
