,customer,weight,round,length
0,"[40, 46, 71, 49, 44, 83, 50]","[3, 2, 2, 4, 1, 2, 1]",0,1820.2749456380002
1,"[39, 38, 72, 65, 56, 51, 67, 93, 48, 69, 127]","[1, 1, 1, 2, 1, 1, 1, 1, 2, 1, 3]",1,3481.4587767592
2,[147],[1],2,3099.22119262
