,task,distance
0,[0],0.0
1,[1],6466.272408850001
2,[2],1327.303401237
