,task,distance
0,[0],4661.526288972999
1,[1],0.0
2,[2],4798.23698741
