,task,distance
0,[0],8101.537977213999
1,[1],326.688506256
2,[2],0.0
