,customer,weight,round,length
0,"[2, 5, 28, 17, 18, 8, 7, 20]","[2, 1, 2, 2, 1, 3, 2, 2]",0,1622.309440725
1,"[9, 29, 4, 12, 27, 25, 15, 10, 31, 3, 32, 1]","[1, 1, 1, 2, 1, 1, 2, 1, 2, 1, 1, 1]",0,2497.4931269
2,"[21, 30, 26, 14, 16, 24, 22]","[1, 1, 4, 1, 2, 2, 1]",1,1285.007698355
3,"[13, 23, 11, 6, 19, 0, 17]","[2, 2, 1, 1, 2, 1, 1]",1,487.230931602
