,task,distance
0,"[0, 2]",2907.31713908
1,"[1, 3]",2984.724058502
