,task,distance
0,"[0, 3]",4577.2411901996
1,"[1, 2]",4228.5898785523
