,task,distance
0,"[0, 6]",5996.0631517130005
1,"[1, 7]",5640.3034083384
2,"[2, 4]",7372.551261978
3,"[3, 5]",16556.164604038997
