,customer,weight,round,length
0,"[6, 154, 157, 30, 156, 137, 129, 101, 133, 132]","[1, 2, 1, 1, 1, 2, 1, 1, 1, 1]",0,2067.185030384
1,[],[],0,0.0
2,"[128, 125, 106, 152, 18, 105, 82, 104, 100]","[1, 2, 1, 1, 1, 1, 1, 1, 1]",0,1948.944837932
