,task,distance
0,[0],1406.2415299006998
1,[1],5050.587887344
2,[2],14532.600913039005
