,task,distance
0,[0],0.0
1,[1],2000001637.988999
2,[2],2000008147.148626
