,customer,weight,round,length
0,[202],[6],0,85.4597814516
1,"[164, 193, 200, 169, 168, 160, 144, 201]","[1, 1, 6, 1, 1, 1, 1, 2]",0,2336.8140210590004
2,"[17, 64, 63, 23, 167, 189, 188, 187, 186, 185, 139, 141, 143]","[1, 1, 2, 1, 1, 1, 1, 1, 1, 1, 1, 1, 1]",0,3190.253370572
3,"[192, 191, 50, 51, 104, 42, 125, 203, 201]","[1, 3, 2, 1, 1, 1, 1, 1, 4]",0,2007.785095312
