,task,distance
0,"[0, 5]",12241.941731035997
1,"[1, 8]",13114.919749857
2,"[2, 7]",13260.335635915399
3,"[3, 6]",17243.4383157809
4,"[4, 9]",12865.289046758999
