,customer,weight,round,length
0,[9],[1],0,80.886628797
1,"[11, 30, 55]","[1, 1, 6]",0,2127.881841362
2,[],[],0,0.0
3,[],[],0,0.0
4,"[12, 33, 40, 8, 24, 32, 15, 61, 39, 52, 3]","[2, 1, 3, 2, 1, 1, 1, 1, 1, 1, 1]",0,5774.2535751172
