,customer,weight,round,length
0,"[4, 3, 34, 62, 61, 55, 30, 0]","[3, 1, 1, 1, 1, 6, 1, 1]",0,4449.627072341
1,[],[],0,0.0
2,"[9, 43, 25, 56, 2, 11]","[1, 1, 1, 1, 1, 1]",0,1217.1287445305002
3,[],[],0,0.0
4,[31],[2],0,276.486751662
