,customer,weight,round,length
0,"[23, 13, 37, 62]","[1, 1, 1, 1]",0,1522.392843872
1,[],[],0,0.0
2,"[17, 4, 2, 26, 58, 25, 31, 20, 0]","[1, 3, 1, 2, 1, 1, 2, 2, 1]",0,3847.544201261
3,[],[],0,0.0
4,[50],[1],0,329.009066704
