,task,distance
0,[0],2513.8983931338
1,[1],0.0
2,[2],457.000922642
3,[3],0.0
4,[4],0.0
