,task,distance
0,[0],4449.627072341
1,[1],0.0
2,[2],1217.1287445305002
3,[3],0.0
4,[4],276.486751662
