,task,distance
0,[0],5233.074004465
1,[1],1945.52336323
2,[2],141.648483707
3,[3],0.0
4,[4],0.0
