,task,distance
0,[0],0.0
1,[1],3684.450160227
2,[2],0.0
3,[3],236.418100712
