,task,distance
0,[0],0.0
1,[1],0.0
2,[2],89.108757036
3,[3],4832.320702668
