,task,distance
0,[0],124.3551614654
1,[1],0.0
2,[2],376.141703198
