,customer,weight,round,length
0,"[45, 44, 1, 22, 31, 32, 30, 0, 5]","[2, 1, 1, 2, 1, 1, 2, 2, 1]",0,2101.811026093
1,"[96, 84, 98, 53, 26, 25, 68, 48, 49, 62]","[4, 1, 1, 1, 2, 1, 1, 1, 1, 1]",0,4355.2570049182
