,task,distance
0,[0],173.071456592
1,[1],1438.556414881
2,[2],0.0
3,[3],3155.976963744401
4,[4],2045.7471830083
