,task,distance
0,[0],0.0
1,[1],4610.3739727516
2,[2],0.0
3,[3],7210.416277687
4,[4],0.0
