,task,distance
0,[0],6900.091463259
1,[1],0.0
2,[2],0.0
3,[3],2512.22022628
4,[4],0.0
