,customer,weight,round,length
0,[],[],0,0.0
1,[],[],0,0.0
2,"[62, 11, 32, 31, 23, 47, 22, 16, 75, 78, 6, 12, 13, 7]","[1, 1, 1, 1, 1, 1, 1, 1, 1, 1, 1, 1, 1, 1]",0,5909.0989820464
3,[],[],0,0.0
4,"[0, 58]","[1, 1]",0,943.6539950920001
