,task,distance
0,[0],4624.587772814
1,[1],192.7883593992
2,[2],0.0
3,[3],4010.724113693
4,[4],5150.277334640001
