,customer,weight,round,length
0,"[0, 139]","[4, 2]",0,730.398956012
1,"[101, 118, 11, 51, 137, 89, 102]","[4, 2, 1, 1, 2, 1, 4]",0,6148.441022801
2,"[2, 3, 111, 110]","[7, 1, 4, 2]",0,1437.0967347478
