,customer,weight,round,length
0,"[60, 142, 103, 95, 98, 97, 18]","[1, 6, 1, 1, 1, 1, 1]",0,4729.3348144338
1,[61],[12],0,547.674564766
2,"[36, 1, 9, 59]","[8, 1, 5, 1]",0,977.4679775750001
