,customer,weight,round,length
0,"[96, 118, 11, 101]","[1, 2, 1, 4]",0,2902.455360352
1,"[44, 64, 22, 15, 74, 97, 9, 3]","[1, 2, 2, 1, 1, 1, 5, 1]",0,6936.2959389570005
2,[61],[12],0,2890.09494696
