,customer,weight,round,length
0,"[42, 108, 52, 89, 27, 22]","[1, 1, 1, 2, 1, 1]",0,6587.287570188
1,[],[],0,0.0
2,"[31, 13, 18, 69, 15, 103, 51, 37]","[3, 1, 1, 1, 3, 2, 1, 3]",0,2169.8317504762
3,[],[],0,0.0
4,[],[],0,0.0
