,task,distance
0,[0],885.1223123499999
1,[1],4061.6546319615
2,[2],0.0
3,[3],1679.621972233
4,[4],0.0
