,task,distance
0,[0],859.996457647
1,[1],0.0
2,[2],8389.006265984
3,[3],0.0
4,[4],0.0
