,customer,weight,round,length
0,"[9, 8, 7, 42, 30, 70, 4, 43, 31, 32]","[1, 2, 1, 1, 4, 1, 1, 1, 1, 2]",0,2423.63787312
1,"[13, 83, 22, 23, 51, 73]","[1, 1, 1, 1, 3, 8]",0,1934.192175313
2,"[49, 60, 59, 38, 11, 10, 20, 17, 63, 81, 82, 33]","[1, 1, 1, 2, 1, 1, 1, 1, 1, 1, 2, 2]",0,3454.5600510760005
3,"[26, 86, 79, 56, 74, 62, 61, 40, 76, 14, 35, 64, 34]","[1, 1, 1, 1, 1, 1, 2, 1, 1, 1, 1, 2, 1]",0,3245.5829436126996
4,[],[],1,0.0
5,[],[],1,0.0
6,[],[],1,0.0
7,"[29, 67, 69, 62, 27, 57]","[1, 1, 1, 1, 1, 2]",1,5927.709319164999
