,task,distance
0,"[0, 6]",2423.63787312
1,"[1, 7]",7861.901494477999
2,"[2, 4]",3454.5600510760005
3,"[3, 5]",3245.5829436127
