,customer,weight,round,length
0,"[161, 94, 114, 9, 164]","[1, 1, 1, 1, 11]",0,5498.5955854740005
1,"[198, 123, 59, 162]","[12, 1, 1, 1]",0,3288.8893413660003
2,"[191, 79, 14, 10]","[2, 1, 1, 1]",1,9140.456619224698
3,[],[],1,0.0
