,task,distance
0,[0],11615.545580059
1,[1],440.493880898
