,customer,weight,round,length
0,"[33, 123, 3, 4, 49, 48, 147, 36, 146, 129, 143, 35]","[1, 1, 1, 1, 1, 3, 1, 1, 2, 1, 1, 1]",0,2976.394851717699
1,"[5, 131, 135, 136]","[9, 4, 1, 1]",1,2982.9870661649998
2,[134],[2],2,1416.149074672
