,task,distance
0,"[0, 2]",2260.483536695
1,"[1, 3]",2771.873350418
