,task,distance
0,[0],3008.2012892737
1,[1],5227.983215413801
