,customer,weight,round,length
0,"[149, 147, 150, 53, 182, 181, 179]","[1, 8, 1, 1, 2, 1, 1]",0,1528.87634069
1,[],[],0,0.0
2,"[177, 178, 148, 62, 63, 69, 128, 30, 76, 11, 29]","[2, 2, 1, 1, 1, 3, 1, 1, 1, 1, 1]",0,5685.087433633001
