,customer,weight,round,length
0,"[148, 26, 21, 23, 24, 25, 47, 45, 111]","[1, 1, 1, 2, 2, 2, 1, 1, 2]",0,5493.4438456457
1,"[28, 42, 20, 154, 104, 122, 120, 68, 149]","[3, 2, 1, 2, 3, 1, 1, 1, 1]",0,6789.8759999740005
2,[],[],0,0.0
