,task,distance
0,[0],5493.4438456457
1,[1],6789.8759999740005
2,[2],0.0
