,customer,weight,round,length
0,[],[],0,0.0
1,"[165, 169, 130, 128, 8, 173, 88, 129, 117, 233, 122, 162, 196]","[1, 1, 1, 1, 1, 1, 2, 2, 1, 1, 1, 1, 1]",0,8125.6461172334
2,"[97, 93, 95, 219, 54, 148, 189, 29, 190, 205, 204, 70, 154]","[1, 1, 1, 1, 1, 1, 1, 1, 1, 2, 1, 2, 1]",0,4861.004699551
3,"[57, 114, 202, 250, 152, 149, 86, 23, 246, 242, 243]","[1, 1, 1, 1, 1, 1, 1, 1, 1, 1, 1]",0,5001.074999175001
4,[],[],0,0.0
