,task,distance
0,"[0, 8]",4428.802674938
1,"[1, 5]",4705.8428017490005
2,"[2, 6]",7836.822449391199
3,"[3, 9]",6925.6180499772
4,"[4, 7]",6417.5332822524
