,customer,weight,round,length
0,"[85, 15, 60]","[9, 2, 4]",0,803.444374466
1,"[55, 75, 52, 11, 33, 44]","[2, 1, 1, 1, 1, 1]",1,2246.57358643
