,task,distance
0,[0],6077.979580376
1,[1],908.471615492
2,[2],6396.267108459001
3,[3],2589.30512181
