,customer,weight,round,length
0,"[40, 4, 6, 29, 187, 99, 77, 116]","[1, 1, 1, 1, 1, 1, 1, 1]",0,6807.255630720001
1,[],[],0,0.0
2,"[88, 177, 128, 95, 183, 2, 135, 181, 173, 172, 131]","[1, 1, 1, 1, 2, 1, 4, 1, 1, 1, 1]",0,20729.757405670003
3,"[58, 89, 53, 91]","[1, 1, 1, 1]",0,2490.437281112
