,task,distance
0,[0],17442.024256122
1,[1],18397.0454718
2,[2],297.137821738
3,[3],297.137821738
