,task,distance
0,[0],2551.1034172789
1,[1],0.0
2,[2],0.0
3,[3],3693.0031475976994
