,task,distance
0,[0],3643.397491201
1,[1],0.0
2,[2],0.0
3,[3],1949.679446614
