,task,distance
0,[0],0.0
1,[1],1956.104488437
2,[2],0.0
3,[3],4964.1018980859
