,task,distance
0,[0],0.0
1,[1],3991.0268742322
2,[2],728.6891921514001
3,[3],0.0
