,customer,weight,round,length
0,"[23, 98, 50, 21, 35, 184, 54, 116, 145, 95, 156, 117, 158]","[1, 1, 1, 1, 1, 1, 1, 2, 1, 1, 1, 2, 1]",0,7657.99896637
1,"[67, 103, 112]","[1, 1, 1]",1,2523.680780958
