,task,distance
0,[0],955.37556411
1,[1],4832.943706157
