,customer,weight,round,length
0,"[188, 180, 228, 33, 87, 84, 88, 81, 208, 171, 209, 206]","[1, 2, 1, 1, 1, 2, 1, 1, 1, 1, 2, 1]",0,7702.275255131999
1,"[64, 163, 65, 28, 113, 44, 54, 124, 36, 72, 52, 122, 213]","[1, 1, 1, 1, 2, 1, 1, 1, 1, 1, 2, 1, 1]",0,6557.123680527
2,"[173, 118, 0, 297, 140, 220, 56, 19, 291, 292, 203, 153]","[2, 1, 2, 1, 1, 1, 1, 1, 1, 1, 2, 1]",1,2000006338.0265164
3,"[99, 269, 12, 284, 280, 246, 16, 248]","[2, 1, 2, 1, 1, 1, 1, 2]",1,5936.272914836
