,task,distance
0,"[0, 5, 6]",9133.318616314002
1,"[1, 3, 7]",8503.1780636322
2,"[2, 4, 8]",5077.7160943501
