,customer,weight,round,length
0,"[94, 73, 139, 82, 48, 121, 98, 152]","[5, 1, 1, 1, 1, 1, 1, 1]",0,5548.29515636
1,[],[],0,0.0
2,"[9, 134, 8, 101, 129, 87, 59, 94]","[2, 3, 1, 2, 1, 2, 2, 1]",0,6062.073574223
3,[],[],0,0.0
