,task,distance
0,[0],4844.7253297570005
1,[1],5568.652535399
2,[2],0.0
3,[3],0.0
