,task,distance
0,[0],0.0
1,[1],0.0
2,[2],226.75683339
3,[3],916.724846886
