,customer,weight,round,length
0,"[42, 63, 47, 64, 66, 34, 45, 44]","[1, 3, 3, 1, 2, 2, 2, 1]",0,4235.520603888001
1,"[2, 74, 40, 17, 32]","[1, 1, 1, 11, 1]",0,6030.761755238999
2,"[48, 25, 29, 53, 8, 50]","[9, 1, 1, 1, 1, 2]",1,3058.011652331
3,"[11, 73, 71, 1, 75]","[1, 1, 1, 1, 11]",1,5155.6738704559
4,"[59, 9, 57, 19, 37, 20, 21, 15, 5, 68, 60, 23]","[2, 1, 1, 1, 1, 1, 1, 2, 1, 1, 2, 1]",2,4669.2900614949995
5,"[28, 75]","[1, 1]",2,5838.082191501
