,customer,weight,round,length
0,"[52, 44, 91, 48]","[3, 1, 2, 1]",0,896.7075357890001
1,"[69, 71, 82, 50, 13, 51, 45, 46]","[2, 1, 1, 2, 1, 1, 1, 1]",0,4025.6986392943995
2,[],[],0,0.0
3,[],[],0,0.0
