,task,distance
0,[0],359.600551384
1,[1],435.3939753537
2,[2],1014.692035256
3,[3],8382.564101656702
