,task,distance
0,[0],0.0
1,[1],0.0
2,[2],9638.398292827
3,[3],1057.085711216
