,customer,weight,round,length
0,"[19, 59, 108, 25, 24]","[8, 1, 1, 1, 2]",0,2284.692772122
1,"[48, 130, 100, 99, 98, 13, 114, 14, 57, 58, 41]","[2, 2, 1, 1, 2, 1, 1, 1, 1, 1, 1]",0,2652.5760826148
2,"[97, 61, 74]","[4, 3, 1]",0,638.1130643274
