,task,distance
0,[0],2816.898754041
1,[1],793.448334386
2,[2],1580.611316841
