,task,distance
0,[0],144.9308164316
1,[1],3343.6700716282
2,[2],0.0
3,[3],0.0
4,[4],0.0
