,task,distance
0,[0],0.0
1,[1],7008.538776971
2,[2],946.444237718
3,[3],4938.798335145
4,[4],0.0
