,customer,weight,round,length
0,"[25, 106, 65, 132, 117, 95, 159, 74, 91, 40, 76, 75, 46]","[1, 2, 1, 1, 1, 1, 1, 1, 1, 1, 1, 1, 1]",0,4958.6908201759
1,[],[],0,0.0
2,"[28, 103, 90, 93, 48, 47]","[3, 2, 3, 1, 2, 1]",0,1493.0954964743
3,[],[],0,0.0
4,[],[],0,0.0
