,task,distance
0,[0],0.0
1,[1],3411.535290969
2,[2],2675.883591183
3,[3],2534.774268389
4,[4],0.0
