,task,distance
0,[0],7195.73049724
1,[1],1753.76677254
2,[2],7195.73049724
3,[3],0.0
4,[4],0.0
