,task,distance
0,[0],0.0
1,[1],8223.056010576
2,[2],7516.65756652
3,[3],0.0
4,[4],0.0
