,task,distance
0,[0],102.0506550776
1,[1],4964.899969462999
2,[2],0.0
