,task,distance
0,[0],0.0
1,[1],0.0
2,[2],0.0
3,[3],2168.5269915615
4,[4],2598.5944346767
