,task,distance
0,[0],2094.5160890694
1,[1],189.4777804232
2,[2],5681.920359626
3,[3],0.0
4,[4],0.0
