,task,distance
0,[0],0.0
1,[1],0.0
2,[2],0.0
3,[3],3616.717498318
4,[4],7519.18038511
