,task,distance
0,[0],1800.677412401
1,[1],1866.623750626
2,[2],279.567158728
3,[3],0.0
