,task,distance
0,[0],0.0
1,[1],2510.4175126943
2,[2],0.0
3,[3],5058.837357218999
