,task,distance
0,[0],4557.710182488
1,[1],0.0
2,[2],5484.602584498
3,[3],0.0
