,task,distance
0,[0],1026.6085475328
1,[1],1553.1485029695
