,customer,weight,round,length
0,"[69, 61, 56, 75, 52, 54, 78, 79, 49, 21, 29, 118]","[2, 1, 1, 1, 1, 1, 1, 2, 1, 2, 1, 1]",0,5001.448666846601
1,[],[],0,0.0
2,"[91, 40, 48, 26, 93, 100, 110]","[2, 1, 1, 1, 1, 1, 1]",0,5254.602872559
