,customer,weight,round,length
0,"[100, 97, 14, 16, 107]","[1, 1, 2, 1, 3]",0,1371.1629671208998
1,"[63, 74, 22, 119, 26, 102, 27, 83, 132, 92, 93, 85, 110, 101]","[1, 1, 1, 1, 1, 1, 1, 1, 1, 2, 1, 1, 1, 1]",0,6249.974114773999
2,[],[],0,0.0
