,customer,weight,round,length
0,"[107, 132, 102, 3, 77, 103, 23, 66, 22]","[3, 1, 1, 1, 1, 2, 2, 1, 1]",0,6630.508215478
1,[],[],0,0.0
2,"[101, 36, 105, 12, 24, 44, 121, 120, 126, 129]","[1, 1, 2, 1, 1, 1, 1, 1, 3, 3]",0,6370.801372822999
