,task,distance
0,[0],1663.4250585470002
1,[1],2314.752859119
2,[2],0.0
