,customer,weight,round,length
0,"[62, 36, 86, 67, 79, 77]","[1, 1, 1, 1, 6, 3]",0,3239.508518497
1,"[28, 33, 34, 47, 58]","[3, 1, 1, 1, 1]",0,1365.018623287
