,task,distance
0,[0],2767.856349323
1,[1],0.0
2,[2],0.0
3,[3],1039.921311895
