,task,distance
0,[0],2000023878.6978967
1,[1],1609.9270594498005
2,[2],0.0
3,[3],0.0
