,customer,weight,round,length
0,[],[],0,0.0
1,"[22, 214, 158, 245, 71, 177]","[1, 1, 2, 2, 2, 1]",0,1927.4342045419999
2,"[66, 157, 62, 63, 61, 242, 64, 65]","[3, 2, 1, 1, 1, 1, 1, 2]",0,1439.5233977910002
3,"[147, 206, 51]","[2, 1, 4]",0,642.955908768
4,"[53, 58, 59, 241, 156, 240, 239, 60, 52]","[1, 2, 1, 3, 1, 1, 1, 1, 1]",0,1072.9149604341
