,task,distance
0,[0],0.0
1,[1],15421.329132759
2,[2],8690.015458155001
3,[3],0.0
4,[4],0.0
