,task,distance
0,[0],971.6329399745998
1,[1],0.0
2,[2],0.0
3,[3],6558.186068724999
4,[4],5393.7988921065
