,customer,weight,round,length
0,[],[],0,0.0
1,"[9, 71, 61, 95, 19, 135, 136, 97, 49]","[1, 1, 2, 1, 1, 1, 6, 1, 1]",0,4316.089208342
2,"[122, 110, 130, 124, 25, 153, 102, 101, 107, 67, 113, 40, 26, 147]","[1, 1, 1, 2, 1, 1, 1, 1, 1, 1, 1, 1, 1, 1]",0,4261.918344364
3,[143],[2],0,105.890646086
