,customer,weight,round,length
0,[14],[2],0,152.2790435214
1,[],[],0,0.0
2,"[68, 74, 78, 72, 77, 43, 42, 41]","[2, 4, 2, 1, 1, 1, 2, 2]",0,4575.5396239948
3,[],[],0,0.0
4,[],[],0,0.0
