,task,distance
0,[0],152.2790435214
1,[1],0.0
2,[2],4575.5396239948
3,[3],0.0
4,[4],0.0
