,task,distance
0,[0],4755.4700780461
1,[1],0.0
2,[2],335.921178004
