,task,distance
0,[0],339.256895814
1,[1],3916.5850966
