,task,distance
0,[0],620.8079810029001
1,[1],769.536492691
