,customer,weight,round,length
0,[133],[15],0,12041.29776468
1,"[77, 72, 116, 3, 133, 156, 157, 80, 8, 6, 4]","[1, 1, 1, 1, 5, 1, 1, 1, 1, 1, 1]",1,14098.616124251097
2,"[25, 136, 91, 131, 173, 176, 53, 144, 90, 89, 123, 88, 58, 40]","[1, 2, 1, 1, 1, 1, 1, 1, 1, 1, 1, 1, 1, 1]",2,8253.243302171
3,"[34, 37, 112, 189, 67, 177, 128, 135, 179, 181, 172]","[2, 1, 1, 1, 1, 1, 1, 4, 1, 1, 1]",3,10123.101211131001
4,"[114, 99, 188, 187, 130, 167, 29, 2, 183, 95]","[1, 1, 1, 1, 1, 1, 1, 1, 2, 1]",4,25950.034783599003
