,customer,weight,round,length
0,[],[],0,0.0
1,"[122, 44, 121, 91, 17, 72, 48, 16, 92, 19, 102]","[1, 1, 1, 2, 1, 3, 1, 1, 2, 1, 1]",0,7418.571017542
2,"[59, 66, 82, 79]","[1, 1, 1, 2]",0,1764.9900291209
