,task,distance
0,[0],881.7606995097999
1,[1],0.0
2,[2],7409.512303875999
