,customer,weight,round,length
0,"[15, 20, 8, 14, 13]","[3, 3, 1, 1, 1]",0,1115.037757518
1,"[7, 6, 11, 28, 24, 30, 16, 12, 2]","[2, 2, 2, 3, 2, 1, 1, 1, 1]",0,458.038837309
2,[],[],0,0.0
3,"[17, 18, 26, 5, 9, 31, 25, 21, 19, 23, 3]","[1, 1, 1, 1, 1, 1, 3, 1, 1, 2, 2]",0,519.354345147
4,"[0, 22, 27, 29, 10, 4, 1, 13]","[1, 1, 1, 3, 1, 2, 1, 1]",0,2082.51761521
