,task,distance
0,"[0, 3]",4306.57116248
1,"[1, 3]",8397.48663231
2,"[2, 4]",1825.3112593170001
