,task,distance
0,[0],2900.280523231
1,[1],5912.8788622034
