,customer,weight,round,length
0,"[60, 38, 37, 62, 32, 30, 28, 65, 63, 64, 26]","[2, 1, 2, 1, 2, 1, 2, 1, 1, 1, 1]",0,4712.390389642999
1,"[33, 44, 42, 47, 41, 34, 36, 51, 18, 53, 54, 50, 40, 48, 49]","[1, 1, 1, 1, 1, 1, 1, 1, 1, 1, 1, 1, 1, 1, 1]",0,4687.037427825
2,"[23, 22, 27, 24, 25]","[1, 1, 1, 2, 1]",0,1631.3149733680998
3,[],[],0,0.0
