,customer,weight,round,length
0,[],[],0,0.0
1,"[0, 58, 57, 1, 10, 22]","[1, 1, 1, 1, 3, 1]",0,10866.904142964999
2,[64],[6],0,241.006873256
3,[],[],0,0.0
4,[],[],0,0.0
