,task,distance
0,[0],0.0
1,[1],6418.937076588001
2,[2],3592.8767514231004
