,customer,weight,round,length
0,[],[],0,0.0
1,"[52, 62, 97, 81, 83, 61, 60, 48]","[1, 1, 7, 1, 1, 1, 1, 1]",0,4743.987309531
2,[],[],0,0.0
3,"[46, 88, 86, 25, 38]","[1, 1, 2, 4, 2]",0,2099.838034584
4,[],[],0,0.0
