,customer,weight,round,length
0,"[57, 7, 15, 14, 3, 4]","[3, 1, 1, 2, 5, 1]",0,1917.431182425
1,"[102, 45, 46, 47, 18, 105, 106, 108, 58]","[2, 1, 1, 1, 2, 1, 1, 2, 4]",0,6201.9793183037
2,[44],[1],0,80.6479205896
