,customer,weight,round,length
0,"[23, 39, 117, 12, 93, 116, 72, 71, 73]","[1, 1, 5, 2, 1, 1, 1, 1, 1]",0,3646.236348093
1,[],[],0,0.0
2,[],[],0,0.0
3,"[123, 103, 115, 114, 49, 29, 30]","[1, 1, 1, 2, 1, 1, 6]",0,2948.976941525
4,[],[],0,0.0
