,customer,weight,round,length
0,[],[],0,0.0
1,"[103, 115, 123]","[1, 1, 1]",0,1683.435691567
2,"[39, 117, 119, 22, 74, 47, 12]","[1, 5, 1, 1, 1, 2, 2]",0,4756.105125596
3,[],[],0,0.0
4,"[73, 72, 75, 80, 77, 43]","[1, 1, 6, 1, 5, 1]",0,4404.512351497
