,customer,weight,round,length
0,"[99, 87, 75, 78, 73, 150, 40, 36, 118, 146, 67, 10, 9]","[1, 2, 1, 1, 1, 1, 1, 1, 1, 1, 1, 1, 2]",0,3311.7444264738
1,"[66, 30, 56, 2, 11, 134, 23]","[2, 3, 2, 1, 1, 3, 3]",0,2862.207010457
2,"[147, 19, 140, 41, 138, 121, 44, 82, 17, 16]","[1, 1, 1, 2, 1, 1, 1, 1, 1, 1]",1,5403.775041585999
3,"[153, 154, 92, 93, 94, 95, 88, 52, 62]","[1, 2, 1, 1, 5, 1, 1, 2, 1]",1,6328.701573111301
