,task,distance
0,"[0, 6]",3137.917823782
1,"[1, 4]",3348.855882273
2,"[2, 5]",3331.329262448
3,"[3, 7]",5399.616498959001
