,task,distance
0,"[0, 7]",3636.855624497001
1,"[1, 5]",4701.799268548
2,"[2, 9]",3783.1958241
3,"[3, 6]",3648.0321647991004
4,"[4, 8]",4609.422288918
