,task,distance
0,[0],2000003746.027236
1,[1],2046.3545012676
2,[2],0.0
