,task,distance
0,[0],0.0
1,[1],639.838516506
2,[2],7830.4804586559985
