,task,distance
0,"[0, 3, 5, 7, 9]",10387.217889262
1,"[1, 2, 4, 6, 8]",8984.153398564998
