,task,distance
0,[0],4451.7664203
1,[1],1799.265515409
