,customer,weight,round,length
0,"[58, 41, 42, 102, 48, 68, 64, 1, 3, 31]","[1, 2, 2, 3, 2, 1, 1, 1, 1, 1]",0,2602.7339711483
1,"[83, 34, 81, 80, 69, 64, 62, 79, 32]","[3, 1, 1, 1, 1, 4, 1, 2, 1]",1,3617.63518973
2,"[18, 53, 57, 73, 74, 6, 89, 25, 83]","[2, 2, 3, 1, 1, 3, 1, 1, 1]",2,5796.2783275095
3,[14],[1],3,3209.31715964
