,customer,weight,round,length
0,"[71, 201, 202, 75, 257, 13, 34, 212, 206, 136, 134, 81, 148, 175, 63]","[1, 1, 1, 1, 1, 1, 1, 1, 1, 1, 1, 1, 1, 1, 1]",0,7016.522735647
1,"[182, 105, 262, 263, 260, 237, 239, 231, 112, 55, 166, 114]","[1, 2, 1, 1, 1, 2, 1, 1, 1, 1, 1, 2]",0,5028.365293911999
2,[],[],1,0.0
3,[14],[2],1,3872.58612388
