,customer,weight,round,length
0,"[125, 166, 54, 55, 100, 97, 41, 195, 246, 240, 63, 193]","[1, 1, 1, 1, 1, 3, 1, 1, 1, 2, 1, 1]",0,3165.731537638
1,"[114, 112, 158, 111, 110, 103, 199, 182, 105, 174, 231, 200, 128]","[2, 1, 1, 1, 1, 1, 1, 1, 2, 1, 1, 1, 1]",0,4844.28608828
2,"[88, 251, 72]","[1, 1, 1]",1,5967.204887328
3,[],[],1,0.0
