,customer,weight,round,length
0,"[0, 32, 16, 4, 3, 31, 18, 28]","[1, 1, 4, 3, 3, 1, 1, 1]",0,4054.8119171695
1,"[2, 36, 26, 1, 17, 12, 29, 30, 21, 11]","[1, 3, 1, 1, 2, 1, 2, 1, 1, 2]",0,1211.4204825269999
2,"[22, 6, 13, 24, 10, 20, 23, 19, 5, 25]","[1, 2, 1, 1, 1, 1, 1, 1, 2, 2]",1,4169.240347661
3,"[35, 15, 14, 27, 9, 34, 33, 8, 7]","[1, 1, 1, 1, 1, 3, 2, 1, 1]",1,1614.6082962639998
