,customer,weight,round,length
0,[],[],0,0.0
1,[239],[3],0,689.246841404
2,"[185, 184, 138, 140, 122, 24, 123, 218]","[3, 2, 2, 2, 1, 2, 1, 2]",0,2322.334263119
3,[],[],0,0.0
4,"[183, 51, 190, 29, 169, 7, 206, 6, 229, 213, 159, 230, 83]","[1, 2, 1, 1, 1, 2, 1, 1, 1, 1, 1, 1, 1]",0,6715.795553673998
