,task,distance
0,[0],0.0
1,[1],689.246841404
2,[2],2322.334263119
3,[3],0.0
4,[4],6715.795553673998
