,task,distance
0,[0],2000001130.0139568
1,[1],0.0
2,[2],2000001976.7565956
3,[3],0.0
