,task,distance
0,[0],2000004031.8988185
1,[1],0.0
2,[2],2000001432.503435
3,[3],55.368645427
