,task,distance
0,[0],3191.4796094289995
1,[1],4065.444870601
2,[2],2100.564403796
3,[3],1621.9175378873
