,customer,weight,round,length
0,[],[],0,0.0
1,[],[],0,0.0
2,"[26, 186, 16, 17, 85, 175, 128]","[1, 5, 5, 1, 1, 1, 1]",0,2190.818326739
3,"[135, 83, 81, 120, 101, 46, 60, 64, 1, 58, 150, 193]","[1, 1, 1, 1, 1, 1, 1, 1, 2, 1, 1, 1]",0,5610.410417541999
4,[186],[15],0,1118.782350646
