,customer,weight,round,length
0,[],[],0,0.0
1,"[26, 186, 16, 17, 85]","[1, 6, 5, 1, 1]",0,1713.599627125
2,"[128, 175, 113, 115, 126, 114, 151, 81, 83, 135]","[1, 1, 1, 2, 1, 1, 1, 1, 1, 1]",0,3625.5091110280005
3,[186],[14],0,1118.782350646
4,"[193, 101, 120, 149, 46, 79, 45, 174, 148, 140, 1, 58, 150]","[1, 1, 1, 1, 1, 1, 1, 1, 1, 2, 2, 1, 1]",0,5479.573047652998
