,CID,TTDDemd
0,17564,0.447122007608
1,24362,0.67370402813
2,24363,2.48312997818
3,39262,0.36602601409
4,39263,0.823558986187
5,39281,2.15584993362
6,39282,0.678699016571
7,61751,1.62888002396
