,customer,weight,round,length
0,[49],[13],0,332.876322572
1,[],[],0,0.0
2,"[82, 35, 36, 84, 72, 60, 52]","[1, 1, 1, 1, 1, 1, 1]",0,4232.541286345
3,[],[],0,0.0
