,customer,weight,round,length
0,"[45, 46, 47, 48, 23, 30, 29]","[1, 1, 4, 5, 1, 1, 1]",0,1673.6887345404
1,[],[],0,0.0
2,[38],[1],0,448.114175404
3,[],[],0,0.0
