,customer,weight,round,length
0,"[8, 16, 26, 33, 12, 6, 21, 13, 29, 5, 3, 1, 25, 9]","[1, 1, 1, 2, 1, 1, 1, 1, 1, 1, 1, 1, 1, 1]",0,981.8181705659999
1,"[14, 24, 0, 15, 32, 35, 28]","[1, 1, 1, 1, 1, 1, 9]",0,933.2291231419999
2,"[7, 11, 18, 20, 10, 31, 19, 34, 2]","[1, 1, 1, 4, 3, 1, 2, 1, 1]",0,632.855233358
3,"[4, 17, 22, 23, 36, 27]","[2, 1, 3, 3, 5, 1]",0,841.607629895
4,[],[],1,0.0
5,[],[],1,0.0
6,[],[],1,0.0
7,"[35, 30]","[4, 5]",1,864.828425529
