,task,distance
0,[0],4316.445203942
1,[1],0.0
2,[2],2425.251384215
3,[3],0.0
4,[4],2837.2906309013
