,customer,weight,round,length
0,"[60, 44, 41, 42, 92, 11, 29, 26]","[2, 2, 1, 1, 1, 1, 1, 1]",0,5331.0516949456
1,"[62, 64, 21, 23, 31, 50, 9, 1, 79, 16, 71]","[3, 2, 1, 1, 1, 1, 1, 1, 2, 1, 1]",0,9031.136458635201
