,customer,weight,round,length
0,"[39, 37, 49, 35, 87, 46, 47, 43, 41, 48, 42]","[1, 1, 2, 1, 2, 1, 1, 2, 1, 1, 1]",0,1618.9817654890999
1,"[40, 38, 23, 22, 21, 62, 11, 26]","[2, 1, 1, 1, 1, 3, 1, 1]",0,3677.3095540890004
