,customer,weight,round,length
0,"[79, 52, 3, 4, 74, 76, 31, 14, 13]","[2, 1, 2, 1, 1, 1, 1, 4, 2]",0,3844.238828071
1,"[51, 71, 72, 34, 44, 66, 0, 9, 19, 8, 16, 5, 1]","[1, 1, 1, 2, 2, 1, 1, 1, 1, 1, 1, 1, 1]",0,5713.5337881344
2,[],[],1,0.0
3,"[81, 11, 91, 90, 89]","[1, 1, 1, 1, 1]",1,7744.8506393176995
