,task,distance
0,[0],3694.761889839
1,[1],8923.518944250898
