,task,distance
0,[0],2000005844.6139011
1,[1],2000002489.9015932
