,customer,weight,round,length
0,"[106, 31, 211, 10]","[2, 2, 3, 1]",0,8374.247262056999
1,"[42, 24, 174, 140, 128, 126, 16, 82]","[1, 2, 1, 2, 1, 1, 5, 1]",0,9794.075378910002
