,task,distance
0,"[0, 3]",10677.238938931001
1,"[1, 2]",2293.0110355166
