,task,distance
0,[0],6922.914897536999
1,[1],254.517185774
