,task,distance
0,[0],1993.11092438
1,[1],6017.836757702198
2,[2],1885.028011149
3,[3],6590.75104378
4,[4],0.0
