,customer,weight,round,length
0,"[106, 81, 11, 70, 142, 0, 25, 146, 153, 150, 87, 138, 6, 5]","[2, 1, 1, 1, 1, 1, 1, 1, 1, 1, 1, 1, 1, 1]",0,15797.996096452001
1,[],[],0,0.0
2,"[108, 58, 135, 22, 61]","[1, 1, 1, 1, 1]",0,3031.3989688334
3,[],[],0,0.0
