,customer,weight,round,length
0,"[40, 41, 154, 68, 145, 124, 5, 6]","[1, 1, 2, 3, 1, 2, 1, 1]",0,5271.464251949001
1,"[70, 13, 14, 11, 8, 88, 10, 9, 47, 45, 44]","[1, 1, 1, 1, 1, 1, 1, 3, 1, 1, 1]",0,1804.0387788129
2,[],[],0,0.0
3,[],[],0,0.0
