,task,distance
0,[0],0.0
1,[1],4176.9557537614
2,[2],2503.2328202750004
3,[3],0.0
