,task,distance
0,[0],16340.9407039706
1,[1],0.0
2,[2],2144.459195185
3,[3],0.0
