,customer,weight,round,length
0,"[127, 118, 59, 31, 126, 48, 38, 37, 131, 17, 96, 94, 33]","[1, 1, 1, 1, 1, 1, 1, 2, 1, 1, 2, 1, 1]",0,2858.038799418
1,"[148, 23, 83, 10, 70, 69, 100, 82, 154, 12, 55, 14, 129, 57]","[1, 1, 1, 1, 1, 1, 1, 1, 2, 1, 1, 1, 1, 1]",1,3251.7442568750002
2,"[138, 112, 52, 142, 121, 109, 108, 103, 98, 77, 78, 123]","[2, 1, 1, 3, 1, 1, 1, 1, 1, 1, 1, 1]",2,4190.293095081999
3,"[111, 114, 40, 26, 64, 147, 91, 51, 143, 130]","[1, 1, 1, 1, 1, 1, 1, 1, 2, 1]",3,5062.791227232
