,task,distance
0,[0],415.3814657167
1,[1],214.1953772157
2,[2],0.0
3,[3],0.0
