,task,distance
0,[0],1645.2144257700002
1,[1],0.0
2,[2],480.03848733100006
3,[3],494.773229109
4,[4],506.603741838
