,customer,weight,round,length
0,"[49, 94, 41, 98, 4, 27, 19, 70, 77, 32, 31, 8]","[1, 2, 1, 1, 1, 1, 1, 1, 1, 1, 1, 3]",0,9097.808765863
1,"[5, 85, 82, 79]","[1, 2, 1, 11]",1,5855.865109586
2,[79],[7],2,489.054444328
