,task,distance
0,[0],4665.125068793
1,[1],1500.58067507
