,task,distance
0,[0],2883.019995764
1,[1],1573.810041392
