,customer,weight,round,length
0,[12],[14],0,545.764756814
1,"[1, 16, 10, 7, 0, 6, 3, 11, 14, 15, 4, 9, 5]","[1, 1, 1, 1, 2, 1, 1, 1, 1, 1, 2, 1, 1]",0,1439.386310016
2,"[13, 2, 8]","[1, 1, 2]",0,631.4861988709999
