,customer,weight,round,length
0,"[26, 22, 31, 24, 3, 8]","[1, 1, 1, 2, 2, 1]",0,2253.974516545
1,"[34, 15, 46, 36, 37, 53, 48, 27, 35, 43]","[2, 1, 1, 1, 1, 1, 1, 1, 1, 1]",0,2731.102508842
2,[42],[14],0,445.234033024
