,task,distance
0,[0],445.234033024
1,[1],2253.974516545
2,[2],2731.102508842
