,task,distance
0,[0],2253.974516545
1,[1],2731.102508842
2,[2],445.234033024
