,task,distance
0,[0],0.0
1,[1],777.3666892489999
2,[2],0.0
3,[3],2154.093412661
