,task,distance
0,[0],0.0
1,[1],0.0
2,[2],3954.508562395
3,[3],6402.809725143
