,task,distance
0,[0],577.16271276
1,[1],0.0
2,[2],85.3572711074
