,customer,weight,round,length
0,[59],[14],0,178.8408465032
1,"[26, 38, 20, 22, 12, 16, 71, 33, 51]","[1, 1, 1, 1, 2, 1, 1, 1, 5]",0,5901.604983783
2,"[57, 15, 25, 27, 28]","[4, 2, 1, 1, 3]",0,3455.453959884
3,[59],[13],0,178.8408465032
