,task,distance
0,[0],9208.543644323
1,[1],5060.37205054
2,[2],5060.372050544
3,[3],1475.3616207319
