,task,distance
0,[0],0.0
1,[1],0.0
2,[2],6461.3009362620005
3,[3],1850.7818996349
