,task,distance
0,[0],0.0
1,[1],0.0
2,[2],830.35396229
3,[3],0.0
4,[4],3887.9278892028
