,customer,weight,round,length
0,"[13, 12, 1, 4, 6, 0, 9, 7, 5, 11]","[1, 1, 1, 1, 1, 2, 1, 1, 5, 1]",0,283.708941193
1,"[0, 10, 3, 8, 2]","[2, 5, 1, 1, 1]",1,1196.351867808
