,customer,weight,round,length
0,"[161, 142, 106, 108, 207, 202, 125, 146, 85, 198, 16, 190, 188]","[2, 1, 1, 1, 1, 1, 1, 1, 1, 1, 2, 1, 1]",0,12089.562249736997
1,"[94, 35, 132, 157, 23, 213, 97, 152, 149, 201]","[1, 1, 4, 1, 1, 1, 2, 1, 1, 1]",0,2000028943.1425815
2,[],[],0,0.0
3,"[54, 165, 114, 116, 77, 76]","[1, 1, 1, 1, 1, 1]",0,3664.4412094960003
