,task,distance
0,[0],2000001967.2015336
1,[1],2000001381.9841807
2,[2],2000009219.8235729
3,[3],0.0
