,task,distance
0,[0],55250.291134107
1,[1],11109.860631373002
2,[2],6545.574591112
3,[3],0.0
