,customer,weight,round,length
0,[],[],0,0.0
1,[63],[1],0,414.000270396
2,"[55, 41, 27, 65, 21, 33]","[1, 1, 1, 2, 1, 2]",0,13317.207012362001
