,task,distance
0,[0],0.0
1,[1],414.000270396
2,[2],13317.207012362
