,task,distance
0,[0],102.377075915
1,[1],0.0
2,[2],0.0
3,[3],5077.888399781
4,[4],0.0
