,task,distance
0,[0],5572.5071709762005
1,[1],75.5314775466
2,[2],0.0
3,[3],697.49842105
4,[4],0.0
