,customer,weight,round,length
0,[],[],0,0.0
1,"[29, 69, 68, 13, 48, 2, 10, 77, 94, 57, 32, 33]","[1, 1, 1, 1, 1, 1, 1, 1, 1, 1, 1, 1]",0,5010.382188195001
2,[44],[14],0,106.5337193312
