,task,distance
0,[0],0.0
1,[1],0.0
2,[2],1306.673440994
3,[3],0.0
4,[4],3282.0942310086
