,task,distance
0,"[0, 2]",9414.78675599
1,"[1, 3]",4778.851239795999
