,task,distance
0,"[0, 2]",5062.41686728
1,"[1, 3]",6704.935689218
