,task,distance
0,"[0, 3]",3858.030966845
1,"[1, 2]",9314.302955137
