,customer,weight,round,length
0,"[3, 2, 41, 4, 6, 8, 57, 9, 7, 5, 17]","[1, 1, 1, 2, 2, 3, 1, 1, 1, 1, 1]",0,2000.6790487961002
1,"[54, 15, 9, 0, 19, 20, 69, 72, 23, 49, 16, 71]","[2, 1, 1, 1, 2, 2, 1, 1, 1, 1, 1, 1]",1,4894.629353611999
2,"[15, 13, 31, 12, 45, 46, 24, 47, 51, 52, 53]","[2, 1, 1, 2, 1, 3, 1, 1, 1, 1, 1]",2,4717.349751598999
3,"[30, 40]","[3, 1]",3,2627.2492048209997
