,customer,weight,round,length
0,"[125, 4, 44]","[3, 6, 6]",0,9206.87933819
1,"[9, 125, 18]","[8, 6, 1]",1,7609.71414944
2,"[34, 33, 32, 100, 14, 101, 119, 102, 61, 9]","[1, 1, 2, 1, 1, 1, 1, 1, 1, 5]",2,14912.175578465401
3,"[109, 110, 25, 70, 92, 69, 38, 99, 79, 139, 111, 80, 30]","[1, 1, 1, 1, 1, 1, 1, 1, 1, 1, 1, 1, 3]",3,7905.183310612799
4,"[65, 66, 67, 71, 91, 89, 114, 131, 108, 127]","[1, 1, 1, 1, 1, 2, 2, 3, 1, 2]",4,8067.824569083401
5,"[8, 129, 130, 76, 126, 74, 73, 26, 46, 117]","[4, 2, 1, 1, 1, 1, 1, 1, 1, 2]",5,9197.393764097598
6,"[95, 72, 6, 7, 45, 55, 121, 84, 77]","[1, 1, 1, 1, 2, 1, 1, 1, 2]",6,7544.455631588
