,customer,weight,round,length
0,"[25, 70, 79, 139, 99, 38, 100, 14, 101, 119, 102, 32, 33, 34]","[1, 1, 1, 1, 1, 1, 1, 1, 1, 1, 1, 2, 1, 1]",0,2458.5793775202
1,"[69, 92, 71, 74, 26, 67, 66, 65, 111, 80, 117, 30]","[1, 1, 1, 1, 1, 1, 1, 1, 1, 1, 2, 3]",1,3259.630260914
2,"[46, 77, 84, 121, 55, 45, 7, 6, 72, 73, 95, 125]","[1, 2, 1, 1, 1, 2, 1, 1, 1, 1, 1, 2]",2,11827.7043755124
3,"[9, 125, 18]","[7, 7, 1]",3,7609.71414944
4,"[9, 127, 126, 131, 109, 110, 108]","[6, 2, 1, 3, 1, 1, 1]",4,11603.9862492018
5,"[76, 130, 129, 89, 8, 91, 114, 44]","[1, 1, 2, 2, 4, 1, 2, 2]",5,13327.532281790202
6,"[44, 4, 61]","[4, 6, 1]",6,13100.35236942
