,customer,weight,round,length
0,[54],[4],0,85.678742864
1,[],[],0,0.0
2,[],[],0,0.0
3,"[54, 0, 60, 64, 2, 4, 67, 53]","[2, 2, 1, 1, 1, 3, 2, 2]",0,3041.9043434487
4,[],[],0,0.0
