,customer,weight,round,length
0,"[60, 19, 75, 22, 77, 6, 33, 20, 34, 5, 30, 29, 84]","[1, 2, 1, 1, 1, 1, 1, 1, 1, 1, 1, 1, 1]",0,4349.0711195717995
1,[],[],0,0.0
2,"[87, 79, 44, 81, 82, 66, 46, 47]","[1, 1, 1, 1, 1, 1, 1, 4]",0,5883.997042116001
3,[],[],0,0.0
