,task,distance
0,[0],4349.0711195718
1,[1],0.0
2,[2],5883.997042116001
3,[3],0.0
