,task,distance
0,[0],4757.058929148
1,[1],77.1188745576
2,[2],0.0
3,[3],0.0
4,[4],0.0
