,task,distance
0,[0],0.0
1,[1],0.0
2,[2],57.4602396174
3,[3],2765.520752682
4,[4],0.0
