,customer,weight,round,length
0,"[39, 11, 53, 29, 84]","[1, 3, 2, 2, 3]",0,2615.788088178
1,[],[],0,0.0
2,"[38, 15, 64, 18, 58, 83]","[1, 2, 5, 2, 1, 4]",0,4604.418113379
