,customer,weight,round,length
0,"[90, 43, 68, 118, 119, 65, 104, 92, 79, 84, 81, 40]","[1, 1, 1, 1, 1, 4, 1, 1, 1, 1, 1, 1]",0,4974.135833280001
1,"[109, 78, 126, 125, 123, 117, 20, 102, 103]","[6, 1, 1, 1, 1, 2, 1, 1, 1]",0,4436.6022170376
2,"[9, 137, 116, 115, 54, 10]","[1, 2, 1, 1, 4, 1]",1,2225.7651010719997
3,"[47, 95, 59, 0, 28, 129, 62, 136]","[2, 4, 1, 1, 1, 1, 1, 3]",1,6812.877320742001
