,customer,weight,round,length
0,"[76, 74, 52, 79, 51, 72, 71, 16, 8, 19, 9, 0, 81, 50]","[1, 1, 1, 2, 1, 1, 1, 1, 1, 1, 1, 1, 1, 1]",0,2000005473.1699753
1,[],[],0,0.0
2,"[92, 11, 91, 90, 89, 67, 66, 83]","[1, 1, 1, 1, 1, 3, 1, 4]",0,2000001862.2757998
3,[],[],0,0.0
4,"[54, 62, 64, 63, 96, 75]","[1, 3, 2, 1, 1, 1]",0,2000001291.219555
