,customer,weight,round,length
0,"[130, 147, 129, 306, 101, 51, 102, 241, 97, 238]","[1, 1, 3, 1, 2, 2, 1, 1, 1, 2]",0,2027.3746389451003
1,"[34, 35, 98, 95, 162, 165, 164, 151, 214, 23, 22]","[1, 3, 1, 1, 1, 1, 1, 1, 2, 2, 1]",0,2014.8126693921
2,"[65, 312, 289, 113, 217, 170, 169]","[2, 1, 2, 5, 1, 3, 1]",1,7421.1102450431
3,"[286, 240, 239, 213, 53, 52, 96, 166, 168, 55, 57]","[1, 1, 1, 1, 2, 2, 1, 1, 2, 1, 2]",1,2587.4716606356
4,[],[],2,0.0
5,[252],[2],2,4737.58386328
