,customer,weight,round,length
0,"[68, 93, 138, 256, 266, 265, 148, 46, 273, 67, 268, 263]","[1, 2, 1, 1, 1, 2, 2, 1, 1, 1, 1, 1]",0,13520.121189216801
1,"[124, 267, 260, 259, 7, 296, 295, 9, 11, 10, 120, 227, 194, 70]","[1, 2, 1, 1, 1, 1, 1, 1, 1, 1, 1, 1, 1, 1]",0,13159.48520053
2,"[228, 88, 141, 142, 143, 302]","[3, 1, 3, 1, 1, 2]",1,12792.2514998524
3,"[12, 16, 137, 298, 299, 206, 249]","[3, 1, 1, 1, 2, 1, 1]",1,15602.361146262001
