,task,distance
0,"[0, 2]",5408.723184342001
1,"[1, 3]",5378.967132325401
