,task,distance
0,[0],6000.669878026
1,[1],0.0
2,[2],0.0
3,[3],0.0
4,[4],995.5666872508
