,task,distance
0,[0],4573.134418433
1,[1],5871.5179666740005
