,task,distance
0,[0],5509.970623617301
1,[1],5937.93183722
