,customer,weight,round,length
0,"[59, 108, 74, 57, 50, 1, 64, 118, 124, 127]","[1, 1, 1, 1, 1, 3, 1, 2, 2, 2]",0,6059.537956139
1,"[61, 97, 19]","[3, 4, 8]",0,1161.178758072
2,[53],[9],0,885.350685998
