,task,distance
0,[0],1830.1100203388
1,[1],0.0
2,[2],2764.1936323751
