,customer,weight,round,length
0,"[76, 50, 19, 17, 94, 88, 90, 45, 99, 62, 61]","[1, 1, 1, 1, 1, 3, 1, 1, 1, 2, 2]",0,4109.6434410415995
1,"[95, 35, 37, 96, 32]","[10, 2, 1, 1, 1]",0,3578.6893380799997
2,"[38, 67, 92, 91, 78, 40, 57]","[7, 3, 1, 1, 1, 1, 1]",0,3602.041854093
3,[],[],1,0.0
4,[],[],1,0.0
5,"[0, 18]","[1, 1]",1,1561.5987487009997
