,task,distance
0,[0],0.0
1,[1],14314.334568571
2,[2],343.4997306503
