,customer,weight,round,length
0,"[20, 83, 21, 22, 35, 40, 36, 38, 59, 32, 58, 39, 93, 12]","[1, 1, 1, 2, 1, 1, 1, 1, 1, 1, 1, 1, 1, 1]",0,7160.565658722
1,[23],[1],0,6305.07673394
