,task,distance
0,[0],4545.213627687001
1,[1],219.317905954
2,[2],0.0
3,[3],0.0
