,customer,weight,round,length
0,"[5, 33, 3, 4, 7, 14, 8, 10, 20, 6, 11]","[1, 1, 2, 1, 2, 1, 3, 1, 1, 1, 1]",0,822.961190223
1,"[40, 12, 28, 42, 43, 2, 27, 44, 41, 32, 0, 1]","[1, 1, 1, 1, 1, 1, 1, 1, 1, 1, 1, 1]",1,1773.228501488
