,customer,weight,round,length
0,"[50, 52, 49, 1, 2, 29]","[6, 2, 2, 2, 2, 1]",0,7315.778720505999
1,"[38, 26, 45, 15, 12]","[1, 1, 2, 1, 1]",1,7734.592136841002
