,CID,TTDDemd
0,3684,0.109434999526
1,24035,0.109434999526
2,44409,0.100466996431
3,44411,2.91354990005
