,customer,weight,round,length
0,"[33, 49, 65, 64, 68, 63, 21, 61, 54]","[6, 1, 1, 1, 1, 1, 1, 1, 1]",0,1782.9322941736
1,"[7, 16, 35, 3, 37, 1, 29]","[1, 3, 1, 1, 1, 1, 2]",0,1791.2173334644
