,customer,weight,round,length
0,[83],[1],0,82.9251297128
1,"[84, 57, 86, 107, 85, 40, 75, 30, 111, 110, 91, 71, 31]","[1, 1, 1, 1, 1, 1, 2, 1, 1, 1, 2, 1, 1]",0,4307.9521961073
2,[],[],0,0.0
3,"[55, 79, 80, 81, 32, 29, 37]","[1, 1, 1, 1, 1, 1, 2]",0,1198.3936531136
4,[],[],0,0.0
