,task,distance
0,[0],1975.4025843494
1,[1],2134.642539383
2,[2],4526.326196036
3,[3],0.0
4,[4],0.0
