,customer,weight,round,length
0,"[100, 158, 8, 9]","[1, 1, 1, 2]",0,669.9763766476
1,[],[],0,0.0
2,[],[],0,0.0
3,"[11, 60, 12, 151, 166, 126, 116, 71, 63]","[1, 2, 1, 1, 1, 2, 1, 2, 1]",0,4309.9781855658
4,[],[],0,0.0
