,customer,weight,round,length
0,[],[],0,0.0
1,[],[],0,0.0
2,"[76, 3, 116, 23, 42, 36, 129, 109, 176, 164]","[1, 1, 1, 1, 1, 1, 3, 1, 1, 2]",0,5850.234324972
3,"[9, 103, 75]","[2, 1, 2]",0,1442.0594916426
4,[],[],0,0.0
