,customer,weight,round,length
0,[],[],0,0.0
1,[],[],0,0.0
2,[],[],0,0.0
3,"[166, 11, 158, 53, 48, 71, 66]","[1, 1, 1, 2, 2, 2, 2]",0,2901.9026741523
4,"[107, 45, 146, 41, 123, 83, 165]","[1, 2, 1, 1, 1, 4, 4]",0,5249.976822008
