,task,distance
0,[0],0.0
1,[1],2553.91627422
2,[2],5755.146494080001
3,[3],0.0
4,[4],0.0
