,task,distance
0,[0],0.0
1,[1],0.0
2,[2],3023.798175715
3,[3],0.0
4,[4],4918.112280891
