,task,distance
0,[0],0.0
1,[1],0.0
2,[2],5850.234324972
3,[3],1442.0594916426
4,[4],0.0
