,task,distance
0,[0],331.4460602628
1,[1],0.0
2,[2],4747.8979569805
3,[3],0.0
4,[4],0.0
