,customer,weight,round,length
0,"[66, 18, 70, 69, 56, 19, 57, 72, 84, 114, 87]","[1, 1, 1, 1, 2, 1, 2, 2, 1, 2, 1]",0,2107.666779216
1,"[13, 117, 60, 119, 130, 28, 83, 92, 88]","[2, 2, 1, 2, 1, 2, 1, 1, 3]",0,2000002753.0588288
2,"[128, 105, 23, 91]","[1, 1, 1, 1]",1,2000000730.0539858
3,"[102, 103, 29, 82, 83]","[1, 3, 3, 4, 1]",1,2000001930.4697223
