,task,distance
0,"[0, 3]",2000004038.1365018
1,"[1, 2]",4000003483.1128144
