,task,distance
0,"[0, 3]",2000002274.9759388
1,"[1, 2]",2000005025.5346303
