,task,distance
0,[0],0.0
1,[1],4211.1877065564
2,[2],0.0
3,[3],483.648269214
