,customer,weight,round,length
0,"[3, 37, 4, 64]","[1, 1, 1, 1]",0,5175.118268550001
1,[],[],0,0.0
2,"[100, 101, 141, 81, 51, 50, 1, 111, 79, 130, 18, 123, 124]","[1, 1, 2, 1, 2, 1, 1, 1, 1, 1, 1, 1, 1]",0,27301.5815260688
