,customer,weight,round,length
0,"[17, 106, 35, 53, 94, 141, 50, 79, 116, 144, 5, 130, 88, 3]","[1, 1, 1, 1, 1, 2, 1, 1, 1, 1, 1, 1, 1, 1]",0,39778.888634785
1,"[60, 149, 124]","[10, 2, 1]",0,16756.539953784
2,[60],[15],0,13891.55029602
