,task,distance
0,[0],5175.118268550001
1,[1],0.0
2,[2],27301.5815260688
