,task,distance
0,[0],0.0
1,[1],4548.078429693
2,[2],4918.3473392316
