,task,distance
0,"[0, 4]",15159.210495577
1,"[1, 5]",8555.409845887
2,"[2, 3]",29957.958306495
