,task,distance
0,[0],31967.875891532003
1,[1],5261.227219839
2,[2],0.0
