,task,distance
0,[0],0.0
1,[1],2790.6022980717
2,[2],12776.3000042622
