,customer,weight,round,length
0,"[35, 38, 76, 69]","[1, 1, 3, 4]",0,948.4959598529001
1,[],[],0,0.0
2,"[36, 29, 30, 40, 60]","[1, 1, 1, 1, 2]",0,1162.2298360347
3,[],[],0,0.0
