,task,distance
0,[0],948.4959598529
1,[1],0.0
2,[2],1162.2298360347
3,[3],0.0
