,customer,weight,round,length
0,[],[],0,0.0
1,[20],[11],0,56.8270419942
2,[],[],0,0.0
3,"[20, 9, 10, 32, 19, 11]","[8, 1, 1, 1, 2, 2]",0,2809.5995389821
4,[],[],0,0.0
