,task,distance
0,[0],0.0
1,[1],56.8270419942
2,[2],3360.483009713
3,[3],0.0
4,[4],0.0
