,customer,weight,round,length
0,[],[],0,0.0
1,"[91, 92, 16]","[2, 3, 3]",0,651.6865088147999
2,"[120, 37, 84, 140, 2, 3, 33, 100, 121]","[1, 1, 1, 1, 1, 1, 1, 6, 2]",0,4439.4296218535
