,customer,weight,round,length
0,[19],[1],0,180.7098774838
1,[],[],0,0.0
2,"[7, 67, 12, 86, 78, 88, 89, 133, 17, 20, 57]","[1, 4, 1, 1, 1, 1, 1, 1, 1, 1, 1]",0,4306.905037676
