,task,distance
0,[0],180.7098774838
1,[1],0.0
2,[2],4306.905037676
