,task,distance
0,"[0, 3]",1529.6641862289998
1,"[1, 4]",3299.6079462770003
2,"[2, 5]",2503.0973863850004
