,task,distance
0,"[0, 5]",4802.939204204
1,"[1, 3]",7768.609759491499
2,"[2, 4]",8028.728991161001
