,task,distance
0,[0],3478.8538701649995
1,[1],112.0768436134
