,task,distance
0,[0],0.0
1,[1],520.456717754
2,[2],0.0
3,[3],3260.916167317
4,[4],0.0
