,task,distance
0,[0],0.0
1,[1],0.0
2,[2],0.0
3,[3],28.1495879036
4,[4],869.8276950740001
