,customer,weight,round,length
0,[168],[7],0,2998.8928027
1,"[171, 92, 176, 131, 190, 182, 188, 191, 11, 17, 2]","[1, 1, 2, 1, 1, 1, 3, 1, 1, 1, 2]",0,10544.903118569
