,customer,weight,round,length
0,"[33, 44]","[1, 14]",0,1068.331613774
1,[79],[15],0,1121.637469922
2,"[79, 82, 18, 34, 83, 85, 36, 71, 32]","[6, 1, 2, 1, 1, 1, 1, 1, 1]",0,2452.843392168
3,"[29, 86, 79, 54, 15, 74]","[1, 1, 6, 1, 5, 1]",1,2726.1372350172
4,"[8, 13, 95, 94, 24, 76, 75, 22, 21, 48, 11, 77, 78]","[1, 1, 1, 1, 2, 1, 1, 2, 1, 1, 1, 1, 1]",1,3839.9419835418003
5,"[72, 64, 69, 68, 45, 59, 60, 57, 25, 19, 43, 42, 1, 41]","[1, 1, 1, 1, 1, 1, 1, 1, 2, 1, 1, 1, 1, 1]",1,3257.9190718877003
6,[],[],2,0.0
7,"[49, 10, 62, 61, 2, 87, 88, 20, 70, 3]","[1, 1, 1, 1, 1, 1, 1, 1, 1, 1]",2,3990.6101420406
8,[],[],2,0.0
