,customer,weight,round,length
0,"[21, 23, 68, 71, 24, 40, 11, 61, 38, 37, 58, 62]","[2, 1, 1, 1, 2, 1, 1, 1, 1, 1, 1, 2]",0,3747.2220791629998
1,"[33, 64, 16, 15, 72, 65, 6, 34, 27, 28, 2]","[2, 1, 1, 2, 1, 3, 1, 1, 1, 1, 1]",1,3246.0046619330005
2,"[26, 43, 48, 78, 50, 31, 32, 73, 1]","[1, 3, 1, 3, 1, 1, 1, 1, 1]",2,3288.762538024
