,task,distance
0,"[0, 3]",5405.904303425999
1,"[1, 2]",4264.634397164
