,task,distance
0,[0],2194.6663180880005
1,[1],1252.071754267
