,task,distance
0,[0],2392.201663574
1,[1],6350.572399683
