,customer,weight,round,length
0,"[266, 170, 169, 31, 152, 237, 259, 113, 172, 29, 190, 238]","[2, 1, 2, 1, 1, 1, 1, 1, 1, 1, 1, 1]",0,6365.805747642001
1,[],[],0,0.0
2,"[133, 216, 182, 275]","[1, 2, 3, 3]",0,2250.701114467
3,"[71, 208, 70, 69, 207]","[2, 1, 3, 1, 1]",0,1099.4618775617
4,"[196, 145, 144, 146, 200, 163, 148, 147, 197, 198, 57, 274]","[1, 1, 2, 1, 1, 1, 1, 1, 1, 1, 2, 2]",0,2850.6624180973
