,customer,weight,round,length
0,"[4, 129, 253, 254, 55, 255, 84, 131, 88, 209]","[1, 2, 1, 1, 2, 2, 1, 2, 1, 2]",0,3670.747563364
1,[],[],0,0.0
2,"[132, 38, 157, 92, 236, 33, 27, 23, 178, 91]","[2, 1, 2, 2, 2, 1, 1, 1, 1, 2]",0,2985.016261009
3,"[226, 227, 232]","[1, 1, 2]",0,940.949134039
4,"[76, 121, 75, 77, 79, 110, 10, 62, 251, 19]","[1, 3, 1, 2, 1, 2, 1, 1, 2, 1]",0,3041.8480418159997
