,task,distance
0,[0],6365.805747642001
1,[1],0.0
2,[2],2250.701114467
3,[3],1099.4618775617
4,[4],2850.6624180973
