,task,distance
0,[0],1529.129843751
1,[1],3050.4100107477
2,[2],1070.002853304
3,[3],0.0
4,[4],3643.157873541
