,task,distance
0,[0],984.044351416
1,[1],0.0
2,[2],8280.73363863
3,[3],6284.793326279999
4,[4],3233.961043649
