,customer,weight,round,length
0,"[65, 66, 63, 67, 77, 70, 31, 41, 37, 62, 38, 35, 44]","[1, 1, 1, 1, 1, 1, 1, 3, 1, 1, 1, 1, 1]",0,2806.5325295664
1,"[10, 36, 76, 69, 74, 4]","[3, 1, 3, 4, 2, 2]",0,2475.8480940719996
2,"[23, 11, 12, 47, 19, 29, 30, 45, 40, 60]","[1, 1, 1, 3, 1, 1, 1, 3, 1, 2]",0,2279.9886983751
3,"[50, 52, 53, 51, 9, 27, 28, 26, 8, 6, 7, 14, 73]","[1, 1, 1, 1, 1, 1, 1, 1, 1, 1, 1, 1, 1]",1,2066.2876440693
4,[],[],1,0.0
5,"[3, 2]","[1, 2]",1,1179.232252195
