,customer,weight,round,length
0,"[23, 11, 10, 40, 36, 44, 74, 3, 2, 4]","[1, 1, 3, 1, 1, 1, 2, 1, 2, 2]",0,2460.0101635021
1,"[60, 35, 38, 76, 66, 67, 63, 65, 69]","[2, 1, 1, 3, 1, 1, 1, 1, 4]",0,2205.7248219103
2,"[45, 30, 47, 73, 19, 14, 51, 53, 50, 52, 12]","[3, 1, 3, 1, 1, 1, 1, 1, 1, 1, 1]",0,2155.0681116421
3,"[62, 37, 41, 77, 31, 70]","[1, 1, 3, 1, 1, 1]",1,2364.0254232810003
4,"[29, 7, 6, 8, 26, 28, 27, 9]","[1, 1, 1, 1, 1, 1, 1, 1]",1,2584.2505260444004
5,[],[],1,0.0
