,customer,weight,round,length
0,"[242, 46]","[2, 2]",0,1243.107471772
1,"[62, 63, 143, 144, 187, 186, 119, 118, 226, 256, 65, 0, 86, 43]","[1, 1, 1, 2, 1, 1, 1, 1, 1, 1, 1, 1, 1, 1]",0,6830.128186374
2,[48],[1],0,439.075417768
3,"[32, 2, 81, 208, 97, 117, 116, 87, 22, 17, 72, 16, 172]","[1, 1, 1, 1, 1, 1, 2, 1, 1, 1, 1, 2, 1]",0,16035.308490229001
