,task,distance
0,[0],1243.107471772
1,[1],6830.128186374
2,[2],439.075417768
3,[3],16035.308490229
