,customer,weight,round,length
0,"[61, 68, 78, 3, 18, 44, 70, 17]","[1, 1, 2, 1, 1, 7, 1, 1]",0,4001.5455227859998
1,"[15, 72, 80]","[3, 7, 2]",1,2474.388029327
