,task,distance
0,[0],2351.736844974
1,[1],2472.0419389803
2,[2],4156.7751520375
3,[3],520.871508218
