,customer,weight,round,length
0,"[54, 107, 11, 72, 110, 115, 91, 111]","[1, 1, 2, 1, 1, 7, 1, 1]",0,5403.653486781
1,"[47, 5, 32, 97, 46]","[1, 1, 1, 2, 1]",0,2463.7405774549998
