,customer,weight,round,length
0,"[10, 0, 7]","[13, 1, 1]",0,2442.231681331
1,"[9, 10, 1]","[12, 2, 1]",1,4519.397439320001
2,"[8, 4, 2, 12, 5, 11, 9]","[3, 1, 1, 1, 1, 1, 7]",2,3967.28194284
3,"[3, 6, 13, 14]","[1, 1, 1, 1]",3,3135.4372209900002
