,customer,weight,round,length
0,[],[],0,0.0
1,[],[],0,0.0
2,[40],[1],0,1046.968503932
3,[],[],0,0.0
4,"[24, 20, 2, 3]","[1, 10, 1, 3]",0,1610.6408624540002
