,customer,weight,round,length
0,"[109, 54, 21, 52, 9, 95]","[1, 3, 1, 3, 1, 1]",0,1868.5020924828
1,[],[],0,0.0
2,[],[],0,0.0
3,"[110, 60, 104, 131, 127, 36, 97, 96]","[3, 1, 1, 1, 1, 5, 1, 1]",0,5182.5951262882
