,customer,weight,round,length
0,[],[],0,0.0
1,[24],[14],0,1107.744781774
2,[],[],0,0.0
3,[],[],0,0.0
4,"[24, 54, 5, 67, 21, 57]","[9, 1, 2, 1, 1, 1]",0,3832.9752969160004
