,customer,weight,round,length
0,[24],[14],0,198.8675111956
1,"[45, 6, 8, 56, 71]","[1, 1, 1, 1, 1]",0,3281.4464353519998
2,[],[],0,0.0
3,[24],[10],0,198.8675111956
4,[],[],0,0.0
