,task,distance
0,[0],198.8675111956
1,[1],3281.446435352
2,[2],0.0
3,[3],198.8675111956
4,[4],0.0
