,customer,weight,round,length
0,[],[],0,0.0
1,[25],[14],0,270.055428874
2,"[1, 23, 33, 22]","[2, 2, 1, 2]",0,1400.2916098850003
3,"[24, 18, 17, 19, 5, 14, 13]","[2, 2, 3, 2, 1, 2, 3]",0,2172.0903889192
4,[24],[15],0,113.8447262164
