,customer,weight,round,length
0,"[133, 14, 13, 27, 25, 22, 20, 116]","[2, 1, 1, 3, 3, 1, 1, 3]",0,2953.3155699159993
1,"[40, 24, 115, 80, 68, 75, 112, 72]","[2, 1, 1, 2, 3, 2, 2, 2]",0,2942.0057781269998
2,"[79, 7, 12, 136, 74]","[2, 1, 10, 1, 1]",0,2214.422716149
3,"[26, 46, 63, 130, 44, 47, 37]","[1, 1, 1, 8, 1, 2, 1]",0,1544.5175643989
4,"[89, 88, 64, 66, 92, 93, 94, 51]","[2, 1, 1, 2, 1, 1, 1, 2]",1,4085.2726897120006
5,"[106, 35, 34, 86]","[2, 2, 2, 4]",1,3960.916293014
6,"[120, 119, 118, 117, 139, 138, 101, 103, 61, 142, 98, 53, 141]","[1, 1, 1, 1, 1, 1, 1, 1, 1, 1, 1, 1, 1]",1,5098.973512633001
7,[],[],1,0.0
