,customer,weight,round,length
0,[],[],0,0.0
1,[42],[2],0,309.469233148
2,[],[],0,0.0
3,"[43, 11, 13, 19, 27]","[2, 2, 1, 1, 1]",0,2285.0549518889998
