,task,distance
0,[0],0.0
1,[1],309.469233148
2,[2],0.0
3,[3],2285.054951889
