,customer,weight,round,length
0,"[14, 144, 92, 2, 51, 86, 89]","[3, 2, 3, 1, 4, 1, 1]",0,4798.23698741
1,"[57, 67, 30, 10, 41, 137, 38]","[1, 4, 1, 1, 1, 1, 5]",0,4661.526288972999
