,task,distance
0,[0],0.0
1,[1],2000000719.5146296
2,[2],0.0
3,[3],2000000133.929463
