,task,distance
0,"[0, 2]",7766.297158771
1,"[1, 3]",9182.070029147999
