,task,distance
0,[0],0.0
1,[1],0.0
2,[2],0.0
3,[3],15088.650260822697
4,[4],5407.8117297267
