,task,distance
0,"[0, 7]",7083.0490593294
1,"[1, 4]",3004.423684809
2,"[2, 5]",7280.9502845081
3,"[3, 6]",7507.440163822001
