,task,distance
0,"[0, 7]",2299.958741394
1,"[1, 6]",2396.748882039
2,"[2, 5]",3119.496945962
3,"[3, 4]",3160.9683503469996
