,customer,weight,round,length
0,"[103, 120, 149, 159, 45, 23, 132, 182]","[1, 1, 1, 1, 1, 1, 4, 2]",0,56927.142007825
1,"[114, 116, 215, 198, 125, 57, 92, 210, 207, 142, 20]","[1, 1, 5, 1, 1, 1, 1, 1, 1, 1, 1]",0,11766.6862118
