,task,distance
0,[0],2000002431.0355272
1,[1],2000008891.9722848
