,customer,weight,round,length
0,"[17, 24, 22, 26, 161, 107, 106, 68, 190, 31, 13]","[1, 1, 1, 1, 1, 1, 1, 1, 1, 1, 1]",0,8665.9311893219
1,"[16, 72, 168, 172]","[2, 1, 1, 1]",0,2288.1147825489998
