,customer,weight,round,length
0,"[188, 201, 187, 119, 118, 32, 41, 243, 248]","[1, 1, 1, 1, 1, 1, 3, 2, 1]",0,3019.372247804
1,"[258, 40, 227, 39, 67]","[1, 1, 1, 1, 1]",0,1847.288069299
