,task,distance
0,[0],8665.9311893219
1,[1],2288.114782549
