,customer,weight,round,length
0,"[120, 94, 139, 131, 51, 35]","[2, 1, 2, 4, 2, 2]",0,1404.9242563889998
1,[],[],0,0.0
2,[],[],0,0.0
3,"[26, 121, 29, 0, 132, 97, 130, 129, 137, 136, 110, 40]","[1, 1, 2, 1, 1, 1, 1, 1, 1, 1, 2, 1]",0,5221.074853862
4,"[119, 117, 135, 107, 87, 80, 81, 77, 85, 86, 84, 111]","[2, 3, 1, 1, 1, 1, 1, 1, 1, 1, 1, 1]",0,6719.612387063
