,customer,weight,round,length
0,"[114, 8, 79, 133, 38, 105, 31, 126, 92, 96]","[1, 1, 1, 1, 1, 1, 1, 1, 2, 1]",0,6208.34866038
1,"[83, 86, 85, 84, 21, 69, 26, 59, 130, 45, 91]","[1, 1, 1, 1, 1, 1, 1, 2, 1, 1, 2]",0,3015.5250479414
2,"[58, 101, 72, 102, 90, 103, 54, 118, 120]","[1, 1, 3, 2, 1, 1, 3, 1, 2]",0,4372.089186845001
