,task,distance
0,[0],3360.727257127
1,[1],1246.973730743
