,task,distance
0,[0],4643.159172072
1,[1],1018.435415399
2,[2],4343.978005184
3,[3],4902.854374789001
