,task,distance
0,"[0, 4]",4000007485.2670245
1,"[1, 5]",4000007456.787575
2,"[2, 3]",4000007597.9411545
