,task,distance
0,[0],579.903437338
1,[1],0.0
2,[2],0.0
3,[3],3713.157127983
4,[4],446.3499519792
