,task,distance
0,[0],4743.987309531
1,[1],2099.838034584
