,customer,weight,round,length
0,"[140, 148, 0, 149, 150, 151, 114, 115, 113]","[2, 1, 1, 1, 1, 1, 1, 2, 1]",0,2000003843.5141885
1,"[31, 125, 120, 121, 211]","[2, 2, 1, 2, 3]",0,2000006053.6863158
