,customer,weight,round,length
0,"[0, 1, 44, 31, 211, 125, 120, 101, 58, 149]","[1, 2, 1, 2, 3, 2, 1, 1, 1, 1]",0,13828.867523042
1,"[174, 148, 140, 182, 79, 45, 60, 46, 64]","[1, 1, 2, 1, 1, 1, 1, 1, 1]",0,3173.264499358
