,customer,weight,round,length
0,"[86, 75, 7, 64, 145, 41, 93, 21, 12, 1]","[1, 1, 1, 1, 1, 1, 3, 1, 1, 2]",0,14525.449090442999
1,"[122, 24]","[2, 1]",0,964.326924892
