,customer,weight,round,length
0,"[122, 121, 123, 105, 106, 54]","[2, 2, 1, 2, 1, 1]",0,1406.2415299007
1,"[51, 21, 130, 31, 47, 46, 24, 23, 22]","[2, 1, 1, 1, 1, 1, 1, 1, 1]",0,9645.263422393
