,task,distance
0,[0],14525.449090443
1,[1],964.326924892
