,task,distance
0,[0],56.8164629854
1,[1],11854.0773873709
