,customer,weight,round,length
0,"[39, 35, 37, 42, 48, 41, 47, 43, 38, 40, 62]","[1, 1, 1, 1, 1, 1, 1, 2, 1, 2, 3]",0,1901.1845838017
1,"[49, 87, 44, 46, 23, 21, 26, 29]","[2, 2, 2, 1, 1, 1, 1, 1]",1,4294.4989826242
