,customer,weight,round,length
0,"[5, 8, 16, 71, 51, 13, 14, 4, 3, 52, 1, 79]","[1, 1, 1, 1, 1, 2, 1, 1, 2, 1, 1, 2]",0,3635.9196899455
1,"[19, 9, 0, 89, 22, 96, 31, 76, 74, 14, 34, 72]","[1, 1, 1, 1, 1, 1, 1, 1, 1, 3, 2, 1]",1,6808.048188728401
2,"[83, 90, 50, 81]","[4, 1, 1, 1]",2,8470.918790361
