,task,distance
0,[0],97.2597345048
1,[1],0.0
2,[2],2636.7173141759004
