,customer,weight,round,length
0,"[22, 63, 36, 73, 68, 69, 72, 3, 10, 21]","[2, 1, 3, 2, 1, 1, 1, 1, 1, 2]",0,2594.5163465979995
1,"[54, 41, 9, 33]","[3, 4, 1, 2]",1,2639.790864503
