,customer,weight,round,length
0,"[16, 26, 18, 42, 0, 25, 29, 1, 44]","[2, 3, 3, 1, 1, 1, 1, 1, 2]",0,4199.138363597999
1,"[3, 73, 22, 54, 9]","[1, 2, 2, 3, 1]",1,3539.382476889
