,customer,weight,round,length
0,"[20, 37, 32]","[3, 1, 2]",0,4271.6799878659995
1,[8],[12],0,291.593085738
2,[],[],0,0.0
3,[],[],0,0.0
4,[],[],0,0.0
