,task,distance
0,[0],1695.5458071040002
1,[1],0.0
2,[2],0.0
3,[3],3735.153023564
4,[4],0.0
