,task,distance
0,[0],4271.679987866
1,[1],291.593085738
2,[2],0.0
3,[3],0.0
4,[4],0.0
