,customer,weight,round,length
0,"[23, 51, 25, 132, 134, 52, 53, 123, 66, 28, 71]","[2, 1, 2, 1, 1, 1, 1, 1, 1, 2, 1]",0,5865.0813983659
1,[84],[2],0,418.033557012
