,task,distance
0,[0],787.067573896
1,[1],3268.762327286
