,customer,weight,round,length
0,[],[],0,0.0
1,"[77, 86, 3, 57, 110, 30, 40, 65, 54, 19, 42]","[1, 1, 1, 2, 1, 1, 1, 1, 1, 1, 2]",0,4323.559820805
2,[],[],0,0.0
3,"[114, 50, 48, 118, 125]","[1, 2, 1, 1, 1]",0,2079.173424397
4,[],[],0,0.0
