,customer,weight,round,length
0,"[49, 61, 77, 90, 19, 20, 85, 59, 80, 42, 94, 79]","[1, 1, 1, 1, 1, 1, 2, 2, 1, 1, 2, 1]",0,8019.071127922
1,[79],[15],0,489.054444328
