,task,distance
0,"[0, 3]",11503.411663404
1,"[1, 2]",5559.249981812
