,task,distance
0,[0],371.1200017091
1,[1],0.0
2,[2],0.0
3,[3],0.0
4,[4],6960.170137068701
