,customer,weight,round,length
0,"[81, 99, 37, 83, 59, 60, 107, 51, 52, 108, 17]","[2, 2, 2, 2, 1, 1, 1, 1, 1, 1, 1]",0,4293.127180591
1,"[30, 31, 94, 95, 70, 97, 98]","[1, 1, 1, 2, 1, 1, 1]",0,1563.7883038286
2,"[49, 50, 19, 87, 42, 41, 74, 73]","[1, 1, 1, 1, 1, 1, 1, 2]",0,5108.623760291
3,[],[],0,0.0
