,task,distance
0,[0],12329.6637552
1,[1],10845.185117467
2,[2],800.802357348
