,customer,weight,round,length
0,[42],[14],0,445.234033024
1,[],[],0,0.0
2,[],[],0,0.0
3,"[43, 37, 53, 35, 15, 26, 8]","[1, 1, 1, 1, 1, 1, 1]",0,2824.9313067700004
