,task,distance
0,[0],0.0
1,[1],0.0
2,[2],2542.9814295718
3,[3],592.534046844
