,task,distance
0,[0],0.0
1,[1],0.0
2,[2],2759.1740675518
3,[3],1694.669051154
