,customer,weight,round,length
0,"[92, 86, 36, 63, 22, 124, 23, 25, 76, 74, 123, 126, 97, 98]","[1, 1, 1, 1, 1, 1, 1, 1, 1, 1, 1, 1, 1, 2]",0,12687.054399191
1,"[25, 24, 11]","[1, 1, 1]",1,12881.969587302
