,customer,weight,round,length
0,[],[],0,0.0
1,[],[],0,0.0
2,"[32, 1, 29, 19, 17]","[4, 3, 1, 1, 4]",0,8471.160740951002
3,[32],[13],0,294.53091234
