,task,distance
0,[0],0.0
1,[1],0.0
2,[2],8471.160740951002
3,[3],294.53091234
