,customer,weight,round,length
0,[21],[15],0,3028.6992139
1,"[21, 11, 7, 57, 63]","[10, 1, 2, 1, 1]",0,4374.625195905
2,"[110, 3, 26, 105, 1, 80, 138, 89, 108, 107, 0]","[1, 1, 1, 1, 1, 1, 1, 2, 1, 1, 2]",1,5295.7708035544
3,[109],[10],1,215.777597032
