,customer,weight,round,length
0,"[109, 107, 106, 110]","[10, 1, 1, 1]",0,994.0589486604
1,"[100, 0, 102, 138, 111, 36, 41, 50, 105, 83, 68, 51, 6]","[1, 2, 1, 1, 1, 1, 1, 1, 1, 1, 2, 1, 1]",0,7974.038718856002
