,customer,weight,round,length
0,"[63, 64, 37, 7, 19, 57, 34, 89, 133, 108, 90]","[1, 1, 1, 2, 1, 1, 2, 2, 1, 1, 1]",0,4600.196890253001
1,"[116, 70, 26, 3, 1, 103]","[1, 2, 1, 1, 1, 1]",0,1973.081646735
