,task,distance
0,[0],4600.196890253001
1,[1],1973.081646735
