,task,distance
0,[0],2785.2558096768003
1,[1],0.0
2,[2],2132.310964296
