,task,distance
0,[0],1399.5046312471
1,[1],996.40642338
2,[2],0.0
3,[3],0.0
4,[4],0.0
