,task,distance
0,[0],3443.3267373357003
1,[1],2497.9844923268
