,customer,weight,round,length
0,"[6, 15, 43, 46, 52, 10, 44, 41]","[8, 1, 1, 1, 1, 1, 1, 1]",0,7783.468727109
1,[6],[15],1,3590.25646672
2,[24],[15],2,4804.84698344
3,[7],[2],3,2173.26454348
