,customer,weight,round,length
0,"[5, 45, 47, 3, 2, 9, 11, 6]","[1, 1, 1, 2, 1, 1, 1, 7]",0,4790.781368342
1,[0],[15],1,1078.253668916
2,"[24, 23]","[4, 8]",2,5030.856931499
