,task,distance
0,[0],7805.458078973001
1,[1],4710.065565804999
