,task,distance
0,"[0, 3]",12568.905046492102
1,"[1, 2]",8105.733775947
