,customer,weight,round,length
0,"[4, 5]","[11, 4]",0,2000000719.5146296
1,"[4, 3]","[3, 1]",1,2000000133.929463
