,customer,weight,round,length
0,"[0, 4]","[3, 12]",0,1000.7166604419999
1,"[4, 5, 1]","[13, 1, 1]",1,1723.281922953
2,"[5, 2]","[3, 2]",2,10129.414007257
