,customer,weight,round,length
0,"[0, 4]","[3, 12]",0,1000.7166604419999
1,"[4, 5]","[13, 2]",1,1439.02925944
