,customer,weight,round,length
0,"[86, 74, 36]","[5, 3, 3]",0,562.1240743563
1,"[16, 62, 20, 21, 84, 82, 75, 41, 85]","[1, 1, 1, 1, 2, 1, 1, 1, 5]",0,6372.2409685207995
