,task,distance
0,[0],1157.5090515972
1,[1],2328.5743144436
