,task,distance
0,[0],562.1240743563
1,[1],6372.2409685208
