,customer,weight,round,length
0,"[9, 79, 33, 13, 27, 82, 25, 24, 23]","[1, 2, 6, 1, 1, 1, 1, 1, 1]",0,3348.2069679020005
1,"[30, 44, 76, 63, 29, 91, 16, 19, 67, 20, 95]","[1, 1, 1, 1, 2, 1, 1, 1, 1, 1, 1]",1,3577.8449334316997
