,customer,weight,round,length
0,"[64, 1]","[1, 14]",0,3819.6918832600004
1,"[1, 66, 23, 65, 2, 17, 22, 51, 14, 53]","[5, 1, 2, 1, 1, 1, 1, 1, 1, 1]",1,2857.2956414600003
2,"[21, 32, 50, 38, 52, 18, 35, 49, 10, 43, 16]","[1, 1, 1, 1, 2, 3, 1, 1, 1, 1, 2]",2,4996.0081353000005
3,"[57, 15, 0, 31, 60, 68, 26, 69, 19, 25, 70, 50]","[1, 1, 1, 1, 1, 1, 1, 3, 2, 1, 1, 1]",3,3899.64987216
