,customer,weight,round,length
0,"[63, 148, 70, 147, 153, 124, 123, 117, 118, 38, 143]","[3, 1, 1, 1, 1, 1, 1, 1, 1, 3, 1]",0,2527.5091371662998
1,"[38, 182, 25, 130, 113, 94, 95, 41, 121, 42, 125]","[2, 1, 1, 1, 4, 1, 1, 1, 1, 1, 1]",1,3471.3953286546
2,"[113, 131, 24, 181, 179, 28, 103, 151, 150, 164, 104, 43]","[3, 1, 1, 1, 1, 1, 1, 1, 1, 1, 1, 2]",2,3667.3083904996997
3,[90],[15],3,1668.957383026
4,"[30, 84, 154, 87, 90]","[1, 1, 2, 1, 2]",4,4141.781924066
