,customer,weight,round,length
0,"[40, 94, 139, 51, 35]","[1, 1, 2, 2, 2]",0,2334.0125262770002
1,[],[],0,0.0
2,[],[],0,0.0
3,"[29, 0, 129, 136, 137, 80, 135, 77, 84, 119]","[2, 1, 1, 1, 1, 1, 1, 1, 1, 2]",0,5792.404790592001
