,customer,weight,round,length
0,"[8, 111, 72, 107, 12, 23, 15, 22, 89, 97, 80, 129, 128, 52, 59]","[1, 1, 1, 1, 1, 1, 1, 1, 1, 1, 1, 1, 1, 1, 1]",0,11611.005173722
1,"[69, 44]","[9, 6]",1,2059.1060884959998
2,"[122, 120]","[2, 1]",2,6065.147174033999
