,customer,weight,round,length
0,"[12, 61, 4, 54, 21]","[3, 1, 1, 2, 8]",0,1662.5468667589998
1,"[41, 22]","[1, 13]",0,1585.8791116539999
2,"[61, 49, 48, 69, 5, 57, 68, 1, 24]","[1, 3, 3, 3, 1, 1, 1, 1, 1]",0,4028.222651071
3,"[41, 22]","[1, 14]",0,1585.8791116539999
4,"[65, 13, 12, 64]","[6, 4, 1, 4]",0,1357.405502344
