,customer,weight,round,length
0,[],[],0,0.0
1,"[96, 101, 37, 66, 133, 121]","[1, 1, 1, 1, 1, 3]",0,29425.963512514
2,"[95, 7, 9, 27, 15, 12, 51, 108, 54, 52, 105]","[2, 1, 1, 1, 1, 1, 2, 1, 1, 1, 2]",0,14709.402191977002
