,customer,weight,round,length
0,"[38, 48, 141, 103, 142, 99, 110, 23, 115, 81, 11, 41]","[1, 1, 1, 3, 1, 2, 1, 1, 1, 1, 1, 1]",0,7132.068271607
1,"[144, 72, 37, 134, 69, 67, 25, 132, 29, 30, 105, 53]","[3, 1, 1, 1, 1, 1, 1, 1, 1, 2, 1, 1]",1,6352.163823082699
2,"[17, 24]","[1, 4]",2,3163.0272077619998
