,customer,weight,round,length
0,"[178, 179, 181, 237, 180, 101, 96, 84, 64, 150, 151]","[1, 1, 1, 2, 2, 1, 2, 1, 1, 1, 2]",0,3998.6394517989997
1,"[215, 210, 213, 107, 26, 4, 204, 106, 103, 91, 176, 177]","[1, 1, 1, 1, 1, 1, 1, 1, 2, 2, 1, 2]",0,7024.7162713610005
2,"[44, 122, 24, 199, 76, 88, 54, 234, 95, 35, 195, 45]","[2, 1, 1, 2, 1, 1, 2, 1, 1, 1, 1, 1]",0,7046.594477479
3,[],[],1,0.0
4,"[19, 16, 154, 140, 223, 5, 38, 39, 169, 21, 20, 93, 227, 155]","[1, 1, 1, 1, 2, 1, 1, 1, 1, 1, 1, 1, 1, 1]",1,12118.230457284
5,"[14, 2, 143, 144, 145, 173, 127, 201, 46, 63, 60]","[1, 1, 1, 1, 1, 3, 1, 1, 1, 1, 2]",1,12325.086504205
