,task,distance
0,"[0, 5]",16323.725956004
1,"[1, 4]",19142.946728645
2,"[2, 3]",7046.594477479
