,task,distance
0,[0],0.0
1,[1],26.5562120326
2,[2],4552.3396114
