,customer,weight,round,length
0,"[102, 12, 4, 110, 108, 105, 75, 51, 35, 8, 9]","[1, 1, 1, 1, 1, 1, 2, 1, 2, 1, 1]",0,3278.6177430439993
1,[],[],0,0.0
2,[],[],0,0.0
3,"[27, 74, 73, 103]","[1, 1, 2, 2]",0,881.7856362587
