,customer,weight,round,length
0,[],[],0,0.0
1,"[72, 95]","[1, 2]",0,710.7981896590001
2,[],[],0,0.0
3,"[92, 91, 94, 96, 105, 54, 81, 118, 117, 9, 27, 10, 8]","[1, 1, 1, 1, 1, 1, 1, 1, 2, 1, 1, 1, 1]",0,5429.7823139970005
