,customer,weight,round,length
0,[],[],0,0.0
1,"[87, 85, 101, 100, 40, 99, 98, 84]","[2, 1, 1, 1, 2, 1, 4, 1]",0,1835.0914400858999
2,"[93, 94, 90, 29, 32, 31]","[1, 1, 1, 2, 2, 1]",0,1540.8015338602
3,[],[],0,0.0
