,task,distance
0,[0],390.74439371
1,[1],2862.8447676311
2,[2],0.0
3,[3],468.740552694
