,customer,weight,round,length
0,"[22, 48, 44, 47]","[1, 1, 1, 2]",0,1065.2550117761
1,[],[],0,0.0
2,"[46, 90, 84, 3, 66, 67, 68, 55]","[1, 4, 2, 1, 1, 1, 1, 3]",0,3359.3975156221004
