,customer,weight,round,length
0,"[16, 62, 81, 19, 17]","[1, 3, 4, 1, 1]",0,1373.2367538629999
1,"[18, 14, 72, 73]","[4, 1, 4, 4]",0,1529.78184322
2,"[79, 77, 78]","[9, 2, 1]",0,1312.8171189079999
