,task,distance
0,[0],1065.2550117761
1,[1],0.0
2,[2],3359.3975156221004
