,task,distance
0,[0],6838.723058164999
1,[1],8533.842627999002
2,[2],241.006873256
