,customer,weight,round,length
0,"[50, 103]","[1, 3]",0,2000001119.0893915
1,"[25, 34, 68, 134, 45, 28, 32, 30, 61, 145, 94, 82, 110]","[1, 1, 1, 1, 1, 1, 2, 2, 1, 1, 1, 1, 1]",0,2000006139.483771
2,[],[],0,0.0
3,[],[],0,0.0
4,[],[],0,0.0
