,task,distance
0,[0],0.0
1,[1],3459.990332411
2,[2],7062.776984686
3,[3],3977.870938689
4,[4],2357.4314626316
