,task,distance
0,"[0, 5]",2231.923860371
1,"[1, 6]",2929.49991862
2,"[2, 8]",2230.127002267
3,"[3, 9]",3105.547096325
4,"[4, 6]",1758.774001807
