,task,distance
0,"[0, 3]",4338.8986267318
1,"[1, 5]",3141.0607163428003
2,"[2, 4]",3890.2758783096
