,customer,weight,round,length
0,[15],[15],0,1207.812938982
1,[20],[15],1,2173.08795346
2,"[16, 32, 31, 24]","[3, 1, 1, 10]",2,2701.2864714402
3,"[25, 14, 5, 17, 12, 35, 33, 13]","[1, 2, 1, 1, 2, 1, 1, 3]",3,2433.3938980410003
