,customer,weight,round,length
0,[],[],0,0.0
1,"[65, 80, 81, 82, 54, 22, 45, 42]","[1, 1, 1, 2, 1, 2, 1, 2]",0,1426.0867240863
2,[],[],0,0.0
3,[],[],0,0.0
4,"[91, 15, 49, 75, 62, 4, 17, 41, 43]","[2, 1, 2, 2, 1, 1, 2, 1, 2]",0,2133.779395996
