,customer,weight,round,length
0,[],[],0,0.0
1,"[41, 53]","[1, 1]",0,2568.339923972
2,"[18, 34, 3]","[1, 1, 2]",0,1133.3022127919999
