,customer,weight,round,length
0,"[86, 133, 161, 239, 157, 122]","[1, 1, 2, 1, 2, 1]",0,2000003631.0167148
1,"[91, 107, 247, 245, 6, 174, 41, 65, 64, 185, 24, 155]","[1, 1, 1, 1, 1, 1, 1, 2, 2, 2, 1, 1]",0,2000007184.4056468
2,[],[],0,0.0
3,"[263, 204, 202, 46, 71, 67, 68, 230, 45, 198, 70]","[1, 1, 1, 1, 1, 1, 1, 1, 1, 2, 1]",0,2000003774.8917286
