,task,distance
0,[0],0.0
1,[1],2000001710.9207735
2,[2],2000018827.5422163
3,[3],3277.6173354720004
