,task,distance
0,[0],2495.1092274287003
1,[1],19621.43457915
2,[2],4439.5464658004
3,[3],0.0
