,task,distance
0,[0],0.0
1,[1],4852.410257915999
2,[2],1932.3112699095
3,[3],2116.1415316555003
