,task,distance
0,[0],6964.256033184
1,[1],0.0
2,[2],4485.6906851740005
3,[3],5338.604943730599
