,customer,weight,round,length
0,"[63, 91, 98, 111, 99, 46, 53, 45, 103, 44, 71]","[1, 1, 1, 1, 2, 1, 1, 1, 2, 3, 1]",0,2822.504046319
1,"[115, 114, 29, 30, 102, 43, 100, 47, 54]","[5, 1, 1, 1, 1, 3, 1, 1, 1]",1,4379.056145408
2,"[116, 115, 26, 35, 89, 96]","[1, 2, 3, 6, 1, 2]",2,4869.328192894
3,"[35, 55, 24, 87, 32, 97]","[7, 2, 2, 1, 1, 2]",3,4226.378744492
4,"[66, 34, 5, 67, 86, 70, 69, 68, 18, 15, 107, 59, 72, 112, 110]","[1, 1, 1, 1, 1, 1, 1, 1, 1, 1, 1, 1, 1, 1, 1]",4,7093.495631781
5,"[60, 11, 108, 78, 106, 58, 73]","[5, 2, 1, 2, 1, 1, 2]",5,6286.799032131
