,task,distance
0,"[0, 2]",2000008492.532561
1,"[1, 3]",2000005148.760336
