,customer,weight,round,length
0,"[284, 269, 99, 12, 248, 16, 246, 280]","[1, 1, 2, 2, 2, 1, 1, 1]",0,3909.5356675465
1,"[0, 297, 140, 220, 56, 19, 291, 292, 153, 203]","[2, 1, 1, 1, 1, 1, 1, 1, 1, 2]",0,5319.621715423
2,"[113, 127, 35, 73, 175, 176, 182, 22, 187, 234, 307, 173, 118]","[2, 1, 1, 1, 1, 1, 1, 1, 1, 1, 1, 2, 1]",0,2000007325.672342
3,"[146, 59, 61, 150, 25, 221, 164, 86, 263, 82, 80, 83, 257, 201]","[1, 1, 2, 1, 1, 1, 1, 1, 1, 1, 1, 1, 1, 1]",0,8401.799678672
