,customer,weight,round,length
0,"[226, 189, 188, 182, 184, 235, 234, 227, 228, 187, 180, 173]","[1, 1, 1, 1, 1, 1, 1, 1, 1, 1, 2, 2]",0,2000004016.5870514
1,"[262, 261, 210, 41, 39, 166, 201, 204, 283, 220, 291, 289]","[1, 1, 1, 2, 1, 1, 1, 1, 1, 1, 1, 3]",0,2000005830.473021
2,"[38, 52, 36, 47, 125, 54, 43, 203, 153]","[2, 2, 1, 1, 4, 1, 1, 2, 1]",0,2000003332.4965458
3,"[118, 96, 117, 49, 58, 206, 209, 171, 208, 301, 174]","[1, 1, 1, 1, 1, 1, 2, 1, 1, 1, 1]",0,2000002642.3986065
