,customer,weight,round,length
0,"[86, 263, 87, 84, 82, 88, 80, 85, 83, 81, 99, 257, 28]","[1, 1, 1, 2, 1, 1, 1, 1, 1, 1, 2, 1, 1]",0,4164.577863673
1,"[91, 51, 151, 150, 61, 114, 147, 59, 149, 146, 25]","[2, 1, 1, 1, 2, 1, 1, 1, 2, 1, 1]",0,3621.4939553279996
2,"[22, 33, 213, 119, 122, 121, 120, 107, 73, 72, 37, 71]","[1, 1, 1, 1, 1, 2, 1, 2, 1, 1, 1, 1]",0,5862.162075595198
3,"[64, 221, 163, 164, 65, 222, 175, 176]","[1, 1, 1, 1, 1, 1, 1, 1]",0,3065.853632348
