,task,distance
0,"[0, 6]",5014.099812434601
1,"[1, 7]",4092.623230294301
2,"[2, 4]",5685.296936995
3,"[3, 5]",15672.5837438786
