,task,distance
0,[0],2000004016.5870516
1,[1],2000005830.473021
2,[2],2000003332.4965456
3,[3],2000002642.3986063
