,customer,weight,round,length
0,"[38, 70, 78, 100, 101, 80, 72]","[8, 1, 1, 1, 1, 2, 1]",0,1116.5769060671
1,"[99, 98, 87, 27, 81, 82, 83, 24, 94, 95, 96, 50, 73, 68]","[1, 1, 1, 2, 1, 1, 1, 1, 1, 1, 1, 1, 1, 1]",1,2777.0681835050004
2,"[97, 51, 48, 49, 61, 89, 2, 86]","[1, 3, 1, 4, 1, 2, 2, 1]",2,4611.562262130999
3,"[102, 62, 3, 41, 60, 90, 93, 53, 85]","[1, 4, 1, 2, 1, 1, 1, 3, 1]",3,4771.0832573751995
4,"[63, 103, 58, 5, 59, 42, 54, 44, 93]","[1, 1, 2, 1, 1, 1, 3, 4, 1]",4,4440.87597964
5,"[55, 56, 106, 57]","[5, 4, 3, 3]",5,4224.674779229999
6,[104],[1],6,2564.0285467
