,customer,weight,round,length
0,"[54, 56, 55, 44]","[3, 4, 5, 3]",0,3135.1602929770006
1,"[50, 51, 48, 49, 53, 93, 44, 61]","[1, 2, 1, 4, 3, 2, 1, 1]",1,3995.3159663290003
2,"[41, 59, 42, 60, 90, 89, 95, 96, 97, 85, 51, 73, 68]","[2, 1, 1, 1, 1, 2, 1, 1, 1, 1, 1, 1, 1]",2,4600.000142987001
3,"[58, 57, 5, 106, 80, 94, 83, 24, 72]","[2, 3, 1, 3, 2, 1, 1, 1, 1]",3,3942.4631539791003
4,"[82, 101, 78, 3, 62, 103, 104, 70, 38]","[1, 1, 1, 1, 4, 1, 1, 1, 4]",4,3609.2814063982
5,"[81, 27, 87, 102, 63, 2, 98, 99, 100, 38]","[1, 2, 1, 1, 1, 2, 1, 1, 1, 4]",5,3138.6659647089996
6,[86],[1],6,1193.83704017
