,customer,weight,round,length
0,"[51, 6, 107, 106, 100, 0, 133, 108, 111, 36, 110]","[1, 1, 1, 1, 1, 2, 1, 1, 1, 1, 1]",0,3985.3801294714003
1,[],[],0,0.0
2,[109],[10],0,215.777597032
