,task,distance
0,"[0, 3]",3004.262207175
1,"[1, 5]",1663.090695399
2,"[2, 4]",1189.563409831
