,task,distance
0,[0],5168.972324394
1,[1],3340.018386443
2,[2],0.0
3,[3],6216.529248887
4,[4],0.0
