,task,distance
0,[0],0.0
1,[1],324.57017462
2,[2],866.328053274
3,[3],88.4254973656
