,customer,weight,round,length
0,"[118, 166, 0, 1]","[2, 3, 1, 1]",0,1670.1161309899999
1,"[56, 109, 73, 62, 121, 5, 48, 50, 173, 141, 123, 115]","[1, 1, 1, 2, 1, 1, 1, 1, 1, 2, 1, 1]",0,10874.506890897
2,[],[],0,0.0
