,task,distance
0,[0],0.0
1,[1],9421.7102526503
2,[2],1223.86193435
