,task,distance
0,[0],1670.11613099
1,[1],10874.506890897
2,[2],0.0
