,customer,weight,round,length
0,"[20, 19, 18, 83, 27, 82, 80, 21, 50, 51, 13, 3, 77]","[1, 1, 1, 2, 1, 1, 1, 1, 2, 1, 1, 1, 1]",0,2423.5209646659
1,"[92, 8, 16, 71, 107, 79, 46, 45]","[1, 1, 1, 1, 1, 3, 1, 1]",1,3774.1108019959997
