,customer,weight,round,length
0,"[52, 8, 17, 26, 22, 50]","[1, 2, 1, 7, 1, 3]",0,5910.083643448
1,"[40, 33, 30]","[3, 1, 2]",1,6308.334931532
