,customer,weight,round,length
0,"[24, 14, 15, 9, 6, 11]","[1, 1, 1, 4, 1, 3]",0,3770.793869473
1,"[27, 5, 20, 19, 1, 7]","[1, 1, 2, 2, 2, 2]",0,6160.186411799999
2,"[27, 12, 0, 10, 18, 3, 17, 4, 8]","[1, 1, 2, 1, 1, 1, 1, 2, 1]",0,3273.617962836
3,[25],[1],0,6673.22849772
4,"[26, 21, 13, 16, 22, 23, 28, 2]","[1, 2, 3, 1, 2, 2, 2, 2]",0,3081.6440028419997
