,task,distance
0,[0],2189.106722513
1,[1],7215.458684998799
2,[2],6625.1456544677
3,[3],1281.0034331908998
4,[4],0.0
