,task,distance
0,[0],3770.793869473
1,[1],6160.186411799999
2,[2],3273.617962836
3,[3],6673.22849772
4,[4],3081.644002842
