,customer,weight,round,length
0,"[57, 74, 39, 16, 20, 42, 62, 37, 63, 58, 34, 76, 35]","[1, 1, 1, 1, 1, 1, 1, 2, 1, 1, 1, 2, 1]",0,1008.868591983
1,"[41, 31, 59, 54, 75, 55, 18, 21, 73, 22, 25, 56, 36, 40]","[1, 1, 1, 1, 1, 1, 1, 1, 2, 1, 1, 1, 1, 1]",0,629.346000379
2,"[46, 28, 27, 14, 48, 19, 61, 72, 64, 45, 0, 32, 43, 38]","[1, 1, 2, 1, 1, 1, 1, 1, 1, 1, 1, 1, 1, 1]",1,1168.825658629
3,"[25, 68, 65, 5, 71, 60, 2, 33, 3, 4, 47]","[1, 2, 2, 1, 1, 1, 1, 2, 2, 1, 1]",1,865.986480238
4,"[13, 15, 44, 6, 70, 17, 9, 69]","[1, 1, 1, 1, 1, 1, 1, 8]",2,2028.620602244
5,"[29, 52, 1, 49, 24, 12, 7, 26, 8, 23, 30]","[1, 1, 1, 1, 1, 1, 1, 1, 1, 3, 3]",2,1323.4613924301
6,[],[],3,0.0
7,"[51, 11, 66, 67, 50, 10, 53]","[1, 1, 1, 1, 1, 2, 2]",3,1093.198837212
