,customer,weight,round,length
0,"[74, 54, 120, 122, 136, 69, 68, 135, 119, 118, 90, 86, 79]","[1, 1, 1, 2, 1, 1, 2, 1, 1, 1, 1, 1, 1]",0,4313.022140497401
1,"[60, 66, 64, 63, 62, 72, 73, 59, 58, 146, 81, 147, 148]","[1, 1, 1, 1, 1, 1, 1, 2, 1, 1, 1, 1, 2]",0,3018.214575553
2,"[125, 82, 83, 99, 100, 101, 76, 61, 78, 89, 128, 127, 126]","[1, 1, 1, 1, 1, 2, 1, 1, 1, 2, 1, 1, 1]",1,2431.4403997235
3,"[80, 151, 150, 149, 124, 123, 84, 130, 129, 106, 107, 108, 102, 103]","[1, 2, 1, 1, 1, 1, 1, 1, 1, 1, 1, 1, 1, 1]",1,2417.7186242589996
4,"[139, 85, 46, 95, 96, 97, 98, 110, 109]","[2, 3, 1, 2, 1, 1, 3, 1, 1]",2,2232.1411630149996
5,"[132, 131, 113, 112, 114, 115, 116, 117, 134, 133, 111, 105, 104]","[1, 1, 1, 1, 1, 1, 1, 1, 2, 1, 1, 2, 1]",2,2491.022810752
6,[],[],3,0.0
7,"[141, 142]","[8, 1]",3,1685.811374676
