,task,distance
0,[0],4762.61913678
1,[1],391.38568095
2,[2],8805.397485018
