,task,distance
0,[0],8324.3372396292
1,[1],0.0
2,[2],9280.74972519
