,customer,weight,round,length
0,"[54, 43, 72]","[6, 1, 1]",0,2326.79491048
1,[],[],0,0.0
2,"[34, 48, 11, 66]","[2, 1, 1, 10]",0,2738.608508384
