,task,distance
0,[0],2326.79491048
1,[1],0.0
2,[2],2738.608508384
