,task,distance
0,[0],55.368645427
1,[1],0.0
2,[2],2000001432.503435
3,[3],0.0
4,[4],2000004031.8988185
