,customer,weight,round,length
0,"[137, 53, 54, 122, 107, 1, 31, 79, 66, 24]","[1, 1, 1, 5, 1, 1, 1, 1, 1, 2]",0,15907.127782956
1,"[116, 96, 7, 18, 64]","[1, 1, 1, 1, 1]",1,26699.76774051
