,customer,weight,round,length
0,"[89, 52, 106, 81, 11, 50, 72, 121, 134, 24]","[2, 1, 1, 1, 1, 1, 1, 3, 1, 3]",0,18365.530401536
1,"[27, 70, 77, 3, 123]","[1, 1, 2, 1, 1]",1,28965.523469639997
