,customer,weight,round,length
0,"[19, 18, 59, 67, 65, 69, 63, 61, 93, 90, 91, 54, 55, 4]","[1, 1, 1, 1, 1, 1, 1, 1, 1, 1, 1, 1, 1, 1]",0,5089.640786621
1,[],[],0,0.0
2,"[80, 37, 72, 29, 81]","[2, 1, 1, 1, 3]",0,1370.2739825929998
3,[],[],0,0.0
4,[],[],0,0.0
