,task,distance
0,[0],318.64031843
1,[1],4823.4066324319
