,task,distance
0,[0],0.0
1,[1],499.31604099
2,[2],0.0
3,[3],828.923634954
4,[4],0.0
