,task,distance
0,[0],278.742756242
1,[1],680.0753084889999
