,customer,weight,round,length
0,"[28, 83, 82, 53, 72, 87, 85, 143, 166, 165, 112, 214]","[1, 1, 1, 2, 1, 1, 1, 1, 2, 1, 1, 2]",0,2000004882.030131
1,[163],[15],0,2000000000.0
2,"[182, 181, 179, 131, 5, 4, 218, 67, 69, 192, 195, 194, 48]","[1, 1, 1, 2, 1, 1, 2, 1, 1, 1, 1, 1, 1]",0,2000005546.3997486
3,"[91, 95, 94, 220, 120, 119, 97, 98, 149, 108, 22, 102, 128]","[1, 1, 1, 2, 1, 1, 1, 1, 1, 2, 1, 1, 1]",1,2000002372.3591666
4,"[24, 154, 216, 115, 157, 21, 219, 60]","[1, 1, 1, 2, 1, 2, 1, 1]",1,2000002768.3025463
5,[90],[11],1,2000000000.0
