,task,distance
0,"[0, 3, 6, 9]",22867.058712552403
1,"[1, 5, 8, 11]",10869.01617741
2,"[2, 4, 7, 10]",19989.174799278702
