,customer,weight,round,length
0,"[169, 90, 137, 136, 84, 110, 111, 43, 17]","[1, 7, 1, 1, 1, 1, 1, 1, 1]",0,3936.1883752680005
1,"[129, 95, 163, 46, 20, 186, 143, 144, 202]","[1, 1, 1, 1, 1, 1, 1, 1, 6]",1,5268.6635024888
