,customer,weight,round,length
0,"[54, 44, 42, 105, 107, 168, 203, 192, 191, 103, 109, 179, 72]","[2, 1, 1, 1, 1, 1, 1, 1, 2, 1, 1, 1, 1]",0,5294.406854896
1,"[177, 25, 185, 139, 189]","[1, 1, 1, 1, 1]",1,4663.9408774
