,customer,weight,round,length
0,"[64, 29, 132, 32, 183, 162, 88, 204, 152, 113]","[1, 1, 1, 1, 1, 1, 1, 3, 4, 1]",0,3937.557786928
1,"[164, 63, 23, 188, 98, 26, 195, 196]","[1, 2, 1, 1, 1, 1, 1, 1]",1,5388.036168581
