,customer,weight,round,length
0,"[22, 24, 47, 46, 23, 54, 106, 122, 121, 123, 105, 51]","[1, 1, 1, 1, 1, 1, 1, 2, 1, 1, 2, 2]",0,2372.2627426544
1,"[93, 8, 30, 121]","[3, 1, 1, 1]",1,14424.975966082002
