,customer,weight,round,length
0,"[43, 44, 34, 35, 36, 20, 18, 45]","[3, 1, 1, 1, 1, 2, 2, 2]",0,2294.453707592
1,"[52, 54, 41, 42, 39, 23, 32, 24, 3, 25, 40]","[3, 1, 2, 1, 1, 2, 1, 1, 1, 1, 1]",0,2864.0377269158002
