,customer,weight,round,length
0,"[85, 141, 125, 23, 57]","[1, 1, 1, 1, 11]",0,11534.556714204999
1,"[143, 57, 61, 71, 115, 73, 51, 52, 69]","[1, 4, 1, 2, 1, 3, 1, 1, 1]",0,14040.152472974
2,"[101, 105, 104, 146, 111]","[1, 1, 1, 1, 1]",1,1589.6365213138
3,"[132, 131, 55, 137, 4, 107, 150, 103]","[2, 2, 1, 1, 1, 4, 1, 2]",1,12271.048381629
