,customer,weight,round,length
0,[],[],0,0.0
1,"[121, 100, 33, 3, 2, 140, 84, 37, 120]","[2, 6, 1, 1, 1, 1, 1, 1, 1]",0,4439.4296218535
2,[],[],0,0.0
3,"[91, 92, 16]","[2, 3, 3]",0,651.6865088147999
