,task,distance
0,[0],4154.454952691
1,[1],0.0
2,[2],0.0
3,[3],5232.947938767
