,task,distance
0,[0],4306.905037676
1,[1],180.7098774838
2,[2],0.0
3,[3],0.0
