,task,distance
0,[0],0.0
1,[1],1417.808652252
2,[2],6083.210248994
3,[3],0.0
