,task,distance
0,[0],0.0
1,[1],4439.4296218535
2,[2],0.0
3,[3],651.6865088147999
