,customer,weight,round,length
0,"[156, 155, 40, 44, 51, 6, 154, 157, 30]","[1, 2, 3, 1, 1, 1, 2, 1, 1]",0,3592.405554298
1,"[128, 147, 58, 125, 106, 152, 18, 105, 82, 104]","[1, 1, 2, 2, 1, 1, 1, 1, 1, 1]",0,2703.6415460523003
2,"[100, 137, 136, 129, 101, 133, 132]","[1, 2, 1, 1, 1, 1, 1]",0,1321.6512359849999
