,task,distance
0,[0],1318.965621923
1,[1],1044.3901510647
2,[2],1620.7407632693
