,task,distance
0,"[0, 3]",2291.58393989
1,"[1, 2]",2653.529233625
