,customer,weight,round,length
0,"[15, 43, 19, 42, 1, 25, 21, 70, 48, 69, 64, 54, 71]","[2, 1, 1, 1, 1, 2, 1, 1, 1, 1, 1, 1, 1]",0,4426.0013424579
1,[15],[5],0,102.0034833978
2,[],[],0,0.0
