,task,distance
0,[0],4426.0013424579
1,[1],102.0034833978
2,[2],0.0
