,customer,weight,round,length
0,"[36, 48, 56, 60, 111, 110, 96, 109]","[4, 3, 1, 2, 1, 1, 2, 1]",0,2200.5414971128
1,"[82, 26, 114, 115, 54, 55, 70, 49, 60]","[1, 1, 2, 3, 1, 1, 2, 3, 1]",1,3665.5513760764
2,"[114, 76, 52, 68, 116, 71, 50, 84, 35]","[1, 1, 1, 1, 3, 4, 1, 1, 2]",2,3371.8290695791006
3,"[69, 90, 33, 61, 83]","[2, 2, 1, 2, 1]",3,3176.5466088949997
