,customer,weight,round,length
0,"[0, 49, 32, 33, 34, 35, 36, 87, 47, 78, 21, 71]","[1, 1, 1, 2, 1, 1, 1, 1, 1, 1, 1, 2]",0,6780.7550500275
1,"[69, 65, 115, 92]","[11, 1, 1, 2]",0,10802.219997625
2,[74],[1],0,86.5465153758
3,"[69, 25]","[12, 1]",0,4745.54001692
