,customer,weight,round,length
0,"[131, 2, 1, 38, 39, 136, 62, 134]","[1, 1, 1, 1, 1, 1, 1, 1]",0,2988.7941935589997
1,"[17, 81, 123, 93, 66, 10, 112, 110, 60, 19]","[1, 1, 2, 2, 2, 1, 1, 2, 1, 2]",0,14040.474197275002
2,[],[],0,0.0
3,[],[],0,0.0
