,customer,weight,round,length
0,"[43, 42]","[1, 14]",0,679.391383887
1,"[8, 26, 15, 35, 37, 53]","[1, 1, 1, 1, 1, 1]",1,2824.93130677
