,customer,weight,round,length
0,[13],[6],0,348.245918836
1,"[166, 171, 109, 25, 1, 149, 85, 190, 183, 146, 17, 6, 63]","[1, 1, 1, 1, 1, 1, 2, 1, 1, 1, 1, 2, 1]",0,14347.322412118
2,[14],[2],0,3765.7477141
