,task,distance
0,[0],10885.922013936
1,[1],5849.109650704
2,[2],0.0
