,task,distance
0,[0],1657.848990617
1,[1],3443.3489403067
2,[2],0.0
