,task,distance
0,[0],0.0
1,[1],8652.704129255999
2,[2],2619.58903582
