,task,distance
0,[0],661.376655368
1,[1],817.769321686
2,[2],0.0
3,[3],10114.0454278343
