,task,distance
0,[0],4856.597813905
1,[1],1591.1380283036
2,[2],3312.310876878
