,customer,weight,round,length
0,[34],[15],0,639.406900134
1,[],[],0,0.0
2,"[34, 36, 71, 33, 90, 30, 4, 83, 82, 42]","[6, 1, 1, 1, 1, 1, 1, 1, 1, 1]",0,11598.73597949
3,"[8, 89, 52, 95, 94]","[7, 1, 2, 2, 2]",0,5829.541952169
