,task,distance
0,[0],3438.884953254
1,[1],8867.380068785
2,[2],489.054444328
3,[3],489.054444328
