,task,distance
0,[0],489.054444328
1,[1],11931.337507227
2,[2],4440.824327885
3,[3],489.054444328
