,customer,weight,round,length
0,"[124, 259, 295, 227, 145, 222, 63, 60, 293, 294, 153, 48, 46]","[1, 1, 1, 1, 2, 1, 1, 1, 2, 1, 1, 1, 1]",0,25943.943374124
1,"[88, 14, 274, 138, 148, 96, 52, 53, 306, 129, 130]","[1, 1, 1, 1, 1, 1, 2, 2, 1, 3, 1]",1,4627.895911780899
2,"[208, 19, 278, 190, 31, 297, 151, 214, 166, 168, 34]","[1, 2, 1, 1, 3, 1, 1, 2, 1, 1, 1]",2,6787.465701437999
3,"[299, 209, 312, 252, 251, 65]","[2, 3, 1, 2, 1, 2]",3,6639.066446145001
