,customer,weight,round,length
0,"[26, 92, 71, 25, 109, 91, 44, 33, 101, 100]","[1, 1, 1, 1, 1, 1, 6, 1, 1, 1]",0,14045.2146597886
1,"[9, 139, 65]","[13, 1, 1]",0,6829.347192244999
2,"[117, 55, 77, 72, 73, 130]","[2, 1, 2, 1, 1, 1]",1,10290.6073110994
3,[],[],1,0.0
