,customer,weight,round,length
0,"[113, 40, 41, 124, 63, 148, 31, 130]","[6, 1, 1, 1, 3, 1, 1, 1]",0,5265.5276488771
1,"[56, 20, 14, 150, 151, 30, 103, 181, 176]","[3, 5, 1, 1, 1, 1, 1, 1, 1]",1,8194.6431186593
2,"[165, 163, 135]","[1, 1, 1]",2,6922.2594738319995
