,task,distance
0,[0],0.0
1,[1],458.977817886
2,[2],0.0
3,[3],3078.977273247
4,[4],0.0
