,task,distance
0,[0],0.0
1,[1],111.2543393954
2,[2],0.0
3,[3],2631.322774594
4,[4],0.0
