,task,distance
0,[0],0.0
1,[1],0.0
2,[2],0.0
3,[3],1638.5569154819998
4,[4],458.977817886
