,task,distance
0,[0],404.790363764
1,[1],0.0
2,[2],404.790363764
3,[3],404.790363764
