,customer,weight,round,length
0,[0],[15],0,329.465780284
1,"[0, 2]","[5, 10]",0,5345.044780982
2,"[0, 1]","[3, 12]",0,3433.2962989019998
3,[1],[15],0,3433.2962989
4,[2],[15],1,5015.5790007
5,[2],[14],1,5015.5790007
6,[],[],1,0.0
7,[],[],1,0.0
