,task,distance
0,"[0, 4]",5345.044780984
1,"[1, 6]",2672.522390492
2,"[2, 4]",6896.960040292
3,"[3, 6]",3433.2962989
