,customer,weight,round,length
0,[3],[15],0,249.229065696
1,"[4, 1, 5, 3]","[1, 1, 2, 11]",1,3983.4068097195
2,"[4, 0]","[3, 6]",2,9684.17984029
