,customer,weight,round,length
0,"[61, 179, 141, 51, 160, 117, 190, 189, 187, 148, 1]","[2, 2, 2, 1, 1, 1, 1, 1, 1, 1, 2]",0,6376.797220509
1,[58],[3],0,159.7335495112
2,"[58, 182, 183, 180, 59, 60, 62, 99, 57]","[1, 2, 1, 1, 1, 2, 5, 1, 1]",0,1393.3425816385
3,[],[],0,0.0
