,task,distance
0,[0],7867.073078367001
1,[1],9554.020037533
2,[2],0.0
3,[3],0.0
