,task,distance
0,[0],2141.2999788807
1,[1],0.0
2,[2],4561.3908488296
3,[3],0.0
