,task,distance
0,[0],0.0
1,[1],0.0
2,[2],1532.119580155
3,[3],8291.986465639
