,task,distance
0,[0],0.0
1,[1],0.0
2,[2],1353.804152394
3,[3],2384.8998805066003
