,customer,weight,round,length
0,"[25, 35, 5, 6, 38, 40, 36, 29, 26, 17]","[1, 2, 1, 1, 1, 1, 2, 1, 1, 4]",0,1663.549255242
1,"[4, 16, 27, 37, 34, 8, 23, 33, 35, 42, 45]","[1, 3, 1, 2, 1, 1, 2, 1, 1, 1, 1]",1,1905.919532805
2,"[4, 12, 24, 21, 41, 22]","[1, 2, 5, 1, 5, 1]",2,1610.219083864
3,"[11, 28, 19, 18, 3, 31, 20, 1, 30, 10]","[1, 1, 1, 6, 1, 1, 1, 1, 1, 1]",3,1218.599837947
4,"[0, 43, 32, 7, 14, 44, 2, 39, 13]","[1, 4, 1, 1, 1, 1, 3, 2, 1]",4,1582.600208271
5,"[32, 15, 9]","[1, 1, 1]",5,498.512056661
