,customer,weight,round,length
0,"[141, 52, 7, 64, 69, 10, 81, 109]","[1, 3, 1, 1, 1, 1, 1, 1]",0,3505.0648263400003
1,"[122, 124, 125, 73, 19, 37, 94, 61, 148, 103]","[1, 2, 1, 1, 1, 2, 1, 2, 1, 1]",0,4177.549710482001
2,"[144, 143]","[1, 2]",0,277.60359607370003
