,task,distance
0,[0],10569.501610799998
1,[1],9188.230498902
2,[2],5547.933616114
3,[3],7743.401268036
