,task,distance
0,[0],5931.70413084
1,[1],2467.66808604
2,[2],4973.709367651
3,[3],3330.01689244
