,customer,weight,round,length
0,"[1, 4, 124, 109, 86, 51, 87, 5, 114, 71, 66, 30]","[2, 2, 1, 1, 1, 2, 1, 1, 1, 1, 1, 1]",0,10639.148127248
1,"[48, 47, 46, 24, 23, 22, 54, 106, 105, 123, 121, 122]","[1, 1, 1, 1, 1, 1, 1, 1, 2, 1, 2, 2]",0,6914.1858352757
2,"[130, 31, 14, 41, 13, 12, 16, 36, 117, 103, 40, 91, 92, 75]","[1, 1, 1, 1, 1, 1, 1, 1, 1, 2, 1, 1, 1, 1]",0,4420.468971364599
3,"[115, 63, 8, 7, 64, 65]","[1, 1, 1, 1, 1, 1]",1,4985.551740131001
4,"[117, 11, 44, 79, 21, 100, 94, 93]","[3, 1, 1, 1, 1, 1, 1, 3]",1,4165.401373872
5,"[60, 61, 43, 42, 148, 142, 143, 6, 145, 57, 59]","[1, 1, 1, 1, 1, 1, 2, 1, 1, 2, 1]",1,5862.180684038401
