,task,distance
0,"[0, 4]",14804.54950112
1,"[1, 3]",11899.7375754067
2,"[2, 5]",10282.649655403
