,task,distance
0,[0],0.0
1,[1],6970.023125256001
2,[2],254.092247976
