,task,distance
0,[0],745.9160203076
1,[1],272.8851652221
2,[2],122.957256862
