,customer,weight,round,length
0,[],[],0,0.0
1,"[81, 134, 141, 63, 64, 111]","[1, 1, 1, 1, 1, 1]",0,885.0216043644
2,"[80, 57, 27, 127, 41, 113, 130, 131, 104, 132, 133, 79]","[1, 1, 1, 1, 1, 1, 1, 1, 1, 1, 1, 1]",0,2281.7205645938
3,[],[],0,0.0
