,customer,weight,round,length
0,[],[],0,0.0
1,[],[],0,0.0
2,[],[],0,0.0
3,"[29, 83, 6, 7, 152, 151, 86, 102, 98, 104, 55]","[1, 1, 1, 3, 3, 1, 1, 1, 1, 1, 1]",0,12300.933766864899
4,"[9, 23, 68, 110, 74, 24, 156]","[4, 1, 1, 1, 2, 2, 2]",0,6533.091703832
