,customer,weight,round,length
0,[],[],0,0.0
1,"[124, 121, 10, 55, 9, 47, 46]","[1, 1, 1, 1, 4, 3, 1]",0,1460.6774913588
2,"[123, 104, 105, 151, 20, 34, 122, 97, 37, 115, 49, 50, 46]","[1, 1, 1, 1, 2, 1, 1, 1, 1, 1, 1, 1, 1]",0,6026.603754461
3,[],[],0,0.0
4,[],[],0,0.0
