,task,distance
0,[0],0.0
1,[1],1460.6774913588
2,[2],6026.603754461
3,[3],0.0
4,[4],0.0
