,customer,weight,round,length
0,"[32, 38, 37, 40, 5, 6, 33]","[2, 2, 1, 4, 1, 2, 1]",0,5297.346548826
1,"[29, 30]","[2, 2]",0,897.307943794
2,[31],[1],0,358.994489562
