,task,distance
0,[0],7969.702020741501
1,[1],3565.69012157
2,[2],0.0
