,task,distance
0,[0],1109.286229958
1,[1],4512.2034520864
2,[2],77.3798855778
3,[3],1620.8173183103
4,[4],957.9887230219
