,task,distance
0,[0],987.09698782
1,[1],0.0
2,[2],5078.397803781301
3,[3],7970.0995438295
4,[4],2214.1563123292
