,task,distance
0,[0],0.0
1,[1],410.2232243187
2,[2],0.0
3,[3],3584.3336592939995
