,customer,weight,round,length
0,[75],[9],0,359.600551384
1,"[74, 30, 31, 73, 23]","[1, 2, 1, 1, 8]",0,1249.3935342907
2,"[4, 25, 3, 20, 80, 38, 106]","[4, 4, 1, 1, 1, 1, 3]",0,8624.297908774999
