,customer,weight,round,length
0,"[46, 50, 107, 99, 11, 103, 63]","[1, 2, 1, 1, 3, 1, 1]",0,7608.297956771699
1,[],[],0,0.0
2,"[56, 31, 73, 75, 90]","[3, 1, 1, 9, 1]",0,3154.524892788
