,customer,weight,round,length
0,[],[],0,0.0
1,[86],[4],0,15324.09945086
2,[],[],0,0.0
3,[],[],0,0.0
4,"[32, 20, 19, 118, 110, 65, 104, 80, 45, 29, 31, 68, 42, 66]","[1, 1, 2, 1, 1, 1, 1, 1, 1, 1, 1, 1, 1, 1]",0,6165.538506455999
