,task,distance
0,[0],0.0
1,[1],16248.69595615
2,[2],24892.683849578
3,[3],3502.772460286
4,[4],0.0
