,customer,weight,round,length
0,[35],[11],0,88.9793889798
1,[35],[8],0,88.9793889798
2,"[9, 38, 41]","[1, 1, 5]",0,5135.475091339
