,customer,weight,round,length
0,"[32, 37, 20]","[2, 1, 3]",0,4271.679987866
1,[8],[12],0,291.593085738
2,[],[],0,0.0
