,task,distance
0,[0],279.76028543
1,[1],2122.244931825
2,[2],0.0
