,customer,weight,round,length
0,"[65, 120, 67, 160, 66, 162, 161, 56, 53, 54]","[1, 1, 1, 1, 1, 1, 1, 1, 1, 3]",0,1625.8380207477003
1,"[90, 138, 112, 139, 27]","[1, 1, 1, 1, 2]",0,893.0480001291
