,customer,weight,round,length
0,"[5, 63, 64, 30, 75, 133, 166]","[3, 1, 2, 1, 1, 1, 1]",0,2252.4047269999
1,"[23, 22, 26, 25, 84, 103, 104, 105, 106]","[1, 3, 2, 1, 1, 1, 1, 1, 2]",0,2739.1630683871003
