,customer,weight,round,length
0,"[165, 135, 132, 131]","[1, 1, 1, 1]",0,783.529701057
1,"[163, 96, 130, 97, 70, 80, 46, 45, 52, 44, 43, 113]","[1, 1, 1, 1, 1, 2, 1, 1, 1, 1, 1, 1]",0,4037.9232822274003
