,customer,weight,round,length
0,[30],[15],0,1358.196417628
1,"[36, 34, 27]","[1, 1, 13]",0,3430.368479705
2,[],[],1,0.0
3,[44],[1],1,4857.75454266
