,task,distance
0,[0],0.0
1,[1],5287.715241234
2,[2],4278.9332451445
