,task,distance
0,"[0, 5]",2206.771843475
1,"[1, 4]",7816.329419201601
2,"[2, 3]",4844.6308649522
