,task,distance
0,"[0, 5]",6368.5917493905
1,"[1, 3]",4603.4682575302
2,"[2, 4]",3998.4421586968
