,customer,weight,round,length
0,"[22, 34, 19, 21, 53, 32, 20]","[3, 1, 1, 1, 1, 3, 4]",0,6360.519018694
1,[33],[6],0,454.14179906
