,task,distance
0,[0],2290.367384547
1,[1],254.44492968
