,task,distance
0,"[0, 7]",7788.1228527336025
1,"[1, 5]",4347.457960553999
2,"[2, 9]",8446.4117190065
3,"[3, 8]",3204.132157645
4,"[4, 6]",4034.8914182757
