,customer,weight,round,length
0,[],[],0,0.0
1,[],[],0,0.0
2,"[202, 75, 243, 76, 77, 201, 203]","[1, 1, 1, 1, 1, 1, 1]",0,2020.197459287
3,"[67, 68, 69, 71, 73, 72, 251, 14, 66]","[1, 1, 1, 1, 1, 1, 1, 2, 1]",0,1664.1133514945002
