,customer,weight,round,length
0,[],[],0,0.0
1,"[246, 240, 181, 88, 108, 175, 63, 193]","[1, 2, 1, 1, 1, 1, 1, 1]",0,3170.4971220855
2,"[125, 114, 166, 54, 55, 100, 97, 41, 195]","[1, 2, 1, 1, 1, 1, 3, 1, 1]",0,2728.2999945629995
3,[],[],0,0.0
