,task,distance
0,[0],0.0
1,[1],0.0
2,[2],2789.253335203
3,[3],2318.7128145847
