,task,distance
0,"[0, 5]",5691.4160484902
1,"[1, 4]",2000005866.5527709
2,"[2, 3]",2000004417.1220984
