,task,distance
0,"[0, 2, 5]",17126.9915156157
1,"[1, 3, 4]",17631.3668925576
