,customer,weight,round,length
0,"[278, 277, 78, 282, 283, 196, 197, 208, 19]","[1, 1, 1, 2, 2, 1, 1, 1, 5]",0,1932.4885082998999
1,"[198, 209, 195, 235, 236, 73, 190, 281, 279]","[5, 3, 1, 1, 1, 1, 1, 1, 1]",1,2821.4794572283
2,"[297, 193, 192, 87, 280, 79, 210, 310, 251, 314, 207, 44, 25]","[1, 1, 1, 1, 1, 1, 1, 1, 1, 2, 1, 2, 1]",2,4377.103773334201
3,"[174, 39, 246, 219, 220, 249, 199, 20, 31, 288]","[1, 1, 1, 1, 1, 1, 2, 2, 3, 2]",3,4428.135052588999
4,"[65, 252, 309, 312, 206, 285, 80, 299, 298, 289, 137]","[2, 2, 1, 1, 1, 2, 1, 1, 1, 2, 1]",4,5807.526957568
5,[299],[1],5,1799.147654456
