,customer,weight,round,length
0,"[114, 128, 117, 115, 64, 65, 3, 34, 36, 19, 126, 90, 82]","[1, 1, 2, 1, 1, 1, 1, 1, 1, 2, 1, 1, 1]",0,6337.160070993999
1,"[93, 112, 111, 0, 25, 24, 74]","[2, 1, 1, 2, 1, 1, 1]",1,3598.2249910126
