,customer,weight,round,length
0,"[7, 29]","[3, 12]",0,2552.590150414
1,"[8, 7]","[6, 9]",0,1695.2176986470001
2,"[8, 3, 15]","[6, 8, 1]",0,2830.234726447
3,"[3, 9, 11, 31, 17, 16, 18, 39]","[5, 1, 1, 1, 1, 1, 3, 1]",1,3790.328165285
4,[],[],1,0.0
5,"[2, 25, 36, 37, 19, 20, 6, 24, 38, 23]","[1, 2, 1, 1, 1, 3, 1, 1, 2, 1]",1,2885.342460419
