,task,distance
0,"[0, 5]",2864.5805741050003
1,"[1, 4]",6048.043206753
2,"[2, 3]",6191.111810067
