,customer,weight,round,length
0,"[53, 13, 16, 54, 22, 31, 28, 10, 52, 42, 30]","[3, 1, 3, 1, 1, 1, 1, 1, 1, 1, 1]",0,1198.404118776
1,"[1, 40, 55, 41, 29, 24, 43, 23, 3, 51, 12, 46, 18]","[1, 1, 3, 1, 1, 1, 1, 1, 1, 1, 1, 1, 1]",1,651.6278975696
2,"[5, 56, 6, 11, 2, 15]","[1, 5, 1, 5, 2, 1]",2,1212.1242804190001
3,"[45, 47, 50, 7, 37]","[1, 11, 1, 1, 1]",3,1723.393478893
4,"[35, 9, 19, 25, 32, 20, 38, 34, 44, 8, 36, 39]","[1, 1, 2, 1, 1, 2, 2, 1, 1, 1, 1, 1]",4,1139.135636391
5,"[0, 14, 21, 17, 33, 49, 4, 26, 48, 27]","[2, 1, 1, 1, 2, 2, 1, 1, 1, 1]",5,1456.347459671
