,customer,weight,round,length
0,[],[],0,0.0
1,[],[],0,0.0
2,"[84, 85, 78, 80, 27, 155, 146, 37, 19, 151, 163, 0]","[1, 1, 1, 1, 2, 1, 1, 1, 2, 1, 1, 1]",0,7828.113624984
3,"[142, 159, 29, 109]","[3, 3, 2, 3]",0,2502.6722761650003
