,customer,weight,round,length
0,"[13, 119, 120, 121, 122, 33, 152, 136, 178, 22, 41, 154]","[2, 1, 1, 1, 1, 1, 1, 1, 1, 2, 1, 1]",0,5508.857600064999
1,"[110, 115, 112]","[8, 1, 1]",0,862.280875766
2,[],[],0,0.0
3,[81],[2],0,439.56322865
