,task,distance
0,[0],0.0
1,[1],0.0
2,[2],733.0033700800001
3,[3],6485.346715382
