,task,distance
0,[0],0.0
1,[1],3249.511277643
2,[2],3159.4015874080005
3,[3],0.0
