,customer,weight,round,length
0,[2],[12],0,203.27813193
1,[],[],0,0.0
2,[6],[12],0,1715.755228762
