,task,distance
0,"[0, 3]",2262.7151413512
1,"[1, 2]",6784.4648051656
