,task,distance
0,[0],1860.195553144
1,[1],5073.3375634385
2,[2],3200.0028512910003
