,task,distance
0,"[0, 5]",3843.873821919
1,"[1, 7]",3920.4349441010004
2,"[2, 8]",2598.113692944
3,"[3, 6]",3946.5596254110005
4,"[4, 8]",2791.00698145
