,task,distance
0,[0],0.0
1,[1],4908.641910717501
2,[2],7177.309959865999
