,customer,weight,round,length
0,"[24, 25, 35, 41, 32, 31]","[5, 6, 1, 1, 1, 1]",0,1958.38964801
1,"[30, 17, 15, 13, 38, 1, 4, 23, 33]","[1, 1, 1, 4, 1, 1, 1, 1, 4]",0,1720.658012673
2,"[42, 29, 22, 37, 34, 16, 19, 6, 5, 28]","[1, 1, 2, 1, 4, 1, 2, 1, 1, 1]",0,992.514104417
3,"[0, 27, 12, 11, 43, 9, 20, 7, 3, 2, 10, 8]","[1, 1, 2, 1, 1, 1, 1, 1, 1, 1, 1, 2]",1,2714.53963466
4,[],[],1,0.0
5,"[21, 39, 18, 40, 14, 36, 26]","[1, 1, 2, 1, 1, 1, 1]",1,2155.5738631120003
