,task,distance
0,"[0, 4]",1958.38964801
1,"[1, 5]",3876.2318757850003
2,"[2, 3]",3707.053739077
