,task,distance
0,"[0, 3]",7402.742020598999
1,"[1, 5]",2863.0200246124
2,"[2, 4]",6792.7622523839
