,customer,weight,round,length
0,"[127, 98, 99, 97, 54, 55]","[3, 1, 1, 4, 1, 2]",0,828.5838958086
1,[],[],0,0.0
2,[],[],0,0.0
3,[],[],0,0.0
4,"[57, 53, 8, 126, 72, 52, 51, 58, 42, 56]","[1, 1, 1, 1, 1, 1, 1, 1, 1, 1]",0,2665.7155908219
