,task,distance
0,[0],586.888366736
1,[1],823.2969408985
2,[2],0.0
3,[3],4317.815278496701
4,[4],0.0
