,customer,weight,round,length
0,"[17, 97, 86]","[1, 1, 1]",0,2680.355146666
1,"[196, 25, 134, 94, 184, 153, 78]","[2, 1, 1, 2, 1, 7, 1]",0,9010.109854317
2,"[28, 31, 175, 169, 179, 26, 96, 131, 49, 88, 92, 60, 59]","[1, 1, 1, 1, 2, 1, 1, 1, 1, 1, 2, 1, 1]",0,12252.645959307
