,customer,weight,round,length
0,[],[],0,0.0
1,"[0, 47, 51, 46, 44]","[1, 3, 1, 1, 1]",0,11927.909582921
2,"[43, 20, 42, 39, 54, 53, 19, 17]","[1, 1, 1, 1, 2, 2, 1, 1]",0,30771.747955471
