,customer,weight,round,length
0,"[160, 156, 133, 105, 190, 151, 157, 158, 131, 22, 128]","[1, 2, 1, 1, 1, 3, 2, 1, 1, 1, 1]",0,3736.872434736399
1,"[161, 182, 183, 185, 191, 139, 85, 127, 129, 25, 176, 20]","[1, 1, 1, 1, 1, 2, 2, 1, 1, 1, 2, 1]",1,5467.3103373187005
2,"[188, 10, 11, 138, 146, 114, 149, 92, 24, 143, 109]","[3, 2, 1, 1, 1, 1, 1, 1, 1, 2, 1]",2,6904.093107969
3,"[1, 189, 175, 152, 171, 117, 167, 166, 147]","[1, 1, 1, 6, 1, 2, 1, 1, 1]",3,5284.851089972999
4,"[168, 14, 148, 178, 3, 6]","[6, 2, 2, 2, 1, 2]",4,6396.713874191
5,"[168, 76, 12, 150, 63, 170, 186, 2, 4, 195, 17]","[1, 2, 1, 1, 1, 1, 2, 2, 1, 2, 1]",5,10386.678600496001
6,"[12, 0, 13]","[1, 2, 6]",6,9819.83002735
