,customer,weight,round,length
0,"[27, 25, 40, 28, 41, 39, 20, 37, 58, 13, 42]","[1, 1, 2, 1, 1, 2, 1, 3, 1, 1, 1]",0,4910.07334001
1,"[18, 15, 52, 59, 53, 24, 43, 30, 50, 26, 54, 12]","[2, 1, 1, 1, 1, 1, 1, 2, 2, 1, 1, 1]",1,3351.738509986
2,"[31, 14, 32, 56, 35, 29, 19, 22, 7, 6, 21]","[2, 1, 1, 3, 1, 1, 1, 1, 1, 2, 1]",2,3156.237590562
3,"[49, 38, 57, 33, 48, 44, 23, 45, 1]","[1, 6, 1, 1, 1, 1, 2, 1, 1]",3,3463.76892829
4,"[3, 5, 51, 46, 10, 34]","[1, 2, 2, 6, 2, 2]",4,3932.22442566
5,"[4, 60, 16, 55, 17, 2, 47, 11, 8, 36, 46]","[1, 2, 1, 2, 2, 2, 1, 1, 1, 1, 1]",5,4023.16990399
6,"[8, 9, 0]","[1, 6, 2]",6,4629.020645289
