,customer,weight,round,length
0,"[16, 161, 243, 38, 208, 224, 117, 77, 86, 65, 188, 227, 107, 17]","[1, 1, 2, 1, 1, 1, 1, 1, 1, 1, 1, 1, 1, 1]",0,15380.020127057001
1,[242],[2],1,8839.1689352
