,customer,weight,round,length
0,[7],[1],0,3927.33542748
1,[1],[13],0,569.722923478
2,[],[],0,0.0
3,[1],[14],0,569.722923478
