,customer,weight,round,length
0,[],[],0,0.0
1,"[136, 137, 86, 183]","[1, 1, 2, 1]",0,3453.2672862479994
2,[],[],0,0.0
3,[],[],0,0.0
4,"[16, 73, 125, 113, 124, 66, 47, 175, 90, 81, 92, 78]","[2, 2, 1, 1, 1, 1, 1, 2, 1, 1, 1, 1]",0,6060.755026303
