,task,distance
0,"[0, 4]",7026.479049204
1,"[1, 5]",7441.3418282504
2,"[2, 3]",9297.438788894
