,task,distance
0,"[0, 3, 6, 11, 13, 15]",5189.7369082518
1,"[1, 4, 7, 10, 14, 16]",4272.967894771
2,"[2, 5, 8, 9, 12, 17]",5849.1709201607
