,customer,weight,round,length
0,"[32, 38, 12]","[1, 1, 1]",0,1140.602457448
1,[93],[1],0,194.8223916154
