,task,distance
0,[0],5271.0408393
1,[1],776.071591498
