,customer,weight,round,length
0,"[81, 17, 55, 90, 73, 44, 61, 46, 91, 1, 39]","[1, 1, 1, 2, 1, 1, 2, 1, 2, 2, 1]",0,3532.4674536466
1,"[40, 8, 16, 15, 14, 104, 74, 80, 105, 99, 30, 5, 60]","[1, 1, 1, 1, 1, 1, 3, 1, 1, 1, 1, 1, 1]",0,5031.1176204681005
2,"[20, 54, 19, 18, 4, 51, 3, 0, 87]","[1, 1, 1, 2, 1, 1, 1, 1, 1]",1,4294.1568257903
3,[],[],1,0.0
