,customer,weight,round,length
0,"[59, 74, 72, 63]","[5, 1, 3, 4]",0,1739.612490812
1,"[66, 44, 62, 64]","[2, 1, 1, 4]",0,3631.105487923
2,[55],[2],0,204.804832654
