,customer,weight,round,length
0,[],[],0,0.0
1,"[65, 82, 56, 64, 42]","[1, 5, 2, 4, 3]",0,8654.107134001999
2,"[68, 79, 43, 90]","[3, 1, 1, 1]",0,1592.1075278003
