,task,distance
0,[0],5029.0218458015
1,[1],0.0
2,[2],590.1006537822
