,task,distance
0,[0],0.0
1,[1],84.9714015926
2,[2],2094.184510235
