,customer,weight,round,length
0,"[118, 112, 90, 50, 95, 146, 131, 102, 31, 114]","[1, 1, 1, 1, 2, 2, 2, 1, 2, 2]",0,5416.641755076
1,"[86, 84, 117, 119, 29, 0, 132, 97, 130, 129, 136, 110]","[1, 1, 1, 2, 2, 1, 1, 1, 1, 1, 1, 2]",1,6136.190359925
2,"[123, 138, 127, 128, 88, 108, 134, 133]","[1, 1, 1, 1, 1, 1, 1, 1]",2,3161.9636453440003
