,task,distance
0,"[0, 4]",2351.826888298
1,"[1, 5]",1320.038017816
2,"[2, 3]",4395.419462905
