,customer,weight,round,length
0,"[35, 9, 38, 33, 41, 31]","[3, 1, 1, 4, 5, 1]",0,6109.0017007989
1,[35],[13],0,88.9793889798
2,"[28, 0, 7]","[5, 5, 5]",0,4247.364078039001
3,"[35, 8]","[3, 12]",0,1366.5173275258999
