,customer,weight,round,length
0,"[20, 32, 36, 11, 19, 13, 37, 10, 34]","[3, 2, 2, 1, 1, 1, 1, 1, 2]",0,2751.479719439
1,[],[],0,0.0
2,[],[],0,0.0
3,[25],[2],0,483.644593176
