,customer,weight,round,length
0,"[31, 17, 100, 180, 1, 124, 163, 115, 117]","[1, 1, 3, 1, 4, 1, 1, 1, 2]",0,7431.824164324001
1,"[137, 44, 148, 194, 138, 111, 175, 131]","[1, 1, 1, 1, 2, 1, 1, 2]",0,4414.577946382001
2,[],[],0,0.0
