,task,distance
0,[0],0.0
1,[1],4925.594365467
2,[2],4624.307053444
