,task,distance
0,"[0, 3, 5, 7]",16135.7459884384
1,"[1, 2, 4, 6]",16532.628404260002
