,task,distance
0,[0],0.0
1,[1],3838.865701414
2,[2],0.0
3,[3],21847.179875982
