,customer,weight,round,length
0,"[95, 96, 166, 133, 169]","[2, 1, 3, 2, 1]",0,1506.699737836
1,"[118, 14, 119, 56, 132, 130, 93, 1, 0, 13, 90]","[2, 1, 1, 1, 1, 1, 1, 1, 1, 1, 1]",0,2750.1320909458
2,[],[],0,0.0
