,customer,weight,round,length
0,"[19, 120, 201, 46, 45, 65, 69, 5, 9, 94, 144]","[1, 1, 2, 1, 1, 1, 1, 1, 1, 1, 4]",0,12999.892743297998
1,"[158, 72, 68, 54, 215, 27, 213, 184, 132, 35, 148]","[2, 2, 1, 1, 1, 1, 1, 2, 1, 1, 2]",0,14718.307847482
2,"[162, 150, 83, 228, 76, 80]","[1, 1, 1, 1, 1, 1]",1,14424.029027967
3,[],[],1,0.0
