,customer,weight,round,length
0,"[35, 128, 45]","[2, 1, 2]",0,989.87763759
1,"[83, 42, 151, 143, 94, 99, 96, 95, 157, 32, 33, 29, 144, 118]","[1, 1, 1, 1, 1, 1, 1, 1, 1, 1, 2, 1, 1, 1]",0,8380.7541181012
2,"[117, 4, 6, 103, 7, 43]","[1, 1, 1, 2, 3, 3]",0,1477.5354880834998
3,[],[],0,0.0
4,[],[],0,0.0
