,task,distance
0,[0],0.0
1,[1],0.0
2,[2],2069.1098117548
3,[3],86.3487000356
4,[4],2062.1373975512
