,customer,weight,round,length
0,"[57, 25, 8, 17, 60, 30]","[2, 1, 1, 1, 6, 4]",0,5374.404419547201
1,"[85, 48]","[14, 1]",0,1615.782277014
2,"[33, 72, 70, 69, 88, 37, 27, 39]","[2, 1, 1, 1, 1, 1, 2, 1]",1,4422.576329815
3,[],[],1,0.0
