,customer,weight,round,length
0,"[18, 80, 81, 64, 44, 15, 10, 9, 45, 47, 31, 28]","[1, 2, 2, 1, 1, 1, 1, 2, 1, 1, 1, 1]",0,8372.1515503319
1,"[3, 2, 0]","[1, 3, 4]",0,1324.0880202590001
