,customer,weight,round,length
0,"[18, 19, 27, 86, 68, 78, 12, 40, 39, 64]","[1, 2, 2, 1, 3, 1, 1, 2, 1, 1]",0,5063.950722918
1,"[81, 65, 57, 56, 54, 80]","[2, 1, 2, 1, 1, 2]",0,1438.697721876
