,task,distance
0,"[0, 2]",7431.0603181463
1,"[1, 3]",8850.6820499
