,task,distance
0,[0],2137.0380237868
1,[1],796.6441831068998
