,task,distance
0,"[0, 3]",9065.8461389459
1,"[1, 2]",6108.6147540316
