,customer,weight,round,length
0,[9],[1],0,101.7612409654
1,"[76, 0, 64, 44, 50, 16, 59, 22, 43]","[1, 1, 2, 3, 3, 1, 2, 1, 1]",0,5131.557401056
2,"[72, 7, 5, 24, 8, 47, 13]","[1, 5, 1, 1, 1, 1, 2]",0,1611.1458197349998
3,[],[],0,0.0
