,task,distance
0,[0],1798.6973872850003
1,[1],1562.698378723
2,[2],1458.704640678
3,[3],2924.150736003
