,customer,weight,round,length
0,[3],[12],0,322.775148256
1,[0],[13],0,112.643835689
2,"[0, 1, 2, 3]","[1, 11, 1, 2]",0,5898.8230362005
3,[4],[13],0,956.010512394
