,customer,weight,round,length
0,"[50, 63, 5, 24, 7, 12]","[1, 1, 1, 1, 1, 8]",0,3732.5981604749
1,[13],[3],0,129.7354258992
2,[],[],0,0.0
3,[],[],0,0.0
4,[],[],0,0.0
