,task,distance
0,[0],0.0
1,[1],0.0
2,[2],0.0
3,[3],472.942665264
4,[4],4481.565541171
