,customer,weight,round,length
0,"[66, 67, 68, 55, 47, 48, 22, 46, 90]","[1, 1, 1, 3, 2, 1, 1, 1, 4]",0,2057.6135623744003
1,"[3, 82, 10, 5, 6, 86, 44]","[1, 5, 3, 1, 1, 3, 1]",1,6288.9586507852
2,"[57, 64]","[1, 6]",2,8855.10922525
