,customer,weight,round,length
0,"[34, 28, 65, 4, 36, 18, 59, 37, 50, 31, 41, 58]","[1, 2, 1, 1, 1, 1, 1, 1, 3, 1, 1, 1]",0,2834.0585858649997
1,"[28, 33, 67, 6, 26, 35, 5, 15, 30, 57, 29, 49]","[2, 1, 2, 1, 1, 1, 1, 1, 1, 2, 1, 1]",1,2429.271435289
2,"[68, 27, 46, 61, 62, 8, 60, 9, 63, 25]","[3, 1, 1, 1, 1, 2, 1, 1, 1, 3]",2,885.608886742
