,customer,weight,round,length
0,"[50, 95, 106, 96, 48, 49, 16, 9, 10]","[1, 4, 1, 1, 4, 1, 1, 1, 1]",0,3033.3584232450003
1,"[96, 47, 97, 54, 109, 88]","[1, 2, 1, 4, 6, 1]",1,4704.2729358542
2,"[36, 98, 116, 115, 137, 110, 112, 30, 103, 43, 87, 90, 40, 59]","[1, 1, 1, 1, 2, 1, 1, 1, 1, 1, 1, 1, 1, 1]",2,9003.824031496
3,"[0, 129, 125, 126, 29, 102, 77]","[1, 1, 1, 1, 1, 1, 1]",3,5807.067022521999
