,task,distance
0,[0],391.477094938
1,[1],0.0
2,[2],1742.167784514
3,[3],0.0
