,customer,weight,round,length
0,[],[],0,0.0
1,"[57, 110, 29, 34, 47, 87, 94, 112, 16]","[2, 2, 1, 1, 1, 1, 1, 1, 1]",0,5028.515959423
2,[],[],0,0.0
3,"[117, 106, 100, 72, 73, 105, 20, 21, 115, 76, 77]","[2, 1, 1, 1, 1, 2, 1, 1, 2, 1, 2]",0,3546.6794532182
4,"[65, 97, 10, 70, 108, 1, 5, 89, 81]","[1, 1, 1, 1, 2, 1, 3, 1, 2]",0,3728.4620775030003
