,task,distance
0,[0],0.0
1,[1],8971.456375846
2,[2],0.0
3,[3],8339.955054514
