,customer,weight,round,length
0,"[59, 74, 58, 56, 72, 73, 41]","[5, 1, 1, 2, 3, 1, 2]",0,3477.8126141310004
1,"[62, 81, 80, 53, 60, 57, 28, 29, 84]","[1, 1, 6, 1, 1, 1, 2, 1, 1]",0,1733.4557959960002
2,"[55, 82, 64, 63]","[2, 5, 4, 4]",0,1388.427229467
3,"[104, 71, 103, 102, 79, 47, 95, 43, 44, 42, 66]","[1, 1, 1, 2, 1, 1, 1, 1, 1, 3, 2]",0,3830.3619760029997
4,[],[],1,0.0
5,"[99, 49, 48, 67, 68, 90, 93, 92, 65]","[2, 1, 2, 1, 3, 1, 1, 2, 1]",1,7548.1140197076
6,[],[],1,0.0
7,"[106, 70, 46, 45]","[2, 1, 1, 3]",1,3832.554244416
