,task,distance
0,"[0, 6]",3477.8126141310004
1,"[1, 7]",5566.010040412
2,"[2, 5]",8936.5412491746
3,"[3, 4]",3830.361976003
