,customer,weight,round,length
0,"[22, 41, 40]","[12, 1, 2]",0,1521.221821794
1,"[59, 58, 60, 73, 34, 70, 28, 27, 25, 24, 1, 0]","[1, 1, 1, 1, 4, 1, 1, 1, 1, 1, 1, 1]",0,3009.5829653820006
2,"[42, 54, 4, 61, 69, 5, 68, 62, 31, 33, 36]","[2, 1, 1, 2, 3, 1, 1, 1, 1, 1, 1]",0,3244.807813507001
3,[22],[15],0,1220.225695606
4,"[54, 21, 12]","[1, 8, 4]",1,2036.932318843
5,[],[],1,0.0
6,"[29, 57, 48, 49]","[7, 1, 3, 3]",1,3519.8908213800005
7,"[12, 13, 65, 64]","[1, 4, 6, 4]",1,2641.273576644
