,customer,weight,round,length
0,"[15, 24, 1, 27, 14, 32, 33, 2, 31]","[4, 1, 1, 2, 1, 3, 1, 1, 1]",0,878.040053865
1,[7],[15],0,680.637918906
2,"[10, 9, 19, 26, 18, 11, 3, 0, 16, 25, 28, 13, 17]","[1, 1, 2, 1, 1, 1, 1, 1, 1, 1, 1, 1, 2]",0,882.451696174
3,"[7, 22, 34, 8]","[12, 1, 1, 1]",0,681.852451845
4,[],[],1,0.0
5,"[6, 29, 20]","[8, 4, 3]",1,993.1497154159999
6,"[23, 21, 30, 5]","[1, 3, 6, 4]",1,905.824096846
7,"[4, 12, 22]","[4, 7, 1]",1,1170.596462936
