,task,distance
0,"[0, 5]",4153.620804785
1,"[1, 6]",2781.57267128
2,"[2, 4]",4478.665719857
3,"[3, 7]",3676.2195660715
