,customer,weight,round,length
0,"[76, 14, 167, 148, 0, 13]","[2, 2, 1, 2, 2, 6]",0,6138.522353148001
1,"[168, 176, 20, 178, 186, 170, 63, 150, 12]","[3, 2, 1, 2, 2, 1, 1, 1, 2]",1,10366.397500937997
2,"[6, 2, 3, 160, 22, 189]","[2, 2, 1, 1, 1, 1]",2,10678.2492202
