,task,distance
0,"[0, 5]",2897.706816725
1,"[1, 7]",6221.810576388
2,"[2, 5]",1540.816294619
3,"[3, 5]",3575.720536984
4,"[4, 5]",3292.81734347
