,task,distance
0,[0],955.8033985198
1,[1],5727.0575154200005
