,task,distance
0,"[0, 4, 7]",7558.619665292899
1,"[1, 5, 8]",6576.0711394935
2,"[2, 3, 6]",9653.341673921
