,customer,weight,round,length
0,"[83, 54, 41, 79]","[1, 1, 2, 1]",0,2981.749621729
1,[],[],0,0.0
2,"[82, 81, 60, 22, 84, 15, 49, 30]","[2, 1, 1, 1, 1, 1, 3, 1]",0,3295.375222255
