,customer,weight,round,length
0,[],[],0,0.0
1,"[56, 11]","[1, 1]",0,526.43891574
2,"[59, 57, 35, 24, 67, 51, 16, 18, 29, 20]","[1, 1, 1, 6, 1, 1, 1, 1, 1, 1]",0,4076.9726939394004
