,task,distance
0,[0],1426.820550085
1,[1],4477.557367744999
2,[2],0.0
