,task,distance
0,[0],4587.1416837768
1,[1],0.0
2,[2],0.0
3,[3],2538.8112794528
4,[4],0.0
