,customer,weight,round,length
0,"[159, 53, 165, 182, 181, 152, 72, 115, 90, 91, 162]","[1, 1, 1, 2, 3, 1, 1, 1, 1, 2, 1]",0,10294.02105448
1,"[118, 129, 18, 128, 58, 28, 65, 70, 192, 29, 140]","[1, 2, 1, 1, 1, 2, 1, 2, 1, 1, 2]",0,9251.752779414
2,[],[],0,0.0
