,customer,weight,round,length
0,"[55, 19, 102, 44, 69, 47, 85, 88, 91, 93, 24, 131]","[1, 1, 3, 1, 1, 1, 2, 1, 1, 1, 1, 1]",0,7847.182685612998
1,"[136, 115, 67, 142, 106, 71, 139, 31, 29, 1, 135, 134, 81]","[2, 1, 1, 2, 1, 1, 1, 1, 1, 1, 1, 1, 1]",0,4437.623385352501
2,"[130, 113, 127, 128, 26, 54, 109, 110, 104]","[1, 1, 1, 1, 2, 3, 1, 3, 1]",0,3813.182188168
3,"[111, 64, 133]","[1, 1, 1]",0,740.9084138329999
