,task,distance
0,[0],0.0
1,[1],10803.891110140998
2,[2],1014.512994044
3,[3],615.645077258
4,[4],0.0
