,customer,weight,round,length
0,"[33, 141, 79, 115, 94, 150, 154, 151, 39, 7, 160, 97, 167]","[1, 2, 1, 1, 1, 1, 1, 1, 1, 1, 1, 1, 1]",0,8045.229189561501
1,[169],[2],0,232.216680352
2,"[53, 83, 52, 129, 87, 85, 102, 172, 125, 126, 27, 164, 165]","[1, 1, 1, 1, 1, 1, 2, 1, 1, 2, 1, 1, 1]",0,3304.588338866
