,task,distance
0,[0],8045.229189561501
1,[1],232.216680352
2,[2],3304.588338866
