,customer,weight,round,length
0,"[15, 52, 44, 11, 26, 19]","[1, 1, 2, 2, 3, 1]",0,12826.097929671998
1,[24],[1],0,595.952297356
2,[],[],0,0.0
3,[],[],0,0.0
4,[],[],0,0.0
