,task,distance
0,[0],0.0
1,[1],0.0
2,[2],12249.663059989998
3,[3],0.0
4,[4],381.423751198
