,task,distance
0,"[0, 3]",19065.391274274003
1,"[1, 2]",9110.890669706
