,customer,weight,round,length
0,"[28, 17, 66, 2, 46, 33]","[1, 1, 1, 3, 1, 6]",0,4635.608768165
1,"[39, 60, 4, 6, 28]","[1, 3, 1, 1, 1]",0,2252.3234045328
