,customer,weight,round,length
0,"[47, 73, 19, 26, 27, 9, 7, 53, 52, 12, 45]","[3, 1, 1, 1, 1, 1, 1, 1, 1, 1, 3]",0,3325.1474883585997
1,"[35, 10, 60, 44, 3, 66, 67, 77, 37, 62]","[1, 3, 2, 1, 1, 1, 1, 1, 1, 1]",0,3257.0969148051
2,"[35, 69]","[1, 4]",0,517.9256153438
3,[],[],0,0.0
