,task,distance
0,[0],1919.1467572462
1,[1],955.247724644
2,[2],1716.7310095848002
3,[3],0.0
