,task,distance
0,[0],3325.1474883586
1,[1],3257.0969148051
2,[2],517.9256153438
3,[3],0.0
