,customer,weight,round,length
0,[],[],0,0.0
1,"[18, 17, 10, 27, 33, 13, 1, 32]","[1, 1, 1, 1, 7, 1, 2, 1]",0,9290.222421945999
2,[],[],0,0.0
3,[2],[12],0,132.5386982992
4,[],[],0,0.0
