,customer,weight,round,length
0,"[17, 27, 33]","[1, 1, 7]",0,2370.640852092
1,[2],[12],0,132.5386982992
2,"[12, 24, 6, 20, 32]","[2, 6, 1, 2, 1]",0,6748.90575337
3,[],[],0,0.0
4,[],[],0,0.0
