,customer,weight,round,length
0,"[29, 105, 28, 51, 117, 102, 95, 79, 37]","[1, 1, 2, 1, 5, 1, 1, 1, 2]",0,2765.4124152025006
1,"[114, 34, 90, 4, 5, 67, 25, 116, 115, 111, 30, 75]","[1, 1, 1, 1, 1, 2, 1, 1, 1, 1, 1, 2]",0,3882.5912259736997
2,[],[],0,0.0
3,[],[],0,0.0
4,"[23, 39, 59, 60, 35, 49, 47]","[1, 1, 1, 1, 1, 1, 8]",0,1816.3558636834
