,task,distance
0,[0],0.0
1,[1],12911.194007051
2,[2],1291.668621087
3,[3],14505.802052520805
4,[4],5872.59748198
