,customer,weight,round,length
0,"[68, 69, 174, 199, 103, 110, 111, 158, 100, 41, 193, 181, 220, 219, 154]","[1, 1, 1, 1, 1, 1, 1, 1, 1, 1, 1, 1, 1, 1, 1]",0,6576.55965672
1,"[38, 77, 76, 45, 234, 132, 243, 214, 225, 135, 143, 144, 258]","[1, 1, 1, 1, 1, 1, 1, 1, 1, 1, 2, 2, 1]",0,4093.4740023542004
2,[],[],0,0.0
