,customer,weight,round,length
0,[],[],0,0.0
1,[],[],0,0.0
2,"[31, 15, 50, 78]","[1, 2, 1, 3]",0,1115.5995782213
3,"[16, 64, 33, 37, 72, 71, 26, 48, 1, 2, 73, 32]","[1, 1, 2, 1, 1, 1, 1, 1, 1, 1, 1, 1]",0,4356.6255247381
4,[],[],0,0.0
