,task,distance
0,[0],414.032903532
1,[1],380.9869667619
