,task,distance
0,[0],5756.245907494999
1,[1],363.993060876
2,[2],0.0
3,[3],0.0
4,[4],0.0
