,customer,weight,round,length
0,"[120, 121, 136, 160, 159, 59, 119, 181, 182, 34, 33]","[1, 2, 1, 2, 1, 1, 1, 2, 1, 1, 2]",0,2176.279667785
1,"[51, 71, 184, 185, 183, 194, 61, 210, 211, 212, 205, 57]","[2, 1, 1, 1, 1, 1, 1, 2, 1, 1, 1, 1]",1,6342.3972032242
