,customer,weight,round,length
0,"[171, 174, 173, 106, 107, 15, 104, 199, 105]","[2, 1, 1, 1, 1, 5, 2, 1, 1]",0,2076.4488060895997
1,"[197, 15, 58, 135, 203, 176, 62, 69, 68, 196, 4, 36]","[1, 1, 2, 1, 2, 1, 1, 1, 1, 2, 1, 1]",1,4641.914630743
2,"[66, 195]","[1, 1]",2,5767.93368393
