,task,distance
0,[0],2783.292910203
1,[1],2146.852205563
2,[2],0.0
3,[3],0.0
4,[4],5196.944062255
