,task,distance
0,[0],0.0
1,[1],0.0
2,[2],4225.06195639
3,[3],661.3138969656001
4,[4],2884.1128572329003
