,task,distance
0,[0],3160.670654867
1,[1],1411.9577723638
