,task,distance
0,[0],2000001876.4939609
1,[1],0.0
2,[2],2000002552.839814
3,[3],0.0
