,task,distance
0,"[0, 4, 7]",11119.540064633602
1,"[1, 3, 6]",7688.9463547593
2,"[2, 5, 8]",14380.3568513652
