,customer,weight,round,length
0,"[34, 141, 89, 88, 64, 66, 92, 93, 51, 44, 63]","[2, 1, 2, 1, 1, 2, 1, 1, 2, 1, 1]",0,5163.086803829
1,"[46, 27, 133, 47, 130]","[1, 2, 2, 2, 8]",0,2260.882674813
2,"[27, 25, 112]","[1, 3, 2]",1,3924.1545176889995
3,[],[],1,0.0
