,task,distance
0,"[0, 3]",5163.086803829
1,"[1, 2]",6185.037192502
