,task,distance
0,[0],1853.048380236
1,[1],5992.390499280999
