,customer,weight,round,length
0,[],[],0,0.0
1,[],[],0,0.0
2,"[40, 34, 14, 89, 66]","[1, 1, 1, 1, 1]",0,2534.6426172814
3,"[78, 106, 98, 100, 122, 118, 30, 4]","[4, 3, 1, 1, 2, 1, 2, 1]",0,3232.6903250370005
