,CID,TTDDemd
0,2486,24.5802001953
1,19402,47.3292999268
2,48447,26.5272006989
