,customer,weight,round,length
0,"[48, 51, 149, 148, 15, 95, 146, 81, 111, 185, 186, 113]","[1, 2, 1, 1, 1, 1, 1, 1, 1, 1, 2, 2]",0,3202.2896024015
1,[26],[3],0,434.972190254
2,"[120, 145, 126, 125, 174, 182, 140, 142, 136, 135, 24, 133, 53]","[2, 1, 1, 1, 1, 1, 1, 1, 1, 1, 1, 2, 1]",0,7800.944378130399
