,task,distance
0,"[0, 4]",8492.477003606
1,"[1, 5]",3635.849885074
2,"[2, 3]",6516.410735319
