,task,distance
0,[0],0.0
1,[1],9010.109854317
2,[2],2680.355146666
3,[3],0.0
4,[4],12252.645959307
