,customer,weight,round,length
0,"[65, 9, 75, 62, 41, 19, 54, 83]","[1, 1, 1, 2, 1, 1, 1, 1]",0,11055.536173000999
1,"[177, 125, 86, 124, 143, 172, 120, 92]","[1, 1, 1, 1, 2, 1, 4, 1]",0,12137.671818534
2,[],[],0,0.0
