,task,distance
0,[0],398.95613427
1,[1],2557.279757825
2,[2],18035.817568135
