,task,distance
0,[0],5276.1592436172
1,[1],0.0
2,[2],3456.9832476850006
3,[3],0.0
