,customer,weight,round,length
0,"[89, 88, 133, 134, 43, 24, 42, 64, 65]","[1, 1, 2, 2, 2, 1, 1, 3, 2]",0,2939.3514321443004
1,"[37, 99, 85, 101, 38, 135, 81, 80, 25]","[3, 2, 1, 2, 1, 1, 2, 1, 2]",1,4043.164316513
2,"[12, 83, 15, 123, 13, 102, 100, 116, 39]","[4, 2, 2, 1, 2, 1, 1, 1, 1]",2,4420.132302647
3,"[16, 20]","[2, 3]",3,4727.94782471
