,customer,weight,round,length
0,"[137, 139, 46, 31, 3, 34, 22, 77, 16, 14]","[1, 1, 3, 1, 2, 1, 2, 1, 2, 1]",0,5356.25861955
1,"[15, 44, 138, 49, 19, 20, 40]","[2, 2, 1, 3, 2, 3, 2]",1,4751.027618163999
2,"[25, 24, 80, 42, 43, 134, 99, 38, 66, 65]","[2, 1, 1, 1, 2, 2, 1, 1, 2, 2]",2,4266.230837955
3,"[64, 37, 133]","[3, 2, 2]",3,1484.6048796599998
