,customer,weight,round,length
0,"[69, 20, 19, 9, 8, 6, 41, 4, 3]","[1, 2, 2, 2, 3, 2, 1, 1, 1]",0,2270.7325044101
1,"[5, 7, 0, 46, 45, 12, 13, 31, 15, 57]","[1, 1, 1, 3, 1, 2, 1, 1, 3, 1]",0,2776.2244968972004
2,"[4, 54, 2]","[1, 2, 1]",1,1295.457205936
3,"[71, 49, 23, 53, 72, 52, 24, 51, 47, 40, 30, 16, 17]","[1, 1, 1, 1, 1, 1, 1, 1, 1, 1, 3, 1, 1]",1,3884.554961312
