,customer,weight,round,length
0,"[79, 87, 44, 75, 47, 46, 66, 82, 81, 27]","[1, 1, 1, 1, 4, 1, 1, 1, 1, 3]",0,6650.401375554001
1,"[8, 33, 34, 48]","[2, 1, 1, 5]",1,4952.8664927303
