,customer,weight,round,length
0,"[70, 99, 139, 147, 113, 111, 75, 104, 77, 78, 102, 55, 25, 57]","[1, 1, 1, 1, 1, 1, 2, 1, 1, 1, 1, 1, 1, 1]",0,5646.939561101
1,"[116, 127, 38, 80, 97]","[1, 1, 1, 1, 1]",0,1752.880332437
