,task,distance
0,[0],1321.1789533924
1,[1],1373.051916902
