,task,distance
0,[0],1484.706319343
1,[1],2209.409627373
