,customer,weight,round,length
0,"[86, 23, 72, 87]","[1, 2, 1, 2]",0,1091.7533076168
1,"[36, 29, 19, 11, 104, 8, 22, 34, 120, 3, 65, 66]","[1, 1, 2, 1, 1, 1, 2, 1, 1, 1, 1, 1]",0,4269.187299351999
2,"[55, 68, 126, 125, 83, 84, 100, 17, 121, 73, 88, 90, 71, 86]","[1, 1, 1, 1, 1, 1, 1, 1, 1, 1, 1, 1, 1, 1]",0,4437.4159238178
