,customer,weight,round,length
0,"[76, 94, 117, 115, 128, 114, 127, 35, 64, 82]","[3, 1, 4, 1, 1, 1, 1, 1, 1, 1]",0,2970.0112757162
1,"[75, 74, 39, 37, 91, 109, 24, 25, 38, 103, 0, 40, 41]","[1, 1, 1, 1, 1, 1, 1, 1, 1, 1, 2, 1, 1]",0,4056.9111534189997
2,"[97, 112, 111, 20, 93, 113, 89]","[1, 1, 1, 1, 2, 1, 1]",0,1347.0315232460002
