,customer,weight,round,length
0,[],[],0,0.0
1,"[130, 94, 174, 161, 109, 140, 168, 145, 33, 34, 80]","[1, 1, 1, 1, 3, 1, 1, 2, 1, 1, 1]",0,14480.0293109701
2,"[89, 53, 54, 107, 22, 27, 75, 104, 0, 7, 8]","[1, 1, 1, 1, 1, 1, 2, 3, 1, 1, 1]",0,3870.1761913692003
