,task,distance
0,[0],0.0
1,[1],6053.672702619
2,[2],91.33076462
