,task,distance
0,[0],0.0
1,[1],277.2631230381
2,[2],5344.292623218
3,[3],0.0
4,[4],0.0
