,customer,weight,round,length
0,"[51, 66, 64, 88, 89, 141, 142, 98, 101, 138, 139, 118]","[2, 2, 1, 1, 2, 1, 1, 1, 1, 1, 1, 1]",0,6540.09814121
1,"[20, 136, 12, 24, 115]","[1, 1, 10, 1, 1]",0,1889.671584322
2,"[26, 47, 27, 14, 120, 116]","[1, 2, 3, 1, 1, 3]",0,2615.4558284679997
3,"[68, 75, 112, 72]","[3, 2, 2, 2]",0,1503.059672981
