,task,distance
0,[0],2810.688912807
1,[1],4229.205172903
2,[2],5561.020883714
3,[3],0.0
