,customer,weight,round,length
0,"[24, 130, 95, 56, 13, 51, 94, 102, 62, 108]","[2, 1, 2, 1, 3, 2, 1, 1, 1, 1]",0,31914.317439028
1,"[75, 60]","[1, 14]",1,24284.70359216
2,"[4, 5, 101]","[1, 1, 1]",2,29793.517845939998
