,customer,weight,round,length
0,"[79, 86, 32, 72, 64, 42, 1, 25, 19, 43, 36, 34]","[3, 1, 1, 1, 1, 1, 1, 2, 1, 1, 1, 1]",0,4227.841394135
1,"[44, 33]","[14, 1]",0,628.7585507189999
2,[],[],1,0.0
3,"[78, 11, 62, 61, 3, 87, 20, 21, 76, 95, 60, 59, 45]","[1, 1, 1, 1, 1, 1, 1, 1, 1, 1, 1, 1, 1]",1,4729.1059664241
