,task,distance
0,"[0, 2]",4227.841394135
1,"[1, 3]",5357.8645171431
