,task,distance
0,"[0, 2, 5]",4239.338570025001
1,"[1, 3, 4]",6419.6986100088
