,customer,weight,round,length
0,"[99, 59, 103, 54, 46, 102, 105, 37, 36]","[1, 1, 1, 1, 1, 4, 2, 2, 2]",0,11190.76752439
1,"[53, 133, 134, 84, 78]","[1, 1, 1, 2, 1]",0,5217.0915154389995
