,customer,weight,round,length
0,"[120, 121, 105, 17, 48, 56, 55]","[1, 1, 2, 2, 3, 2, 1]",0,1827.4648244569
1,"[5, 116, 15, 14, 103, 58, 35]","[2, 1, 1, 1, 1, 2, 1]",0,2335.8396256429996
