,customer,weight,round,length
0,"[56, 48, 13, 14]","[2, 3, 1, 1]",0,2143.516556621
1,"[120, 111, 10, 132, 71, 28, 77, 7, 2, 123]","[1, 1, 2, 1, 1, 2, 1, 1, 1, 1]",0,10912.412280039
