,customer,weight,round,length
0,[50],[15],0,4417.12209854
1,"[50, 5]","[6, 9]",0,4907.242058679
2,"[5, 27, 28]","[12, 1, 2]",1,4094.945557921
3,"[29, 21, 22, 13, 23, 2, 24, 25, 3, 52]","[1, 1, 2, 2, 1, 2, 1, 1, 2, 2]",1,1774.0023931869002
4,"[17, 39, 41, 26, 47, 40, 32, 10, 42, 43, 44, 12]","[2, 1, 1, 1, 1, 2, 2, 1, 1, 1, 1, 1]",2,4203.6892785643
5,"[1, 49, 37, 38, 4, 9, 35, 31, 20]","[2, 2, 1, 1, 1, 2, 1, 2, 3]",2,3020.758655307
6,[],[],3,0.0
7,"[11, 45, 57, 46, 15]","[1, 2, 1, 1, 1]",3,4069.401212949
