,task,distance
0,"[0, 7]",2771.7264690122
1,"[1, 4]",3758.7948906213
2,"[2, 5]",6602.1208916201995
3,"[3, 6]",3719.8893732972
