,task,distance
0,[0],0.0
1,[1],520.456717754
2,[2],3260.916167317
3,[3],0.0
