,customer,weight,round,length
0,[],[],0,0.0
1,"[24, 106, 100, 95, 63, 108]","[1, 1, 1, 2, 3, 2]",0,3959.5577879794
2,"[89, 111, 47, 31, 94, 114, 75, 115, 20, 85, 16, 78, 70]","[1, 1, 1, 1, 1, 2, 1, 2, 1, 1, 1, 1, 1]",0,5963.676620776
3,[],[],0,0.0
