,task,distance
0,[0],0.0
1,[1],4040.6595396099
2,[2],4331.08508517
3,[3],0.0
