,task,distance
0,[0],0.0
1,[1],0.0
2,[2],1739.0716493244
3,[3],5721.478021654
