,customer,weight,round,length
0,"[44, 0, 282, 283, 261, 99, 166, 257, 204, 17, 16, 264, 19]","[1, 2, 1, 1, 1, 2, 1, 1, 1, 1, 1, 1, 1]",0,9126.777836194
1,"[37, 52, 121, 227, 22, 188, 176, 164, 209, 151, 82, 87]","[1, 2, 2, 1, 1, 1, 1, 1, 2, 1, 1, 1]",0,10504.937928854999
2,"[220, 173, 49]","[1, 1, 1]",1,2000002132.5294948
3,[],[],1,0.0
