,customer,weight,round,length
0,"[226, 163, 164, 221, 222, 209, 206, 201, 204, 282, 283, 269, 210, 262]","[1, 1, 1, 1, 1, 2, 1, 1, 1, 1, 1, 1, 1, 1]",0,2000006883.833421
1,"[174, 49, 117, 118, 96, 203, 291, 289, 288, 220, 173]","[1, 1, 1, 1, 1, 2, 1, 3, 1, 1, 2]",0,2000003477.9158888
2,[],[],1,0.0
3,[261],[1],1,2000000000.0
