,task,distance
0,"[0, 2]",10048.3894083906
1,"[1, 3]",3088.9341637606
