,task,distance
0,"[0, 2]",3681.8217404165
1,"[1, 3]",5440.078918022
