,task,distance
0,"[0, 2]",5085.1060955406
1,"[1, 3]",6967.669758137599
