,customer,weight,round,length
0,"[50, 33, 95, 15, 98, 94, 79]","[1, 1, 2, 2, 1, 2, 6]",0,6779.683238543
1,[79],[15],0,489.054444328
2,[79],[15],0,489.054444328
3,[],[],1,0.0
4,[],[],1,0.0
5,"[30, 20, 85, 83]","[1, 1, 2, 1]",1,6145.614593687001
