,customer,weight,round,length
0,"[8, 89, 71, 70, 11, 97, 27, 23, 24]","[7, 1, 1, 1, 1, 1, 1, 1, 1]",0,8934.8032803194
1,[79],[15],0,4146.1499527
2,"[58, 79, 83]","[1, 13, 1]",0,5377.629607135
