,task,distance
0,"[0, 3]",6779.683238543
1,"[1, 4, 5]",6634.669038015
2,[2],489.054444328
