,task,distance
0,[0],11369.652364184005
1,[1],0.0
2,[2],1565.266630058
