,customer,weight,round,length
0,"[85, 121, 9, 10, 5, 4, 3, 40]","[1, 4, 1, 2, 2, 1, 1, 3]",0,2800.7436626653002
1,"[126, 26, 27, 101, 127, 41]","[3, 3, 3, 2, 2, 2]",0,2598.302790885
2,[],[],1,0.0
3,"[28, 145, 105, 100, 99, 20, 158, 120, 122]","[1, 1, 3, 2, 2, 1, 1, 1, 2]",1,6524.866988325
