,task,distance
0,"[0, 3]",5505.655356683
1,"[1, 2]",3667.496529617
