,customer,weight,round,length
0,[],[],0,0.0
1,[],[],0,0.0
2,"[19, 178, 21, 32, 82, 2, 75, 140]","[2, 1, 2, 1, 1, 2, 1, 2]",0,5292.770378932
3,"[41, 120, 115, 85, 104, 4, 59, 100]","[1, 1, 1, 1, 2, 2, 1, 1]",0,5664.945453168
4,[],[],0,0.0
