,customer,weight,round,length
0,[],[],0,0.0
1,"[98, 100, 76]","[1, 1, 1]",0,733.0033700800001
2,[],[],0,0.0
3,"[140, 139, 75, 26, 2, 5, 16, 31, 177, 135, 18, 34, 99]","[2, 1, 1, 1, 2, 1, 1, 1, 1, 1, 1, 1, 1]",0,6485.346715382
4,[],[],0,0.0
