,task,distance
0,[0],0.0
1,[1],733.0033700800001
2,[2],0.0
3,[3],6485.346715382
4,[4],0.0
