,task,distance
0,[0],2800.979448242
1,[1],90.7560685774
2,[2],0.0
3,[3],8098.458690633999
4,[4],90.7560685774
