,customer,weight,round,length
0,"[110, 10, 71, 1, 4, 64, 58, 81]","[2, 1, 1, 1, 1, 1, 1, 2]",0,4331.085085170001
1,"[29, 11, 87, 103, 17, 105, 73, 74, 76, 77, 91]","[1, 1, 1, 1, 1, 2, 1, 1, 1, 2, 1]",0,4040.6595396098996
