,task,distance
0,"[0, 6]",3940.5134731519993
1,"[1, 7]",6835.275397265899
2,"[2, 5]",6173.2350406897
3,"[3, 4]",4500.130062553
