,customer,weight,round,length
0,[35],[15],0,3086.77538952
1,[35],[15],0,3086.77538952
2,[35],[15],0,3086.77538952
3,"[44, 33, 35, 150, 153, 97]","[1, 1, 9, 1, 2, 1]",0,5173.699056886
4,[],[],1,0.0
5,"[170, 56, 138, 161, 12, 15, 160, 43, 79]","[1, 2, 1, 5, 1, 1, 1, 1, 1]",1,5029.7180996649995
6,[],[],1,0.0
7,[],[],1,0.0
