,customer,weight,round,length
0,[92],[15],0,195.0098141966
1,"[176, 120, 50, 112, 10, 54, 162, 24, 92]","[1, 1, 2, 2, 1, 1, 1, 3, 1]",0,6099.637970633299
2,[35],[7],0,33.8146687494
3,"[92, 105, 31, 100, 42, 147, 99]","[7, 1, 1, 1, 3, 1, 1]",0,4099.7177299733
