,customer,weight,round,length
0,[],[],0,0.0
1,"[175, 16, 73]","[1, 2, 2]",0,1447.952053345
2,[],[],0,0.0
3,"[29, 48, 155, 101, 181, 106, 49, 140, 87, 186, 8, 74, 80]","[1, 1, 1, 1, 1, 2, 2, 1, 1, 1, 1, 1, 1]",0,7118.813135363999
