,task,distance
0,[0],9803.275290069998
1,[1],0.0
2,[2],145.1423584494
3,[3],0.0
4,[4],0.0
