,task,distance
0,"[0, 5]",1643.7828844557
1,"[1, 3]",1493.8741313814
2,"[2, 4]",5223.1245687624
