,customer,weight,round,length
0,"[30, 67, 50, 64, 38, 37]","[2, 1, 1, 3, 1, 1]",0,3887.9278892028
1,[],[],0,0.0
2,[43],[1],0,830.35396229
