,task,distance
0,[0],361.47269062
1,[1],0.0
2,[2],3483.03726785
