,task,distance
0,"[0, 3, 5]",4146.871478298501
1,"[1, 2, 4]",7854.4694580094
