,customer,weight,round,length
0,"[4, 6]","[12, 3]",0,1315.809480645
1,"[2, 9]","[14, 1]",0,2233.51800586
2,"[6, 1]","[9, 6]",0,636.016017367
3,"[1, 11, 2]","[6, 1, 6]",0,1328.960622124
