,task,distance
0,[0],695.317278742
1,[1],0.0
2,[2],1995.147627097
3,[3],0.0
