,task,distance
0,[0],1315.809480645
1,[1],2233.51800586
2,[2],636.016017367
3,[3],1328.960622124
