,customer,weight,round,length
0,[84],[2],0,418.033557012
1,[],[],0,0.0
2,"[51, 23, 25, 132, 134, 52, 53, 123, 66, 28, 71]","[1, 2, 2, 1, 1, 1, 1, 1, 1, 2, 1]",0,5865.0813983659
3,[],[],0,0.0
4,[],[],0,0.0
