,task,distance
0,[0],0.0
1,[1],0.0
2,[2],304.580413818
3,[3],2744.209316499
4,[4],0.0
