,customer,weight,round,length
0,"[50, 36, 43, 23, 39, 58, 59, 46]","[1, 1, 4, 1, 1, 2, 4, 1]",0,48872.142396824005
1,"[13, 54, 55, 26, 51, 49]","[1, 2, 1, 1, 1, 1]",0,49184.754929466
2,[],[],0,0.0
3,[],[],0,0.0
4,[],[],0,0.0
