,task,distance
0,[0],0.0
1,[1],0.0
2,[2],48070.3360790836
3,[3],0.0
4,[4],712.187499292
