,customer,weight,round,length
0,"[46, 105, 104, 79, 80, 55, 81, 57, 86, 84, 83, 31, 32, 29]","[2, 1, 1, 1, 1, 1, 1, 1, 1, 1, 1, 1, 1, 1]",0,2272.1450865245006
1,"[47, 68, 43, 51, 45]","[8, 3, 2, 1, 1]",0,1559.1371423629998
2,"[48, 36, 18, 49, 35, 59, 39, 37]","[1, 7, 1, 1, 1, 1, 1, 2]",0,1813.5987422379999
3,"[28, 27, 78, 118]","[2, 2, 2, 2]",1,1952.325491705
4,"[17, 60, 42, 38, 23, 82, 108, 85, 107, 75, 30]","[1, 1, 1, 1, 1, 1, 1, 1, 1, 2, 1]",1,3355.7781304246996
5,[],[],1,0.0
