,task,distance
0,[0],1415.249234864
1,[1],8137.703185481
