,customer,weight,round,length
0,[],[],0,0.0
1,"[114, 115, 116, 117, 16, 15, 14, 42, 24]","[1, 2, 1, 1, 1, 2, 2, 2, 2]",0,1900.1765797066996
2,"[48, 49, 50, 51, 120, 119, 118, 125]","[1, 1, 2, 1, 2, 1, 1, 1]",0,1374.3608419000002
3,"[72, 12, 61, 74, 1, 86, 104, 105]","[2, 1, 1, 1, 1, 1, 2, 3]",0,1900.5097853607003
