,task,distance
0,"[0, 5]",1807.24015925
1,"[1, 4]",49225.416648795595
2,"[2, 3]",50577.486055752
