,task,distance
0,"[0, 4]",1696.909232332
1,"[1, 3]",1129.371923974
2,"[2, 3]",25717.80030728
