,task,distance
0,[0],414.000270396
1,[1],531.370409764
2,[2],201.830411518
3,[3],13833.88504634
