,task,distance
0,[0],0.0
1,[1],3392.3864875617
2,[2],316.200253376
