,task,distance
0,[0],3048.6377746125
1,[1],0.0
2,[2],6896.7060232195
