,task,distance
0,[0],0.0
1,[1],1875.8434567656
2,[2],3336.8073182243998
