,task,distance
0,[0],4235.46923532
1,[1],0.0
2,[2],4419.446480924
