,task,distance
0,[0],0.0
1,[1],5200.896987644001
2,[2],2400.3079942212
