,task,distance
0,"[0, 3]",471.974235486
1,"[1, 2]",2430.2155687206
