,task,distance
0,[0],4304.2395172634
1,[1],112.9063522222
2,[2],133.1587238112
3,[3],0.0
