,customer,weight,round,length
0,"[83, 230, 213, 229, 6, 7, 169, 130, 128, 131, 173, 117, 118, 123]","[1, 1, 1, 1, 1, 2, 1, 1, 1, 1, 1, 1, 1, 1]",0,6279.351232278401
1,"[140, 95, 241, 165, 182, 97, 155, 147, 205, 192, 189, 54]","[2, 1, 1, 1, 2, 1, 1, 1, 2, 1, 1, 1]",0,7895.258338144999
2,"[185, 239, 144, 28, 26, 51, 183]","[3, 3, 3, 2, 1, 2, 1]",0,5084.5098511139995
3,"[4, 237, 162, 161, 91, 246, 92, 86, 75]","[1, 2, 1, 1, 2, 1, 2, 1, 1]",1,6219.524134141001
4,[],[],1,0.0
5,"[154, 65, 38, 221, 222, 248, 11, 203, 114, 72, 250, 149, 208, 75]","[1, 1, 2, 1, 1, 1, 1, 1, 1, 1, 1, 1, 1, 1]",1,11316.623621809005
