,customer,weight,round,length
0,"[40, 65, 2, 3, 152, 1, 105, 104, 42, 43, 165, 57, 151, 173]","[1, 1, 1, 1, 1, 1, 1, 1, 1, 1, 1, 1, 2, 1]",0,2658.3831307912997
1,"[167, 85, 73, 171, 3, 106, 34, 33, 137, 136]","[3, 2, 1, 2, 1, 1, 2, 1, 1, 1]",1,4532.028485469999
2,[73],[1],2,1436.47871199
