,customer,weight,round,length
0,[125],[9],0,2033.52772002
1,"[109, 129, 73, 74, 67, 65, 84, 7, 111, 79, 99, 101, 34]","[1, 2, 1, 1, 1, 1, 1, 1, 1, 1, 1, 1, 1]",0,15710.501076908902
2,[],[],0,0.0
3,[],[],0,0.0
