,task,distance
0,[0],14955.585595071
1,[1],8805.310779011
2,[2],1693.827998994
3,[3],0.0
