,customer,weight,round,length
0,[27],[1],0,1086.965963986
1,[],[],0,0.0
2,"[17, 18, 11, 35, 49, 90, 69]","[2, 1, 1, 1, 4, 1, 5]",0,3801.47204776
3,[76],[3],0,135.5630004358
