,task,distance
0,[0],489.658369908
1,[1],0.0
2,[2],0.0
3,[3],4027.64044149
