,task,distance
0,[0],3563.330897301
1,[1],867.796402684
2,[2],0.0
3,[3],0.0
