,customer,weight,round,length
0,[],[],0,0.0
1,"[134, 132, 180, 176, 21, 156, 19, 175, 204, 116, 181, 174, 110]","[1, 1, 1, 1, 3, 1, 1, 1, 1, 1, 1, 1, 1]",0,3942.6868605180002
2,"[22, 62, 183, 184, 185, 64, 186, 63, 213, 133]","[2, 2, 2, 2, 1, 1, 1, 1, 1, 1]",0,2916.0590652249994
3,"[158, 223, 42, 71, 72, 138, 68, 83, 54, 215, 214, 27, 26]","[2, 1, 1, 1, 2, 1, 1, 1, 1, 1, 1, 1, 1]",0,6416.671315585
