,customer,weight,round,length
0,"[192, 193, 148, 149, 230]","[1, 2, 7, 1, 1]",0,2482.0436173880003
1,"[157, 29, 152, 52, 209, 86, 220, 88, 35, 87, 104]","[1, 1, 1, 1, 1, 1, 2, 1, 1, 1, 4]",0,10908.400988498002
2,"[97, 168, 226, 145, 160, 163, 150, 162, 147, 98]","[1, 1, 2, 1, 1, 1, 1, 1, 1, 1]",0,4198.4384803
3,"[107, 76, 77, 78, 80, 172, 82, 228, 106, 105]","[1, 1, 1, 1, 1, 1, 3, 1, 2, 3]",0,4859.317908004
