,customer,weight,round,length
0,[],[],0,0.0
1,"[41, 33, 2, 69, 86, 75, 88, 12, 31, 40]","[1, 2, 3, 1, 1, 1, 1, 1, 1, 2]",0,5623.635378262799
2,[30],[4],0,69.8557331604
3,"[47, 15, 24, 16, 60]","[1, 1, 1, 5, 6]",0,2629.5864294670005
4,"[61, 51, 65, 81, 57]","[6, 4, 1, 2, 2]",0,4234.993872876
