,customer,weight,round,length
0,[],[],0,0.0
1,"[3, 1, 56, 54, 25]","[1, 10, 1, 1, 1]",0,6682.235430197999
2,"[59, 11, 10, 7, 8, 45]","[5, 1, 1, 1, 1, 1]",0,1141.2951364797
3,"[78, 28, 27, 49, 68, 72, 0, 3]","[1, 1, 2, 1, 3, 1, 4, 1]",0,7129.959262627999
4,"[90, 48, 26]","[4, 1, 8]",0,1890.5167167759
