,task,distance
0,[0],2013.181179062
1,[1],4561.632938411
2,[2],2312.442055919
3,[3],0.0
4,[4],1958.27280499
