,task,distance
0,[0],2637.21947619
1,[1],3271.0885896907
2,[2],841.800623148
3,[3],3352.01113156
4,[4],0.0
