,customer,weight,round,length
0,[21],[1],0,378.434782498
1,"[14, 0, 28]","[1, 2, 3]",0,1565.781365865
