,customer,weight,round,length
0,"[67, 47, 15, 79, 59, 61, 63, 45, 46, 65]","[1, 1, 1, 2, 1, 1, 1, 2, 2, 3]",0,4750.801249049
1,"[42, 5, 1]","[2, 1, 1]",1,1632.5943550709999
