,customer,weight,round,length
0,"[13, 12, 26, 24, 48, 47, 56, 55, 23, 72]","[1, 1, 1, 1, 1, 1, 1, 5, 2, 1]",0,1957.2731737753
1,"[67, 29]","[3, 1]",1,2850.649173635
