,task,distance
0,[0],5166.443866732
1,[1],0.0
2,[2],292.038237512
