,task,distance
0,[0],0.0
1,[1],5655.887166824
2,[2],8483.653197321999
