,customer,weight,round,length
0,[],[],0,0.0
1,"[23, 29, 54, 65, 53, 33, 77, 39, 6]","[1, 1, 3, 1, 2, 1, 3, 2, 1]",0,4440.74708361
2,[71],[1],0,305.126902184
3,[],[],0,0.0
4,[],[],0,0.0
