,task,distance
0,[0],0.0
1,[1],4440.74708361
2,[2],305.126902184
3,[3],0.0
4,[4],0.0
