,customer,weight,round,length
0,"[8, 49, 45, 36, 10, 13]","[8, 1, 1, 1, 3, 1]",0,4979.6698146362
1,[8],[4],0,158.978472868
