,customer,weight,round,length
0,"[19, 33, 45]","[3, 1, 1]",0,2797.714484733
1,"[9, 54, 29]","[12, 1, 1]",0,3095.209456505
