,customer,weight,round,length
0,"[48, 74, 143, 96, 130, 97, 46, 42, 156, 148, 136, 16, 145, 125]","[1, 1, 1, 1, 1, 1, 1, 1, 1, 1, 1, 1, 2, 1]",0,3332.1317645335007
1,"[80, 45, 44, 142, 13, 167, 128, 100, 14, 169, 18, 158]","[2, 1, 1, 1, 1, 2, 2, 1, 1, 1, 1, 1]",1,4787.322213656999
2,[2],[1],2,1968.765719924
