,task,distance
0,"[0, 6]",1744.999939017
1,"[1, 5]",2686.6570497049997
2,"[2, 4]",1779.714674099
3,"[3, 7]",950.913117828
