,task,distance
0,[0],958.003982695
1,[1],0.0
2,[2],0.0
3,[3],0.0
4,[4],1343.9294004057
