,customer,weight,round,length
0,"[48, 83, 93, 16, 107, 97, 63, 82, 81, 50, 21, 3]","[1, 1, 1, 1, 3, 1, 1, 1, 1, 1, 2, 1]",0,7007.7853935329995
1,"[120, 90, 40, 134, 37, 35, 23, 52, 61, 125, 24, 122]","[1, 2, 1, 1, 1, 1, 2, 1, 1, 2, 1, 1]",0,4948.848700461899
2,[],[],0,0.0
3,[121],[1],0,86.782557312
