,task,distance
0,[0],3171.0197486626003
1,[1],5562.712475944
2,[2],4790.7991166130005
3,[3],1174.2540660539998
