,task,distance
0,"[0, 3]",3933.10087778
1,"[1, 2]",3994.5280165323
