,customer,weight,round,length
0,"[81, 49, 10, 54, 109, 88, 112]","[1, 1, 1, 4, 6, 1, 1]",0,4312.5709491032
1,"[118, 87, 127, 77, 103, 22, 123, 117, 104, 134, 62, 71, 26]","[1, 1, 1, 1, 1, 1, 1, 2, 1, 2, 1, 1, 1]",0,4088.2443823139997
2,[],[],1,0.0
3,"[116, 48, 96]","[1, 4, 2]",1,5672.2309980360005
