,customer,weight,round,length
0,"[50, 109, 40, 81, 136, 87, 90, 88]","[1, 6, 1, 1, 3, 1, 1, 1]",0,4252.031588597
1,"[96, 36, 47, 48, 49, 95, 106]","[2, 1, 2, 4, 1, 4, 1]",0,2735.4630852628
2,[],[],1,0.0
3,"[0, 28, 23, 124, 125, 126, 77, 102, 78]","[1, 1, 2, 1, 1, 1, 1, 1, 1]",1,7055.298943194601
