,task,distance
0,[0],2636.545024545
1,[1],3246.172077563
