,task,distance
0,"[0, 2]",4252.031588597
1,"[1, 3]",9790.7620284574
