,task,distance
0,[0],2786.602011197
1,[1],0.0
2,[2],3252.428041253
