,task,distance
0,"[0, 3]",34564.134395957
1,"[1, 2]",15602.005569732
