,task,distance
0,[0],7592.133770591001
1,[1],679.164048314
2,[2],0.0
3,[3],0.0
