,task,distance
0,[0],10544.903118569002
1,[1],2998.8928027
2,[2],0.0
3,[3],0.0
