,customer,weight,round,length
0,"[40, 15, 55, 24, 30, 16, 108, 8]","[2, 1, 1, 1, 1, 1, 1, 7]",0,2000004376.95866
1,"[79, 11]","[1, 14]",1,2000001084.8408637
2,[11],[15],2,2000000000.0
3,[11],[15],3,2000000000.0
4,[11],[15],4,2000000000.0
5,"[22, 46, 35, 111]","[1, 1, 1, 3]",5,2000001929.9750402
