,customer,weight,round,length
0,"[110, 55, 92, 38, 56, 24, 65, 40, 15]","[3, 1, 1, 2, 1, 1, 3, 2, 1]",0,3696.9271352047
1,"[29, 30, 100, 7, 11, 39, 61]","[2, 1, 1, 1, 2, 7, 1]",1,5655.724917677999
