,task,distance
0,[0],2142.029585369
1,[1],0.0
2,[2],4291.84590245
