,customer,weight,round,length
0,"[54, 41, 25, 3, 24, 32, 23, 39, 42, 48, 7]","[1, 2, 1, 1, 1, 1, 2, 1, 1, 1, 3]",0,4038.7578220014993
1,"[31, 49, 14, 2, 33, 51]","[3, 2, 4, 3, 1, 2]",0,2736.8197993960002
2,"[52, 34, 36, 35, 18, 45, 44, 43, 40]","[3, 1, 1, 1, 2, 2, 1, 3, 1]",0,2295.130984271
3,"[17, 46, 6, 47]","[3, 2, 2, 2]",1,3031.7252943209996
4,"[1, 13, 21, 33, 38, 19, 20]","[2, 1, 3, 2, 1, 3, 2]",1,4358.942290202
5,[],[],1,0.0
