,customer,weight,round,length
0,[186],[15],0,286.041934324
1,"[17, 128, 151, 24, 9, 57, 32, 53, 125, 120, 26]","[1, 1, 1, 2, 1, 1, 2, 2, 2, 1, 1]",0,10378.162906269
2,"[46, 60, 174]","[1, 1, 1]",1,4584.1810178489995
3,[],[],1,0.0
