,task,distance
0,"[0, 2]",4870.2229521730005
1,"[1, 3]",10378.162906269
