,customer,weight,round,length
0,"[56, 75, 105, 84, 89, 54, 11, 103, 86, 12, 31, 32, 24]","[1, 1, 1, 1, 1, 1, 2, 1, 1, 1, 2, 1, 1]",0,11501.962935463998
1,"[102, 8, 50, 47, 96, 3]","[2, 3, 2, 1, 1, 1]",1,10743.278928327
