,task,distance
0,[0],3787.818824455
1,[1],873.7481752622
2,[2],340.269316494
