,task,distance
0,[0],320.457493508
1,[1],3075.531942331
2,[2],0.0
3,[3],0.0
