,customer,weight,round,length
0,"[27, 83, 85, 16, 107, 101, 100, 14, 110, 93, 92]","[1, 1, 1, 1, 3, 1, 1, 2, 1, 1, 2]",0,4342.674306705
1,"[119, 26, 102, 3, 29, 19, 132, 97, 48, 73, 25, 37, 36, 35, 118]","[1, 1, 1, 1, 1, 1, 1, 1, 1, 1, 1, 1, 1, 1, 1]",1,7005.874484566701
2,"[129, 72, 134, 38, 87, 121, 116, 77, 49, 21]","[3, 3, 1, 1, 1, 1, 1, 1, 1, 2]",2,4579.39792556
3,"[50, 59, 54, 79, 78, 105, 123, 115, 12, 122, 120, 40, 128]","[1, 1, 1, 2, 1, 2, 1, 1, 1, 1, 1, 1, 1]",3,4757.077916306401
4,"[126, 91, 44, 8, 76, 23, 52, 58, 63, 81, 80]","[1, 2, 1, 1, 2, 2, 1, 2, 1, 1, 1]",4,6511.6027291830005
5,"[126, 90, 17, 24, 57, 61, 56, 75, 53, 103, 74, 82]","[2, 2, 1, 1, 1, 1, 1, 1, 1, 2, 1, 1]",5,6879.335648283999
6,"[22, 66, 71, 125, 69]","[1, 1, 1, 2, 2]",6,4893.966250649
