,task,distance
0,[0],0.0
1,[1],404.790363764
2,[2],404.790363764
3,[3],0.0
4,[4],2000000676.4081852
