,task,distance
0,[0],5585.046508615
1,[1],6846.674833243
2,[2],0.0
3,[3],6061.370192834
