,task,distance
0,[0],5548.29515636
1,[1],6062.073574222999
