,customer,weight,round,length
0,[],[],0,0.0
1,"[11, 10, 116, 98, 99, 62, 23, 27, 96, 108]","[3, 1, 1, 2, 1, 2, 1, 1, 2, 1]",0,3206.974531321
2,"[14, 121, 123, 87, 28, 8, 73, 26, 25]","[1, 1, 1, 1, 1, 1, 1, 2, 1]",0,2900.125004492
3,"[3, 118]","[4, 3]",0,1040.8503838860001
