,task,distance
0,[0],2182.756767426
1,[1],1048.384735946
2,[2],4593.259822138
3,[3],1157.1563436555
