,task,distance
0,[0],661.256566398
1,[1],0.0
2,[2],4260.85178547
3,[3],5480.047794374
