,task,distance
0,[0],17494.106743919998
1,[1],0.0
2,[2],1212.1067789865
