,customer,weight,round,length
0,"[5, 17, 44, 26, 48, 22, 8, 16, 45, 37, 3]","[2, 2, 1, 1, 1, 2, 1, 1, 1, 2, 1]",0,1268.309594792
1,"[4, 41, 18, 34, 47, 1, 38, 21, 49, 9]","[2, 1, 1, 1, 2, 1, 3, 1, 1, 2]",0,1431.627932435
2,"[31, 7, 46, 6, 42, 15, 29, 30, 25, 43, 33, 14]","[1, 1, 1, 1, 2, 1, 2, 1, 1, 1, 1, 2]",0,1124.7387696333
3,"[2, 20, 0]","[1, 1, 1]",1,1375.550332535
4,[],[],1,0.0
5,"[23, 12, 27, 28, 13, 40, 32, 39, 24, 10, 11, 35, 36, 19]","[1, 1, 1, 1, 1, 1, 1, 1, 1, 1, 1, 1, 2, 1]",1,1297.643152226
