,task,distance
0,"[0, 4]",6340.0140839619
1,"[1, 3]",4153.9590467525995
2,"[2, 5]",2546.9793199373
