,customer,weight,round,length
0,[],[],0,0.0
1,"[55, 75, 52, 92, 11, 33, 78, 32, 44, 15]","[2, 1, 1, 1, 1, 1, 1, 1, 1, 2]",0,3235.8675011960004
2,"[85, 60]","[9, 4]",0,543.1612353
3,[],[],0,0.0
