,customer,weight,round,length
0,[],[],0,0.0
1,"[85, 55, 75, 63, 4]","[9, 2, 1, 1, 1]",0,2750.393246167
2,[],[],0,0.0
3,"[32, 6, 35, 25, 100, 67, 70]","[1, 1, 1, 3, 5, 3, 1]",0,3922.435390313
