,task,distance
0,[0],5333.602816872
1,[1],0.0
2,[2],0.0
3,[3],4534.4460124342
