,task,distance
0,[0],0.0
1,[1],3235.8675011960004
2,[2],543.1612353
3,[3],0.0
