,task,distance
0,[0],6607.80730103
1,[1],0.0
2,[2],0.0
3,[3],1143.333575402
