,customer,weight,round,length
0,[53],[5],0,958.469813206
1,[],[],0,0.0
2,"[102, 5, 115, 92, 134, 7, 146, 26, 176, 173, 184, 77, 86]","[2, 1, 1, 2, 1, 1, 1, 1, 1, 1, 1, 1, 1]",0,14261.349345902998
