,customer,weight,round,length
0,"[59, 102, 143, 175, 182, 46, 164, 86, 19, 97, 9]","[1, 2, 1, 1, 1, 1, 4, 1, 1, 1, 1]",0,12611.096385471003
1,[],[],0,0.0
2,"[159, 17, 53]","[1, 1, 5]",0,1483.5062164030003
