,customer,weight,round,length
0,"[29, 31, 10, 17, 164, 63, 120, 122, 60]","[1, 1, 1, 1, 4, 1, 1, 1, 1]",0,13077.998809236
1,[],[],0,0.0
2,"[128, 153, 169, 2, 108]","[1, 7, 1, 1, 2]",0,3701.6826428070003
