,task,distance
0,[0],958.469813206
1,[1],0.0
2,[2],14261.349345902998
