,customer,weight,round,length
0,[],[],0,0.0
1,"[43, 7, 103, 6, 4, 117]","[3, 3, 2, 1, 1, 1]",0,1477.5354880834998
2,"[83, 42, 19, 143, 94, 98, 32, 29, 144, 35, 128, 45, 118]","[1, 1, 1, 1, 1, 1, 1, 1, 1, 2, 1, 2, 1]",0,7939.947549157499
