,task,distance
0,[0],2858.781025652
1,[1],0.0
2,[2],11016.4715201534
