,task,distance
0,[0],8130.345100209999
1,[1],0.0
2,[2],7069.247397928
