,customer,weight,round,length
0,"[37, 41, 36, 17, 25, 40, 42]","[4, 1, 2, 1, 4, 2, 1]",0,2592.2398559697
1,[46],[2],1,1419.142013394
