,customer,weight,round,length
0,[],[],0,0.0
1,[25],[13],0,54.9924736466
2,"[24, 13, 25]","[1, 2, 11]",0,9221.1881716993
