,customer,weight,round,length
0,[],[],0,0.0
1,"[11, 28, 18]","[11, 1, 3]",0,8719.8182258415
2,[11],[15],0,183.183723649
