,customer,weight,round,length
0,[32],[8],0,79.3129266994
1,[32],[9],0,79.3129266994
2,[1],[3],0,7514.56072538
