,task,distance
0,[0],0.0
1,[1],54.9924736466
2,[2],9221.1881716993
