,task,distance
0,[0],2602.8040861942
1,[1],293.325347864
