,task,distance
0,"[0, 2]",1208.9183708434
1,"[1, 3]",5934.9604523674
