,customer,weight,round,length
0,"[23, 39, 117, 12, 93, 116, 71, 72, 73]","[1, 1, 5, 2, 1, 1, 1, 1, 1]",0,3646.2363480930003
1,"[123, 103, 115, 49, 114, 29, 30]","[1, 1, 1, 1, 2, 1, 6]",0,2948.9769415250003
2,[],[],0,0.0
3,[],[],0,0.0
