,customer,weight,round,length
0,"[22, 70]","[1, 14]",0,318.8373694984
1,"[70, 69, 72, 86, 36, 49, 35, 28, 92]","[6, 1, 1, 2, 1, 1, 1, 1, 1]",1,2406.53222943
2,"[26, 100, 46]","[1, 2, 1]",2,1788.319758349
