,task,distance
0,"[0, 5]",17383.3685052258
1,"[1, 4]",6839.833687505001
2,"[2, 3]",7779.7098303149
