,customer,weight,round,length
0,[],[],0,0.0
1,[],[],0,0.0
2,[74],[3],0,329.167313782
3,"[77, 66, 45, 75, 52, 54, 88, 51, 25, 8, 16, 80]","[1, 1, 1, 2, 2, 1, 1, 1, 2, 1, 1, 1]",0,9247.689224518
