,customer,weight,round,length
0,[],[],0,0.0
1,"[25, 24, 5, 0, 66, 54, 18, 22]","[2, 1, 1, 1, 1, 1, 2, 1]",0,3586.782388093
2,"[48, 4, 2, 51, 3]","[2, 1, 1, 1, 1]",0,2811.2183038470002
3,[],[],0,0.0
