,task,distance
0,[0],5270.624269255
1,[1],0.0
2,[2],1539.9248674310002
3,[3],0.0
