,task,distance
0,[0],0.0
1,[1],0.0
2,[2],478.936279046
3,[3],6926.834597290401
