,task,distance
0,[0],0.0
1,[1],3586.782388093
2,[2],2811.218303847
3,[3],0.0
