,task,distance
0,[0],0.0
1,[1],4424.7601516739
2,[2],176.6006711046
3,[3],0.0
