,task,distance
0,[0],2636.70914475
1,[1],2000.4565390331
2,[2],0.0
3,[3],0.0
