,task,distance
0,[0],0.0
1,[1],2000001956.1968105
2,[2],2000004375.983544
3,[3],328.139003258
