,task,distance
0,"[0, 2, 4, 6]",13541.721670439798
1,"[1, 3, 5, 7]",18298.3978128091
