,customer,weight,round,length
0,[],[],0,0.0
1,"[34, 35, 19, 53, 93, 18, 64]","[1, 2, 1, 1, 1, 1, 1]",0,4937.3556441403
2,[],[],0,0.0
3,"[62, 95]","[2, 10]",0,1483.1965588865
