,customer,weight,round,length
0,"[7, 0, 18]","[4, 1, 1]",0,1459.2881699499999
1,[],[],0,0.0
2,[38],[9],0,199.5697140458
3,"[100, 71, 72, 37, 92, 42]","[8, 1, 2, 1, 1, 1]",0,5649.5540005309995
