,customer,weight,round,length
0,"[17, 28, 19, 35, 34, 9, 94, 95]","[1, 1, 1, 2, 1, 1, 1, 6]",0,2057.8623029110004
1,[16],[9],0,112.9063522222
2,[95],[10],0,133.1587238112
3,[],[],0,0.0
