,customer,weight,round,length
0,[],[],0,0.0
1,"[108, 27, 65, 67, 84, 5, 52, 43, 97, 130, 48]","[1, 2, 1, 1, 1, 3, 1, 1, 1, 1, 1]",0,5838.7749797964
2,[],[],0,0.0
3,[],[],0,0.0
4,"[7, 0, 99, 16, 145]","[1, 1, 1, 1, 2]",0,3004.416146154
