,task,distance
0,[0],783.529701057
1,[1],4037.9232822274
2,[2],0.0
3,[3],0.0
4,[4],0.0
