,task,distance
0,[0],0.0
1,[1],1625.8380207476998
2,[2],893.0480001291
3,[3],0.0
4,[4],0.0
