,task,distance
0,[0],0.0
1,[1],3213.12718277
2,[2],2573.336180235
3,[3],0.0
4,[4],0.0
