,customer,weight,round,length
0,"[93, 91, 153, 152, 22, 154, 92, 128]","[1, 2, 1, 1, 1, 2, 1, 1]",0,2996.1966193649996
1,"[94, 53, 54, 88, 95, 51, 50]","[5, 1, 1, 1, 1, 1, 5]",0,2158.559235068
