,customer,weight,round,length
0,"[24, 77, 12, 2, 10, 66]","[1, 3, 2, 1, 1, 2]",0,2256.1989924179998
1,"[40, 19, 141, 91, 93, 51, 88, 62, 108, 69]","[1, 1, 2, 2, 1, 1, 1, 1, 1, 3]",0,7000.662178158001
