,task,distance
0,[0],2996.196619365
1,[1],2158.559235068
