,customer,weight,round,length
0,"[0, 1, 4]","[3, 3, 1]",0,528.6547602769999
1,"[3, 2]","[4, 8]",0,755.214915258
