,task,distance
0,"[0, 4]",2801.6237538100004
1,"[1, 3]",2737.28807213
2,"[2, 5]",1149.861849918
