,customer,weight,round,length
0,"[44, 19, 70]","[11, 3, 1]",0,769.9818142682
1,"[54, 61, 68, 43, 44, 50, 56, 48, 58]","[2, 1, 1, 2, 4, 1, 2, 1, 1]",0,1939.9586916508
2,"[67, 49, 47, 79, 12, 76, 10, 18, 72]","[1, 1, 1, 1, 1, 1, 1, 1, 7]",1,2107.7116164098998
3,"[60, 59, 38, 42, 8, 80, 0, 34, 17]","[1, 1, 1, 5, 1, 2, 1, 2, 1]",1,2870.334191922
4,"[4, 3, 9, 78, 77, 38]","[1, 1, 3, 2, 1, 7]",2,2846.4156602059998
5,"[62, 51, 41, 40, 1, 52, 2, 15, 74, 36]","[1, 1, 3, 1, 1, 2, 1, 3, 1, 1]",2,4184.138164946001
6,"[75, 24, 25]","[1, 2, 3]",3,2607.2653359829997
7,"[26, 65, 46, 20, 64, 21, 53, 74]","[3, 1, 4, 1, 1, 1, 1, 1]",3,6479.914285555799
