,task,distance
0,"[0, 3, 5, 6]",10431.7195071192
1,"[1, 2, 4, 7]",13374.0002538225
