,customer,weight,round,length
0,[5],[15],0,1218.059893452
1,"[5, 29, 21, 27, 50]","[6, 1, 1, 1, 6]",0,5132.7757876745
2,[50],[15],0,357.913346846
3,[],[],1,0.0
4,[],[],1,0.0
5,"[22, 13, 23, 24, 25, 15, 12, 52, 28]","[2, 2, 1, 1, 1, 1, 1, 2, 2]",1,8256.4173257584
