,customer,weight,round,length
0,"[50, 29, 22, 13]","[10, 1, 2, 2]",0,6193.626381215
1,"[50, 25, 1]","[11, 1, 2]",0,6270.21589049
2,"[39, 10, 11, 15, 43, 26, 4, 9]","[1, 1, 1, 1, 1, 1, 1, 2]",0,2844.8290612680003
