,customer,weight,round,length
0,[],[],0,0.0
1,"[38, 39, 40, 10, 32, 11, 57, 44, 47, 26, 41, 17]","[1, 1, 2, 1, 2, 1, 1, 1, 1, 1, 1, 2]",0,2389.1736057368007
2,"[49, 37, 4, 3, 1, 31, 35, 9]","[2, 1, 1, 2, 2, 2, 1, 2]",0,2179.332127044
