,task,distance
0,"[0, 4]",1218.059893452
1,"[1, 3]",5132.7757876745
2,"[2, 5]",8614.330672604401
