,task,distance
0,[0],0.0
1,[1],2389.1736057368007
2,[2],2179.332127044
