,customer,weight,round,length
0,"[91, 46, 41, 76, 57, 79, 90, 83, 23, 48]","[1, 1, 3, 3, 1, 1, 1, 1, 1, 1]",0,4510.4174303830005
1,[],[],0,0.0
2,[69],[5],0,215.205327462
3,[],[],0,0.0
