,task,distance
0,[0],0.0
1,[1],168.724603193
2,[2],4260.278508833
3,[3],1029.6532006378
