,customer,weight,round,length
0,"[59, 116, 178, 120, 106, 182, 75, 189, 160, 159, 53]","[1, 1, 1, 1, 4, 1, 2, 1, 1, 1, 1]",0,4284.659423053
1,"[110, 95, 96, 180, 131, 119, 186, 1, 195, 29, 28]","[2, 1, 1, 2, 2, 2, 1, 1, 1, 1, 1]",0,5582.599805965
2,"[175, 34, 129, 199]","[2, 1, 1, 1]",1,2135.156597669
3,[],[],1,0.0
