,task,distance
0,"[0, 3]",7249.622614564
1,"[1, 2]",5374.435251140001
