,task,distance
0,"[0, 3]",5181.836484130001
1,"[1, 2]",8435.70955907
