,customer,weight,round,length
0,"[33, 17, 35, 44, 34, 20, 3, 27, 49, 14, 24, 46, 11, 48, 21]","[1, 1, 1, 1, 1, 1, 1, 1, 1, 1, 1, 1, 1, 1, 1]",0,1610.146195245
1,"[38, 2, 43, 15, 0, 8, 1, 16, 4, 7, 47, 39, 23, 22, 26]","[1, 1, 1, 1, 1, 1, 1, 1, 1, 1, 1, 1, 1, 1, 1]",0,2808.498963994
2,"[18, 51, 13, 30, 5, 9, 28, 31, 50, 19]","[1, 2, 5, 1, 1, 1, 1, 1, 1, 1]",1,243.3419450326
3,"[40, 12, 52, 29, 25, 45, 6, 10, 32, 41]","[1, 1, 1, 1, 1, 6, 1, 1, 1, 1]",1,1301.444538244
4,[52],[11],2,1111.020165528
5,"[36, 37, 42, 52]","[1, 1, 11, 2]",2,1522.807014488
