,task,distance
0,"[0, 3, 5]",4434.397747977
1,"[1, 2, 4]",4162.8610745546
