,customer,weight,round,length
0,[],[],0,0.0
1,[],[],0,0.0
2,"[148, 81, 143, 144, 251, 206, 214, 84, 225, 245, 134, 135, 136]","[1, 1, 2, 2, 1, 1, 1, 1, 1, 1, 1, 1, 1]",0,5729.935091841001
3,"[150, 263, 154, 177, 151, 265, 220, 219]","[1, 1, 1, 1, 1, 1, 1, 1]",0,2066.0632392609996
4,[],[],0,0.0
