,task,distance
0,[0],0.0
1,[1],5846.915143554999
2,[2],0.0
3,[3],0.0
4,[4],4432.766888263301
