,task,distance
0,[0],0.0
1,[1],2256.9062031733
2,[2],0.0
3,[3],0.0
4,[4],5618.007680716001
