,customer,weight,round,length
0,"[62, 65, 82, 72, 54, 33, 69, 29, 46, 91]","[3, 2, 1, 1, 1, 1, 3, 1, 1, 1]",0,4623.909257377
1,"[28, 30, 130, 52, 112, 25]","[1, 1, 1, 1, 1, 1]",1,4283.972548661
