,customer,weight,round,length
0,"[76, 39, 38]","[3, 2, 8]",0,811.8606914635
1,"[27, 93, 57, 54, 87, 46]","[1, 5, 1, 1, 1, 1]",0,2884.062421927
2,"[41, 24, 45]","[3, 9, 1]",0,1218.8973102818
