,customer,weight,round,length
0,[],[],0,0.0
1,"[127, 231, 192, 190, 198, 197, 191, 189, 153, 91]","[2, 1, 2, 2, 2, 1, 1, 2, 1, 1]",0,2000003550.8355923
2,"[90, 89, 86, 270, 269, 88, 93, 210, 33, 32, 155, 24, 80]","[1, 1, 1, 1, 1, 1, 2, 1, 1, 1, 1, 1, 2]",0,3277.617335472
3,[],[],0,0.0
