,task,distance
0,[0],0.0
1,[1],0.0
2,[2],4140.490933442999
3,[3],36907.353967616
