,task,distance
0,"[0, 2]",7224.563746509799
1,"[1, 3]",4176.598189858
