,task,distance
0,"[0, 3]",6086.277686249
1,"[1, 2]",6225.242261573
