,task,distance
0,"[0, 5]",5862.942998045
1,"[1, 9]",2370.2611260219
2,"[2, 7]",4228.860795339
3,"[3, 6]",5293.4378691988
4,"[4, 8]",4039.64415195
