,customer,weight,round,length
0,"[44, 7, 30, 94, 42, 98, 68, 99]","[1, 1, 1, 2, 1, 1, 3, 5]",0,5667.8259656012
1,"[17, 16, 92, 52, 33]","[1, 1, 1, 1, 1]",1,5697.7817559019995
