,customer,weight,round,length
0,"[55, 70, 67, 100, 25, 35, 6, 32]","[2, 1, 3, 5, 1, 1, 1, 1]",0,4289.432384997
1,"[60, 78, 11, 53]","[4, 1, 1, 1]",1,1670.847586508
