,customer,weight,round,length
0,"[6, 22, 13, 21, 2, 12, 11, 26, 17, 18]","[1, 1, 3, 1, 1, 1, 2, 2, 2, 1]",0,5789.353380158701
1,"[7, 4, 24, 9, 10]","[1, 8, 2, 1, 3]",0,2393.6084086080004
2,[],[],1,0.0
3,"[9, 27]","[1, 2]",1,1191.898165001
