,task,distance
0,[0],2672.648443761
1,[1],5548.589595057
2,[2],0.0
3,[3],0.0
