,customer,weight,round,length
0,"[153, 12, 11, 9, 113, 10, 156, 155, 154, 81, 108, 79, 78]","[1, 2, 2, 1, 1, 1, 1, 1, 1, 1, 1, 1, 1]",0,1763.7055214603
1,"[139, 138, 117, 152, 120, 119, 14, 30, 80, 90, 81]","[1, 1, 1, 1, 2, 1, 2, 1, 1, 3, 1]",1,4703.7663513924
2,[103],[2],2,3112.08705466
