,customer,weight,round,length
0,"[61, 68, 125, 22, 83, 116, 8, 138, 152, 155, 154, 119, 11]","[1, 1, 1, 1, 2, 1, 1, 1, 1, 1, 1, 1, 2]",0,5643.803481036801
1,"[26, 17, 95, 16, 147, 73, 75, 48, 35, 105]","[1, 1, 1, 3, 1, 2, 1, 2, 1, 2]",1,3346.908371894
2,"[121, 103]","[1, 2]",2,1857.509380757
