,customer,weight,round,length
0,"[106, 26, 25, 46, 47, 28, 35, 72, 39, 57, 105]","[2, 1, 1, 1, 1, 3, 1, 1, 1, 1, 2]",0,2260.4093140249997
1,"[62, 70, 71, 109, 34, 48, 93, 40, 91, 74, 75, 76]","[1, 3, 1, 1, 1, 2, 1, 1, 1, 1, 1, 1]",1,3114.8090492828997
2,"[49, 122, 121]","[1, 2, 1]",2,1959.101137689
