,task,distance
0,[0],241.521529762
1,[1],6122.109937942
2,[2],241.521529762
3,[3],2099.891206412
