,CID,TTDDemd
0,1780,0.890532970428
1,1782,0.570379972458
2,1835,2.62390995026
3,1862,0.984700024128
4,1863,0.259220004082
5,1864,0.777660012245
6,1865,0.422760993242
7,1954,1.40671002865
8,1955,3.09476995468
9,1975,1.02040994167
10,2124,1.00185000896
11,2125,0.390697002411
12,9449,8.16213035583
13,9454,2.46332001686
14,23989,1.03000998497
15,23991,1.02040994167
16,30113,1.05076003075
17,30114,0.264274001122
18,38713,1.41141998768
19,39804,0.563906013966
20,53373,0.294288992882
