,customer,weight,round,length
0,"[219, 265, 220, 108, 181, 175, 177, 154, 150, 263, 262, 144, 143]","[1, 1, 1, 1, 1, 1, 1, 1, 1, 1, 1, 2, 2]",0,3397.5717130640005
1,"[151, 81, 228, 245, 225, 134, 135, 136, 137, 66, 14, 84, 214, 206]","[1, 1, 1, 1, 1, 1, 1, 1, 1, 1, 2, 1, 1, 1]",0,5654.713337818999
2,[148],[1],0,280.133845342
3,[],[],0,0.0
