,task,distance
0,[0],0.0
1,[1],4093.4740023542
2,[2],6576.559656720001
3,[3],0.0
