,task,distance
0,[0],3397.5717130640005
1,[1],5654.713337818999
2,[2],280.133845342
3,[3],0.0
