,task,distance
0,[0],598.249342522
1,[1],6203.896434654
2,[2],0.0
3,[3],6147.781206517001
