,customer,weight,round,length
0,[67],[8],0,447.986826874
1,[],[],0,0.0
2,"[0, 45, 88, 9, 98, 32, 57, 42, 71]","[1, 1, 3, 1, 1, 1, 1, 1, 1]",0,6064.723420277
