,customer,weight,round,length
0,"[97, 39, 78, 92, 38]","[1, 2, 1, 1, 9]",0,4651.391059649999
1,"[61, 49, 50, 59]","[2, 6, 1, 2]",0,3377.9362073390002
2,[],[],0,0.0
