,customer,weight,round,length
0,"[183, 61, 96, 50, 72, 126, 116, 149, 69, 156, 62, 205, 173]","[1, 1, 1, 1, 1, 1, 1, 2, 1, 2, 1, 1, 1]",0,9502.290037620998
1,"[160, 5, 35, 7, 180, 179, 26, 111, 168, 104]","[2, 2, 1, 2, 1, 2, 1, 1, 1, 2]",0,4314.546914239
2,[],[],1,0.0
3,"[120, 159, 151, 154, 122, 82, 182]","[1, 1, 2, 1, 1, 2, 1]",1,3952.7803950447997
