,task,distance
0,"[0, 4]",3109.9316888697
1,"[1, 5]",5810.739307092
2,"[2, 6]",2093.3322081093
3,"[3, 7]",1909.651970369
