,customer,weight,round,length
0,"[29, 10, 15, 36, 0, 20, 14, 13, 31]","[1, 3, 1, 1, 4, 2, 1, 1, 1]",0,1435.3776184570002
1,"[6, 19, 4, 21, 30, 17]","[1, 2, 7, 1, 2, 2]",0,1304.6040399439999
2,"[22, 27, 28]","[10, 1, 4]",0,2793.3685078500002
3,"[8, 4]","[1, 14]",1,1567.764176851
4,"[4, 2, 23, 35, 3, 33]","[4, 2, 2, 2, 4, 1]",1,1674.065999948
5,[4],[15],1,1276.816600876
6,"[25, 16, 24, 37, 34, 11, 5, 18, 26]","[6, 1, 1, 2, 1, 1, 1, 1, 1]",2,1412.973395432
7,"[1, 32, 12, 9, 7]","[1, 2, 1, 1, 1]",2,1908.8731945
8,[25],[15],2,518.424067964
