,task,distance
0,"[0, 3, 6]",4416.11519074
1,"[1, 4, 7]",4887.543234392
2,"[2, 5, 8]",4588.60917669
