,task,distance
0,"[0, 4, 6]",9480.9370537428
1,"[1, 5, 7]",7105.659488861002
2,"[2, 3, 8]",6670.6838273898
