,customer,weight,round,length
0,[],[],0,0.0
1,"[85, 24, 128, 102, 82, 80]","[1, 1, 4, 1, 1, 1]",0,5789.703968073
2,[],[],0,0.0
3,"[63, 90, 108, 106, 110, 36, 116]","[1, 1, 1, 1, 1, 1, 1]",0,3258.0995017213995
