,task,distance
0,[0],5849.109650704
1,[1],0.0
2,[2],0.0
3,[3],0.0
4,[4],10885.922013936
