,task,distance
0,[0],9316.671278174
1,[1],2000006406.381871
2,[2],5363.343132195
