,task,distance
0,[0],4480.354398669
1,[1],2935.0266446656005
2,[2],2425.079677199
3,[3],2718.299555964
