,task,distance
0,[0],49.3100209302
1,[1],9028.74195254
