,customer,weight,round,length
0,[39],[1],0,114.7446072992
1,"[17, 51, 47, 46, 20]","[1, 1, 3, 1, 1]",0,41290.508284901
2,[],[],0,0.0
3,[],[],0,0.0
4,[],[],0,0.0
