,customer,weight,round,length
0,"[27, 21, 29, 30, 26, 28, 14, 0, 41]","[2, 1, 1, 1, 3, 3, 1, 2, 1]",0,5423.8696713721
1,"[42, 34, 33, 8, 1, 4, 3, 22, 23, 24, 25]","[1, 1, 1, 1, 1, 1, 1, 1, 1, 4, 2]",0,3829.8788495440003
2,[],[],1,0.0
3,"[38, 17]","[1, 1]",1,1922.049831642
