,task,distance
0,"[0, 2]",5423.8696713721
1,"[1, 3]",5751.928681186
