,customer,weight,round,length
0,"[52, 74, 79, 51, 71, 72, 54, 62, 64, 63, 96]","[1, 1, 2, 1, 1, 1, 1, 3, 2, 1, 1]",0,2000003967.0170188
1,"[75, 81, 0, 89, 83, 66, 67, 90, 91, 92]","[1, 1, 1, 1, 4, 1, 3, 1, 1, 1]",0,2000005042.8103094
2,[],[],1,0.0
3,"[50, 76, 16, 8, 19, 9, 11]","[1, 1, 1, 1, 1, 1, 1]",1,2000005833.696887
