,customer,weight,round,length
0,"[35, 34, 13, 14, 87, 44, 49]","[1, 2, 2, 4, 2, 2, 2]",0,2144.087804852
1,"[60, 46, 47, 42, 48, 41, 43, 38, 40, 26, 39, 37]","[2, 1, 1, 1, 1, 1, 2, 1, 2, 1, 1, 1]",0,2448.3017795703004
2,"[29, 21, 22, 23, 31, 4, 3, 1, 5]","[1, 1, 1, 1, 1, 1, 2, 1, 1]",1,5700.255078517
3,[],[],1,0.0
