,task,distance
0,"[0, 3, 4]",16025.2340207991
1,"[1, 2, 5]",12105.208089581502
