,customer,weight,round,length
0,[],[],0,0.0
1,"[4, 62, 64, 63]","[1, 1, 2, 5]",0,562.0475217362999
2,"[91, 97, 82, 96, 95, 75, 21, 61, 37, 146, 32]","[1, 2, 1, 2, 1, 2, 1, 2, 1, 1, 1]",0,2901.0607804263
3,[],[],0,0.0
