,task,distance
0,[0],2722.8635834450006
1,[1],0.0
2,[2],3193.574551007
3,[3],0.0
