,customer,weight,round,length
0,"[196, 283, 137, 274, 88, 90, 67, 268, 7, 120, 11, 9, 259, 273]","[1, 2, 1, 1, 1, 1, 1, 1, 1, 1, 1, 1, 1, 1]",0,6024.6345153073
1,"[78, 227, 290, 50, 304, 153, 29, 293, 62, 110, 114, 232]","[1, 1, 1, 2, 1, 1, 1, 2, 1, 1, 1, 2]",0,26367.140726226
2,"[16, 214, 151, 239, 213, 51, 101, 129, 73, 192]","[1, 2, 1, 1, 1, 2, 2, 3, 1, 1]",0,5787.3889302538
3,"[195, 207, 174, 39, 251, 252, 219, 220, 309]","[1, 1, 1, 1, 1, 2, 1, 1, 1]",1,3115.3280668980005
4,[],[],1,0.0
5,"[55, 162, 298, 193, 31, 280, 279]","[1, 1, 1, 1, 3, 1, 1]",1,5868.5737819662
