,customer,weight,round,length
0,"[18, 70, 44]","[1, 1, 1]",0,4390.323668413
1,[],[],0,0.0
2,"[176, 115, 90, 55, 103, 80, 63, 123, 166, 147, 145, 119, 22]","[1, 2, 1, 1, 1, 2, 1, 1, 1, 1, 1, 1, 1]",0,17184.034400927994
3,[],[],0,0.0
