,task,distance
0,[0],3914.476628384
1,[1],3997.936384147
2,[2],0.0
3,[3],0.0
4,[4],0.0
