,task,distance
0,[0],0.0
1,[1],0.0
2,[2],14981.931677407
3,[3],3966.039032138
4,[4],0.0
