,customer,weight,round,length
0,[],[],0,0.0
1,"[122, 142, 106, 108, 14, 99, 116, 76, 114, 165, 120, 54]","[2, 1, 1, 1, 1, 1, 1, 1, 1, 1, 1, 1]",0,7446.00857335
2,"[82, 81, 103, 101, 118, 161, 20]","[1, 1, 1, 1, 1, 2, 1]",0,2939.236529877
3,[],[],0,0.0
4,[],[],0,0.0
