,task,distance
0,[0],0.0
1,[1],265.3506506441
2,[2],0.0
3,[3],3897.577198787601
4,[4],0.0
