,customer,weight,round,length
0,"[14, 123, 116, 114, 10, 109]","[1, 2, 1, 1, 1, 2]",0,4979.9151028060005
1,"[51, 119, 126, 125, 50, 156, 54, 106, 107, 146, 96, 79]","[1, 1, 1, 1, 1, 1, 1, 1, 1, 1, 1, 2]",0,5915.380435138
2,"[67, 92, 91, 148, 71, 85, 45, 60, 43, 42, 160, 41, 59]","[1, 1, 1, 2, 1, 2, 1, 1, 1, 1, 1, 1, 1]",0,4309.537685441
3,[93],[15],0,182.3455743378
