,task,distance
0,[0],0.0
1,[1],5280.172160167001
2,[2],3403.892877005
3,[3],1854.415894547
