,task,distance
0,[0],4979.9151028060005
1,[1],5915.380435138
2,[2],4309.537685441
3,[3],182.3455743378
