,customer,weight,round,length
0,"[31, 34, 1, 29, 16, 15, 17, 41, 42, 14]","[2, 1, 4, 1, 1, 1, 2, 1, 1, 1]",0,13492.580914123997
1,"[4, 10]","[1, 14]",1,6753.29597864
