,task,distance
0,[0],0.0
1,[1],741.398901885
2,[2],4722.1826558701005
