,task,distance
0,[0],0.0
1,[1],0.0
2,[2],5556.3778918126
3,[3],6554.564952698
