,customer,weight,round,length
0,[],[],0,0.0
1,[],[],0,0.0
2,"[40, 146, 61, 150, 109, 151, 153, 156, 135, 131]","[1, 1, 1, 1, 3, 1, 1, 1, 1, 3]",0,3901.5521727909995
3,"[45, 63, 48, 129, 51, 125, 19, 79, 167, 116, 130, 58]","[2, 2, 1, 1, 1, 1, 2, 1, 1, 1, 1, 1]",0,8579.902522692
4,[],[],0,0.0
