,customer,weight,round,length
0,"[98, 47, 14, 160, 57, 39, 153, 131, 58]","[1, 2, 2, 1, 1, 1, 1, 3, 1]",0,7300.441479679
1,[],[],0,0.0
2,[],[],0,0.0
3,"[62, 87, 49, 71, 100, 50]","[5, 1, 1, 1, 3, 1]",0,2759.6002230560002
4,"[64, 68, 172, 173, 83, 143]","[2, 1, 1, 2, 1, 3]",0,2838.8297606076
