,task,distance
0,[0],3289.0730252567
1,[1],15717.7948941775
2,[2],923.25138534
3,[3],0.0
4,[4],0.0
