,task,distance
0,[0],1378.4446954803
1,[1],1001.9865371838
2,[2],1113.0033000903
3,[3],0.0
4,[4],0.0
