,task,distance
0,[0],0.0
1,[1],2296.7782571862003
2,[2],0.0
3,[3],0.0
4,[4],1818.5907046533
