,customer,weight,round,length
0,[80],[2],0,302.963928936
1,"[56, 54, 18, 19, 64, 40, 12, 25, 57, 65, 81]","[1, 1, 1, 2, 1, 2, 1, 1, 2, 1, 2]",0,6140.401261987
