,task,distance
0,"[0, 2]",5475.009804599999
1,"[1, 3]",7701.513167529001
