,task,distance
0,[0],830.1694640226999
1,[1],5725.807579890799
