,task,distance
0,"[0, 3]",2324.8520524557
1,"[1, 2]",5355.4210654087
