,customer,weight,round,length
0,"[78, 206, 205, 217, 75, 165, 3, 2, 164, 211, 50, 214, 210, 170, 51]","[1, 1, 1, 1, 1, 1, 1, 1, 1, 1, 1, 1, 1, 1, 1]",0,6156.218035130999
1,[33],[2],1,5181.71781796
