,customer,weight,round,length
0,"[67, 49, 41, 20, 12, 16, 57, 45, 2]","[2, 1, 1, 1, 2, 1, 4, 2, 1]",0,9002.234798695
1,"[51, 59]","[5, 10]",1,5377.787422631999
