,customer,weight,round,length
0,"[43, 52, 9, 108, 17, 106, 36, 32, 45, 58, 16, 42, 55]","[2, 1, 1, 1, 1, 1, 1, 1, 1, 1, 1, 2, 1]",0,3326.5003970713997
1,[109],[1],1,1356.682386196
