,task,distance
0,[0],0.0
1,[1],281.204632598
2,[2],4282.495065027
