,task,distance
0,[0],2182.733486195
1,[1],687.413755538
2,[2],0.0
