,customer,weight,round,length
0,"[16, 186]","[5, 10]",0,407.8310371366
1,"[186, 26, 135, 193, 85, 17]","[10, 1, 1, 1, 1, 1]",1,2171.2219327039998
2,"[151, 150, 128, 113, 115, 126, 114]","[1, 1, 1, 1, 2, 1, 1]",2,3344.4866869019997
