,customer,weight,round,length
0,"[174, 79, 45, 60, 46, 64, 149, 58, 1, 0, 140, 148, 182]","[1, 1, 1, 1, 1, 1, 1, 1, 2, 1, 2, 1, 1]",0,4265.281836710999
1,"[175, 27]","[1, 1]",1,11399.117014849999
