,customer,weight,round,length
0,"[106, 82, 121, 57, 184, 56, 54, 53, 21, 211]","[2, 1, 2, 1, 1, 1, 2, 2, 1, 2]",0,6604.81504208
1,"[44, 27]","[1, 1]",1,12990.00648023
