,customer,weight,round,length
0,"[8, 53, 51, 110, 112, 150, 141, 122, 118, 140, 84, 126]","[3, 1, 1, 1, 1, 1, 1, 1, 1, 1, 2, 1]",0,15979.473722571
1,"[123, 80, 59, 103]","[1, 2, 1, 1]",1,6514.620802917001
