,customer,weight,round,length
0,[11],[1],0,7226.30034342
1,"[98, 76]","[2, 1]",0,5449.607327330999
