,customer,weight,round,length
0,"[98, 97, 126, 123, 23, 76, 25, 24, 74, 124, 22]","[2, 1, 1, 1, 1, 1, 2, 1, 1, 1, 1]",0,6434.530612842999
1,"[92, 86, 36, 11, 63]","[1, 1, 1, 1, 1]",0,11076.335089566
