,customer,weight,round,length
0,[],[],0,0.0
1,"[131, 84, 85, 78]","[1, 2, 1, 4]",0,2000000838.9767046
2,[],[],0,0.0
3,"[83, 108, 97, 106, 121, 122, 29, 31, 119, 46]","[1, 1, 1, 3, 1, 2, 1, 2, 1, 2]",0,2000002038.038904
4,"[58, 89, 92, 10, 94, 93, 15]","[1, 1, 2, 1, 1, 1, 2]",0,2000000981.1657016
