,customer,weight,round,length
0,"[103, 102, 4, 2, 22, 33, 69, 34, 40, 35, 32, 104]","[1, 1, 1, 2, 1, 2, 2, 1, 1, 1, 1, 1]",0,2000.4565390331002
1,[],[],0,0.0
2,"[65, 66, 67, 68, 54, 42, 48, 49, 5]","[1, 1, 1, 2, 2, 2, 1, 1, 1]",0,2636.7091447499997
3,[],[],0,0.0
4,[],[],0,0.0
