,customer,weight,round,length
0,"[3, 11, 0, 13, 6, 2, 1, 8, 16, 10, 7, 17, 12]","[2, 1, 1, 2, 1, 1, 1, 1, 1, 1, 1, 1, 1]",0,6894.807441443
1,"[9, 5, 4, 15, 14]","[1, 2, 1, 1, 1]",1,6733.099180322
