,customer,weight,round,length
0,"[61, 37, 29, 10, 74, 73, 60, 28, 27, 8, 11, 12, 62]","[1, 1, 1, 1, 1, 1, 1, 1, 1, 1, 1, 2, 2]",0,4309.1978379347
1,"[23, 67, 34, 72, 18]","[2, 1, 1, 1, 1]",1,8373.28042545
