,task,distance
0,"[0, 2]",2935.253908575101
1,"[1, 3]",5386.6043971954
