,task,distance
0,"[0, 3]",3203.334558354
1,"[1, 2]",2803.8143871394
