,customer,weight,round,length
0,[19],[3],0,380.195667738
1,[],[],0,0.0
2,"[18, 12, 11, 35, 13, 33, 40, 10, 41]","[1, 1, 1, 3, 1, 1, 3, 3, 1]",0,1800.2508625144
