,customer,weight,round,length
0,"[33, 49, 54, 65, 63, 61, 16, 29, 7]","[6, 1, 1, 1, 1, 1, 1, 2, 1]",0,2100.7442416848
1,"[1, 37, 3, 35, 34, 46, 16, 53, 21, 68, 64, 39, 38]","[1, 1, 1, 1, 1, 1, 2, 1, 1, 1, 1, 1, 2]",1,3506.1637497037
2,"[45, 9, 2]","[3, 1, 3]",2,3509.581903657
