,customer,weight,round,length
0,"[17, 19, 26, 8, 5, 6, 4, 44, 28, 27]","[1, 3, 1, 1, 1, 1, 1, 3, 1, 2]",0,1976.1162597951
1,"[12, 66, 18, 55, 41, 15, 60, 59, 23, 10, 47]","[1, 1, 1, 1, 1, 2, 3, 2, 1, 1, 1]",1,5216.190995240001
2,"[41, 13, 42]","[3, 1, 4]",2,1559.574377698
