,task,distance
0,[0],1644.317124894
1,[1],293.0997974
2,[2],9146.412953415998
3,[3],0.0
4,[4],0.0
