,customer,weight,round,length
0,"[42, 41, 104, 71, 103, 47, 102, 79, 99, 95]","[3, 2, 1, 1, 1, 1, 2, 1, 2, 1]",0,1673.91438907
1,"[43, 44, 45, 106, 92, 93, 90, 48, 67, 49]","[1, 1, 3, 2, 2, 1, 1, 2, 1, 1]",0,2114.4201181275
2,[],[],1,0.0
3,"[66, 70, 68]","[2, 1, 3]",1,2331.618240634
