,customer,weight,round,length
0,"[66, 62, 64, 72, 73, 59]","[2, 1, 4, 2, 1, 5]",0,4406.495698484
1,"[71, 104, 47, 99, 67, 92, 93, 90, 46, 45, 43]","[1, 1, 1, 2, 1, 2, 1, 1, 1, 3, 1]",0,2728.9094894865
2,[82],[5],1,3466.0110107
3,"[80, 53, 56, 58, 28]","[6, 1, 2, 1, 1]",1,4697.953976594001
