,task,distance
0,"[0, 3]",4005.532629704
1,"[1, 2]",2114.4201181275
