,customer,weight,round,length
0,"[14, 123, 13, 12, 24, 25, 113, 34]","[2, 1, 2, 4, 1, 2, 2, 1]",0,5743.930098749
1,"[20, 37, 88, 46]","[3, 3, 1, 3]",0,4218.166771456
2,[],[],0,0.0
3,[],[],0,0.0
4,[],[],0,0.0
