,customer,weight,round,length
0,"[7, 11, 10, 9, 21, 4]","[1, 2, 1, 2, 1, 1]",0,3978.074529752
1,"[13, 6]","[1, 2]",0,3243.98871654
2,"[12, 15, 5, 14, 8, 1, 19, 0, 18, 20, 3]","[1, 1, 1, 1, 2, 1, 1, 3, 1, 1, 1]",0,4116.721508503
3,"[2, 22, 17, 16]","[1, 1, 1, 1]",0,3107.211130297
