,customer,weight,round,length
0,[],[],0,0.0
1,"[135, 34, 33, 140, 144]","[3, 1, 1, 2, 4]",0,1229.9617020945002
2,[],[],0,0.0
3,"[104, 35, 156, 154, 41, 70, 40, 20, 39, 42]","[3, 1, 2, 2, 1, 1, 1, 1, 1, 2]",0,2169.1863304135004
4,"[27, 114, 157, 113, 71, 143, 142, 141]","[1, 1, 2, 4, 2, 2, 1, 1]",0,1629.7009149277999
