,task,distance
0,[0],0.0
1,[1],1229.9617020945002
2,[2],0.0
3,[3],2169.1863304135004
4,[4],1629.7009149278
