,task,distance
0,[0],4642.3528511076
1,[1],3843.985466796
2,[2],3036.205098448
3,[3],0.0
4,[4],3392.4292882960003
