,task,distance
0,[0],3103.280235231
1,[1],3023.858192887
2,[2],5611.087250141
