,customer,weight,round,length
0,[35],[15],0,33.8146687494
1,[35],[15],0,33.8146687494
2,"[16, 98, 97, 71, 28, 30, 155, 42, 150, 99, 35]","[2, 2, 1, 1, 1, 1, 1, 3, 1, 1, 1]",0,4885.9794528907
3,"[92, 49, 178, 15, 129]","[9, 2, 1, 1, 2]",1,2136.3987656893
4,[92],[15],1,195.0098141966
5,[92],[15],1,195.0098141966
6,[161],[5],2,2139.53146468
7,[],[],2,0.0
8,"[80, 78, 112, 82, 166, 7, 54, 85, 87, 12]","[1, 1, 2, 1, 1, 1, 1, 1, 1, 1]",2,6549.708089282
