,customer,weight,round,length
0,"[31, 40, 258, 188, 67, 39, 227, 68, 106, 107, 17, 24, 22, 26, 161]","[1, 1, 1, 1, 1, 1, 1, 1, 1, 1, 1, 1, 1, 1, 1]",0,5280.7843246915
1,"[13, 16, 72, 168, 172]","[1, 2, 1, 1, 1]",1,4851.780551916
