,task,distance
0,[0],6298.483693056999
1,[1],0.0
2,[2],0.0
3,[3],7780.171517751
4,[4],6691.704708911
