,customer,weight,round,length
0,"[8, 20]","[12, 3]",0,3517.8014546860004
1,[],[],0,0.0
2,"[41, 36, 7]","[5, 2, 5]",0,2420.954115896
