,customer,weight,round,length
0,"[94, 62, 35, 53, 82, 122, 49, 106, 17, 137, 11]","[1, 1, 1, 1, 2, 2, 3, 1, 1, 1, 1]",0,12686.963249473
1,"[1, 12, 51, 81, 57, 56, 120, 121, 66]","[1, 1, 2, 1, 4, 1, 1, 3, 1]",1,13180.235814292
2,"[24, 130, 95, 31, 149]","[10, 1, 1, 1, 2]",2,11686.610548122
3,"[116, 144, 77, 26, 60]","[1, 1, 2, 1, 10]",3,13859.668351829001
4,"[70, 5, 18, 3, 4, 100, 124, 60]","[1, 1, 1, 1, 1, 1, 1, 6]",4,31580.969490375
