,customer,weight,round,length
0,[24],[15],0,590.475899352
1,"[24, 60]","[10, 5]",1,2110.7703565780002
2,[60],[15],2,1520.294457224
3,"[149, 120, 121, 134, 88, 132, 66, 60]","[2, 1, 3, 1, 1, 1, 1, 5]",3,5737.030634253
4,"[53, 79, 31, 72, 95, 143, 56, 57, 130, 133]","[1, 1, 1, 1, 2, 1, 1, 5, 1, 1]",4,17543.613230203002
5,"[123, 101, 64, 37, 26, 27, 84, 9, 77, 75, 7, 96, 144, 116]","[1, 1, 1, 1, 1, 1, 1, 1, 2, 1, 1, 1, 1, 1]",5,33529.178715999995
