,customer,weight,round,length
0,"[92, 50, 43, 110, 111]","[1, 2, 5, 2, 2]",0,2010.8399806234002
1,"[82, 51, 74, 56, 131, 73, 90]","[2, 1, 1, 1, 1, 1, 1]",0,1875.8434567656002
2,"[87, 88, 55, 66, 93, 65, 3, 121, 122]","[1, 1, 3, 1, 1, 2, 1, 3, 2]",0,4595.568152362001
