,task,distance
0,[0],0.0
1,[1],2820.6786033734006
2,[2],2700.1978114702
