,task,distance
0,[0],5948.8241817344
1,[1],6848.488206252
2,[2],2044.289208836
