,task,distance
0,[0],2010.8399806234
1,[1],1875.8434567656
2,[2],4595.568152362001
