,task,distance
0,[0],1524.1028307779998
1,[1],7026.066430916
2,[2],3146.158723988
