,customer,weight,round,length
0,"[73, 63, 23, 37, 86, 77, 29, 78, 116, 145, 80, 87]","[2, 1, 1, 1, 2, 1, 1, 1, 2, 1, 1, 1]",0,3248.3442223478
1,"[82, 52, 55, 183, 184, 99, 152, 54, 154, 16, 101, 84]","[1, 1, 2, 1, 1, 1, 1, 1, 1, 2, 2, 1]",0,3139.0826395572003
2,"[102, 71, 158, 117, 175, 90, 74, 92, 81, 80]","[2, 1, 1, 2, 2, 1, 1, 1, 1, 3]",1,3280.553491791
3,"[60, 61, 62, 120, 44, 14, 50, 49, 48, 21, 35, 179, 65, 178]","[1, 1, 1, 1, 1, 1, 1, 1, 1, 1, 1, 2, 1, 1]",1,4460.6920434902995
4,"[47, 46, 164, 163, 122, 96, 121, 67, 68, 113, 124, 112, 156, 95, 41]","[1, 1, 1, 1, 1, 1, 1, 1, 1, 1, 1, 1, 1, 1, 1]",2,4195.325267092
5,"[180, 28, 125, 38, 136, 138, 115, 137, 11, 43, 98, 126]","[2, 1, 1, 1, 1, 1, 1, 1, 1, 2, 1, 2]",2,7430.024894091
6,[],[],3,0.0
7,"[103, 114, 66, 182, 28]","[1, 1, 1, 1, 1]",3,3633.255382672
