,task,distance
0,[0],0.0
1,[1],0.0
2,[2],2666.3479043705
3,[3],0.0
4,[4],97.7335717642
