,customer,weight,round,length
0,[],[],0,0.0
1,"[143, 25, 24, 175]","[2, 1, 1, 1]",0,1417.9240744620001
2,"[129, 109, 127, 151, 17, 156, 160, 131, 20]","[1, 1, 1, 3, 1, 2, 1, 1, 1]",0,6908.299211748999
