,task,distance
0,[0],348.245918836
1,[1],0.0
2,[2],10906.32265316
