,task,distance
0,[0],0.0
1,[1],11676.650493413
2,[2],4053.60873398
