,task,distance
0,[0],0.0
1,[1],1417.924074462
2,[2],6908.299211748999
