,task,distance
0,[0],9601.638756653
1,[1],4574.039900908
