,customer,weight,round,length
0,"[17, 18, 11, 35, 49, 90, 69]","[2, 1, 1, 1, 4, 1, 5]",0,3801.47204776
1,"[27, 76]","[1, 3]",0,1222.5289644219
