,task,distance
0,"[0, 2, 5, 7]",14555.4616260336
1,"[1, 3, 4, 6]",21949.9695715275
