,task,distance
0,"[0, 3, 5, 6]",6867.961996580001
1,"[1, 2, 4, 7]",7109.336291583
