,task,distance
0,[0],5182.107317311
1,[1],0.0
2,[2],107.4148844844
3,[3],0.0
