,task,distance
0,[0],2001.555799608
1,[1],0.0
2,[2],1181.97376746
