,customer,weight,round,length
0,"[40, 19]","[3, 6]",0,3474.737678224
1,[40],[15],0,3238.31957752
2,[19],[15],0,1079.703284788
3,"[15, 42, 18, 21, 6, 9]","[3, 1, 1, 2, 1, 1]",0,3325.2695837848005
