,customer,weight,round,length
0,[40],[10],0,89.108757036
1,"[8, 23, 42, 18, 19]","[3, 1, 1, 1, 8]",0,6299.679990705999
2,"[40, 41]","[8, 5]",0,1692.75250576
3,[19],[13],0,2542.3437371
