,task,distance
0,[0],89.108757036
1,[1],6299.679990705999
2,[2],1692.75250576
3,[3],2542.3437371
