,customer,weight,round,length
0,[],[],0,0.0
1,"[188, 24, 165, 28, 37, 7, 91, 100, 99, 52, 85, 41, 187]","[1, 1, 1, 1, 1, 2, 1, 1, 1, 1, 2, 1, 1]",0,23370.2749388948
2,[],[],0,0.0
3,[],[],0,0.0
4,[49],[1],0,205.731542558
