,customer,weight,round,length
0,[],[],0,0.0
1,[],[],0,0.0
2,[],[],0,0.0
3,"[106, 111, 92, 86, 115, 119, 116, 109, 121, 110, 170, 194, 193]","[1, 1, 1, 2, 1, 1, 1, 1, 1, 1, 1, 1, 1]",0,2000004364.96308
4,[127],[1],0,167.9648734654
