,customer,weight,round,length
0,"[114, 20, 132, 189, 104, 177, 179, 27, 109, 121, 14, 182, 185, 25]","[1, 1, 1, 2, 1, 1, 1, 1, 1, 1, 1, 1, 1, 1]",0,6859.780843412
1,[],[],0,0.0
2,[],[],0,0.0
3,[],[],0,0.0
4,[35],[1],0,233.373367388
