,task,distance
0,[0],0.0
1,[1],0.0
2,[2],0.0
3,[3],2000004364.96308
4,[4],167.9648734654
