,task,distance
0,[0],0.0
1,[1],6019.274862312
2,[2],0.0
3,[3],0.0
4,[4],233.373367388
