,task,distance
0,[0],0.0
1,[1],23370.2749388948
2,[2],0.0
3,[3],0.0
4,[4],205.731542558
