,task,distance
0,[0],281.40712991
1,[1],3204.6451494538
