,customer,weight,round,length
0,[45],[8],0,87.5951166928
1,"[46, 12, 1, 28, 79, 17, 70, 62, 40, 41, 42, 44]","[1, 1, 1, 1, 1, 1, 1, 1, 4, 1, 1, 1]",0,3043.277458779
2,[],[],0,0.0
