,task,distance
0,[0],87.5951166928
1,[1],3145.22704396
2,[2],3022.079507394
