,task,distance
0,[0],87.5951166928
1,[1],3043.277458779
2,[2],0.0
