,customer,weight,round,length
0,"[80, 40, 5, 67, 44]","[1, 1, 1, 2, 1]",0,2379.130548256
1,[],[],0,0.0
2,[],[],0,0.0
3,[47],[2],0,329.647099004
4,[],[],0,0.0
