,customer,weight,round,length
0,"[20, 12, 21, 33, 22, 34, 19]","[4, 1, 1, 4, 3, 1, 1]",0,3234.1011292588
1,"[59, 28, 29, 70, 44, 10, 65, 13, 33]","[1, 1, 1, 2, 2, 1, 1, 4, 2]",1,9656.444869904999
2,[41],[1],2,7509.60658264
