,customer,weight,round,length
0,"[40, 24, 39]","[13, 1, 1]",0,651.99525838
1,"[71, 45, 55, 32, 53, 26, 23, 25, 40]","[1, 1, 1, 1, 1, 2, 1, 2, 5]",1,3111.6713602170003
2,"[68, 69, 61, 62, 72, 32]","[1, 1, 1, 1, 1, 2]",2,5412.9339910670005
