,task,distance
0,[0],7589.657857820001
1,[1],0.0
2,[2],0.0
3,[3],497.573346622
4,[4],0.0
