,customer,weight,round,length
0,[],[],0,0.0
1,[],[],0,0.0
2,"[23, 38, 24, 6, 20, 17, 11, 18, 36, 2]","[1, 2, 1, 1, 3, 1, 1, 3, 1, 1]",0,2383.6909914356
3,[15],[1],0,55.3491311994
4,[],[],0,0.0
