,customer,weight,round,length
0,[7],[12],0,95.3483202708
1,[],[],0,0.0
2,[],[],0,0.0
3,[],[],0,0.0
4,"[15, 23, 24, 6, 37, 19, 31, 25, 16, 9]","[1, 1, 1, 1, 1, 1, 1, 2, 1, 1]",0,4371.6727386822
