,customer,weight,round,length
0,"[98, 97, 32, 16, 33, 105, 34, 101, 116, 155, 100]","[2, 1, 2, 2, 1, 1, 2, 1, 1, 1, 1]",0,3495.100770209
1,"[73, 44, 31, 29, 152, 153, 30, 48, 42, 150, 147]","[2, 1, 1, 1, 1, 2, 1, 1, 3, 1, 1]",1,4828.4238632080005
2,"[146, 23, 151, 28, 79, 71, 43, 36]","[2, 2, 2, 1, 1, 1, 1, 2]",2,5166.910927309
