,customer,weight,round,length
0,"[106, 92, 111, 170, 110, 194, 193]","[1, 1, 1, 1, 1, 1, 1]",0,2447.8809569589
1,[127],[1],0,167.9648734654
2,[],[],0,0.0
3,[],[],0,0.0
4,[],[],0,0.0
