,customer,weight,round,length
0,[7],[1],0,62.6128442174
1,[0],[3],0,1232.197483588
