,task,distance
0,[0],223.66969886
1,[1],2446.19771672
