,customer,weight,round,length
0,[28],[4],0,1945.52336323
1,[21],[2],0,141.648483707
2,"[47, 46, 41, 22, 16, 29, 18, 34, 45, 56, 57, 43]","[1, 1, 3, 2, 1, 1, 1, 1, 1, 1, 1, 1]",0,5233.074004465
