,task,distance
0,[0],457.000922642
1,[1],0.0
2,[2],2513.8983931338
