,customer,weight,round,length
0,"[140, 20]","[1, 14]",0,376.7363853965
1,"[132, 134, 48, 80, 93, 96, 52, 44, 160, 20]","[1, 2, 1, 1, 1, 1, 1, 1, 1, 5]",1,6306.8390218389995
2,"[24, 32, 176]","[1, 3, 1]",2,7481.10577051
