,customer,weight,round,length
0,"[30, 69, 68, 67, 73, 71, 38, 201, 203, 202, 75, 76, 77, 257]","[2, 1, 1, 1, 1, 1, 1, 1, 1, 1, 1, 1, 1, 1]",0,3084.7646573349994
1,"[105, 182, 103, 199, 128, 200, 231, 174, 239, 237, 214, 206, 207]","[2, 1, 1, 1, 1, 1, 1, 1, 1, 2, 1, 1, 1]",0,4207.0467185841
2,"[136, 135, 134, 225, 84, 27, 212, 34, 129, 13, 132, 243, 45, 234, 258]","[1, 1, 1, 1, 1, 1, 1, 1, 1, 1, 1, 1, 1, 1, 1]",0,3705.747556240001
3,"[260, 137, 262, 144, 143, 81, 148, 151, 219, 177, 154, 150, 263]","[1, 1, 1, 2, 2, 1, 1, 1, 1, 1, 1, 1, 1]",0,3214.4197645860995
4,"[114, 166, 54, 55, 195, 41, 97, 100, 158, 112, 111, 110]","[2, 1, 1, 1, 1, 1, 3, 1, 1, 1, 1, 1]",1,4797.172124617001
5,[],[],1,0.0
6,"[125, 246, 193, 63, 240, 175, 220, 265, 108, 181, 88, 228, 245]","[1, 1, 1, 1, 2, 1, 1, 1, 1, 1, 1, 1, 1]",1,5600.423362676999
7,"[66, 14, 251, 72]","[1, 2, 1, 1]",1,2624.951921627
