,task,distance
0,"[0, 6]",8685.188020012
1,"[1, 5]",4207.0467185841
2,"[2, 7]",6330.699477867001
3,"[3, 4]",8011.5918892031
