,customer,weight,round,length
0,"[162, 167, 21, 80, 102, 81, 128, 130, 166, 165, 164, 117, 189, 190, 111]","[1, 1, 1, 1, 1, 1, 1, 1, 1, 1, 1, 1, 1, 1, 1]",0,2810.7491746779006
1,[],[],0,0.0
2,"[116, 75, 37, 34, 33, 146, 49, 113, 74, 44]","[1, 1, 1, 1, 1, 1, 1, 1, 1, 4]",0,2947.2255152384
3,[],[],0,0.0
