,task,distance
0,[0],13905.279081630004
1,[1],0.0
2,[2],7564.7275036888
3,[3],0.0
