,task,distance
0,[0],1420.4421069968998
1,[1],3020.408815832
2,[2],2991.215039368
3,[3],114.8294386178
4,[4],0.0
