,customer,weight,round,length
0,"[95, 2, 94, 87, 58, 15, 17, 13, 12, 23]","[1, 1, 1, 2, 2, 1, 2, 1, 1, 1]",0,3173.5215953682996
1,"[56, 47, 41, 51, 83, 36, 28, 34, 76, 75]","[1, 1, 1, 3, 1, 1, 1, 1, 1, 3]",0,4803.818690379
2,[],[],0,0.0
3,[],[],0,0.0
