,customer,weight,round,length
0,"[32, 16, 9, 28, 14, 15, 11, 40, 18]","[5, 1, 1, 2, 1, 1, 2, 1, 1]",0,3168.798096355
1,"[1, 34, 31, 30, 29, 5, 37]","[4, 1, 3, 1, 1, 2, 3]",0,1619.5917509754
2,"[42, 41, 17, 4, 2]","[1, 1, 2, 1, 1]",1,8988.211629067
3,[10],[15],1,9358.48754862
