,task,distance
0,"[0, 2]",2500.276890071
1,"[1, 3]",2185.530113591
