,task,distance
0,[0],0.0
1,[1],228.605068686
2,[2],4868.6973601400005
3,[3],0.0
