,task,distance
0,[0],0.0
1,[1],5413.127600225
2,[2],0.0
3,[3],228.605068686
