,customer,weight,round,length
0,"[87, 43, 85, 58, 59, 82, 83, 44, 17, 0, 2, 42]","[1, 2, 2, 1, 2, 1, 1, 1, 1, 1, 1, 1]",0,6422.160406458302
1,[],[],0,0.0
2,[],[],0,0.0
3,[],[],0,0.0
4,[4],[1],0,135.0043743796
