,customer,weight,round,length
0,[],[],0,0.0
1,"[49, 39, 50, 33, 51, 91, 86, 89, 78]","[1, 2, 1, 1, 1, 2, 2, 2, 2]",0,1914.9062626918999
2,[],[],0,0.0
3,[],[],0,0.0
4,"[48, 47, 46, 10, 61]","[1, 1, 1, 1, 1]",0,595.722166782
