,task,distance
0,[0],6422.160406458302
1,[1],0.0
2,[2],0.0
3,[3],0.0
4,[4],135.0043743796
