,task,distance
0,[0],0.0
1,[1],1914.9062626919
2,[2],0.0
3,[3],0.0
4,[4],595.722166782
