,task,distance
0,[0],0.0
1,[1],0.0
2,[2],4406.929623151001
3,[3],0.0
4,[4],2817.0618730585
