,customer,weight,round,length
0,"[108, 81, 22, 96, 217, 115, 216, 24, 153]","[2, 3, 1, 2, 1, 2, 1, 1, 1]",0,3107.4290825100998
1,"[98, 75, 97, 120, 48, 17, 16, 15, 91, 95, 94, 214, 93]","[1, 1, 1, 1, 1, 1, 2, 1, 1, 1, 1, 2, 1]",0,2663.7719926419004
2,"[220, 149]","[2, 1]",0,385.76141751980003
