,task,distance
0,"[0, 4]",7895.9038350152
1,"[1, 3]",8667.555511489401
2,"[2, 5]",16113.71558969
