,task,distance
0,"[0, 4]",5316.6559544620995
1,"[1, 3]",5063.3776144866
2,"[2, 5]",9735.995019488
