,customer,weight,round,length
0,"[175, 165, 166, 7, 26, 47, 109, 111, 207, 40, 203, 185, 93]","[1, 1, 1, 2, 1, 1, 1, 1, 1, 1, 2, 1, 1]",0,6877.246948461199
1,"[178, 72, 9, 116, 117, 67, 8, 68, 69, 186, 156, 84, 83]","[1, 1, 1, 1, 1, 1, 1, 1, 1, 1, 2, 2, 1]",0,5091.8283654476
2,"[34, 51, 120, 119, 159, 160, 135]","[1, 2, 1, 1, 1, 2, 1]",1,5705.566526789
3,"[107, 153, 82, 198, 171, 58]","[1, 1, 2, 1, 2, 2]",1,7231.3148837829995
