,task,distance
0,[0],2656.87471736
1,[1],12389.450544528
