,customer,weight,round,length
0,"[29, 47, 50, 53, 27, 6, 4, 3, 44]","[1, 3, 1, 1, 1, 1, 2, 1, 1]",0,3921.381885275
1,"[31, 77, 63, 66, 65]","[1, 1, 1, 1, 1]",0,1314.8787882744002
