,customer,weight,round,length
0,"[10, 12, 13, 5, 14, 7, 9, 6, 1]","[2, 1, 2, 2, 2, 1, 1, 1, 3]",0,8053.96923951
1,"[0, 8, 3, 11, 2, 4]","[2, 3, 1, 3, 5, 1]",0,8328.134580884
