,customer,weight,round,length
0,"[5, 0]","[12, 3]",0,1150.79093961
1,"[0, 4, 12]","[9, 5, 1]",1,3543.2367140960005
