,customer,weight,round,length
0,[],[],0,0.0
1,"[205, 117, 115, 143, 128, 17, 31, 10, 142]","[6, 2, 1, 1, 1, 1, 1, 1, 1]",0,2424.009537108
2,[],[],0,0.0
3,"[48, 195, 194, 15, 145, 6, 147, 98, 150, 7, 65, 62]","[1, 1, 1, 1, 1, 1, 1, 1, 1, 1, 3, 1]",0,2730.2876963845997
4,[],[],0,0.0
