,customer,weight,round,length
0,[],[],0,0.0
1,"[56, 162, 93, 47, 149, 148, 0, 99, 44, 69, 187, 101, 157]","[2, 1, 1, 2, 1, 1, 1, 1, 1, 1, 1, 1, 1]",0,5838.605125807199
2,"[77, 72, 1, 74, 75, 180]","[1, 2, 4, 1, 1, 1]",0,2044.3482119622997
3,[],[],0,0.0
4,[155],[2],0,317.747941498
