,task,distance
0,[0],0.0
1,[1],0.0
2,[2],1212.0337072937
3,[3],1899.704896695
4,[4],2930.461967772
