,task,distance
0,[0],2453.3776908465
1,[1],4217.700866460001
2,[2],2681.1124372470003
3,[3],0.0
4,[4],2473.719992603
