,task,distance
0,[0],7026.0664309170015
1,[1],0.0
2,[2],2976.960660408
3,[3],1418.724379635
4,[4],580.453979316
