,task,distance
0,[0],1875.8434567656
1,[1],2010.8399806234
2,[2],0.0
3,[3],4595.568152362001
4,[4],0.0
