,customer,weight,round,length
0,"[46, 30, 29, 12]","[1, 1, 1, 1]",0,615.6473164518001
1,[],[],0,0.0
2,[],[],0,0.0
3,"[43, 6, 11]","[1, 2, 1]",0,994.2734372980001
4,[],[],0,0.0
