,task,distance
0,[0],0.0
1,[1],579.026761584
2,[2],10676.734878179
