,customer,weight,round,length
0,"[74, 60, 78, 80, 83, 82, 81, 146, 119, 136, 69, 122, 54, 79]","[1, 1, 1, 1, 1, 1, 1, 1, 1, 1, 1, 2, 1, 1]",0,4067.9866011312997
1,"[124, 123, 129, 130, 112, 113, 114, 115, 96, 98, 142, 85, 46]","[1, 1, 1, 1, 1, 1, 1, 1, 1, 3, 1, 1, 1]",0,3888.2803265430002
2,"[150, 102, 103, 109, 110, 134, 117, 89, 101, 66, 64, 63]","[1, 1, 1, 1, 1, 2, 1, 2, 2, 1, 1, 1]",0,3430.8236426139997
