,task,distance
0,[0],4067.9866011313
1,[1],3888.280326543
2,[2],3430.823642614
