,task,distance
0,[0],4997.416860089799
1,[1],0.0
2,[2],0.0
3,[3],0.0
4,[4],114.4712800302
