,customer,weight,round,length
0,"[103, 56, 51, 104, 105, 121, 91, 90, 129, 35, 89, 78, 79]","[1, 2, 1, 1, 1, 1, 1, 2, 1, 1, 1, 1, 1]",0,2418.9366931352997
1,[],[],0,0.0
2,[],[],0,0.0
3,[],[],0,0.0
4,[80],[2],0,192.51841682
