,task,distance
0,[0],1453.4467041199998
1,[1],7680.684137493002
