,task,distance
0,[0],3163.0383796004
1,[1],5682.128446645
