,task,distance
0,[0],2041.3140707370003
1,[1],7865.143236035
