,customer,weight,round,length
0,"[1, 2]","[13, 2]",0,7919.884376796999
1,"[1, 2]","[14, 1]",0,7919.884376796999
