,task,distance
0,[0],207.79886865
1,[1],3103.830518625
