,customer,weight,round,length
0,[],[],0,0.0
1,[],[],0,0.0
2,"[78, 57, 0, 64, 48, 84]","[1, 1, 1, 6, 1, 2]",0,11269.879358055001
3,[79],[9],0,831.369220088
4,[],[],0,0.0
