,customer,weight,round,length
0,[],[],0,0.0
1,"[93, 20, 21, 169, 38, 173, 144, 155, 227]","[1, 1, 1, 1, 1, 3, 1, 1, 1]",0,10274.601761634
2,[],[],0,0.0
3,"[14, 2, 127, 176, 177, 44, 122, 24, 76, 54, 5]","[1, 1, 1, 1, 2, 2, 1, 1, 1, 2, 1]",0,15755.266292897995
