,task,distance
0,[0],15088.6502608227
1,[1],0.0
2,[2],5407.811729726701
3,[3],0.0
