,task,distance
0,[0],10664.197044885
1,[1],3940.305463068
2,[2],0.0
3,[3],0.0
