,customer,weight,round,length
0,"[44, 129, 78, 113, 112]","[2, 1, 4, 3, 4]",0,1418.7243796349999
1,"[120, 116, 64, 139, 137, 108, 63, 62, 119]","[1, 1, 2, 2, 2, 3, 2, 1, 1]",0,2976.960660408
2,"[67, 0, 94, 31, 61, 77]","[2, 1, 1, 5, 5, 1]",0,7026.0664309170015
3,[114],[2],0,580.453979316
