,customer,weight,round,length
0,[],[],0,0.0
1,[24],[15],0,1628.527392586
2,"[24, 71, 8, 2, 18, 11, 21, 50]","[8, 1, 1, 1, 1, 1, 1, 1]",0,4005.6500960554
