,customer,weight,round,length
0,"[87, 86, 72, 73, 92, 91, 64, 8, 66, 35, 29, 12, 25, 94]","[1, 1, 1, 1, 1, 1, 1, 1, 1, 2, 1, 1, 1, 1]",0,7711.086373923
1,"[9, 85, 84, 74, 83, 53, 45, 99, 0, 75]","[3, 2, 1, 1, 1, 1, 2, 1, 1, 2]",0,3834.8236573690006
2,[],[],1,0.0
3,"[70, 65]","[1, 1]",1,3695.822781074
