,task,distance
0,[0],7494.627643142
1,[1],6908.695326027
