,task,distance
0,[0],0.0
1,[1],6940.280162399
2,[2],106.9940449678
