,task,distance
0,[0],277.2631230381
1,[1],0.0
2,[2],5344.292623218001
