,task,distance
0,"[0, 2]",5064.8926556969
1,"[1, 3]",3439.921902672
