,task,distance
0,"[0, 6]",12235.83191715
1,"[1, 9]",7659.658353077
2,"[2, 8]",7328.8795267345995
3,"[3, 5]",7150.459744361
4,"[4, 7]",9457.531986696
