,customer,weight,round,length
0,[],[],0,0.0
1,[],[],0,0.0
2,[],[],0,0.0
3,"[10, 19, 59, 66, 53]","[1, 1, 1, 1, 4]",0,1149.72279894
4,"[65, 34, 35, 32, 56, 26, 54]","[2, 1, 1, 1, 2, 2, 3]",0,2239.188596265
