,customer,weight,round,length
0,"[6, 2, 8]","[1, 6, 8]",0,2178.748877577
1,"[12, 5, 4, 9]","[3, 5, 2, 5]",1,1293.766905335
