,customer,weight,round,length
0,[],[],0,0.0
1,"[61, 65, 83, 98, 129, 102, 139, 113, 119, 9, 78, 30, 74]","[1, 1, 2, 1, 2, 1, 1, 1, 1, 1, 1, 1, 1]",0,5591.61388934
2,"[49, 48, 47, 106, 26, 24]","[1, 2, 1, 2, 1, 2]",0,1619.8327839419999
