,customer,weight,round,length
0,"[39, 57, 70, 62, 55, 66, 64, 3, 22, 116, 143]","[1, 1, 3, 1, 1, 1, 1, 3, 1, 1, 1]",0,5640.596418795001
1,"[109, 122, 121, 71, 72, 49, 34, 35, 105]","[1, 2, 1, 1, 1, 1, 1, 1, 2]",0,1931.6813070652
2,[],[],0,0.0
