,customer,weight,round,length
0,[],[],0,0.0
1,"[87, 15, 84, 157, 8, 13, 83]","[1, 2, 1, 1, 1, 2, 2]",0,1723.5515785676998
2,"[135, 96, 128, 127, 126, 125, 54, 110, 51, 129, 97, 98]","[1, 2, 1, 1, 1, 1, 1, 2, 1, 2, 1, 1]",0,1823.9129110098
