,task,distance
0,[0],0.0
1,[1],2994.8996129270004
2,[2],871.2212440598
