,customer,weight,round,length
0,"[105, 199, 104, 15, 151, 107, 106, 173, 171, 174]","[1, 1, 2, 3, 2, 1, 1, 1, 2, 1]",0,2338.4741720186003
1,"[197, 198, 15, 188, 59, 57, 159, 58, 135, 203, 36]","[1, 1, 3, 1, 1, 1, 1, 2, 1, 2, 1]",1,3807.470853191
2,"[160, 181, 120, 121, 136, 4, 16, 154, 122, 153, 55]","[2, 1, 1, 2, 1, 1, 1, 3, 1, 1, 1]",2,4310.8097140013
3,"[119, 181, 182, 51, 34, 189, 131]","[1, 1, 1, 2, 1, 5, 1]",3,4696.815973925
