,customer,weight,round,length
0,"[164, 176, 109, 129, 36, 42, 23, 116, 3, 76]","[2, 1, 1, 3, 1, 1, 1, 1, 1, 1]",0,5850.234324972
1,[],[],0,0.0
2,"[75, 103, 9]","[2, 1, 2]",0,1442.0594916426
3,[],[],0,0.0
