,customer,weight,round,length
0,[],[],0,0.0
1,"[98, 36, 35]","[1, 1, 3]",0,743.2237818126
2,"[22, 42, 43, 41, 94, 23, 146, 96, 45, 89]","[1, 1, 1, 1, 2, 1, 1, 1, 2, 1]",0,2713.298272078
3,[],[],0,0.0
