,task,distance
0,[0],0.0
1,[1],5772.938489825
2,[2],1593.354696639
3,[3],0.0
