,task,distance
0,[0],194.3653264048
1,[1],0.0
2,[2],1512.7464822543
3,[3],3413.1345135503
