,customer,weight,round,length
0,"[114, 182, 179, 177, 52, 109, 56, 119, 85]","[1, 1, 1, 1, 1, 1, 1, 1, 2]",0,7022.789096988001
1,"[21, 42, 59, 70, 153]","[1, 1, 9, 1, 2]",0,6954.759078572999
2,[],[],0,0.0
3,"[187, 28, 165, 92, 111, 193, 170, 91, 100, 99, 142, 7, 3]","[1, 1, 1, 1, 1, 1, 1, 1, 1, 1, 1, 2, 1]",0,2000011739.0584078
