,task,distance
0,[0],7022.789096988001
1,[1],6954.759078572999
2,[2],0.0
3,[3],2000011739.058408
