,task,distance
0,[0],0.0
1,[1],13221.701616078
2,[2],0.0
3,[3],7360.920972429001
4,[4],0.0
