,customer,weight,round,length
0,[],[],0,0.0
1,"[48, 53, 0, 10, 77, 17, 81, 68]","[1, 1, 1, 3, 2, 1, 4, 1]",0,9057.296262607999
2,[],[],0,0.0
3,[],[],0,0.0
4,[90],[4],0,486.28357505
