,customer,weight,round,length
0,"[18, 27, 5, 82]","[4, 2, 1, 5]",0,2328.50516785
1,"[3, 46, 22, 67, 79]","[1, 1, 1, 1, 9]",0,4724.564882614
2,[],[],0,0.0
3,[],[],0,0.0
4,[],[],0,0.0
