,task,distance
0,[0],12955.923825704198
1,[1],0.0
2,[2],7791.746767920999
