,customer,weight,round,length
0,"[63, 28, 62, 7, 50, 27, 44, 45, 64]","[1, 1, 4, 4, 1, 1, 1, 1, 1]",0,2150.3572304532
1,[46],[1],1,762.486710802
