,task,distance
0,[0],0.0
1,[1],1064.1556837489
2,[2],2387.619750281
