,customer,weight,round,length
0,[],[],0,0.0
1,[0],[15],0,3408.04690846
2,"[51, 10, 3, 25, 13, 15]","[1, 1, 2, 1, 2, 1]",0,2886.051781974
3,[],[],0,0.0
4,"[23, 0]","[4, 10]",0,6367.162662749999
