,task,distance
0,[0],30.4994597002
1,[1],5235.4233666862
2,[2],30.4994597002
3,[3],0.0
4,[4],0.0
