,task,distance
0,[0],0.0
1,[1],226.009948064
2,[2],0.0
3,[3],0.0
4,[4],7918.54515866
