,task,distance
0,[0],8482.598345299
1,[1],887.650120188
2,[2],2928.61629458
3,[3],887.650120188
4,[4],887.650120188
