,task,distance
0,[0],395.40196047
1,[1],5514.296005582
2,[2],0.0
3,[3],0.0
4,[4],395.40196047
