,customer,weight,round,length
0,"[63, 80, 12, 1, 2, 134, 23]","[1, 3, 2, 2, 1, 3, 3]",0,4178.058318747
1,"[150, 40, 139, 35, 141, 144, 118, 28, 29, 67, 66, 149, 73]","[1, 1, 1, 1, 2, 1, 1, 1, 1, 1, 2, 1, 1]",0,3259.6581042996
2,"[36, 146, 30, 56, 55, 131, 8, 11, 10, 9]","[1, 1, 3, 2, 1, 2, 1, 1, 1, 2]",0,3861.7873946390005
3,"[78, 24, 87, 75, 129, 76, 77, 0, 101, 99]","[1, 1, 2, 1, 1, 1, 3, 2, 2, 1]",0,1969.4329800234
4,"[110, 59, 108, 70, 71, 69, 84]","[1, 2, 1, 2, 3, 3, 1]",1,1755.3479556035998
5,"[94, 128, 93, 92, 154, 22, 152, 153, 91]","[5, 1, 1, 1, 2, 1, 1, 1, 2]",1,5473.4800944843
6,"[16, 17, 48, 82, 44, 121, 98, 138, 41, 32, 140, 43, 19, 147]","[1, 1, 1, 1, 1, 1, 1, 1, 2, 1, 1, 1, 1, 1]",1,5425.613278494
7,"[62, 50, 51, 95, 53, 88, 54, 97, 52]","[1, 5, 1, 1, 1, 1, 1, 2, 2]",1,3784.176212272
