,customer,weight,round,length
0,"[52, 8, 22, 24, 32, 23, 13, 15, 16, 50, 29, 17, 18]","[1, 2, 2, 1, 1, 1, 1, 1, 1, 1, 1, 1, 1]",0,1947.8464682390002
1,[62],[1],1,1153.950033394
