,customer,weight,round,length
0,"[73, 74, 42, 89, 44, 41, 64, 65, 21, 75, 68]","[2, 1, 1, 1, 1, 1, 2, 2, 1, 2, 1]",0,9208.019139433001
1,"[30, 31, 94, 95, 70, 97, 98, 49, 50, 19, 87, 88, 102]","[1, 1, 1, 2, 1, 1, 1, 1, 1, 1, 1, 1, 2]",0,3778.3374001875004
2,"[81, 99, 37, 83, 59, 60, 107, 51, 108, 52, 17]","[2, 2, 2, 2, 1, 1, 1, 1, 1, 1, 1]",0,5694.633082523999
3,"[100, 35, 34, 33, 25, 90, 79, 55, 3, 5, 6, 16]","[1, 1, 1, 2, 1, 1, 1, 1, 1, 1, 1, 1]",1,11035.131544414
4,[],[],1,0.0
5,"[77, 39, 78, 76]","[1, 1, 1, 2]",1,4988.20110593
