,customer,weight,round,length
0,[14],[4],0,553.044123812
1,[],[],0,0.0
2,"[51, 13, 19, 44, 43, 52, 49]","[2, 1, 3, 1, 3, 3, 2]",0,4011.9350792859004
3,"[48, 7, 6, 46, 23, 32, 24, 3, 25, 54]","[1, 3, 2, 2, 2, 1, 1, 1, 1, 1]",0,3833.620299329
