,customer,weight,round,length
0,[],[],0,0.0
1,"[2, 1, 21, 33]","[3, 2, 3, 3]",0,2983.801194146
2,"[18, 35, 36, 20, 38, 34, 45]","[2, 1, 1, 2, 1, 1, 2]",0,2566.536199462
3,"[40, 41, 39, 17, 42, 47, 31]","[1, 2, 1, 3, 1, 2, 3]",0,3058.6123446568
