,customer,weight,round,length
0,"[43, 44, 45, 34, 36, 35, 18, 52]","[3, 1, 2, 1, 1, 1, 2, 3]",0,2132.310964296
1,"[40, 41, 17, 39, 23, 32, 24, 3, 25, 54]","[1, 2, 3, 1, 2, 1, 1, 1, 1, 1]",0,2785.2558096768003
2,[],[],0,0.0
3,[],[],0,0.0
