,task,distance
0,[0],1754.6937312509
1,[1],3394.6655211609
2,[2],0.0
3,[3],2650.584645365
