,task,distance
0,[0],0.0
1,[1],3458.71342101
2,[2],5922.6374110347
3,[3],26664.2022277871
4,[4],6340.445178175
