,task,distance
0,[0],63.6470707736
1,[1],21401.7535762493
2,[2],24889.9153811557
3,[3],20879.3380666673
4,[4],4626.202157158999
