,customer,weight,round,length
0,"[90, 86, 12, 67, 19, 88, 80, 78]","[1, 1, 1, 4, 1, 1, 2, 1]",0,2494.646245469
1,"[125, 64, 85, 127, 65, 47]","[1, 1, 1, 1, 1, 2]",0,1654.5414227996
