,task,distance
0,"[0, 3]",10492.08974594
1,"[1, 2]",15514.625359419999
