,task,distance
0,[0],5227.983215413801
1,[1],0.0
2,[2],3008.2012892737
3,[3],0.0
