,customer,weight,round,length
0,[44],[1],0,455.658086508
1,[],[],0,0.0
2,"[100, 27, 82, 25, 24, 22, 96]","[1, 1, 1, 1, 1, 1, 1]",0,2012.771949009
