,customer,weight,round,length
0,"[229, 230, 163, 214, 279, 28, 46, 99, 63, 10, 79, 76]","[1, 1, 1, 1, 3, 1, 1, 1, 2, 1, 1, 1]",0,6828.7484922150015
1,"[19, 4, 209, 88, 92, 260, 152, 274, 148, 145, 146, 200]","[1, 1, 2, 1, 2, 1, 1, 2, 1, 1, 1, 1]",1,6776.823768715
2,"[170, 208, 172, 160, 222, 66, 84, 185, 112, 129, 85, 55]","[1, 1, 1, 2, 1, 1, 1, 1, 1, 2, 1, 2]",2,7396.050152984
3,"[50, 203, 241, 242, 171, 238, 182, 216]","[1, 1, 2, 4, 1, 1, 3, 2]",3,6743.965657871001
4,[218],[1],4,4839.38820908
