,customer,weight,round,length
0,"[56, 42, 53, 126, 8, 72, 51, 52, 58, 57]","[1, 1, 1, 1, 1, 1, 1, 1, 1, 1]",0,2665.7155908219
1,[],[],0,0.0
2,"[127, 98, 99, 97, 54, 55]","[3, 1, 1, 4, 1, 2]",0,828.5838958086
