,task,distance
0,[0],2565.924128863
1,[1],509.9232955105
2,[2],1541.4087517942
