,task,distance
0,[0],2075.370122098
1,[1],0.0
2,[2],6168.6232826252
