,customer,weight,round,length
0,"[6, 30, 34, 70, 67, 66, 65, 47, 72, 61, 60, 68]","[1, 1, 2, 2, 1, 1, 1, 1, 2, 1, 1, 1]",0,2278.8666571626
1,"[43, 12, 75, 13, 71, 31, 33, 25, 26, 29, 11, 10]","[1, 1, 1, 1, 2, 1, 2, 1, 2, 1, 1, 1]",1,3290.9028932645
2,"[31, 14, 15, 16, 22, 35, 23, 18, 24, 59]","[2, 1, 1, 1, 1, 1, 1, 1, 1, 5]",2,2798.8415317201
3,"[5, 39, 42, 8, 7]","[3, 1, 3, 7, 1]",3,6143.235237809
4,"[0, 58, 56, 55, 54, 41, 39]","[3, 1, 4, 4, 1, 1, 1]",4,4823.563439775
5,"[20, 3, 74, 0]","[3, 1, 1, 1]",5,5513.033730989
