,task,distance
0,[0],4678.0113053013
1,[1],4843.757987728
2,[2],3009.269741586
3,[3],0.0
