,task,distance
0,[0],3297.750247335
1,[1],2919.7545218234
2,[2],4066.201342172
3,[3],377.386289826
