,customer,weight,round,length
0,[26],[10],0,98.7567346056
1,"[26, 37, 22, 9]","[9, 4, 1, 1]",0,5005.6977617628
