,customer,weight,round,length
0,"[47, 74, 77, 113]","[2, 1, 5, 7]",0,1728.901061986
1,"[43, 22, 75, 113]","[1, 1, 6, 1]",1,2372.580453529
