,task,distance
0,[0],13188.08225328
1,[1],14435.686868314
2,[2],0.0
