,customer,weight,round,length
0,[],[],0,0.0
1,"[90, 85, 64, 51, 62, 47]","[1, 1, 1, 4, 1, 2]",0,2146.852205563
2,"[109, 144, 38, 110, 142, 137, 135, 7]","[1, 2, 5, 2, 1, 1, 1, 1]",0,5196.944062254999
3,"[78, 80, 121, 33, 92, 120]","[1, 2, 2, 1, 3, 1]",0,2783.2929102030002
