,customer,weight,round,length
0,"[96, 63, 70, 89, 155, 164, 151, 181, 131, 149, 48, 51]","[1, 3, 1, 1, 1, 1, 1, 1, 1, 1, 1, 2]",0,9044.6029189158
1,"[23, 40, 42, 121, 94, 113, 56]","[1, 1, 1, 1, 1, 7, 3]",0,4413.211284942
2,[140],[1],1,53.625932199
3,"[14, 165, 67, 161]","[1, 1, 1, 1]",1,6832.845285912001
