,customer,weight,round,length
0,[3],[1],0,8714.44784704
1,[],[],0,0.0
2,[7],[13],0,769.016189872
3,[7],[14],0,769.016189872
4,[],[],0,0.0
