,task,distance
0,[0],0.0
1,[1],183.968616446
2,[2],0.0
3,[3],183.968616446
4,[4],0.0
