,customer,weight,round,length
0,"[18, 14, 25]","[4, 8, 3]",0,1838.729423711
1,[26],[15],1,1598.717471096
2,[24],[1],2,1655.427243662
