,customer,weight,round,length
0,"[54, 88, 53, 50, 51, 94, 95]","[1, 1, 1, 5, 1, 5, 1]",0,2152.852421467
1,"[108, 70, 71, 84, 110, 59, 62, 52, 97]","[1, 2, 3, 1, 1, 2, 1, 2, 2]",0,2734.0476055085996
2,"[16, 17, 48, 121, 98, 152, 153, 91, 22, 154, 92, 93, 128]","[1, 1, 1, 1, 1, 1, 1, 2, 1, 2, 1, 1, 1]",1,5532.731165261301
3,"[80, 19, 139, 40, 36, 32, 41, 44, 82, 69]","[3, 1, 1, 1, 1, 1, 2, 1, 1, 3]",1,7936.14455302
4,[],[],2,0.0
5,[138],[1],2,3710.53528496
