,task,distance
0,[0],0.0
1,[1],3567.0561740456
2,[2],7517.694606032999
3,[3],0.0
