,customer,weight,round,length
0,"[66, 49, 16, 15, 25, 27, 28, 57, 59]","[1, 1, 1, 2, 1, 1, 3, 4, 1]",0,10014.629542463601
1,[59],[15],0,178.8408465032
2,"[59, 51]","[10, 5]",0,827.2733401845999
