,customer,weight,round,length
0,[79],[3],0,769.5732536
1,"[191, 46, 239, 39, 61, 63, 93, 68, 60, 89, 156, 209, 210]","[1, 1, 1, 1, 1, 1, 1, 1, 1, 1, 1, 1, 2]",0,21473.404601881004
