,customer,weight,round,length
0,"[5, 4]","[4, 11]",0,2000000719.5146296
1,[],[],0,0.0
2,[],[],0,0.0
3,[],[],0,0.0
4,"[3, 4]","[1, 14]",0,2000000133.929463
