,task,distance
0,[0],2420.807725726
1,[1],1985.3751770424
2,[2],2721.875123762
3,[3],3223.173024217
