,customer,weight,round,length
0,[79],[15],0,4146.1499527
1,"[80, 83, 15, 79, 11, 32, 90, 26, 27, 95]","[1, 1, 2, 4, 1, 1, 1, 1, 1, 2]",0,11441.472479472497
