,task,distance
0,[0],4146.1499527
1,[1],11441.472479472495
