,customer,weight,round,length
0,"[88, 39, 107, 77, 22, 102, 103, 58]","[1, 2, 1, 3, 1, 4, 2, 1]",0,3307.6264911809003
1,"[9, 97, 94, 86, 37, 84, 30]","[1, 2, 1, 1, 1, 1, 2]",0,2780.731112664
