,customer,weight,round,length
0,"[93, 184, 186, 120, 54, 165, 101, 81, 92, 57, 147, 148, 2]","[2, 1, 2, 1, 1, 1, 1, 1, 1, 1, 1, 1, 1]",0,65153.37606323702
1,"[132, 182, 35, 94, 33]","[4, 2, 1, 1, 1]",0,2603.4217714349998
2,"[45, 157, 23, 156, 158, 159, 152, 149, 97, 84, 213]","[1, 1, 1, 2, 1, 1, 1, 1, 2, 1, 1]",0,2394.38218932
