,customer,weight,round,length
0,[],[],0,0.0
1,[37],[2],0,274.763404494
2,"[12, 11, 88, 65, 123, 118, 74, 93, 90, 70, 62, 100]","[1, 1, 3, 1, 1, 1, 1, 1, 1, 1, 1, 1]",0,10248.790105130001
3,[],[],0,0.0
