,task,distance
0,[0],0.0
1,[1],274.763404494
2,[2],10248.79010513
3,[3],0.0
