,customer,weight,round,length
0,"[105, 106, 228, 230, 107, 77, 78, 82, 76, 149]","[3, 2, 1, 1, 1, 1, 1, 3, 1, 1]",0,4529.610071119
1,"[98, 147, 150, 162, 163, 160, 226, 168, 97, 220, 86, 88, 35]","[1, 1, 1, 1, 1, 1, 2, 1, 1, 2, 1, 1, 1]",0,6694.493502467001
2,"[104, 87, 193, 148, 192]","[4, 1, 2, 7, 1]",0,3619.5735229070006
3,"[199, 7, 9, 211, 12, 6, 94, 11, 10, 8, 5]","[1, 3, 1, 1, 1, 2, 1, 1, 1, 2, 1]",1,16041.2328165669
4,"[145, 72, 29, 144, 80, 172]","[1, 2, 1, 4, 1, 1]",1,14391.340487992
5,"[132, 62, 63, 186, 64, 22, 185, 184, 157, 183]","[1, 2, 1, 1, 1, 2, 1, 2, 1, 2]",1,6009.312361492999
