,customer,weight,round,length
0,"[92, 90, 31, 32, 85, 100, 110, 112, 45, 115, 95]","[1, 1, 1, 2, 1, 1, 1, 1, 1, 1, 2]",0,3504.8954842056996
1,"[35, 51, 54, 18, 117, 43, 11, 9, 4]","[2, 1, 1, 1, 2, 4, 1, 1, 1]",0,3536.2605843209994
2,[],[],0,0.0
3,[],[],0,0.0
4,[],[],0,0.0
