,task,distance
0,[0],5318.674705693
1,[1],0.0
2,[2],0.0
3,[3],0.0
4,[4],364.2260739701
