,task,distance
0,[0],5757.0053764356
1,[1],180.341703436
2,[2],0.0
3,[3],0.0
4,[4],0.0
