,customer,weight,round,length
0,[],[],0,0.0
1,[],[],0,0.0
2,"[13, 59, 45, 8, 41, 42, 1, 60, 57, 19, 25, 24, 94]","[1, 1, 1, 1, 1, 1, 1, 1, 1, 1, 2, 2, 1]",0,1597.0458727834
3,[],[],0,0.0
4,"[77, 76, 75, 22, 21, 70, 88, 2, 3, 48, 49, 11, 78, 95]","[1, 1, 1, 2, 1, 1, 1, 1, 1, 1, 1, 1, 1, 1]",0,2020.7832079828001
