,customer,weight,round,length
0,"[92, 23, 110, 29, 84, 97, 79, 44, 11]","[1, 2, 3, 2, 1, 1, 1, 1, 3]",0,7327.720965091499
1,[11],[15],0,179.658640815
2,[11],[15],0,179.658640815
3,[],[],1,0.0
4,[],[],1,0.0
5,"[11, 70, 71, 116, 47]","[5, 1, 1, 1, 1]",1,3872.6469842425
