,customer,weight,round,length
0,"[25, 56, 19, 67, 39, 65]","[2, 1, 1, 1, 7, 3]",0,4871.997170086
1,[8],[15],0,3148.80541916
2,[8],[15],0,3148.80541916
3,"[43, 11]","[1, 14]",1,4189.286984425999
4,[11],[15],1,3423.89492266
5,[11],[15],1,3423.89492266
6,[],[],2,0.0
7,[],[],2,0.0
8,"[81, 113, 72, 13]","[1, 1, 1, 1]",2,5708.76201028
