,task,distance
0,"[0, 4, 6]",8295.892092745999
1,"[1, 5, 8]",12281.4623521
2,"[2, 3, 7]",7338.092403585999
