,customer,weight,round,length
0,"[156, 120, 113, 10, 9, 119, 11, 153, 78, 154, 155, 132]","[1, 2, 1, 1, 1, 1, 2, 1, 1, 1, 1, 1]",0,1942.2967875892
1,"[136, 18, 20, 68, 69, 147, 16, 81, 95, 133, 159, 17]","[1, 1, 1, 1, 1, 1, 3, 2, 1, 1, 1, 1]",0,2312.2244090698
2,[],[],0,0.0
3,"[143, 102, 15, 13, 116, 8, 137, 138, 117, 139, 152, 157, 84]","[1, 1, 2, 2, 1, 1, 1, 1, 1, 1, 1, 1, 1]",0,2226.7825048239
4,"[87, 96, 135, 126, 125, 110, 51, 129, 97, 98, 83]","[1, 2, 1, 1, 1, 2, 1, 2, 1, 1, 2]",0,2266.2874246148995
