,customer,weight,round,length
0,"[147, 16, 12, 153, 11, 119, 10, 155, 154, 108, 95]","[1, 3, 2, 1, 2, 1, 1, 1, 1, 1, 1]",0,3371.0599838863
1,"[146, 17, 102, 157, 116, 8, 137, 138, 139, 152, 156, 18]","[4, 1, 1, 1, 1, 1, 1, 1, 1, 1, 1, 1]",0,3655.4897682815
2,"[121, 122, 35, 105]","[1, 2, 1, 2]",0,1502.0034473970002
3,"[39, 62, 66, 61, 5, 135, 126, 51, 22, 125, 83, 68, 24]","[1, 1, 1, 1, 1, 1, 1, 1, 1, 1, 2, 1, 2]",0,4653.942101451999
4,"[47, 48, 90, 91, 40, 76, 75, 73, 26]","[1, 2, 3, 1, 1, 1, 1, 2, 1]",0,1868.7736896029
