,customer,weight,round,length
0,"[39, 57, 70, 71, 121, 122, 109, 72, 35, 105]","[1, 1, 3, 1, 1, 2, 1, 1, 1, 2]",0,2202.697210285
1,"[40, 91, 74, 73, 24, 26, 106]","[1, 1, 1, 2, 2, 1, 2]",0,1402.0186385569
2,"[62, 55, 66, 65, 64, 3, 22, 54, 127, 128, 5, 21, 61]","[1, 1, 1, 1, 1, 3, 1, 1, 1, 1, 1, 1, 1]",0,4151.5826632737
3,"[25, 28, 34, 49, 103, 90, 93, 48, 47]","[1, 3, 1, 1, 2, 3, 1, 2, 1]",0,1870.1044433760003
4,"[46, 75, 12, 14, 30, 80, 79, 108, 146, 76]","[1, 1, 2, 2, 1, 1, 1, 1, 4, 1]",0,3063.1609932323995
