,customer,weight,round,length
0,[33],[15],0,241.521529762
1,"[31, 87, 90, 7, 89, 51, 33]","[1, 4, 3, 1, 1, 4, 1]",1,2533.7592043068
2,"[89, 0, 9, 77, 14]","[2, 2, 3, 2, 1]",2,4410.5695000880005
