,customer,weight,round,length
0,"[126, 127, 80, 83, 151, 150, 123, 124, 125, 102, 108, 109, 104, 103]","[1, 1, 1, 1, 2, 1, 1, 1, 1, 1, 1, 1, 1, 1]",0,2303.1943628162
1,"[105, 110, 132, 131, 107, 84, 149, 82, 148, 99, 78, 89, 128]","[2, 1, 1, 1, 1, 1, 1, 1, 2, 1, 1, 1, 1]",1,3074.325296228
2,"[89, 100, 60, 59, 147, 81, 106, 130, 114, 95, 96, 115, 133, 111]","[1, 1, 1, 2, 1, 1, 1, 1, 1, 1, 1, 1, 1, 1]",2,3821.918734656
3,"[134, 116, 95, 139, 46, 113, 129, 146, 58, 74, 61, 101]","[2, 1, 1, 2, 1, 1, 1, 1, 1, 1, 1, 2]",3,3983.2278119654
4,"[76, 66, 64, 73, 112, 141, 97, 117]","[1, 1, 1, 1, 1, 8, 1, 1]",4,3962.014947203
5,"[98, 142, 85, 72, 63, 62, 86, 90, 120, 54, 79]","[3, 1, 3, 1, 1, 1, 1, 1, 1, 1, 1]",5,5327.648254616999
6,"[122, 136, 69, 68, 135, 118, 119]","[2, 1, 1, 2, 1, 1, 1]",6,3974.671007900401
