,customer,weight,round,length
0,[],[],0,0.0
1,"[30, 10, 98, 0, 2, 129]","[1, 2, 2, 1, 1, 1]",0,3944.465726269
2,[],[],0,0.0
3,"[75, 133, 135, 132, 131, 163, 52, 43, 113, 165, 166]","[1, 1, 1, 1, 1, 1, 1, 1, 1, 1, 1]",0,2942.5586115489
4,"[64, 63, 5, 23, 22, 103, 104, 105, 106]","[2, 1, 3, 1, 3, 1, 1, 1, 2]",0,2249.6048155521
