,task,distance
0,[0],0.0
1,[1],2948.7712719875
2,[2],3640.962390346
3,[3],0.0
4,[4],0.0
