,customer,weight,round,length
0,"[79, 86, 84, 19]","[9, 3, 2, 1]",0,1736.889311614
1,"[81, 67, 68, 55, 66, 64, 0, 58, 57, 1]","[4, 1, 1, 3, 1, 1, 1, 1, 1, 1]",0,10656.3107268462
2,"[18, 5, 10, 53, 6, 27, 77, 78]","[4, 1, 3, 1, 1, 2, 2, 1]",0,2085.711680968
3,"[17, 3, 22, 48, 44, 47, 46, 90, 62]","[1, 1, 1, 1, 1, 2, 1, 4, 3]",0,4771.5701346731
4,"[73, 82, 14, 72, 16]","[4, 5, 1, 4, 1]",0,1707.720600775
5,[],[],1,0.0
6,[],[],1,0.0
7,[],[],1,0.0
8,[64],[5],1,7612.55322882
9,[],[],1,0.0
