,customer,weight,round,length
0,"[27, 17, 10, 9, 34, 1, 7]","[4, 1, 1, 4, 3, 1, 1]",0,1138.350881106
1,"[24, 25, 35, 11, 13, 22, 16, 31]","[1, 1, 4, 1, 1, 2, 1, 4]",0,4462.386163512
2,"[8, 33, 21, 30]","[1, 2, 3, 9]",0,1548.537922063
3,"[26, 2, 20, 15, 14, 18, 0, 28]","[4, 1, 1, 2, 1, 3, 1, 2]",0,1482.077905357
4,"[4, 3, 6, 12, 32, 23, 19, 5]","[1, 1, 1, 2, 5, 1, 1, 3]",0,1140.182761737
5,[],[],1,0.0
6,[],[],1,0.0
7,[],[],1,0.0
8,[22],[4],1,4358.20262326
9,[],[],1,0.0
