,customer,weight,round,length
0,"[157, 188, 161, 182, 191, 114, 146, 11, 10, 190, 105]","[2, 3, 1, 1, 1, 1, 1, 1, 2, 1, 1]",0,3824.5585591359995
1,"[138, 17, 195, 4, 2, 6, 3, 186, 178, 133]","[1, 1, 2, 1, 2, 2, 1, 2, 2, 1]",0,7832.574204583001
2,"[160, 156, 85, 149, 1, 139, 185, 183, 151, 158]","[1, 2, 2, 1, 1, 2, 1, 1, 3, 1]",0,3271.1651924223997
3,"[170, 63, 150, 12, 76, 148, 14, 167, 117, 131]","[1, 1, 1, 2, 2, 2, 2, 1, 2, 1]",0,6919.634211029
4,"[0, 13, 168]","[2, 6, 7]",1,8524.71592459
5,[],[],1,0.0
6,"[189, 175, 92, 24, 25, 143, 176, 22]","[1, 1, 1, 1, 1, 2, 2, 1]",1,3879.510039451
7,"[128, 127, 109, 129, 152, 171, 166, 147, 20]","[1, 1, 1, 1, 6, 1, 1, 1, 1]",1,3649.897422202
