,customer,weight,round,length
0,"[187, 41, 85, 52, 99, 100, 91, 7, 37, 28, 165, 24, 188]","[1, 1, 2, 1, 1, 1, 1, 2, 1, 1, 1, 1, 1]",0,23370.2749388948
1,[49],[1],0,205.731542558
