,customer,weight,round,length
0,"[114, 20, 132, 14, 121, 109, 27, 179, 177, 104, 189, 182, 185, 25]","[1, 1, 1, 1, 1, 1, 1, 1, 1, 1, 2, 1, 1, 1]",0,6859.780843412
1,[35],[1],0,233.373367388
