,task,distance
0,[0],167.9648734654
1,[1],2000004364.96308
