,customer,weight,round,length
0,"[174, 182, 1, 100, 123, 101, 58, 64, 46, 60, 45, 79]","[1, 1, 2, 2, 2, 1, 1, 1, 1, 1, 1, 1]",0,6149.6485842699985
1,"[27, 82, 42]","[1, 1, 1]",1,14528.318165780001
