,customer,weight,round,length
0,"[12, 13]","[1, 1]",0,272.8851652221
1,[37],[1],0,122.957256862
2,[],[],0,0.0
3,"[14, 15, 10]","[2, 1, 2]",0,745.9160203076
