,task,distance
0,[0],0.0
1,[1],0.0
2,[2],2862.732414329
3,[3],4307.797911183
