,task,distance
0,[0],3212.7036849628003
1,[1],0.0
2,[2],1398.5341652486
3,[3],230.038651962
