,customer,weight,round,length
0,"[127, 36, 37, 62, 94, 93, 44, 105, 104, 107, 46, 131, 109, 129]","[1, 1, 1, 1, 1, 1, 2, 1, 1, 1, 1, 1, 1, 1]",0,4909.1142450912
1,"[56, 54, 53, 60, 22, 23, 10, 9, 7, 48]","[1, 1, 1, 1, 3, 1, 1, 3, 1, 2]",0,5003.7115256232
2,"[72, 155, 97, 154, 146, 33, 160, 143, 144, 135]","[2, 2, 1, 2, 3, 1, 1, 1, 1, 1]",0,3368.1329624201
3,"[38, 84, 112, 28, 76, 26, 27, 14, 64, 41, 43, 40]","[2, 2, 1, 1, 1, 1, 1, 1, 1, 1, 1, 2]",0,4046.1353653285996
4,"[136, 140, 159, 65, 63, 123, 122, 75, 120]","[2, 1, 1, 2, 3, 1, 2, 2, 1]",0,2604.2897939148997
