,task,distance
0,"[0, 5]",8788.6370980818
1,"[1, 9]",4090.917298981
2,"[2, 8]",4553.1216198718
3,"[3, 7]",4914.843006816
4,"[4, 6]",6721.6141795731
