,task,distance
0,[0],4909.1142450912
1,[1],5003.7115256232
2,[2],3368.1329624201
3,[3],4046.1353653286
4,[4],2604.2897939149
