,customer,weight,round,length
0,"[1, 75, 91, 104, 67, 14, 8, 7, 97, 76, 40]","[2, 2, 2, 1, 1, 1, 1, 1, 1, 1, 1]",0,6310.270379936999
1,"[81, 87, 18, 48, 51, 59, 94, 66]","[1, 1, 2, 2, 1, 1, 1, 1]",0,4886.9451578037
2,"[90, 53, 52]","[2, 1, 2]",0,650.401081014
