,customer,weight,round,length
0,[],[],0,0.0
1,"[16, 15, 21, 8, 7, 6, 2, 76, 77, 30, 95, 97, 11, 99]","[1, 1, 1, 1, 1, 1, 1, 1, 1, 1, 1, 1, 1, 1]",0,4587.1416837768
2,"[105, 80, 74, 104, 67, 14, 68]","[1, 1, 3, 1, 1, 1, 1]",0,2538.8112794528
