,customer,weight,round,length
0,"[91, 89, 86, 90, 4]","[2, 2, 1, 1, 1]",0,3619.332158842
1,[],[],0,0.0
2,"[119, 117, 62, 24, 108, 42, 13, 16, 17, 105, 77]","[1, 1, 1, 1, 1, 1, 1, 1, 2, 4, 1]",0,8229.682672257999
