,task,distance
0,[0],3619.332158842
1,[1],0.0
2,[2],8229.682672257999
