,task,distance
0,[0],7253.059350193099
1,[1],0.0
2,[2],2680.915074165
