,customer,weight,round,length
0,"[94, 106, 107, 48, 59, 115, 116, 51, 40, 62]","[2, 1, 1, 1, 2, 2, 1, 1, 3, 1]",0,3404.5106554170006
1,"[98, 105, 26, 5, 77, 33, 9, 84, 29, 108, 52, 65]","[2, 1, 2, 1, 1, 1, 1, 2, 1, 1, 1, 1]",0,3548.740001284
2,"[6, 49, 30, 53, 78]","[1, 1, 1, 1, 2]",1,4053.4190883659994
3,[],[],1,0.0
