,task,distance
0,[0],7420.561080398
1,[1],3470.7799921786
2,[2],0.0
3,[3],624.216158139
4,[4],0.0
