,customer,weight,round,length
0,[],[],0,0.0
1,"[66, 56, 65]","[10, 1, 1]",0,1001.989646004
2,"[21, 50, 55, 64, 0, 53]","[5, 3, 3, 2, 1, 1]",0,2640.9643045889998
3,[54],[6],0,541.887193862
4,[67],[3],0,280.640246194
