,CID,TTDDemd
0,297,1.97320997715
1,298,0.348214000463
2,11707,0.468023002148
3,25614,1.2336499691
4,25615,2.54137992859
5,25616,1.10494995117
6,25617,1.75508999825
7,25618,2.3214199543
8,25619,5.30375003815
9,40163,0.578076004982
10,40164,0.336448997259
11,55295,0.116071000695
12,55299,1.80966997147
13,55590,1.0530500412
14,55591,0.117005996406
15,55592,1.52108001709
16,55593,1.0530500412
17,61127,0.220989003778
