,task,distance
0,"[0, 2, 4, 6, 8, 10]",20941.8155633015
1,"[1, 3, 5, 7, 9, 11]",23000.250123924496
