,task,distance
0,[0],122.509713501
1,[1],914.592450494
2,[2],0.0
3,[3],0.0
4,[4],0.0
