,task,distance
0,"[0, 5]",3553.492667498
1,"[1, 4]",5450.472572153
2,"[2, 3]",6518.401781848001
