,customer,weight,round,length
0,"[63, 25, 157, 102, 75, 147, 103, 74]","[3, 1, 1, 1, 1, 3, 1, 1]",0,2492.9684218766
1,[],[],0,0.0
2,[],[],0,0.0
3,"[18, 149, 164, 160, 23, 142, 143, 19]","[1, 1, 2, 2, 1, 2, 3, 3]",0,6325.983171735001
4,"[3, 106, 42, 43, 173, 57, 167, 133]","[2, 1, 1, 1, 1, 1, 3, 3]",0,4735.556635217999
