,customer,weight,round,length
0,[142],[2],0,165.438748007
1,"[161, 32, 163, 164, 160, 54, 141, 22, 23, 144, 145]","[2, 1, 1, 2, 2, 1, 1, 1, 1, 2, 1]",0,2882.0453689974
2,"[52, 11, 149, 150, 107, 78, 89, 108, 16, 17, 18, 90, 91]","[1, 3, 1, 1, 1, 1, 1, 1, 1, 1, 1, 1, 1]",0,2389.5646170840005
3,"[143, 140, 92, 19, 21, 20, 154]","[3, 2, 1, 3, 3, 2, 1]",0,1430.2550694998001
4,[],[],0,0.0
