,customer,weight,round,length
0,[],[],0,0.0
1,"[90, 17, 89, 78, 163, 32, 11]","[1, 1, 1, 1, 1, 1, 3]",0,3467.091255107
2,"[111, 146, 72, 50, 76, 144, 20]","[1, 1, 1, 1, 5, 2, 2]",0,5799.538058097
3,"[61, 171, 1, 104, 139, 165, 96, 40, 27, 117]","[3, 2, 1, 1, 1, 1, 1, 1, 1, 1]",0,9408.799477873998
4,[],[],0,0.0
