,customer,weight,round,length
0,"[161, 52, 141, 154, 92, 150, 107, 16]","[2, 1, 1, 1, 1, 1, 1, 1]",0,2000001843.907684
1,"[9, 30, 118, 60, 59, 113, 158, 49]","[1, 4, 1, 2, 1, 1, 1, 1]",0,2000001426.1697156
2,[],[],0,0.0
3,[],[],0,0.0
4,"[120, 85, 105, 124, 123, 34, 33, 151]","[2, 2, 1, 2, 1, 2, 1, 2]",0,2000002644.3937676
