,task,distance
0,[0],1237.8713452122
1,[1],2718.6195925640995
2,[2],0.0
3,[3],5092.865550458001
4,[4],1507.78813315
