,task,distance
0,[0],1216.7536216452
1,[1],0.0
2,[2],2640.2985853182004
3,[3],1267.2436220158
4,[4],0.0
