,task,distance
0,[0],165.438748007
1,[1],2882.0453689974
2,[2],2389.5646170840005
3,[3],1430.2550694998
4,[4],0.0
