,task,distance
0,[0],0.0
1,[1],0.0
2,[2],0.0
3,[3],2000003704.8748472
4,[4],2000004067.2269287
