,customer,weight,round,length
0,"[80, 79]","[1, 1]",0,905.514335656
1,[17],[1],0,389.90744719
2,[72],[2],0,439.016187764
3,[],[],0,0.0
