,customer,weight,round,length
0,"[81, 99, 142, 153, 114, 25, 189, 179, 52, 56, 110, 193]","[1, 1, 1, 2, 1, 1, 2, 1, 1, 1, 1, 1]",0,2000006537.1226602
1,"[24, 28, 58, 76, 41, 86]","[1, 1, 7, 1, 1, 2]",0,2000009597.3890045
