,task,distance
0,[0],828.807297097
1,[1],2000012091.986941
