,task,distance
0,[0],18003.962524838003
1,[1],6255.988249485
