,task,distance
0,[0],16757.616317236
1,[1],8592.147555227999
