,customer,weight,round,length
0,[],[],0,0.0
1,"[11, 24, 4, 59, 44, 81, 82, 84, 83, 15, 42, 94]","[1, 1, 1, 2, 1, 1, 1, 1, 1, 2, 1, 2]",0,11931.337507227
2,[79],[14],0,489.054444328
3,[79],[15],0,489.054444328
4,"[79, 50, 8]","[7, 1, 7]",0,4440.824327885
