,customer,weight,round,length
0,[],[],0,0.0
1,[34],[13],0,639.406900134
2,"[36, 77, 10, 70, 71, 32, 64, 58, 95, 5, 80, 98, 41, 49]","[1, 1, 1, 1, 1, 1, 1, 1, 2, 1, 1, 1, 1, 1]",0,12596.849422357
3,[],[],0,0.0
4,[34],[14],0,639.406900134
