,task,distance
0,[0],0.0
1,[1],5829.541952169
2,[2],0.0
3,[3],639.406900134
4,[4],11598.73597949
