,task,distance
0,[0],0.0
1,[1],639.406900134
2,[2],12596.849422357
3,[3],0.0
4,[4],639.406900134
