,customer,weight,round,length
0,"[19, 76, 75, 226, 227, 232, 132, 38, 209, 131, 91]","[1, 1, 1, 1, 1, 2, 2, 1, 2, 1, 2]",0,3320.2952104513
1,"[255, 131, 88, 157, 92, 77, 121, 251]","[2, 1, 1, 2, 2, 2, 3, 2]",1,3741.2789514920005
2,"[10, 62, 110, 79, 236, 33, 27, 178, 84, 253, 254, 55]","[1, 1, 2, 1, 2, 1, 1, 1, 1, 1, 1, 2]",2,5570.123471703
3,"[4, 85, 23]","[1, 1, 1]",3,2816.294757697
