,customer,weight,round,length
0,"[226, 229, 174, 142, 163, 146, 137, 126, 13, 10, 62, 251]","[1, 1, 1, 1, 1, 1, 1, 3, 1, 1, 1, 2]",0,5948.098330699
1,"[4, 253, 113, 178, 92, 29, 208, 275, 196, 57, 198]","[1, 1, 1, 1, 2, 1, 1, 3, 1, 2, 1]",1,7382.442846111001
2,"[112, 250, 211, 203, 202, 218, 242, 133, 190, 160]","[1, 2, 1, 1, 1, 1, 4, 1, 1, 2]",2,7275.567313447001
