,customer,weight,round,length
0,[],[],0,0.0
1,[],[],0,0.0
2,[],[],0,0.0
3,"[25, 13, 33, 79, 44, 63, 30, 29]","[1, 1, 6, 2, 1, 1, 1, 2]",0,4554.345121837
4,"[16, 67]","[1, 1]",0,1155.1107810199999
