,customer,weight,round,length
0,"[31, 130, 14, 41, 13, 12, 16, 103, 40, 91, 92, 75, 1]","[1, 1, 1, 1, 1, 1, 1, 2, 1, 1, 1, 1, 2]",0,4011.8742110196
1,"[93, 79, 44, 11, 117, 36, 124, 109, 4]","[3, 1, 1, 1, 4, 1, 1, 1, 2]",1,6510.268282443
2,"[86, 5, 114, 71, 30, 100, 21, 94, 64, 115, 65, 60, 57, 59]","[1, 1, 1, 1, 1, 1, 1, 1, 1, 1, 1, 1, 2, 1]",2,13582.1320022742
3,"[61, 145, 6, 142, 148, 42, 43, 7, 8, 63, 48, 47, 51, 66]","[1, 1, 1, 1, 1, 1, 1, 1, 1, 1, 1, 1, 2, 1]",3,13808.790355206998
4,"[143, 22, 105, 122, 123, 121, 106, 54, 23, 24, 46, 87]","[2, 1, 2, 2, 1, 1, 1, 1, 1, 1, 1, 1]",4,13158.441733917
5,[121],[1],5,5996.70771698
