,customer,weight,round,length
0,"[106, 22, 23, 24, 46, 48, 87, 40, 92, 1, 109, 114, 71, 30]","[1, 1, 1, 1, 1, 1, 1, 1, 1, 2, 1, 1, 1, 1]",0,2000009602.252091
1,"[59, 31, 130, 93, 100, 79, 16, 117, 122]","[1, 1, 1, 3, 1, 1, 1, 4, 2]",1,2000009025.0798366
2,"[143, 148, 145, 43, 42, 65, 64, 63]","[2, 1, 1, 1, 1, 1, 1, 1]",2,2000001271.7434545
