,task,distance
0,[0],3917.704867212
1,[1],2104.3411339309
2,[2],1569.9076039501
3,[3],0.0
4,[4],0.0
