,task,distance
0,[0],6369.484594248
1,[1],0.0
2,[2],0.0
3,[3],0.0
4,[4],191.7857664644
