,task,distance
0,[0],1816.3558636839
1,[1],3882.5912259737006
2,[2],2765.412415202
3,[3],0.0
