,customer,weight,round,length
0,"[127, 210, 32, 155, 24, 80, 91, 269, 88, 270, 86, 89, 90]","[2, 1, 1, 1, 1, 2, 1, 1, 1, 1, 1, 1, 1]",0,3276.1856207230003
1,"[93, 33]","[2, 1]",1,1586.646231473
