,task,distance
0,[0],0.0
1,[1],4542.42138196
2,[2],17154.245197991
3,[3],0.0
4,[4],2323.9273864
