,task,distance
0,[0],2083.021993898
1,[1],0.0
2,[2],0.0
3,[3],0.0
4,[4],2054.0084745490003
