,customer,weight,round,length
0,"[25, 24, 7, 19, 13, 5]","[3, 1, 1, 1, 1, 2]",0,1191.859280435
1,[],[],0,0.0
2,"[14, 1, 3]","[10, 1, 1]",0,652.9753934547001
3,[16],[8],0,2169.82051706
4,"[28, 27, 26]","[10, 3, 1]",0,1570.192330777
