,customer,weight,round,length
0,[],[],0,0.0
1,"[189, 167, 10, 29, 26, 129, 7, 157, 120, 107, 97]","[1, 1, 1, 1, 2, 1, 1, 2, 1, 2, 2]",0,7330.643701684001
2,[],[],0,0.0
3,[],[],0,0.0
4,"[96, 111, 110, 109, 184]","[1, 2, 2, 3, 3]",0,1708.826563402
