,customer,weight,round,length
0,"[24, 26, 202, 28, 29, 152]","[3, 2, 1, 1, 1, 2]",0,847.0432811080999
1,[],[],0,0.0
2,[],[],0,0.0
3,[],[],0,0.0
4,"[151, 13, 193, 195, 1, 171, 23, 10, 16, 152]","[1, 1, 2, 1, 1, 3, 1, 1, 2, 2]",0,3281.4957065484996
