,task,distance
0,[0],0.0
1,[1],1907.6977062600004
2,[2],0.0
3,[3],1589.2218180156
4,[4],0.0
