,customer,weight,round,length
0,"[7, 0, 5, 6, 8, 3, 34, 18, 48, 41, 44]","[1, 2, 1, 1, 1, 2, 1, 1, 1, 1, 1]",0,4101.8862286094
1,[],[],0,0.0
2,[],[],0,0.0
3,"[21, 24, 56, 16, 2, 52, 53]","[1, 1, 1, 1, 1, 1, 1]",0,2460.762128652
