,task,distance
0,[0],550.129109252
1,[1],522.585211543
2,[2],0.0
3,[3],0.0
