,customer,weight,round,length
0,[],[],0,0.0
1,[],[],0,0.0
2,"[2, 53, 67, 71, 8, 22, 69]","[1, 2, 2, 1, 1, 1, 2]",0,3090.713893253
3,"[31, 14]","[12, 1]",0,2000000346.6875463
