,customer,weight,round,length
0,"[64, 0, 58, 10, 18]","[6, 1, 1, 3, 4]",0,8810.909113745
1,"[19, 55, 22, 90, 3, 73, 6]","[1, 3, 1, 4, 1, 4, 1]",0,5967.059571189001
