,task,distance
0,[0],1371.1629671208998
1,[1],6249.974114774
