,customer,weight,round,length
0,"[40, 70, 62, 10, 24, 25, 23, 53, 26]","[4, 2, 1, 1, 1, 2, 1, 1, 2]",0,4732.219863406
1,"[39, 40]","[1, 14]",0,670.743418698
2,"[71, 45, 55, 32, 72, 29, 28, 59, 65, 13]","[1, 1, 1, 3, 1, 1, 1, 1, 1, 4]",0,4510.15190998
3,"[61, 44, 68, 69, 41, 34, 19, 21, 12]","[1, 2, 1, 1, 1, 1, 1, 1, 1]",1,9947.24232209
4,"[22, 33, 20, 12]","[3, 6, 4, 1]",1,5708.223822067001
5,[],[],1,0.0
