,customer,weight,round,length
0,"[161, 162, 163, 4, 215, 90, 91, 109, 197, 196]","[1, 1, 2, 1, 4, 1, 2, 1, 1, 1]",0,3257.959131466
1,"[89, 253, 37, 72, 202, 114, 149, 86, 208, 75]","[1, 1, 1, 1, 1, 1, 1, 1, 1, 1]",0,4524.520067672999
2,"[44, 93, 97, 23, 92, 246, 242, 243]","[1, 1, 1, 1, 2, 1, 1, 1]",0,1764.404185955
