,customer,weight,round,length
0,"[233, 158, 117, 118, 181, 152, 57, 203, 115, 237, 206, 6]","[1, 1, 1, 1, 3, 1, 1, 1, 1, 2, 1, 1]",0,11546.213589621
1,"[83, 230, 159, 213, 229, 184, 138, 185]","[1, 1, 1, 1, 1, 2, 2, 3]",0,2965.150912485
2,"[183, 51, 239, 218, 123, 24, 122, 140]","[1, 2, 3, 2, 1, 2, 1, 2]",0,2499.514691727
