,task,distance
0,[0],688.564693786
1,[1],7810.640785515001
2,[2],2834.535950087
