,customer,weight,round,length
0,"[105, 165, 151, 117, 115, 79, 182, 55, 157, 89, 133, 111, 167, 145, 9]","[1, 1, 1, 1, 1, 1, 1, 1, 1, 1, 1, 1, 1, 1, 1]",0,13889.645750882
1,[],[],0,0.0
2,"[59, 71, 164]","[1, 1, 11]",0,3613.796233004
3,[],[],0,0.0
