,CID,TTDDemd
0,1799,0.387335002422
1,23962,0.598796010017
2,23963,0.161853000522
