,customer,weight,round,length
0,"[101, 103, 81, 82, 118, 161, 20, 122, 106, 116, 77, 76, 114]","[1, 1, 1, 1, 1, 2, 1, 2, 1, 1, 1, 1, 1]",0,6986.896268417001
1,"[184, 35, 94, 33, 132, 182, 186, 120, 54, 165]","[1, 1, 1, 1, 4, 2, 2, 1, 1, 1]",0,54486.415230713
2,"[93, 213, 84, 97, 152, 149, 159, 158, 156, 23, 157, 45]","[2, 1, 1, 2, 1, 1, 1, 1, 2, 1, 1, 1]",0,55758.92413989602
3,[],[],1,0.0
4,"[99, 9, 198, 85, 148, 146, 147, 125, 57, 2, 92, 202, 207, 108, 142]","[1, 1, 1, 1, 1, 1, 1, 1, 1, 1, 1, 1, 1, 1, 1]",1,11609.633511328298
5,"[215, 16, 210, 190, 50, 14, 188]","[5, 2, 1, 1, 1, 1, 1]",1,6020.0317912850005
