,customer,weight,round,length
0,[],[],0,0.0
1,"[2, 3, 111, 110]","[7, 1, 4, 2]",0,1437.0967347478
2,[0],[4],0,588.876243856
3,"[102, 101, 118, 11, 139]","[4, 4, 2, 1, 2]",0,2095.53744276
