,task,distance
0,[0],5525.4367170040005
1,[1],6916.644055228999
2,[2],683.861215074
3,[3],0.0
