,task,distance
0,[0],2530.2106220528
1,[1],547.674564766
2,[2],0.0
3,[3],977.467977575
