,task,distance
0,"[0, 3, 4, 7]",18759.211179953898
1,"[1, 2, 5, 6]",13980.4792007615
