,task,distance
0,"[0, 6]",2747.7781798836
1,"[1, 5]",2880.796999601
2,"[2, 8]",1968.3366124157
3,"[3, 9]",6294.034026466099
4,"[4, 7]",2412.6782632346
