,task,distance
0,"[0, 2]",15259.811263986001
1,"[1, 3]",9409.9635077391
