,task,distance
0,"[0, 3]",4838.001860333901
1,"[1, 2]",7514.687524076
