,customer,weight,round,length
0,[133],[15],0,297.137821738
1,"[72, 80, 34, 53, 91, 88, 123, 58, 116, 133]","[1, 1, 2, 1, 1, 1, 1, 1, 1, 5]",0,20138.940464843996
2,[],[],1,0.0
3,"[95, 183, 128, 188, 187, 112]","[1, 2, 1, 1, 1, 1]",1,34048.407785280004
