,task,distance
0,[0],2042.853172706
1,[1],10412.167459481
