,task,distance
0,[0],3713.157127983
1,[1],1026.2533893174
