,customer,weight,round,length
0,[],[],0,0.0
1,[],[],0,0.0
2,[],[],0,0.0
3,"[92, 27, 50, 13, 4, 84, 91, 48, 49]","[1, 1, 2, 1, 4, 1, 2, 1, 1]",0,4360.937193778
4,"[107, 79, 65, 11, 105, 12]","[1, 3, 1, 3, 1, 1]",0,6868.656843112
