,task,distance
0,[0],0.0
1,[1],0.0
2,[2],0.0
3,[3],4360.937193778
4,[4],6868.656843112
