,task,distance
0,[0],0.0
1,[1],1402.690623805
2,[2],0.0
3,[3],0.0
4,[4],1761.1399408099
