,task,distance
0,[0],435.3939753537
1,[1],5304.7179038498
2,[2],0.0
3,[3],359.600551384
4,[4],923.424588217
