,task,distance
0,[0],0.0
1,[1],2429.0188993797
2,[2],499.00724554860005
3,[3],0.0
4,[4],0.0
