,task,distance
0,"[0, 2, 4]",4000018387.471987
1,"[1, 3, 5]",6000018156.376329
