,customer,weight,round,length
0,"[1, 172, 42, 10, 54, 184, 121, 81, 16, 175, 101]","[2, 1, 1, 1, 2, 1, 2, 1, 2, 1, 1]",0,11557.371145922
1,"[140, 0, 186, 45]","[2, 1, 5, 1]",1,5391.187373838
