,customer,weight,round,length
0,"[78, 95, 27, 92, 5, 61, 67, 72]","[2, 1, 2, 1, 1, 1, 2, 1]",0,3764.053058075
1,"[84, 86, 85, 82, 39, 59, 49, 36, 48]","[1, 1, 1, 1, 1, 1, 1, 7, 1]",0,3176.3830162924
