,customer,weight,round,length
0,[],[],0,0.0
1,"[7, 41, 6]","[1, 1, 2]",0,1196.072853906
2,[],[],0,0.0
3,"[31, 24]","[2, 1]",0,1343.6094423729999
4,[],[],0,0.0
