,customer,weight,round,length
0,[69],[15],0,742.495879244
1,"[98, 44]","[12, 3]",0,2071.91665878
2,"[98, 69]","[9, 6]",0,1497.802328776
3,"[81, 78, 97, 23, 11, 36, 1, 19, 60, 51, 112, 109]","[1, 1, 1, 1, 1, 1, 1, 2, 1, 2, 1, 2]",1,10567.2455264
4,[44],[10],1,1316.610209248
5,"[25, 8, 123, 44]","[1, 3, 2, 8]",1,6999.682725745
