,task,distance
0,[0],0.0
1,[1],885.2345262785
2,[2],6458.7163749852
