,customer,weight,round,length
0,[21],[14],0,404.790363764
1,[],[],0,0.0
2,[21],[15],0,404.790363764
3,[21],[15],0,404.790363764
