,customer,weight,round,length
0,"[109, 100, 3, 29, 22, 120, 76, 82, 71, 90, 113, 112]","[1, 1, 1, 1, 2, 1, 3, 1, 1, 1, 1, 1]",0,7914.659039143101
1,"[37, 91, 25]","[1, 1, 1]",1,824.5312459045
