,customer,weight,round,length
0,"[142, 52, 11, 141, 22, 20, 23, 144, 145, 154]","[2, 1, 3, 1, 1, 2, 1, 2, 1, 1]",0,1712.3170912442001
1,"[92, 140, 48, 75, 147, 76, 19, 21]","[1, 2, 1, 1, 3, 1, 3, 3]",0,4824.549889691001
2,"[163, 32, 160, 54, 78, 16, 17, 18, 150, 149, 91, 143]","[1, 1, 2, 1, 1, 1, 1, 1, 1, 1, 1, 3]",0,3553.0701059577
3,"[76, 57]","[4, 1]",1,7978.65649549
4,[],[],1,0.0
5,[],[],1,0.0
