,customer,weight,round,length
0,"[139, 137, 136, 123, 122, 114, 113, 112, 111, 158, 157, 102, 103]","[1, 1, 1, 1, 2, 2, 1, 1, 1, 1, 1, 1, 1]",0,2000002783.8831954
1,"[167, 165, 95, 96, 151, 173, 105, 106, 104, 124]","[3, 1, 1, 1, 2, 1, 1, 1, 1, 2]",0,2000001959.2667468
2,"[98, 118, 117, 90, 89, 108, 107, 161, 164, 162]","[1, 1, 1, 1, 1, 1, 1, 2, 2, 2]",0,2000003963.4870684
