,task,distance
0,"[0, 3]",9690.9735867342
1,"[1, 4]",4824.549889691001
2,"[2, 5]",3553.0701059577
