,task,distance
0,[0],2000002783.8831956
1,[1],2000001959.2667468
2,[2],2000003963.4870684
