,customer,weight,round,length
0,"[36, 86, 75, 66, 79, 56, 10, 20, 16]","[3, 5, 1, 1, 1, 1, 1, 1, 1]",0,3628.9984386331007
1,"[41, 47, 81]","[1, 1, 1]",1,3834.6490531299996
