,customer,weight,round,length
0,"[69, 102, 143, 136, 17, 18, 68, 21, 20, 5, 64, 65, 66, 62, 61]","[1, 1, 1, 1, 1, 1, 1, 1, 1, 1, 1, 1, 1, 1, 1]",0,2863.9071573847
1,"[24, 73, 146, 133, 95, 159, 16, 147]","[2, 2, 4, 1, 1, 1, 3, 1]",0,2162.8478705824
2,[],[],1,0.0
3,"[55, 122]","[1, 2]",1,2623.057096122
