,task,distance
0,[0],4921.3800336519
1,[1],3568.186219913
