,task,distance
0,"[0, 3]",4786.0314293768
1,"[1, 2]",3428.4009348679
