,customer,weight,round,length
0,"[81, 139, 141, 125, 122, 121, 119, 40]","[1, 1, 1, 1, 2, 4, 2, 3]",0,4652.549649951
1,"[42, 109, 46, 66, 24, 60, 96, 132, 19, 108, 25]","[2, 1, 1, 3, 1, 1, 1, 1, 1, 1, 1]",1,6108.435478478001
