,customer,weight,round,length
0,"[25, 126, 7, 9, 105, 79, 142, 144, 13]","[1, 3, 2, 1, 3, 1, 1, 1, 2]",0,5394.730248615
1,"[12, 99, 107, 130, 137, 69, 154, 18, 158]","[1, 2, 1, 1, 5, 2, 1, 1, 1]",1,5293.776261977
