,task,distance
0,[0],0.0
1,[1],0.0
2,[2],13990.455837563
3,[3],0.0
4,[4],15423.423447889998
