,customer,weight,round,length
0,"[39, 53]","[1, 3]",0,1100.0804591820001
1,"[51, 67, 40, 89, 42, 41, 35, 109, 24, 81, 97, 68]","[1, 2, 1, 1, 1, 1, 1, 1, 1, 1, 3, 1]",0,4106.886079244899
2,"[65, 28, 37, 61, 86, 88, 56]","[3, 1, 2, 1, 2, 3, 1]",0,2082.2941936250004
3,"[46, 44, 57, 10, 2, 8, 7, 4, 15, 14]","[1, 1, 3, 2, 1, 1, 1, 1, 1, 2]",0,7506.640084948
