,customer,weight,round,length
0,"[53, 66, 67, 104, 40, 106, 105, 89, 49, 50, 51]","[3, 2, 2, 1, 1, 1, 1, 1, 1, 1, 1]",0,2217.5413827517004
1,[],[],0,0.0
2,"[54, 13, 30, 39, 38, 55, 65, 28, 29]","[1, 2, 1, 1, 2, 1, 3, 1, 3]",0,2146.0890248487
3,"[42, 41, 35, 109, 24, 23, 98, 82, 19, 108, 52]","[1, 1, 1, 1, 1, 1, 1, 4, 1, 2, 1]",0,3253.1938438278
