,task,distance
0,[0],1100.080459182
1,[1],4106.886079244899
2,[2],2082.2941936250004
3,[3],7506.640084948
