,customer,weight,round,length
0,"[51, 22, 15, 4]","[1, 1, 10, 3]",0,1623.5207809583
1,"[9, 5, 16, 41, 44, 46, 19, 32]","[1, 1, 1, 1, 4, 1, 1, 1]",0,3345.780642338
2,[],[],0,0.0
