,task,distance
0,[0],2467.400817902
1,[1],667.3628095920001
2,[2],0.0
