,task,distance
0,"[0, 2, 4, 7, 9, 11, 13, 14]",4979.724263447801
1,"[1, 3, 5, 6, 8, 10, 12, 15]",3006.0814997927
