,task,distance
0,"[0, 3, 4]",9715.126325411
1,"[1, 2, 5]",6806.089742484
