,customer,weight,round,length
0,"[91, 124, 5, 51, 105, 129, 8, 7, 115, 57, 75]","[1, 1, 1, 2, 2, 2, 1, 1, 1, 2, 1]",0,2000007602.4224265
1,"[94, 11, 12, 13, 14]","[1, 1, 1, 1, 1]",0,2855.1695015989994
2,[],[],0,0.0
