,customer,weight,round,length
0,[],[],0,0.0
1,"[115, 63, 8, 7, 64, 65, 59, 57, 61, 60]","[1, 1, 1, 1, 1, 1, 1, 2, 1, 1]",0,1934.3325262417
2,"[43, 145, 6, 142, 148, 42]","[1, 1, 1, 1, 1, 1]",0,1025.226045479
