,customer,weight,round,length
0,"[24, 23]","[1, 1]",0,333.8042759958
1,[],[],0,0.0
2,"[48, 92, 40, 16, 100, 93, 63, 65, 42, 145, 130, 30, 114]","[1, 1, 1, 1, 1, 3, 1, 1, 1, 1, 1, 1, 1]",0,16589.261179637997
