,task,distance
0,[0],0.0
1,[1],5952.14133011
2,[2],1063.2340899417
