,task,distance
0,"[0, 2, 5]",18240.694789341
1,"[1, 3, 4]",20936.924892490002
