,customer,weight,round,length
0,"[38, 257, 43]","[1, 1, 9]",0,886.2560305799
1,"[80, 81, 153, 166, 160, 139, 14, 60]","[1, 1, 1, 1, 1, 1, 1, 1]",0,2612.9496511859998
