,task,distance
0,[0],3492.0834219410003
1,[1],1683.079484862
