,customer,weight,round,length
0,[],[],0,0.0
1,[],[],0,0.0
2,"[14, 5]","[2, 7]",0,1216.164175544
3,"[111, 77, 84, 21, 69, 100, 101, 41, 118, 54]","[2, 1, 1, 1, 1, 1, 1, 1, 1, 3]",0,6284.1945716782975
4,"[108, 103, 89, 90, 35, 102, 72, 107]","[2, 1, 1, 1, 1, 2, 5, 1]",0,2954.810541158
