,customer,weight,round,length
0,"[78, 126, 66, 31, 105, 135, 38, 39]","[1, 1, 1, 1, 1, 2, 1, 1]",0,3134.5088390479996
1,[],[],0,0.0
2,[],[],0,0.0
3,"[92, 96, 112, 115, 94, 93, 85, 114, 97, 8, 133, 51]","[2, 1, 1, 1, 1, 1, 1, 1, 1, 1, 1, 1]",0,4811.665164282999
4,[],[],0,0.0
