,customer,weight,round,length
0,"[89, 256, 121, 249, 248, 142, 136, 138, 171, 153, 154, 155, 151]","[1, 1, 1, 1, 1, 1, 2, 1, 1, 2, 1, 1, 1]",0,3436.2864980654
1,"[144, 39, 223, 236, 237, 170, 133, 134, 99, 44, 167, 183, 90]","[1, 1, 1, 1, 1, 1, 2, 2, 1, 1, 1, 1, 1]",0,5398.914680328001
