,customer,weight,round,length
0,"[11, 234, 155, 227, 224, 208, 96, 47, 189, 216, 83, 38]","[1, 1, 1, 2, 1, 2, 1, 1, 2, 1, 1, 1]",0,13181.910222925
1,"[22, 25, 174, 66, 147, 206, 111, 110, 113, 106]","[1, 2, 1, 3, 2, 1, 2, 1, 1, 1]",0,12104.854027420999
2,[],[],1,0.0
3,"[124, 160, 18, 114]","[1, 1, 2, 1]",1,12018.425145977
