,task,distance
0,"[0, 2]",19952.5007480539
1,"[1, 3]",7099.464515780999
