,task,distance
0,"[0, 3]",14965.321195571
1,"[1, 2]",10040.43029331
