,task,distance
0,"[0, 2]",5770.6411131802
1,"[1, 3]",8686.0444298115
