,task,distance
0,[0],110.5779396674
1,[1],2115.678260958
