,task,distance
0,[0],5487.073711431
1,[1],5718.40956218
