,task,distance
0,[0],828.5838958086
1,[1],2958.6981007729
