,customer,weight,round,length
0,"[44, 42, 32, 10, 55, 33, 23, 53, 72, 62, 65]","[2, 2, 1, 1, 1, 1, 2, 1, 1, 1, 2]",0,3938.624429722
1,[74],[4],1,3150.3171137
