,task,distance
0,[0],3009.269741586
1,[1],4843.757987728
2,[2],4678.0113053013
