,customer,weight,round,length
0,"[38, 58, 20, 127, 64, 66, 65, 63, 62]","[1, 1, 1, 3, 1, 1, 2, 2, 3]",0,4251.702920326999
1,"[36, 69, 70, 71, 41, 57, 91, 39]","[1, 3, 1, 1, 2, 3, 1, 3]",1,3816.6531299539997
2,"[103, 29, 115, 118, 46, 48, 79, 85, 104]","[3, 1, 1, 1, 1, 3, 2, 1, 2]",2,2733.685709826
3,"[100, 99, 47, 129, 108, 107, 81, 106, 15, 25, 73, 7, 30]","[2, 1, 1, 1, 1, 1, 1, 1, 1, 1, 1, 2, 1]",3,3996.893348836
4,"[112, 8, 5, 49]","[5, 1, 1, 2]",4,2788.166120318
