,customer,weight,round,length
0,"[78, 79, 40, 60, 61, 10, 11, 46, 47, 48, 49]","[2, 2, 1, 3, 1, 1, 1, 1, 1, 1, 1]",0,4054.3045402636
1,"[89, 85, 96, 91, 51, 55, 33, 56, 58, 39, 50]","[2, 2, 1, 2, 1, 1, 1, 1, 1, 2, 1]",0,2075.834595575
2,[],[],1,0.0
3,[40],[1],1,3390.73812312
