,task,distance
0,"[0, 2]",4054.3045402636
1,"[1, 3]",5466.572718695001
