,task,distance
0,[0],2193.274166532
1,[1],6481.728892739001
2,[2],2470.156379967
