,customer,weight,round,length
0,"[94, 92, 128, 97, 88, 53]","[5, 1, 1, 2, 1, 1]",0,2572.8431286276
1,"[91, 41, 43, 140, 118, 29, 67, 35, 40, 48, 17, 108]","[2, 2, 1, 1, 1, 1, 1, 1, 1, 1, 1, 1]",0,7068.479967078
2,[],[],0,0.0
3,[],[],0,0.0
4,"[63, 129, 77, 1, 2, 131, 134, 99, 73]","[1, 1, 3, 2, 1, 2, 3, 1, 1]",0,5030.822115962
