,customer,weight,round,length
0,"[53, 97, 52, 54, 88, 108, 62]","[1, 2, 2, 1, 1, 1, 1]",0,1638.5320978216
1,"[51, 50, 128, 93, 92, 154, 152, 22, 91]","[1, 5, 1, 1, 1, 2, 1, 1, 2]",0,4021.0644869723
2,"[70, 71, 69, 84, 110, 16, 78, 63, 59]","[2, 3, 3, 1, 1, 1, 1, 1, 2]",0,2710.985669495
3,"[94, 95]","[5, 1]",0,1101.720181376
4,[],[],0,0.0
