,customer,weight,round,length
0,[],[],0,0.0
1,"[120, 26, 53, 111, 185, 186, 146, 95, 15, 148, 149]","[2, 3, 1, 1, 1, 2, 1, 1, 1, 1, 1]",0,2710.5712020084998
2,"[51, 48, 19, 113]","[2, 1, 1, 2]",0,1126.2240782949998
3,[],[],0,0.0
4,[],[],0,0.0
