,customer,weight,round,length
0,[],[],0,0.0
1,"[173, 101, 185, 95]","[1, 1, 1, 1]",0,3245.3689239379996
2,"[120, 125, 24, 122, 180, 162, 188, 14, 145, 157, 85]","[2, 1, 1, 2, 1, 1, 1, 2, 1, 2, 1]",0,9633.814205312001
3,[],[],0,0.0
4,[],[],0,0.0
