,task,distance
0,[0],1511.02750768
1,[1],4708.9539593031
2,[2],0.0
3,[3],0.0
4,[4],0.0
