,customer,weight,round,length
0,"[43, 125, 35, 38, 91, 176, 189, 234, 180]","[1, 4, 1, 2, 2, 1, 1, 1, 2]",0,2000006420.5891173
1,"[163, 221, 28, 151, 171, 209, 206, 146, 301, 201, 99, 98, 12]","[1, 1, 1, 1, 1, 2, 1, 1, 1, 1, 2, 1, 1]",0,2000005522.4353695
2,"[264, 292, 288, 55, 56, 140, 145, 286, 16, 241, 117]","[1, 1, 1, 2, 1, 1, 1, 1, 1, 1, 1]",1,2000003644.6283777
3,[],[],1,0.0
