,task,distance
0,"[0, 2]",2000011760.7151198
1,"[1, 3]",10172.376974343
