,task,distance
0,"[0, 3]",2000006420.5891173
1,"[1, 2]",4000009167.063747
