,task,distance
0,[0],5918.3314418759
1,[1],6467.947743173
2,[2],2588.16005164
3,[3],2320.827857868
