,customer,weight,round,length
0,"[19, 7, 10, 28, 1, 50, 51, 52, 58, 0, 56, 11, 62]","[1, 1, 3, 1, 1, 1, 1, 1, 1, 1, 1, 1, 1]",0,2763.7294281131
1,"[26, 8, 63]","[3, 1, 1]",1,3029.738988615
