,customer,weight,round,length
0,"[74, 77, 78, 76, 4, 25, 18, 16, 12, 13, 5, 6]","[1, 1, 1, 1, 1, 1, 3, 1, 1, 1, 2, 1]",0,2597.7034620203003
1,"[73, 75, 9]","[2, 1, 2]",1,1909.6371571079999
