,customer,weight,round,length
0,"[38, 132, 157, 92]","[1, 2, 2, 2]",0,1230.3502331089999
1,"[33, 29, 190, 264, 168, 271, 159, 217, 160, 188, 222, 178, 84, 88]","[1, 1, 1, 1, 1, 1, 1, 1, 2, 1, 1, 1, 1, 1]",0,3365.7591941379997
2,"[27, 263, 172, 259, 260, 152, 237, 236]","[1, 1, 1, 1, 1, 1, 1, 2]",0,2335.8018204892
