,task,distance
0,[0],3272.841892688
1,[1],629.486721468
2,[2],3098.333014679
