,task,distance
0,[0],6721.706468630001
1,[1],4919.220089768
2,[2],7055.561245815001
