,task,distance
0,[0],1230.350233109
1,[1],3365.759194138
2,[2],2335.8018204892
