,task,distance
0,[0],9470.153929203
1,[1],1123.276640536
2,[2],8315.479440611
3,[3],294.53091234
4,[4],1503.571479147
