,customer,weight,round,length
0,[125],[2],0,1038.13101803
1,"[36, 120, 128, 73, 101, 100, 97, 63, 80, 21, 78, 103, 75]","[1, 1, 1, 1, 1, 1, 1, 1, 1, 2, 1, 2, 1]",0,7673.669161626
2,[],[],0,0.0
3,[116],[1],0,92.11331261
4,[],[],0,0.0
