,task,distance
0,[0],2669.28322397
1,[1],0.0
2,[2],0.0
3,[3],1114.0495843709
4,[4],0.0
