,task,distance
0,[0],0.0
1,[1],4249.709063993
2,[2],0.0
3,[3],1122.594191181
4,[4],0.0
