,task,distance
0,[0],3847.7185821552
1,[1],1272.048523134
