,customer,weight,round,length
0,"[11, 39, 100, 14, 46, 85, 56, 55, 95, 97]","[2, 1, 2, 1, 1, 1, 1, 3, 1, 2]",0,3264.2156893379997
1,"[75, 57, 53, 42, 94, 50, 29, 93, 28]","[1, 3, 2, 2, 2, 1, 2, 1, 1]",1,2866.908238402
2,"[41, 58, 79, 32, 1, 64, 68, 102, 81]","[2, 1, 2, 1, 1, 2, 1, 3, 1]",2,4112.894918173
