,customer,weight,round,length
0,"[38, 41, 248, 243, 118, 119, 32, 2]","[1, 3, 1, 2, 1, 1, 1, 1]",0,3246.287106323
1,"[7, 44, 117, 116, 190, 194, 153, 157, 208, 77, 81]","[1, 1, 1, 2, 1, 1, 1, 1, 1, 1, 1]",0,6103.971056117
