,task,distance
0,[0],3121.5932892719998
1,[1],5030.958379866499
