,task,distance
0,[0],7815.574093123999
1,[1],10134.855611173998
