,task,distance
0,[0],6926.8128315942
1,[1],0.0
2,[2],1326.35288348
3,[3],338.882769496
