,task,distance
0,[0],1326.35288348
1,[1],4896.2976027332
2,[2],0.0
3,[3],338.882769496
