,customer,weight,round,length
0,[133],[15],0,15560.31939824
1,"[29, 167]","[1, 1]",0,1356.9072119879997
2,"[6, 67, 123, 177, 183, 131, 90, 58, 133, 157]","[1, 1, 1, 1, 2, 1, 1, 1, 5, 1]",0,21262.741672344
