,customer,weight,round,length
0,"[115, 112, 96, 114, 83, 116, 86, 85, 84, 36, 117, 45, 104]","[1, 1, 1, 1, 1, 1, 1, 1, 1, 2, 1, 1, 2]",0,3277.8822189814
1,"[71, 91, 61, 58, 26, 64, 120, 21, 94, 93]","[2, 2, 2, 1, 1, 2, 2, 1, 1, 1]",1,4010.08721057
2,"[133, 51, 92, 118, 41, 69, 100, 101, 59, 130, 131, 132, 63]","[1, 1, 2, 1, 1, 1, 1, 1, 2, 1, 1, 1, 1]",2,5090.449103002999
3,"[8, 39, 38, 105, 111, 14, 5]","[1, 1, 1, 1, 2, 2, 7]",3,5726.967738685
4,"[135, 78, 79, 97, 72, 108, 54]","[2, 1, 1, 1, 5, 2, 3]",4,8763.962044687001
5,"[90, 35, 102, 89, 103, 107, 126, 77, 66, 31]","[1, 1, 2, 1, 1, 1, 1, 1, 1, 1]",5,7434.49767388
