,customer,weight,round,length
0,[0],[3],0,447.496509936
1,[],[],0,0.0
2,[4],[14],0,553.220150506
3,[4],[12],0,553.220150506
4,[],[],0,0.0
