,task,distance
0,[0],2473.719992603
1,[1],4217.70086646
2,[2],0.0
3,[3],2453.3776908465
4,[4],2681.1124372470003
