,task,distance
0,"[0, 5]",3692.175690816001
1,"[1, 4]",5212.265098977
2,"[2, 7]",2865.720926022
3,"[3, 6]",4339.4034510827
