,customer,weight,round,length
0,"[260, 207, 206, 225, 134, 135, 136, 144, 263, 150, 262, 137, 105]","[1, 1, 1, 1, 1, 1, 1, 2, 1, 1, 1, 1, 2]",0,3085.8541541155
1,"[30, 234, 45, 243, 132, 13, 129, 34, 212, 27, 84, 214, 237]","[2, 1, 1, 1, 1, 1, 1, 1, 1, 1, 1, 1, 2]",0,3236.8818172210003
2,"[258, 257, 77, 76, 75, 14, 202, 203, 201, 38, 71, 68, 69, 174, 239]","[1, 1, 1, 1, 1, 1, 1, 1, 1, 1, 1, 1, 1, 1, 1]",0,3349.1339361747005
3,[],[],1,0.0
4,[14],[1],1,2061.96180294
5,[],[],1,0.0
