,customer,weight,round,length
0,"[239, 129, 34, 132, 76, 77, 38, 203, 202, 66, 67, 71, 69, 30]","[1, 1, 1, 1, 1, 1, 1, 1, 1, 1, 1, 1, 1, 2]",0,3236.1100694759994
1,"[260, 144, 154, 177, 175, 181, 265, 151, 148, 135, 134, 206, 237]","[1, 2, 1, 1, 1, 1, 1, 1, 1, 1, 1, 1, 2]",0,4748.1371681875
2,"[207, 200, 199, 114, 54, 246, 97, 158, 112, 111, 110, 182]","[1, 1, 1, 2, 1, 1, 3, 1, 1, 1, 1, 1]",0,5248.09885905
3,[],[],1,0.0
4,[],[],1,0.0
5,"[14, 243, 245]","[2, 1, 1]",1,4059.2316135900005
