,task,distance
0,"[0, 5]",5101.619535799
1,"[1, 4]",9299.477144871
2,"[2, 3]",6358.608645572999
