,customer,weight,round,length
0,"[23, 37, 48, 47, 17, 20]","[2, 2, 1, 1, 3, 4]",0,2862.732414329
1,"[5, 29, 43, 42, 10]","[3, 1, 1, 1, 1]",0,4307.797911183
