,CID,TTDDemd
0,16672,1.66298997402
1,19835,6.65561008453
2,23480,0.340207010508
3,38200,0.0414381995797
4,45512,1.50088000298
5,45687,0.0561723001301
6,45689,0.055357798934
7,45690,0.055357798934
8,45691,0.225620001554
9,45693,1.74275004864
10,45694,2.69706010818
11,48864,0.110326997936
12,52698,2.57537007332
13,52967,6.65561008453
14,59201,0.0774165987968
15,61996,6.65561008453
16,61998,6.71077013016
