,customer,weight,round,length
0,"[16, 8]","[7, 8]",0,2000000402.704971
1,[],[],0,0.0
2,"[17, 1, 15, 16]","[2, 10, 2, 1]",0,2000002667.058492
