,customer,weight,round,length
0,"[80, 51, 48, 55, 85]","[2, 3, 1, 5, 1]",0,3326.9916744421
1,[],[],0,0.0
2,[],[],0,0.0
3,"[86, 2, 102, 103, 42, 106, 90, 78]","[1, 2, 1, 1, 1, 3, 1, 1]",0,3394.8126065983
