,task,distance
0,[0],1600.70247488
1,[1],0.0
2,[2],4227.992110585
3,[3],109.4698320574
