,task,distance
0,[0],404.790363764
1,[1],2000001427.1435173
