,customer,weight,round,length
0,[],[],0,0.0
1,[42],[1],0,405.426385782
2,[39],[1],0,114.7446072992
