,task,distance
0,[0],0.0
1,[1],1212.1067789865
2,[2],217.755271474
