,task,distance
0,[0],3369.84088558
1,[1],3626.555189742001
2,[2],3915.41682365
3,[3],1773.7712594362
