,task,distance
0,"[0, 3, 6, 11, 14, 15]",4512.419116100799
1,"[1, 4, 7, 10, 13, 16]",7576.4154048942
2,"[2, 5, 8, 9, 12, 17]",5330.6679185597
