,customer,weight,round,length
0,"[27, 23, 24, 83]","[1, 1, 1, 1]",0,1918.5388313864
1,"[34, 11, 71, 70, 97, 89, 8, 58]","[2, 1, 1, 1, 1, 1, 7, 1]",0,11965.253023723
