,task,distance
0,[0],7700.841120105
1,[1],277.257807778
