,customer,weight,round,length
0,"[69, 109, 76, 74, 10, 72, 71, 60, 2, 113, 23, 97]","[2, 2, 1, 1, 1, 1, 2, 1, 1, 1, 1, 1]",0,9875.384926466002
1,[69],[15],0,635.910661568
2,"[44, 66, 115]","[5, 2, 1]",1,6431.941223989
3,[],[],1,0.0
