,task,distance
0,[0],3650.5528888621
1,[1],73.7663287336
