,task,distance
0,[0],13174.39461265
1,[1],1302.2858982
