,task,distance
0,"[0, 2]",11927.971970881998
1,"[1, 3]",2359.6939959809997
