,customer,weight,round,length
0,"[130, 119, 117, 60, 13, 114, 66, 18, 105, 28]","[1, 2, 2, 1, 2, 2, 1, 1, 1, 2]",0,2000002483.687809
1,"[31, 49, 3]","[1, 2, 1]",1,2000000643.3368776
