,customer,weight,round,length
0,"[36, 38, 39, 101, 65, 68, 79, 104, 34, 33, 50, 53, 78]","[1, 1, 1, 1, 2, 1, 1, 2, 1, 1, 1, 1, 1]",0,2542.9174103513
1,"[128, 105, 23, 62, 49, 64, 31]","[1, 1, 1, 1, 2, 2, 1]",1,3050.93689283
