,task,distance
0,"[0, 4, 8, 9]",7426.576507942
1,"[1, 3, 7, 9]",6884.877633062
2,"[2, 5, 6, 11]",8960.645476808
