,CID,TTDDemd
0,21189,5.81087017059
1,35881,1.02079999447
2,35984,0.309641003609
3,57432,25.5454006195
4,63775,4.08320999146
5,63776,1.53120994568
