,task,distance
0,[0],1616.8580619082002
1,[1],0.0
2,[2],2342.0924452190006
3,[3],3238.5662828901
