,customer,weight,round,length
0,"[76, 84, 71, 49, 80, 63, 81, 82, 83]","[1, 1, 1, 1, 1, 2, 1, 1, 1]",0,2121.7002552269
1,"[48, 20, 19, 7, 72, 33, 35, 114]","[2, 1, 1, 2, 2, 1, 1, 1]",0,2246.9330799036
