,customer,weight,round,length
0,"[86, 36, 59, 60, 61, 62, 38, 88, 2, 47, 46]","[1, 1, 1, 1, 1, 1, 1, 2, 1, 2, 1]",0,1682.1359455312002
1,"[99, 91, 103, 102, 98, 97, 45]","[1, 1, 1, 1, 1, 1, 1]",0,1412.2154942489
