,task,distance
0,[0],2121.7002552269
1,[1],2246.9330799036
