,customer,weight,round,length
0,[],[],0,0.0
1,[],[],0,0.0
2,"[96, 36, 47, 48, 95]","[2, 1, 2, 4, 4]",0,2342.912860779
3,"[115, 103, 29, 101, 22, 123, 26, 28, 59, 136, 49, 50, 106]","[1, 1, 1, 1, 1, 1, 1, 1, 1, 3, 1, 1, 1]",0,9048.4502009338
