,task,distance
0,[0],7403.737810054999
1,[1],6374.3694547768
2,[2],0.0
3,[3],0.0
