,task,distance
0,[0],0.0
1,[1],6720.647891813999
2,[2],0.0
3,[3],3297.275614619
