,task,distance
0,[0],0.0
1,[1],0.0
2,[2],5982.065177054001
3,[3],1563.8587068976
