,customer,weight,round,length
0,"[118, 19, 18, 93, 85, 53]","[1, 1, 1, 3, 1, 1]",0,4279.7603946662
1,"[128, 33, 157, 108, 73, 69, 109, 60, 58, 155, 10, 115, 37]","[1, 2, 1, 1, 2, 1, 1, 1, 1, 1, 1, 1, 1]",0,12636.056460836
