,customer,weight,round,length
0,"[122, 95, 49, 47, 140, 77, 133, 71, 1, 121]","[1, 1, 1, 3, 1, 1, 1, 1, 1, 1]",0,8130.34510021
1,"[105, 144, 45, 43, 103, 17, 120, 20, 87]","[1, 1, 2, 3, 2, 1, 2, 2, 1]",0,7069.247397928
