,task,distance
0,[0],153.8787718894
1,[1],2374.1244040198
2,[2],1243.8425490121
