,customer,weight,round,length
0,"[116, 112, 78, 59]","[1, 1, 2, 1]",0,3485.803562431
1,[],[],0,0.0
2,"[98, 30, 102, 34, 86, 70, 55, 53, 44]","[1, 1, 1, 1, 1, 1, 2, 1, 3]",0,4484.0336495692
