,CID,TTDDemd
0,3410,2.52617001534
1,9992,1.32741999626
2,18794,0.798860013485
3,30413,1.9439599514
4,33664,0.238846004009
5,33761,0.257777988911
6,38347,0.892464995384
7,38348,2.01024007797
8,38349,0.955384016037
9,38350,0.796153008938
10,38351,0.867280006409
11,38352,0.0773919001222
12,38353,0.833576023579
13,39369,0.850601971149
14,40339,1.6361900568
15,48675,0.290767997503
16,48771,0.242513000965
17,52986,2.47654008865
18,52987,1.89041996002
19,52988,1.02497005463
20,52989,0.818093001842
