,task,distance
0,[0],0.0
1,[1],0.0
2,[2],0.0
3,[3],15179.317240442995
4,[4],5068.256144707
