,customer,weight,round,length
0,"[39, 18, 20, 38, 3]","[1, 3, 2, 2, 7]",0,5026.303873494
1,"[7, 15, 36, 2]","[12, 1, 1, 1]",0,2929.1478983374
2,"[16, 31, 19]","[1, 1, 1]",1,3680.4890767499996
3,[],[],1,0.0
