,task,distance
0,"[0, 2]",3692.113588147
1,"[1, 3]",5483.3586537919
