,customer,weight,round,length
0,[13],[3],0,129.7354258992
1,[],[],0,0.0
2,"[12, 7, 24, 5, 63, 50]","[8, 1, 1, 1, 1, 1]",0,3732.5981604749004
