,customer,weight,round,length
0,"[6, 65, 27, 34, 21, 23, 40, 24, 61, 38, 16]","[1, 3, 1, 1, 2, 1, 1, 2, 1, 1, 1]",0,4365.680510135
1,"[26, 43, 1, 15, 31]","[1, 3, 1, 2, 1]",1,2918.5639947403
