,customer,weight,round,length
0,"[34, 27, 28, 65, 6, 62, 11, 40, 68, 23, 21]","[1, 1, 1, 3, 1, 2, 1, 1, 1, 1, 2]",0,3208.7773027396993
1,"[43, 24, 61, 38, 58]","[3, 2, 1, 1, 1]",1,3270.932385228
