,task,distance
0,"[0, 7]",2295.3208719847
1,"[1, 5]",2943.346457751
2,"[2, 6]",2739.7175373759
3,"[3, 8]",7552.720612454799
4,"[4, 9]",2251.31990032
