,task,distance
0,[0],13593.3436090573
1,[1],0.0
2,[2],3920.01853928
