,customer,weight,round,length
0,"[17, 14]","[7, 8]",0,751.2390590912
1,[26],[11],0,716.988631098
2,"[3, 25, 26]","[3, 4, 8]",0,865.1241614731001
3,[],[],0,0.0
4,"[18, 37, 2, 38, 9, 24, 22]","[4, 4, 3, 1, 1, 1, 1]",0,5604.475657222
