,customer,weight,round,length
0,[],[],0,0.0
1,"[14, 17]","[8, 7]",0,751.2390590912
2,"[18, 37, 2, 38, 9, 24, 22]","[4, 4, 3, 1, 1, 1, 1]",0,5604.475657222
3,[26],[11],0,716.988631098
4,"[26, 25, 3]","[8, 4, 3]",0,865.1241614731
