,customer,weight,round,length
0,"[3, 2, 4, 6]","[2, 1, 7, 1]",0,1867.765365587
1,"[1, 10, 11, 9]","[3, 4, 1, 4]",0,2063.658746325
2,"[8, 0, 7, 5]","[4, 3, 1, 4]",0,1683.545471708
3,[9],[15],0,2607.28494992
4,[3],[6],0,597.683911654
