,task,distance
0,"[0, 2]",8718.187396455
1,"[1, 3]",2000006193.6263812
