,customer,weight,round,length
0,"[172, 112, 51, 130, 50, 128, 85, 108, 109]","[1, 4, 2, 1, 1, 1, 1, 1, 3]",0,2286.6700442898
1,"[92, 95, 94, 166, 155, 48, 124, 125, 126, 121]","[1, 1, 1, 2, 1, 2, 1, 2, 1, 3]",0,2808.490536634
2,"[129, 84, 13, 14, 24, 47]","[2, 1, 2, 4, 1, 1]",1,3634.8050423629998
3,[],[],1,0.0
