,customer,weight,round,length
0,"[136, 106, 72, 109, 71, 70, 57, 55, 65, 64, 20, 21]","[1, 2, 1, 1, 1, 3, 1, 1, 1, 1, 1, 1]",0,3878.7097003736003
1,"[84, 15, 13, 117, 132]","[1, 2, 2, 1, 1]",0,1545.4823536411998
2,"[120, 113, 9, 78, 79, 80, 14, 30, 159, 133, 81, 136]","[2, 1, 1, 1, 1, 1, 2, 1, 1, 1, 2, 1]",0,2488.5003551552
3,"[143, 69, 25, 28, 34, 103, 49, 93, 46, 74]","[1, 1, 1, 3, 1, 2, 1, 1, 1, 1]",0,3299.7074044332003
4,"[96, 128, 127, 3, 54, 110, 129, 97, 98, 87]","[2, 1, 1, 3, 1, 2, 2, 1, 1, 1]",0,2655.63472961
