,task,distance
0,[0],1471.339442851
1,[1],3732.023874925
2,[2],1232.36133208
