,task,distance
0,[0],7455.0823517623
1,[1],0.0
2,[2],1167.8322115545
