,task,distance
0,[0],5777.710628096999
1,[1],4879.556944452001
2,[2],0.0
3,[3],0.0
