,customer,weight,round,length
0,[],[],0,0.0
1,"[41, 42, 68, 39, 77, 75, 3, 6, 25, 55, 33]","[1, 1, 1, 1, 1, 2, 1, 1, 1, 1, 2]",0,13266.271515034001
2,[],[],0,0.0
3,"[21, 74, 98, 70, 30, 31, 17, 107, 108, 52, 83, 49, 87, 19]","[1, 1, 1, 1, 1, 1, 1, 1, 1, 1, 2, 1, 1, 1]",0,10376.234497443
4,[],[],0,0.0
