,customer,weight,round,length
0,[],[],0,0.0
1,"[64, 65, 21, 102, 88, 89, 44]","[2, 2, 1, 2, 1, 1, 1]",0,8102.014723317
2,[],[],0,0.0
3,"[76, 75, 77, 78, 39, 68]","[2, 2, 1, 1, 1, 1]",0,3442.839406091
4,"[33, 34, 35, 100, 25, 90, 79, 55, 3, 5, 6, 16]","[2, 1, 1, 1, 1, 1, 1, 1, 1, 1, 1, 1]",0,7514.902769188001
