,task,distance
0,[0],0.0
1,[1],13266.271515034
2,[2],0.0
3,[3],10376.234497443
4,[4],0.0
