,customer,weight,round,length
0,"[73, 99, 66, 9, 23, 2, 11, 67, 36, 78, 50]","[1, 1, 2, 2, 3, 1, 1, 1, 1, 1, 1]",0,6711.897632217
1,"[152, 91, 121, 44, 19, 17, 16, 52, 88]","[1, 2, 1, 1, 1, 1, 1, 2, 1]",0,6205.756312414
