,customer,weight,round,length
0,"[1, 12, 2, 8, 11, 134, 10, 9, 101]","[2, 2, 1, 1, 1, 3, 1, 2, 2]",0,2086.5363356855
1,"[0, 77, 76, 129, 75, 24, 87, 99, 23]","[2, 3, 1, 1, 1, 1, 2, 1, 3]",0,1772.9905626851003
2,[],[],1,0.0
3,"[56, 80]","[2, 2]",1,2332.063751873
