,customer,weight,round,length
0,"[70, 71, 69, 84, 110, 62, 52, 108]","[2, 3, 3, 1, 1, 1, 2, 1]",0,2371.6141735916
1,"[59, 63, 131, 29, 146, 67, 66, 149, 78, 73, 17, 16]","[2, 1, 2, 1, 1, 1, 2, 1, 1, 1, 1, 1]",0,4995.524300865
