,task,distance
0,[0],2371.6141735916
1,[1],4995.524300865
