,customer,weight,round,length
0,[],[],0,0.0
1,"[35, 118, 132, 83, 110, 14, 22, 77, 23, 53, 56, 123, 8]","[1, 1, 1, 1, 1, 2, 1, 1, 2, 1, 1, 1, 1]",0,8079.139815428
2,[],[],0,0.0
3,"[40, 87, 90]","[1, 1, 2]",0,1521.7232387783
