,customer,weight,round,length
0,[],[],0,0.0
1,"[83, 85, 27, 102, 26, 73, 48, 76, 78, 50, 29, 3]","[1, 1, 1, 1, 1, 1, 1, 2, 1, 1, 1, 1]",0,4249.709063993
2,[],[],0,0.0
3,"[19, 132, 92]","[1, 1, 2]",0,1122.594191181
