,task,distance
0,[0],1764.9900291209
1,[1],0.0
2,[2],0.0
3,[3],7418.571017541999
