,task,distance
0,[0],0.0
1,[1],8079.139815428
2,[2],0.0
3,[3],1521.7232387783
