,task,distance
0,[0],1750.7656687139995
1,[1],1618.7710623964
2,[2],0.0
3,[3],0.0
