,customer,weight,round,length
0,"[98, 81, 59, 20, 52, 10, 70, 34]","[1, 1, 2, 1, 2, 1, 1, 6]",0,8548.003489808
1,[34],[15],0,1739.245247274
2,[8],[7],0,4341.58815754
3,[],[],0,0.0
