,customer,weight,round,length
0,"[41, 15, 83, 85, 27, 8, 58]","[1, 2, 1, 2, 1, 7, 1]",0,7409.798032008
1,[34],[14],0,639.406900134
2,[34],[7],0,639.406900134
3,[49],[1],0,3636.22422664
