,task,distance
0,[0],7469.300976695999
1,[1],4024.0993036
2,[2],4293.101132695
3,[3],0.0
