,task,distance
0,[0],489.054444328
1,[1],489.054444328
2,[2],489.054444328
3,[3],11567.633864328998
