,task,distance
0,[0],0.0
1,[1],763.835522696
2,[2],0.0
3,[3],934.727694422
4,[4],0.0
