,task,distance
0,[0],3282.6807539710003
1,[1],6880.662524701701
