,task,distance
0,[0],3848.2662947723
1,[1],0.0
2,[2],823.6895685793
3,[3],917.197353244
4,[4],0.0
