,customer,weight,round,length
0,[],[],0,0.0
1,"[226, 145, 160, 163, 162, 150, 147, 98, 87, 193, 192, 97, 168]","[2, 1, 1, 1, 1, 1, 1, 1, 1, 2, 1, 1, 1]",0,6373.6582129989
2,"[144, 8, 11, 6, 121, 201, 185, 86, 35]","[4, 2, 1, 2, 1, 2, 1, 1, 1]",0,13503.291768997
3,[],[],0,0.0
4,[],[],0,0.0
