,task,distance
0,[0],15128.685405135
1,[1],12041.779302159995
2,[2],0.0
3,[3],0.0
4,[4],0.0
