,task,distance
0,[0],0.0
1,[1],0.0
2,[2],12345.159742643998
3,[3],3565.2434297684003
4,[4],0.0
