,task,distance
0,[0],249.151638332
1,[1],0.0
2,[2],2863.0555391863
3,[3],7536.528063322001
4,[4],0.0
