,task,distance
0,[0],7569.632609837
1,[1],5625.4875117625
