,task,distance
0,"[0, 5, 6]",8807.683990511
1,"[1, 3, 8]",7516.793970266301
2,"[2, 4, 7]",11974.8762558034
