,task,distance
0,[0],0.0
1,[1],6028.600526366001
2,[2],4547.703979170999
