,customer,weight,round,length
0,[19],[15],0,236.418100712
1,"[19, 21, 8, 26, 9]","[6, 2, 3, 1, 1]",1,4094.0378289749997
