,task,distance
0,[0],2876.9940780335
1,[1],277.020586912
2,[2],0.0
3,[3],0.0
4,[4],0.0
