,customer,weight,round,length
0,"[44, 7, 15, 14, 3, 4, 57]","[1, 1, 1, 2, 5, 1, 3]",0,1998.0791030147998
1,"[102, 45, 46, 47, 108, 106, 105, 18, 58]","[2, 1, 1, 1, 2, 1, 1, 2, 4]",0,6201.9793183037
