,task,distance
0,[0],7197.744967386999
1,[1],3980.6565134358007
