,task,distance
0,"[0, 3]",7874.529875796
1,"[1, 2]",11769.236834462
