,customer,weight,round,length
0,"[27, 8, 25, 31, 10, 19, 4, 30, 9, 24, 29, 22]","[1, 1, 2, 1, 1, 1, 2, 1, 1, 2, 1, 1]",0,1449.10512166
1,"[20, 18, 28, 1]","[2, 2, 1, 3]",1,1284.297647676
