,customer,weight,round,length
0,"[14, 5, 2, 6, 17, 26, 16, 15, 21, 13, 7]","[1, 2, 1, 1, 2, 1, 1, 1, 2, 1, 2]",0,2966.160731896
1,"[3, 11, 0, 23, 12]","[1, 1, 1, 1, 2]",1,2647.7985369400003
