,customer,weight,round,length
0,"[21, 17, 43, 42, 44, 67, 5, 16, 40, 80, 47]","[2, 1, 1, 1, 1, 2, 1, 2, 1, 1, 2]",0,4564.29493474
1,"[37, 35, 72, 12, 0]","[2, 1, 1, 1, 1]",1,4662.727033004
