,customer,weight,round,length
0,[],[],0,0.0
1,"[110, 30, 29, 100, 56, 55, 92, 38, 24]","[3, 1, 2, 1, 1, 1, 1, 2, 1]",0,3424.0494206900003
2,[],[],0,0.0
3,"[39, 40, 15, 65]","[7, 2, 1, 3]",0,1307.5421898047002
