,task,distance
0,"[0, 4]",2000005279.869001
1,"[1, 5, 6, 7]",4000002041.79416
2,[2],2000000000.0
3,[3],2000000000.0
