,task,distance
0,[0],0.0
1,[1],1307.5421898047
2,[2],1765.090960504
3,[3],2398.948349802
