,task,distance
0,"[0, 6, 7, 4]",3951.6120973720003
1,[1],179.658640815
2,[2],179.658640815
3,"[3, 5]",6979.4171255165
