,task,distance
0,[0],0.0
1,[1],3424.0494206900003
2,[2],0.0
3,[3],1307.5421898047002
