,customer,weight,round,length
0,"[18, 19, 23, 16, 34, 25, 14]","[1, 1, 2, 1, 1, 1, 1]",0,8998.434314074999
1,[],[],0,0.0
2,"[8, 84, 62, 15]","[1, 1, 1, 1]",0,26291.321974919
