,task,distance
0,"[0, 8]",4165.287823085
1,"[1, 9]",6599.1457555468005
2,"[2, 6]",4736.3225140598
3,"[3, 5]",5842.985864614
4,"[4, 7]",4270.439469474
