,task,distance
0,[0],3849.704737040001
1,[1],1705.2727719468
2,[2],0.0
3,[3],2150.7320751655
4,[4],2520.4844153182
