,task,distance
0,[0],1528.737243119
1,[1],553.3219167853
2,[2],926.307612437
3,[3],1341.151948163
