,customer,weight,round,length
0,[],[],0,0.0
1,[],[],0,0.0
2,"[108, 70, 71, 10, 97, 24, 65, 4, 1, 6, 5]","[2, 1, 1, 1, 1, 1, 1, 1, 1, 2, 3]",0,3285.6229035593997
3,[25],[1],0,141.938484322
