,customer,weight,round,length
0,"[63, 117, 106, 116, 100]","[3, 2, 1, 2, 1]",0,1764.562740354
1,[],[],0,0.0
2,"[72, 73, 105, 75, 74, 95]","[1, 1, 2, 1, 1, 2]",0,1525.9347846167002
3,[],[],0,0.0
