,task,distance
0,"[0, 4]",6678.7506916114
1,"[1, 3]",3726.832363154
2,"[2, 5]",3632.9166398993
