,task,distance
0,[0],1858.657561967
1,[1],0.0
2,[2],5977.099904649
3,[3],0.0
4,[4],0.0
