,task,distance
0,[0],5332.90226249
1,[1],5953.981861102
2,[2],6910.419598583
