,task,distance
0,[0],8036.872182606
1,[1],5265.4471923426
2,[2],6833.070333931601
