,task,distance
0,[0],2496.9222658524004
1,[1],3635.555779220401
2,[2],4781.697390271001
