,customer,weight,round,length
0,[],[],0,0.0
1,[],[],0,0.0
2,"[42, 17, 52, 67, 5, 12, 34, 33]","[1, 1, 2, 2, 1, 1, 1, 1]",0,9770.627509367001
3,"[73, 72, 35, 37, 89, 95, 71, 2]","[2, 1, 1, 2, 1, 1, 1, 3]",0,3284.9373911440002
4,[],[],0,0.0
