,customer,weight,round,length
0,"[79, 80, 121, 17, 55, 10, 99, 112, 59, 67, 81, 29]","[1, 1, 1, 2, 1, 1, 1, 1, 1, 1, 1, 1]",0,9856.606040695
1,[124],[1],0,835.646351494
2,[],[],0,0.0
