,task,distance
0,[0],642.134718616
1,[1],0.0
2,[2],10302.556294549002
