,task,distance
0,[0],3598.4926562519
1,[1],0.0
2,[2],98.7567346056
3,[3],0.0
