,customer,weight,round,length
0,"[116, 114, 119, 84, 86, 109, 106, 115]","[5, 2, 2, 1, 1, 1, 1, 2]",0,1810.5459175782998
1,"[117, 138, 123, 133]","[3, 1, 1, 1]",1,3092.183393965
