,task,distance
0,[0],0.0
1,[1],0.0
2,[2],8796.9184543
3,[3],323.415617598
