,customer,weight,round,length
0,"[8, 86, 7, 4, 42, 143, 141, 64, 148]","[1, 1, 1, 2, 1, 1, 2, 1, 1]",0,3883.627123033
1,[],[],0,0.0
2,"[60, 121, 61, 62, 72, 73, 107, 83, 84, 70, 100]","[1, 1, 1, 2, 1, 1, 1, 1, 1, 1, 2]",0,2809.611371809
