,task,distance
0,[0],5878.185588996301
1,[1],0.0
2,[2],9020.328357422
