,task,distance
0,[0],2119.83077543
1,[1],0.0
2,[2],3049.0638753538
