,customer,weight,round,length
0,"[19, 20, 102, 50, 55, 51, 52, 53]","[1, 2, 3, 1, 1, 1, 3, 3]",0,3160.2362291220006
1,"[10, 82, 134, 135, 141, 81, 57, 80, 79, 113, 128, 127, 40]","[2, 1, 1, 1, 1, 1, 1, 1, 1, 1, 1, 1, 2]",0,3001.6705792154003
2,"[36, 110, 96, 97, 109, 95, 9, 26]","[5, 3, 1, 1, 1, 1, 1, 2]",0,2220.1925131736
3,"[69, 44, 47, 85, 89, 99, 21, 54, 129, 41]","[1, 1, 1, 2, 1, 2, 1, 3, 2, 1]",1,6728.146172168001
4,"[136, 43, 115, 67, 60, 106, 71, 76, 105, 107, 139, 27]","[2, 1, 1, 1, 1, 1, 1, 3, 1, 1, 1, 1]",1,5007.9726084675
5,"[28, 1, 0, 29, 31, 138, 104, 131, 130, 132, 133, 64, 63, 111]","[1, 1, 1, 1, 1, 2, 1, 1, 1, 1, 1, 1, 1, 1]",1,4163.285000591301
6,"[142, 66, 49, 108, 88, 91, 93, 24, 101]","[2, 1, 1, 1, 1, 1, 1, 1, 1]",2,8666.130322394
7,[],[],2,0.0
8,[],[],2,0.0
