,task,distance
0,"[0, 5, 6]",4501.376118639
1,"[1, 4, 7]",6061.867612311
2,"[2, 3, 6]",4715.826773825
