,customer,weight,round,length
0,"[5, 17, 39, 2, 4, 28, 32, 38, 24, 3]","[1, 6, 1, 1, 1, 1, 1, 1, 1, 1]",0,1946.1371591369998
1,"[32, 40, 21, 14, 18, 0, 20, 29, 30, 19]","[1, 1, 1, 1, 1, 4, 1, 1, 1, 3]",1,1521.0404258810001
