,task,distance
0,[0],2903.762147015
1,[1],0.0
2,[2],2000002423.15434
