,task,distance
0,"[0, 2, 4]",4897.984348957
1,"[1, 3, 5]",8545.3155495573
