,customer,weight,round,length
0,"[45, 46, 2, 64, 74, 48, 38, 6, 41]","[2, 2, 1, 1, 1, 2, 1, 1, 1]",0,4544.6341129529
1,"[47, 66, 35, 49, 9, 67]","[1, 1, 1, 1, 1, 2]",0,3964.354084993
