,customer,weight,round,length
0,"[59, 51]","[11, 4]",0,827.2733401845999
1,[59],[15],0,178.8408465032
2,"[51, 33, 71, 16, 12, 22, 34, 20, 26]","[1, 1, 1, 1, 2, 1, 1, 1, 1]",1,9262.084155045999
3,"[57, 15, 25, 27, 28]","[4, 2, 1, 1, 3]",1,3455.453959884
