,task,distance
0,[0],2213.841817989
1,[1],7967.504983805699
