,customer,weight,round,length
0,[20],[15],0,56.8270419942
1,"[10, 17, 19, 1, 24]","[1, 3, 2, 2, 4]",1,3792.056139944
