,customer,weight,round,length
0,[31],[15],0,1612.761065442
1,"[22, 33, 16, 12, 5]","[2, 1, 3, 2, 1]",1,2123.273167792
