,task,distance
0,[0],5782.665535106001
1,[1],524.602186456
