,task,distance
0,[0],524.602186456
1,[1],5876.4596474592
