,customer,weight,round,length
0,"[64, 20, 74, 67, 41, 69, 56, 58, 54, 35, 57, 59, 3, 65]","[1, 1, 1, 1, 1, 1, 1, 1, 2, 1, 1, 1, 1, 1]",0,2648.30445289
1,"[34, 8, 53, 66, 5, 68, 55, 22, 77, 51, 4, 0]","[1, 1, 1, 2, 1, 1, 1, 1, 2, 1, 2, 1]",0,966.6736913459999
2,"[40, 42, 23, 7, 33, 44, 70, 60, 37, 75, 21, 61, 17]","[1, 2, 1, 1, 1, 1, 1, 1, 2, 1, 1, 1, 1]",0,1358.582017629
3,"[30, 26, 10, 24, 52, 31, 32, 43, 62, 71, 11, 14]","[1, 1, 3, 1, 1, 1, 1, 1, 1, 1, 1, 2]",1,1794.544859312
4,"[78, 6, 63, 12, 2, 50, 15, 73, 9, 49, 16]","[1, 3, 1, 1, 3, 1, 1, 1, 1, 1, 1]",1,2058.557109066
5,"[76, 36, 18, 1, 25, 27, 13, 29, 39, 28, 48, 19]","[1, 1, 1, 1, 1, 1, 2, 1, 1, 2, 2, 1]",1,1736.920848855
6,[],[],2,0.0
7,[],[],2,0.0
8,"[47, 46, 45, 72, 25, 38]","[1, 1, 1, 1, 2, 1]",2,1192.322469666
