,task,distance
0,"[0, 2]",10439.213123148
1,"[1, 3]",5731.581137476
