,customer,weight,round,length
0,"[53, 52, 45, 46, 87, 86, 39, 26, 25, 95]","[2, 1, 1, 1, 1, 2, 1, 1, 4, 1]",0,3064.4966578159997
1,"[78, 54, 48, 65, 72, 82, 64, 63]","[3, 1, 1, 2, 2, 3, 1, 2]",0,3587.8583871930005
2,"[81, 31, 96]","[1, 7, 7]",0,1465.5382169302
3,"[62, 85, 97]","[1, 7, 7]",0,1263.911783581
4,"[38, 28, 20, 21, 29, 40, 88, 75]","[2, 1, 2, 1, 1, 1, 1, 1]",1,3774.8456924760003
5,[],[],1,0.0
6,"[60, 93, 61, 66, 83, 24, 73]","[1, 1, 1, 1, 1, 2, 3]",1,3859.871174634
7,[],[],1,0.0
