,task,distance
0,"[0, 6]",3294.419805163
1,"[1, 7]",4451.137821661
2,"[2, 4]",4583.4249382952
3,"[3, 5]",3321.5750334100003
