,task,distance
0,"[0, 7]",2813.4484257659997
1,"[1, 4]",1730.100345074
2,"[2, 4]",1943.089110185
3,"[3, 5]",3013.127220411
