,customer,weight,round,length
0,"[112, 135, 105, 31, 66, 77, 126, 78, 38, 39, 92, 51, 133]","[1, 2, 1, 1, 1, 1, 1, 1, 1, 1, 2, 1, 1]",0,4862.921094155999
1,"[104, 83, 116, 86, 85, 84, 93, 111, 94, 96, 115, 114, 97, 79]","[2, 1, 1, 1, 1, 1, 1, 1, 1, 1, 1, 1, 1, 1]",1,5381.3612055144
2,"[8, 45, 117, 120, 21, 41, 111, 5]","[1, 1, 1, 2, 1, 1, 1, 7]",2,5452.260961242
3,"[14, 118, 36, 64, 26, 58, 71, 61, 91]","[2, 1, 2, 2, 1, 1, 2, 2, 2]",3,4889.076095775999
4,"[63, 132, 131, 130, 59, 100, 101, 69, 90, 108, 54]","[1, 1, 1, 1, 2, 1, 1, 1, 1, 2, 3]",4,5299.968922207001
5,"[72, 107, 103, 89, 102, 35]","[5, 1, 1, 1, 2, 1]",5,4349.707481508
