,customer,weight,round,length
0,"[107, 81, 99, 9, 71, 61, 22, 80, 49, 125, 25, 124, 122]","[1, 1, 1, 1, 1, 2, 1, 1, 1, 1, 1, 2, 1]",0,3048.9234586120006
1,[],[],0,0.0
2,"[141, 152, 101, 102, 153, 11, 56, 13, 15, 130, 110, 143]","[1, 1, 1, 1, 1, 1, 2, 1, 1, 1, 1, 2]",0,2287.5336696786
3,"[34, 95, 116, 19, 155, 136, 73, 119, 135, 97]","[1, 1, 1, 1, 1, 6, 1, 1, 1, 1]",0,4480.354398669
4,"[51, 91, 147, 64, 26, 40, 66, 113, 67, 139, 84, 114, 111]","[1, 1, 1, 1, 1, 1, 1, 1, 1, 1, 1, 1, 1]",0,2718.299555964
