,task,distance
0,[0],1578.741178356
1,[1],1187.577790084
2,[2],0.0
3,[3],4108.622661354
