,customer,weight,round,length
0,"[89, 131, 132, 157, 154, 55, 70, 178, 92]","[1, 1, 1, 1, 1, 1, 1, 3, 5]",0,7976.954268094
1,"[185, 127, 190, 139, 103, 144, 133, 178, 182, 79, 153, 54, 117]","[1, 1, 1, 1, 1, 1, 1, 3, 1, 1, 1, 1, 1]",1,9037.370996032998
2,"[167, 145, 151, 99, 104, 115, 183, 69, 101, 191, 126, 111, 98, 158]","[1, 1, 1, 1, 1, 1, 1, 1, 1, 2, 1, 1, 1, 1]",2,7311.678207126
3,"[160, 68, 14, 10, 114, 9, 94, 47, 71, 59, 162, 161, 105, 181, 165]","[1, 1, 1, 1, 1, 1, 1, 1, 1, 1, 1, 1, 1, 1, 1]",3,5868.3721554607
4,"[123, 198, 164]","[1, 12, 2]",4,6125.245931547
5,[164],[9],5,5441.51580882
