,task,distance
0,[0],333.851031488
1,[1],395.256099954
