,customer,weight,round,length
0,[],[],0,0.0
1,[],[],0,0.0
2,"[61, 52, 26, 12, 28, 29, 30, 54, 57]","[1, 1, 1, 1, 1, 1, 2, 1, 1]",0,1786.5154680578999
3,"[11, 64, 40, 41, 36, 18, 17, 34, 53, 24, 62]","[1, 1, 2, 1, 2, 1, 1, 1, 1, 1, 1]",0,4864.4070730068
