,task,distance
0,[0],0.0
1,[1],0.0
2,[2],1786.5154680579
3,[3],4864.4070730068
