,customer,weight,round,length
0,[],[],0,0.0
1,"[116, 79]","[3, 2]",0,1797.208240943
2,"[12, 7]","[10, 1]",0,547.509921454
3,"[75, 37, 93, 94, 130, 98, 101]","[2, 1, 1, 1, 8, 1, 1]",0,6963.198938627001
