,task,distance
0,[0],1319.8493710793
1,[1],0.0
2,[2],2134.30724253
