,customer,weight,round,length
0,"[47, 9, 5, 46, 40, 32, 18, 15, 27, 22, 51, 26, 25]","[1, 1, 1, 1, 1, 1, 1, 3, 1, 1, 1, 1, 1]",0,3722.5507376163005
1,"[4, 15, 42, 11, 44]","[1, 7, 2, 1, 4]",1,2773.723045953
2,"[16, 43, 41, 50, 19, 3, 4]","[1, 1, 1, 1, 1, 1, 2]",2,2780.852761696
