,customer,weight,round,length
0,"[41, 37, 42, 40, 25]","[1, 4, 1, 2, 4]",0,1335.6404362661
1,[],[],0,0.0
2,"[64, 33, 20, 34, 53, 35, 18, 36]","[1, 1, 1, 1, 1, 1, 1, 2]",0,1962.5374585867999
3,[],[],0,0.0
4,[],[],0,0.0
