,task,distance
0,[0],1335.6404362661
1,[1],0.0
2,[2],1962.5374585868
3,[3],0.0
4,[4],0.0
