,customer,weight,round,length
0,"[7, 49, 51, 19, 112, 24, 22, 56, 74, 64, 17, 29]","[1, 1, 1, 2, 1, 1, 1, 1, 1, 2, 2, 1]",0,29095.318094267997
1,"[33, 27, 89, 90, 20, 103, 5, 18, 79, 80]","[1, 2, 1, 1, 1, 3, 1, 2, 2, 1]",1,4029.9626789029994
2,[44],[1],2,2000000000.0
