,customer,weight,round,length
0,"[18, 25, 73, 4, 74, 76, 77, 78, 75, 26]","[3, 1, 2, 1, 1, 1, 1, 1, 1, 3]",0,2750.6552841182006
1,"[32, 69, 68, 67, 24, 66, 65, 45, 23, 46, 31, 47, 49, 79, 22]","[1, 1, 1, 1, 1, 1, 1, 1, 1, 1, 1, 1, 1, 1, 1]",0,3632.9166398992998
2,"[16, 6, 5, 13, 12, 9, 8, 63, 10, 7, 19]","[1, 1, 2, 1, 1, 2, 1, 1, 3, 1, 1]",0,3428.8895976249996
3,"[11, 62, 28, 1, 50, 58, 51, 52, 0, 56]","[1, 1, 1, 1, 1, 1, 1, 1, 1, 1]",0,2449.2808658709996
