,task,distance
0,[0],0.0
1,[1],0.0
2,[2],6775.752935405
3,[3],0.0
4,[4],3636.584921961001
