,customer,weight,round,length
0,"[81, 16, 60, 63, 62, 57, 49, 8, 15, 56, 22, 20]","[1, 1, 1, 1, 2, 1, 3, 1, 1, 1, 1, 1]",0,4662.720066779099
1,"[41, 67, 27, 3, 51, 64]","[2, 1, 2, 4, 1, 1]",0,2650.1684526139998
