,task,distance
0,[0],2908.0088166519995
1,[1],2123.987839277
