,task,distance
0,[0],111.1216865952
1,[1],0.0
2,[2],10339.7704553016
3,[3],0.0
