,task,distance
0,[0],0.0
1,[1],8328.035256185
2,[2],0.0
3,[3],161.024658093
