,customer,weight,round,length
0,"[37, 30, 31]","[3, 1, 3]",0,950.880112547
1,"[32, 42, 16, 1, 34]","[5, 1, 1, 4, 1]",0,2709.8447222981
