,customer,weight,round,length
0,[10],[15],0,9711.98513226
1,"[31, 29, 5, 41, 17, 40, 18]","[3, 1, 2, 1, 2, 1, 1]",0,3948.3070084190003
