,task,distance
0,[0],950.880112547
1,[1],2709.8447222981
