,customer,weight,round,length
0,"[102, 103, 104, 125, 124, 123]","[1, 1, 1, 1, 1, 1]",0,1243.427764226
1,"[35, 94, 66, 93, 92, 3, 121, 0, 67, 98]","[1, 1, 1, 1, 1, 1, 3, 1, 2, 2]",0,2461.130319406
2,"[99, 37, 38, 88, 54, 53, 135, 136, 100]","[1, 2, 1, 1, 2, 2, 1, 1, 1]",0,1971.0943100251998
3,"[61, 31, 70, 69, 68, 106, 105]","[3, 5, 3, 1, 1, 1, 1]",0,3806.99006581
