,customer,weight,round,length
0,"[62, 63, 108, 137, 139, 64, 120, 44]","[1, 2, 3, 2, 2, 2, 1, 2]",0,3191.0649525540002
1,"[82, 56, 131, 87, 55, 65, 122, 61, 116]","[2, 1, 1, 1, 3, 2, 2, 2, 1]",0,8111.491348276999
2,"[119, 114, 112, 129, 78, 113]","[1, 2, 4, 1, 4, 3]",0,1998.4428902979998
3,"[74, 73, 90, 50, 111, 110, 43, 51]","[1, 1, 1, 2, 2, 2, 5, 1]",0,2606.8024960804005
4,[],[],1,0.0
5,[],[],1,0.0
6,[77],[1],1,3691.28047386
7,[],[],1,0.0
