,task,distance
0,[0],592.534046844
1,[1],2638.1635079748003
