,customer,weight,round,length
0,"[103, 106, 204, 4, 213, 210, 215, 91]","[2, 1, 1, 1, 1, 1, 1, 2]",0,3841.630303817
1,[],[],0,0.0
2,"[150, 176, 178, 101, 96, 64, 84]","[1, 1, 1, 1, 2, 1, 1]",0,2661.86895506
