,task,distance
0,[0],0.0
1,[1],3151.814947834
2,[2],3503.473351271
