,task,distance
0,[0],0.0
1,[1],0.0
2,[2],0.0
3,[3],2719.91264648
4,[4],260.993680116
