,customer,weight,round,length
0,"[110, 74, 70, 69, 156]","[1, 2, 1, 1, 2]",0,2432.944546714
1,[],[],0,0.0
2,"[77, 157, 32, 144, 128, 83, 4, 103, 42, 34, 122, 37, 11, 109]","[1, 1, 1, 1, 1, 1, 1, 2, 1, 1, 1, 1, 1, 1]",0,12464.268225833
3,"[50, 41, 14, 92, 102, 87, 93, 152, 121, 57, 27]","[1, 1, 1, 1, 1, 1, 3, 3, 1, 1, 1]",0,11407.305184988998
