,task,distance
0,[0],2432.944546714
1,[1],0.0
2,[2],12464.268225833
3,[3],11407.305184988998
