,task,distance
0,[0],12038.464635414
1,[1],2617.0454367897
2,[2],4998.715909971001
3,[3],2081.2227629606
