,task,distance
0,"[0, 2]",2256.1304265925
1,"[1, 3]",3848.609344424
