,customer,weight,round,length
0,[2],[15],0,162.20905308
1,[],[],0,0.0
2,"[2, 11, 15, 14]","[12, 1, 1, 1]",0,944.638870846
