,customer,weight,round,length
0,[],[],0,0.0
1,"[12, 9, 0]","[1, 1, 12]",0,3514.251161238
2,[5],[12],0,248.148018988
