,task,distance
0,[0],2503.2328202750004
1,[1],4176.9557537614
2,[2],0.0
