,customer,weight,round,length
0,[],[],0,0.0
1,"[81, 80, 79, 55]","[1, 1, 1, 1]",0,567.9296759484
2,"[31, 83, 84, 57, 86, 107, 85, 108, 82, 37, 29, 32]","[1, 1, 1, 1, 1, 1, 1, 1, 1, 2, 1, 1]",0,1832.1681584563999
