,customer,weight,round,length
0,[],[],0,0.0
1,"[79, 80, 31, 30, 76, 115, 64, 25, 14, 98]","[1, 1, 1, 1, 1, 1, 3, 1, 1, 1]",0,4084.3542410517
2,"[79, 80, 81, 57, 38, 60, 45, 50, 28]","[1, 1, 1, 1, 1, 1, 1, 3, 2]",0,3849.4617312506
