,customer,weight,round,length
0,[],[],0,0.0
1,[61],[1],0,184.7284312814
2,[],[],0,0.0
3,"[62, 23, 74]","[2, 2, 1]",0,1830.838152233
