,task,distance
0,[0],2437.2546168427
1,[1],866.2265869467
