,customer,weight,round,length
0,"[122, 163, 164, 170, 120, 118, 35, 55, 73]","[1, 3, 1, 1, 1, 2, 2, 2, 1]",0,3432.6471051277
1,"[66, 85, 37, 48, 103, 175, 154, 135, 40, 157, 116, 167, 129]","[3, 1, 1, 1, 1, 1, 1, 1, 1, 1, 1, 1, 1]",0,16516.504286534502
