,task,distance
0,[0],3432.6471051277
1,[1],16516.504286534502
