,customer,weight,round,length
0,"[2, 9, 14]","[13, 1, 1]",0,1881.775837521
1,"[2, 15, 12, 11, 4]","[7, 1, 1, 1, 5]",1,2746.426457465
2,"[4, 0]","[7, 8]",2,2586.3434884159997
3,"[0, 1]","[4, 11]",3,2390.206800868
4,"[1, 6, 13, 5]","[1, 12, 1, 1]",4,2736.9605342719997
5,[5],[11],5,1276.498177446
