,task,distance
0,[0],0.0
1,[1],917.453508513
2,[2],6397.623088845
