,task,distance
0,"[0, 4, 8, 10]",6958.0725035265
1,"[1, 3, 6, 9]",8801.321473213
2,"[2, 5, 7, 9]",13807.825414097999
