,customer,weight,round,length
0,"[36, 75, 32, 91, 89, 6, 54, 8, 10, 9, 64, 25]","[1, 1, 1, 2, 1, 1, 1, 1, 1, 3, 1, 1]",0,11749.362449606999
1,"[70, 47]","[1, 1]",1,9542.088925562
