,task,distance
0,"[0, 8]",3862.7980037094
1,"[1, 9]",3627.0435056479
2,"[2, 7]",4421.0732833600005
3,"[3, 5]",25136.122252580004
4,"[4, 6]",23263.685985866
