,task,distance
0,"[0, 9]",5076.193189340999
1,"[1, 6]",16505.867126359102
2,"[2, 8]",26607.5033498666
3,"[3, 5]",25735.868739683003
4,"[4, 7]",14479.99793357
