,customer,weight,round,length
0,"[18, 0, 1, 181, 182, 145, 125, 98, 119, 105]","[3, 1, 1, 1, 2, 2, 1, 1, 1, 1]",0,15298.1618151267
1,[121],[2],0,1558.956745538
2,"[61, 37, 157, 11, 131, 38, 13, 185, 174, 186]","[1, 1, 1, 1, 2, 1, 2, 2, 3, 1]",0,25973.597636299
3,[],[],0,0.0
4,"[50, 72, 151, 80, 87, 147, 84]","[2, 1, 2, 1, 2, 1, 1]",0,3269.4116647349997
