,task,distance
0,[0],2831.988133802
1,[1],26505.421224072
2,[2],0.0
3,[3],18566.395186248
4,[4],442.407617056
