,task,distance
0,[0],0.0
1,[1],0.0
2,[2],3289.971628287
3,[3],2842.281616034
4,[4],3189.9075740827
