,task,distance
0,[0],12511.519992752
1,[1],19391.0903166758
2,[2],0.0
3,[3],0.0
4,[4],1042.0140071508
