,task,distance
0,"[0, 8]",2759.902001899
1,"[1, 5]",2758.813492664
2,"[2, 7]",1594.906200956
3,"[3, 6]",3178.0572587489996
4,"[4, 7]",1500.0795638200002
