,task,distance
0,[0],0.0
1,[1],1795.788995276
2,[2],0.0
3,[3],1442.861550387
