,customer,weight,round,length
0,"[87, 0, 5, 75, 74, 3, 72, 70, 34, 43, 15, 113]","[1, 1, 1, 1, 1, 2, 1, 1, 3, 1, 1, 1]",0,2979.3831908939997
1,"[39, 106, 1, 88, 45, 9, 7, 58, 29, 56, 30]","[2, 1, 2, 1, 1, 1, 1, 1, 2, 1, 2]",0,2807.7429202440003
2,"[102, 68, 107, 33, 32, 23, 24, 120, 121]","[4, 1, 1, 1, 1, 1, 1, 3, 2]",1,2679.0278479497
3,"[54, 38, 55, 47, 76, 97, 96, 94, 60, 101, 103]","[1, 2, 1, 2, 1, 2, 1, 1, 1, 1, 2]",1,3252.945058974
4,"[109, 84, 59, 116, 93, 95, 86, 35, 37, 36, 82, 81, 121]","[2, 1, 1, 1, 1, 1, 1, 1, 1, 1, 1, 1, 1]",2,4686.905718634001
5,"[117, 22, 77, 79, 51, 118, 52, 99]","[3, 1, 3, 1, 1, 1, 1, 1]",2,2333.918914819
