,customer,weight,round,length
0,[],[],0,0.0
1,"[89, 90, 15, 33, 52, 92, 16, 17, 18, 80]","[5, 1, 2, 1, 1, 1, 1, 1, 1, 1]",0,6607.80730103
2,[],[],0,0.0
3,[],[],0,0.0
4,"[22, 23, 87]","[1, 1, 1]",0,1143.333575402
