,customer,weight,round,length
0,"[63, 15, 69, 9, 16, 66, 102, 106, 104, 103, 59]","[1, 1, 2, 1, 1, 1, 1, 3, 1, 1, 2]",0,6659.3363872305
1,"[75, 44, 46, 18, 95, 71, 38]","[9, 1, 1, 1, 1, 1, 1]",1,8342.215772925001
2,"[23, 74, 41, 90, 87, 20, 19]","[8, 1, 1, 1, 2, 1, 1]",2,7936.443269938998
3,"[73, 30, 77, 4, 3, 80, 83]","[1, 2, 1, 2, 1, 1, 2]",3,7967.744962253001
