,customer,weight,round,length
0,"[96, 59, 11, 65, 57, 102, 66, 64, 15, 63]","[3, 2, 3, 1, 1, 1, 1, 1, 1, 1]",0,2409.9538946779
1,"[97, 103, 12, 104, 105, 106, 16, 8, 49, 9, 99, 69]","[1, 1, 1, 1, 1, 3, 1, 1, 1, 1, 1, 2]",1,6713.8076001911
2,"[38, 95, 107, 48, 91, 44, 52, 75]","[1, 1, 1, 1, 2, 1, 3, 5]",2,8256.758625596
3,"[71, 90]","[1, 1]",3,7226.142808140001
