,customer,weight,round,length
0,"[193, 194, 170, 110, 24, 165, 28, 49, 188, 187, 58, 92, 111, 106]","[1, 1, 1, 1, 1, 1, 1, 1, 1, 1, 2, 1, 1, 1]",0,2000007130.8703723
1,"[86, 85, 82, 115, 119, 116, 121, 109, 104, 142, 99, 173, 127]","[2, 2, 1, 1, 1, 1, 1, 1, 1, 1, 1, 1, 1]",0,2000006963.7271585
2,[],[],1,0.0
3,[58],[5],1,2000000000.0
