,task,distance
0,"[0, 3]",11400.284790700001
1,"[1, 2]",11685.3216532384
