,task,distance
0,"[0, 2]",2000007130.8703723
1,"[1, 3]",4000006963.7271585
