,customer,weight,round,length
0,"[57, 79, 49, 50, 29]","[10, 1, 2, 1, 1]",0,2413.780667844
1,"[98, 102, 2, 1, 7, 6, 64, 48, 75, 55, 56, 54]","[1, 1, 1, 1, 1, 1, 1, 1, 1, 1, 2, 3]",0,5249.575684463001
2,[],[],1,0.0
3,"[7, 24]","[4, 1]",1,4372.115266289999
