,customer,weight,round,length
0,"[120, 134, 38, 87, 37, 36, 35, 48, 25, 72, 128, 91, 40]","[1, 1, 1, 1, 1, 1, 1, 1, 1, 2, 1, 2, 1]",0,2765.2194422789003
1,"[122, 12, 116, 105, 123, 115, 8, 125, 69, 24, 44, 121]","[1, 1, 1, 2, 1, 1, 1, 2, 2, 1, 1, 1]",0,2701.2282223854
2,"[71, 57, 61, 110, 16, 14, 100, 73, 129, 72]","[1, 1, 1, 1, 1, 2, 1, 1, 3, 1]",1,6130.458715004001
3,"[17, 90, 126]","[1, 2, 3]",1,1561.663846723
