,customer,weight,round,length
0,"[77, 79, 78, 23, 52, 54, 59, 58, 80, 81, 50, 49]","[1, 2, 1, 2, 1, 1, 1, 2, 1, 1, 1, 1]",0,2704.0417538785996
1,"[29, 21, 3, 118, 119, 26, 102, 27, 83, 85, 93, 92, 132]","[1, 2, 1, 1, 1, 1, 1, 1, 1, 1, 1, 2, 1]",0,3342.961715047
2,"[103, 53, 56, 75, 76]","[2, 1, 1, 1, 2]",1,2088.107113085
3,"[19, 101, 107, 97, 63, 74, 22, 66, 82]","[1, 1, 3, 1, 1, 1, 1, 1, 1]",1,6143.301204138999
