,task,distance
0,"[0, 3]",4326.8832890019
1,"[1, 2]",8831.6869373894
