,customer,weight,round,length
0,"[39, 78, 77, 31, 105, 135, 38]","[1, 1, 1, 1, 1, 2, 1]",0,2766.6454355429996
1,"[92, 96, 112, 115, 114, 8, 51, 133]","[2, 1, 1, 1, 1, 1, 1, 1]",0,3357.249802328
2,[],[],0,0.0
