,customer,weight,round,length
0,"[5, 14, 54, 108]","[7, 2, 3, 2]",0,1529.9735593028
1,[],[],0,0.0
2,"[111, 93, 94, 126, 59, 130, 132, 85, 84, 21, 41]","[2, 1, 1, 1, 2, 1, 1, 1, 1, 1, 1]",0,6801.57627648
