,task,distance
0,[0],1529.9735593028
1,[1],0.0
2,[2],6801.57627648
