,task,distance
0,[0],0.0
1,[1],6656.779632249
2,[2],1274.168170044
