,customer,weight,round,length
0,"[33, 42, 55, 56, 68, 50]","[3, 1, 1, 6, 1, 1]",0,4780.952640074
1,"[7, 10, 29, 0, 1, 25, 24, 13]","[1, 1, 2, 1, 1, 1, 1, 3]",0,4069.268099696
2,[],[],0,0.0
