,customer,weight,round,length
0,[0],[15],0,2896.03164998
1,"[2, 0]","[7, 8]",0,7918.56726346
2,[2],[15],0,7596.05809596
