,customer,weight,round,length
0,"[15, 19, 25]","[10, 1, 1]",0,1846.7307876336997
1,"[5, 42, 50, 40, 32]","[1, 2, 1, 1, 1]",0,2352.125725244
