,customer,weight,round,length
0,"[172, 130, 128, 131, 8, 173, 7, 29, 169, 58, 25, 144]","[1, 1, 1, 1, 1, 1, 1, 1, 1, 1, 2, 3]",0,3656.1379078364
1,"[7, 19, 20, 87, 18, 126, 88, 26, 28]","[1, 1, 1, 5, 1, 1, 2, 1, 2]",1,4491.439970914501
2,"[217, 205, 190, 189, 111, 70, 210, 147, 53, 54, 219, 95]","[1, 2, 1, 1, 1, 2, 2, 1, 1, 1, 1, 1]",2,6698.110159588
3,"[11, 38, 65, 110]","[1, 2, 1, 1]",3,6862.297285165
