,customer,weight,round,length
0,"[10, 79, 71, 31, 37, 53, 85, 56]","[1, 1, 2, 1, 1, 2, 6, 1]",0,4008.1720679770006
1,"[21, 13, 6]","[1, 5, 2]",0,1487.25677894
2,[],[],0,0.0
3,"[10, 11]","[1, 6]",0,439.25289456
4,[],[],0,0.0
