,customer,weight,round,length
0,"[34, 66, 25, 29, 23, 9, 57, 19, 5, 68, 50]","[2, 2, 1, 1, 1, 1, 1, 1, 1, 1, 2]",0,8395.057286082001
1,"[40, 11, 75, 2]","[1, 1, 12, 1]",0,6850.540683929
2,"[47, 48, 63]","[3, 9, 3]",0,3239.8376125649997
