,customer,weight,round,length
0,"[45, 44, 48, 47]","[2, 1, 9, 3]",0,3123.049710116
1,"[73, 71, 1, 2, 74, 50, 42, 63, 64, 34]","[1, 1, 1, 1, 1, 2, 1, 3, 1, 2]",0,6052.752985745899
2,"[66, 32, 17, 40]","[2, 1, 11, 1]",0,3016.7258668580002
