,task,distance
0,[0],3123.049710116
1,[1],6052.752985745899
2,[2],3016.725866858
