,task,distance
0,[0],5590.603938017
1,[1],2426.73562542
2,[2],8590.063175196901
