,customer,weight,round,length
0,[77],[1],0,974.826270192
1,"[74, 81, 94, 31, 51, 107, 65, 25, 5, 35]","[1, 2, 1, 1, 1, 1, 2, 1, 1, 1]",0,13338.779756711
2,[],[],0,0.0
3,[],[],0,0.0
