,customer,weight,round,length
0,"[129, 130]","[1, 1]",0,624.058180014
1,"[81, 102, 80, 21, 162, 116, 74, 75, 113, 49, 40, 146, 33, 34, 37]","[1, 1, 1, 1, 1, 1, 1, 1, 1, 1, 1, 1, 1, 1, 1]",0,3470.3446859497994
2,"[204, 163, 177, 138, 82, 66, 132, 48, 50, 164, 77, 165, 166, 167, 128]","[1, 1, 1, 1, 1, 1, 1, 1, 1, 1, 1, 1, 1, 1, 1]",0,4813.422638145
