,customer,weight,round,length
0,"[204, 163, 149, 66, 82, 173, 23]","[1, 1, 1, 1, 1, 1, 1]",0,3663.443096062
1,"[160, 51, 58, 60, 61, 179, 50, 165, 166, 102]","[1, 1, 3, 2, 2, 2, 1, 1, 1, 1]",0,6160.7027402369995
2,"[75, 113, 147, 146, 41, 185, 87, 200, 55, 123, 6, 97, 9, 189, 80]","[1, 1, 1, 1, 1, 1, 1, 1, 1, 1, 1, 1, 1, 1, 1]",0,11637.67418275
