,customer,weight,round,length
0,"[10, 192, 55, 122, 123, 120, 108, 185, 184, 41, 43, 195, 196, 200]","[1, 1, 1, 1, 1, 1, 1, 1, 1, 1, 1, 1, 1, 1]",0,7614.860669924701
1,"[85, 87, 194, 110]","[1, 1, 1, 1]",0,1532.119580155
2,"[6, 7, 9, 31, 98, 97, 175, 131, 63, 157, 42, 147, 145, 94]","[1, 1, 1, 1, 2, 1, 1, 1, 1, 1, 1, 1, 1, 1]",0,11726.666490868996
