,customer,weight,round,length
0,"[61, 179, 45, 117, 44, 111, 190, 189, 187, 148]","[2, 2, 1, 1, 4, 1, 1, 1, 1, 1]",0,6265.825944006
1,"[58, 182, 183, 180, 59, 60, 62]","[3, 2, 1, 1, 1, 2, 5]",0,1353.1010956832
2,"[57, 99, 141, 139, 154, 153, 173, 23, 160, 51, 52, 1]","[1, 1, 2, 1, 1, 1, 1, 1, 1, 1, 2, 2]",0,6032.4529540963
3,[],[],1,0.0
4,[],[],1,0.0
5,"[149, 79, 84, 174]","[1, 1, 1, 1]",1,6552.695066461
