,customer,weight,round,length
0,"[77, 78, 26, 9, 3, 4, 76, 10, 68, 12]","[1, 2, 3, 3, 1, 1, 1, 1, 1, 1]",0,2114.4655200108
1,"[62, 53, 21, 64, 20, 65, 25, 24, 75]","[1, 1, 1, 1, 1, 1, 3, 2, 1]",1,6717.723914673799
