,customer,weight,round,length
0,"[95, 94, 214, 165, 97, 149, 24, 115, 157, 21, 22, 128]","[1, 1, 2, 1, 1, 1, 1, 2, 1, 2, 1, 1]",0,2000003475.2056646
1,"[181, 131, 219, 218, 67, 69, 192, 194, 143, 72, 82, 28]","[1, 2, 1, 2, 1, 1, 1, 1, 1, 1, 1, 1]",0,2000007851.4494436
