,customer,weight,round,length
0,"[90, 86, 206, 205, 178, 180, 106]","[7, 2, 1, 1, 1, 1, 2]",0,15900.067299328999
1,"[114, 17, 148, 47, 193, 71, 40, 147]","[1, 1, 3, 1, 3, 3, 1, 2]",0,4594.624331198
2,"[152, 153, 81, 100, 167, 116, 96, 117]","[3, 1, 3, 1, 3, 1, 2, 1]",1,5471.567979136999
3,[52],[1],1,2000000000.0
