,task,distance
0,"[0, 3]",4471.5255821008
1,"[1, 2]",7199.302278827
