,customer,weight,round,length
0,[9],[15],0,2607.28494992
1,"[1, 10, 11, 9]","[3, 4, 1, 4]",0,2063.658746325
2,"[3, 2, 4, 6]","[8, 1, 5, 1]",0,1867.765365587
3,"[4, 5, 7, 0, 8]","[3, 4, 1, 3, 4]",0,1590.0653067459998
