,task,distance
0,[0],716.988631098
1,[1],5604.475657221999
2,[2],865.1241614731001
3,[3],751.2390590912
