,task,distance
0,[0],2607.28494992
1,[1],2063.658746325
2,[2],1867.765365587
3,[3],1590.0653067459998
