,customer,weight,round,length
0,"[66, 30, 96, 97]","[1, 1, 2, 2]",0,1281.097749258
1,"[102, 43, 100, 99, 47, 34, 32]","[1, 3, 1, 2, 1, 1, 1]",0,1894.1834598066
2,[],[],0,0.0
3,[],[],0,0.0
