,customer,weight,round,length
0,[],[],0,0.0
1,[],[],0,0.0
2,"[114, 91, 29, 98, 111, 44, 26]","[1, 1, 1, 1, 1, 3, 3]",0,3453.0994751788
3,"[110, 116, 115]","[1, 1, 7]",0,674.6094929272999
