,task,distance
0,[0],691.836577312
1,[1],4514.095017025999
2,[2],4230.8414702266
3,[3],0.0
