,customer,weight,round,length
0,"[15, 48, 18, 11, 71, 35, 40, 23, 26, 90, 79, 84, 4, 57, 58]","[1, 1, 1, 1, 1, 1, 1, 1, 1, 1, 1, 1, 1, 1, 1]",0,3657.1743663272005
1,[69],[5],0,215.205540856
2,[70],[1],0,82.594177602
3,[],[],0,0.0
4,[],[],0,0.0
