,customer,weight,round,length
0,"[76, 38]","[3, 8]",0,261.60762831
1,[],[],0,0.0
2,"[93, 27]","[5, 1]",0,1223.195496494
3,"[39, 54, 56, 49, 83, 50, 17, 91, 87, 46]","[2, 1, 1, 4, 1, 1, 2, 1, 1, 1]",0,4573.740955281
4,"[41, 24, 45]","[3, 9, 1]",0,1218.8973102818
