,customer,weight,round,length
0,"[25, 18, 28, 13, 16]","[8, 3, 1, 2, 1]",0,9460.8366886563
1,[25],[9],0,54.9924736466
