,task,distance
0,[0],9460.8366886563
1,[1],54.9924736466
