,task,distance
0,"[0, 3]",5758.728867241
1,"[1, 2]",6303.308522639201
