,customer,weight,round,length
0,[32],[7],0,7048.19407438
1,[],[],0,0.0
2,"[18, 32, 24, 19]","[3, 10, 1, 1]",0,8016.015126038
3,[],[],0,0.0
4,[],[],0,0.0
