,task,distance
0,"[0, 3]",2000000512.1940181
1,"[1, 2]",2000002667.058492
