,customer,weight,round,length
0,"[64, 1]","[5, 1]",0,411.79267144
1,[],[],0,0.0
2,"[62, 18, 79, 32, 31, 3, 58, 48, 74, 73, 69, 68]","[1, 2, 2, 1, 1, 1, 1, 2, 1, 1, 1, 1]",0,3701.8781317814996
3,[],[],0,0.0
4,[],[],0,0.0
