,task,distance
0,[0],898.076769486
1,[1],0.0
2,[2],0.0
3,[3],2685.8153420314
4,[4],0.0
