,customer,weight,round,length
0,[],[],0,0.0
1,"[51, 48, 19, 113, 111, 185, 186, 149, 148, 15, 95, 146]","[2, 1, 1, 2, 1, 1, 2, 1, 1, 1, 1, 1]",0,2744.1551506545
2,[],[],0,0.0
3,"[53, 26, 120]","[1, 3, 2]",0,1092.6401296489998
