,customer,weight,round,length
0,[],[],0,0.0
1,[],[],0,0.0
2,"[29, 142]","[1, 2]",0,1937.416922294
3,"[81, 186, 148, 113, 39, 44, 126, 117, 22, 132, 64, 28, 31]","[1, 2, 1, 2, 1, 1, 1, 1, 1, 1, 1, 1, 1]",0,9146.412953416
