,task,distance
0,[0],1055.4672626256
1,[1],3532.2314706319
2,[2],0.0
3,[3],0.0
