,customer,weight,round,length
0,"[25, 19, 56, 57]","[2, 1, 1, 1]",0,597.9873053121
1,[],[],0,0.0
2,"[48, 20, 28, 29, 27, 26]","[2, 2, 2, 2, 3, 2]",0,1112.7585773967999
3,[],[],0,0.0
