,task,distance
0,[0],2209.67784439
1,[1],0.0
2,[2],154.5706559014
3,[3],0.0
