,customer,weight,round,length
0,"[2, 8, 73, 56, 71, 24, 75, 65]","[1, 1, 1, 1, 1, 4, 1, 3]",0,2947.342821795
1,"[6, 11, 68, 70]","[1, 1, 1, 1]",0,1416.284073925
