,customer,weight,round,length
0,"[24, 54, 69, 5, 67, 18, 21, 55, 50, 57, 25]","[4, 1, 1, 2, 1, 1, 1, 1, 1, 1, 1]",0,4824.6798660938
1,[24],[15],0,198.8675111956
2,[],[],1,0.0
3,[45],[1],1,990.98025387
