,task,distance
0,"[0, 2]",10577.1624217057
1,"[1, 3]",5957.040561687999
