,customer,weight,round,length
0,"[84, 29, 53, 11, 39]","[3, 2, 2, 3, 1]",0,2615.7880881779997
1,[],[],0,0.0
2,[],[],0,0.0
3,[],[],0,0.0
4,"[83, 58, 18, 64, 15, 38]","[4, 1, 2, 5, 2, 1]",0,4604.418113379001
