,customer,weight,round,length
0,[],[],0,0.0
1,"[104, 35, 24, 64, 117, 37, 26, 96]","[1, 2, 2, 1, 1, 1, 1, 2]",0,6845.369136985
2,"[60, 48, 76, 111]","[3, 3, 1, 1]",0,1992.173925901
