,task,distance
0,[0],3595.172718229
1,[1],0.0
2,[2],6697.076786978999
