,task,distance
0,[0],5510.1545398323005
1,[1],1477.3701253315
2,[2],0.0
