,customer,weight,round,length
0,"[44, 51, 24, 14, 11, 9, 48]","[1, 4, 1, 5, 1, 2, 1]",0,2446.7695654185004
1,"[30, 76, 22, 50, 26]","[4, 1, 1, 1, 8]",0,2589.9980067922
2,"[44, 85]","[1, 14]",0,1545.234348747
