,customer,weight,round,length
0,[62],[13],0,222.337449834
1,"[90, 47, 59, 61]","[4, 1, 5, 5]",0,439.2161975547
2,"[61, 60, 45, 15, 8, 7, 10, 17]","[1, 6, 1, 1, 1, 1, 1, 1]",0,1210.9130293998999
