,customer,weight,round,length
0,[],[],0,0.0
1,[1],[10],0,332.616067036
2,"[38, 23, 37, 31, 28, 27, 39, 41, 3, 2, 33]","[1, 1, 1, 1, 1, 2, 1, 1, 1, 3, 2]",0,3028.6442827536994
