,customer,weight,round,length
0,"[0, 72, 70, 86]","[4, 1, 1, 1]",0,926.6759313345001
1,"[69, 68, 43, 78, 16, 88, 75, 87, 49]","[1, 3, 1, 1, 5, 1, 1, 1, 1]",0,7068.008638471
2,[],[],0,0.0
