,task,distance
0,[0],926.6759313345
1,[1],7068.008638471
2,[2],0.0
