,customer,weight,round,length
0,"[25, 0]","[8, 5]",0,1630.991395822
1,"[10, 9, 8, 22, 20, 21, 50, 11]","[1, 3, 1, 2, 1, 1, 2, 1]",0,1367.1753520717
2,[],[],0,0.0
3,"[13, 38, 28, 30, 17, 3, 55, 5, 24]","[2, 1, 1, 1, 1, 3, 1, 3, 2]",0,4830.817185054
