,task,distance
0,[0],1370.784515529
1,[1],0.0
2,[2],3162.0081347614
3,[3],2194.82694188
