,task,distance
0,[0],0.0
1,[1],5061.9557735240005
2,[2],3298.109255003
3,[3],0.0
