,customer,weight,round,length
0,"[17, 37, 38, 23]","[1, 1, 2, 1]",0,2070.37863664
1,[],[],0,0.0
2,[29],[12],0,3252.05276408
3,[],[],0,0.0
4,[],[],0,0.0
