,customer,weight,round,length
0,"[87, 82, 77, 29, 78, 117]","[1, 1, 1, 1, 1, 2]",0,1174.3629367727
1,[],[],0,0.0
2,"[175, 90, 74, 92, 41, 95, 81, 80, 116]","[2, 1, 1, 1, 1, 1, 1, 4, 2]",0,2599.341220747
