,task,distance
0,[0],0.0
1,[1],1317.971050529
2,[2],3249.8108138967004
