,task,distance
0,[0],2740.1153313186
1,[1],1261.4048671750002
2,[2],0.0
