,customer,weight,round,length
0,"[8, 25, 24]","[12, 1, 2]",0,2938.160261594
1,"[9, 34, 50]","[12, 2, 1]",0,2322.9460169530003
2,"[54, 53, 56, 22, 38, 37, 45, 36, 19, 10, 49]","[1, 1, 1, 1, 1, 1, 1, 1, 3, 3, 1]",0,2442.4032015800003
3,"[51, 32, 28, 29, 44]","[2, 2, 1, 1, 2]",1,2192.260601496
4,"[18, 12, 11, 35, 13, 33, 40, 41]","[1, 1, 1, 3, 1, 1, 3, 1]",1,2866.4456637164003
5,[],[],1,0.0
