,task,distance
0,"[0, 5]",5241.2931245380005
1,"[1, 4]",2891.8186956520003
2,"[2, 3]",4632.710585328
