,customer,weight,round,length
0,[],[],0,0.0
1,"[181, 136, 28, 86, 66, 60, 5]","[1, 1, 1, 2, 1, 1, 1]",0,10982.631954012999
2,[],[],0,0.0
3,[],[],0,0.0
4,"[102, 100, 117, 158, 157, 220, 97, 16, 114, 214, 112, 47]","[1, 1, 1, 1, 1, 2, 1, 2, 1, 2, 1, 1]",0,8988.528418326001
