,task,distance
0,[0],10390.178951438
1,[1],0.0
2,[2],0.0
3,[3],15800.135696780002
4,[4],0.0
