,customer,weight,round,length
0,"[103, 104, 133, 132, 115, 96, 95, 114, 131, 130, 106, 84, 123, 124, 125]","[1, 1, 1, 1, 1, 1, 1, 1, 1, 1, 1, 1, 1, 1, 1]",0,2582.9077281883
1,"[151, 150, 149, 82, 81, 147, 148, 59, 60, 100, 99, 83]","[2, 1, 1, 1, 1, 1, 2, 2, 1, 1, 1, 1]",0,2119.6363035350005
2,"[126, 127, 80, 78, 89, 128, 105, 111, 110, 109, 108, 107, 102]","[1, 1, 1, 1, 2, 1, 2, 1, 1, 1, 1, 1, 1]",0,2247.5794942402003
3,"[146, 58, 74, 73, 72, 63, 62, 86, 90, 120, 54, 79, 64, 66, 76]","[1, 1, 1, 1, 1, 1, 1, 1, 1, 1, 1, 1, 1, 1, 1]",1,4307.280089752
4,"[139, 85, 141, 142, 116]","[2, 3, 8, 1, 1]",1,2019.879964435
5,"[61, 101, 134, 117, 98, 97, 95, 46, 113, 112, 129]","[1, 2, 2, 1, 3, 1, 1, 1, 1, 1, 1]",1,3444.830318187
6,"[119, 118, 135, 68, 69, 136, 122]","[1, 1, 1, 2, 1, 1, 2]",2,3974.671007900401
7,[],[],2,0.0
8,[],[],2,0.0
