,customer,weight,round,length
0,"[84, 32, 45, 92, 43, 40, 49, 106]","[2, 2, 4, 1, 1, 3, 1, 1]",0,4788.614032472
1,"[86, 37, 39, 36, 95, 68, 66, 102]","[1, 3, 1, 2, 2, 1, 3, 2]",0,5604.8103388340005
2,[],[],0,0.0
3,"[5, 78]","[1, 2]",0,1656.321600674
