,customer,weight,round,length
0,[],[],0,0.0
1,"[84, 60, 69, 3, 5, 72, 87, 66]","[1, 1, 2, 1, 2, 2, 1, 1]",0,3134.7124902359997
2,[],[],0,0.0
3,[97],[1],0,134.2414188478
