,customer,weight,round,length
0,[],[],0,0.0
1,"[91, 55, 34, 30, 53]","[1, 1, 1, 1, 1]",0,3560.4360656269
2,"[99, 73, 61]","[1, 1, 1]",0,841.3193271429999
3,[],[],0,0.0
