,customer,weight,round,length
0,"[13, 64, 45, 56, 30, 14, 0, 65, 63, 21, 39, 20]","[1, 1, 1, 1, 1, 1, 1, 2, 1, 1, 1, 3]",0,2481.33984303
1,"[40, 15, 66, 49, 52, 59, 50, 46, 60, 23, 1]","[3, 1, 1, 2, 1, 1, 1, 2, 1, 1, 1]",1,1591.087553676
2,"[57, 47, 50, 58]","[4, 1, 9, 1]",2,2144.12716629
3,"[38, 42, 16, 61, 48, 2]","[1, 1, 1, 1, 1, 10]",3,1682.123900904
4,"[43, 19]","[1, 3]",4,2452.1829596400003
