,customer,weight,round,length
0,"[63, 65, 9, 81, 85, 103, 101, 108, 112]","[1, 3, 4, 1, 1, 1, 1, 2, 1]",0,3908.787744891
1,"[93, 20, 21, 121, 11, 12, 68, 4, 5]","[1, 1, 1, 1, 1, 2, 1, 1, 6]",1,5719.8671450315005
2,"[123, 35, 143, 129, 147, 135, 72, 44, 126, 51, 52, 48]","[1, 1, 1, 1, 1, 1, 1, 2, 1, 1, 1, 3]",2,6162.7636558780005
3,"[97, 99, 127, 134, 131]","[4, 1, 3, 2, 4]",3,3903.018099248
