,customer,weight,round,length
0,"[45, 55, 32, 53]","[1, 1, 3, 1]",0,2123.434450691
1,[40],[9],0,254.44492968
2,[],[],0,0.0
3,"[40, 70, 69, 41, 68]","[9, 2, 1, 1, 1]",0,5220.128418437001
4,"[39, 29, 59, 12, 21, 33, 13]","[1, 1, 1, 1, 1, 6, 4]",0,6185.913668119
