,customer,weight,round,length
0,"[42, 82, 83, 4, 95, 94, 8]","[1, 1, 1, 1, 2, 2, 7]",0,6960.427974326999
1,"[34, 36, 71, 33, 90, 30, 52, 89]","[7, 1, 1, 1, 1, 1, 2, 1]",0,10484.399666877
2,[79],[15],1,1565.266630058
3,[79],[7],1,1565.266630058
