,customer,weight,round,length
0,[34],[15],0,639.406900134
1,"[79, 50, 94, 34]","[6, 1, 2, 6]",0,5559.2499818119995
2,[8],[7],1,4638.16360128
3,"[71, 70, 10, 77, 32, 64, 85, 4, 44, 42]","[1, 1, 1, 1, 1, 1, 2, 1, 1, 1]",1,7984.6712486510005
