,customer,weight,round,length
0,[52],[2],0,299.200436064
1,"[26, 27, 57, 23, 24, 20, 30, 19, 90, 33, 11, 61, 31, 97, 89]","[1, 1, 1, 1, 1, 1, 1, 1, 1, 1, 1, 1, 1, 1, 1]",0,7860.4855461772
