,task,distance
0,"[0, 2]",4544.252327009
1,"[1, 3]",12186.529009599
