,task,distance
0,[0],299.200436064
1,[1],7860.4855461772
