,customer,weight,round,length
0,"[14, 0, 4, 8]","[1, 1, 12, 1]",0,1383.781046699
1,"[7, 5, 1]","[1, 1, 13]",0,1409.025566143
2,"[13, 19, 10, 11, 12, 2, 6, 15, 9, 21]","[1, 1, 3, 1, 3, 1, 1, 2, 1, 1]",0,1587.439598122
3,"[20, 3, 18]","[2, 12, 1]",0,1779.378186193
4,"[17, 16]","[1, 12]",1,2056.0823955610003
5,[],[],1,0.0
6,[],[],1,0.0
7,[],[],1,0.0
