,customer,weight,round,length
0,[],[],0,0.0
1,[],[],0,0.0
2,"[77, 9, 11, 34, 88, 89, 147, 121, 73]","[1, 1, 1, 2, 1, 1, 1, 2, 2]",0,2346.170387204
3,"[0, 98, 7, 97, 100, 99, 21]","[1, 1, 1, 1, 1, 1, 1]",0,1934.639334819
