,task,distance
0,[0],0.0
1,[1],0.0
2,[2],2346.170387204
3,[3],1934.639334819
