,task,distance
0,[0],796.6337007129999
1,[1],0.0
2,[2],5421.6209151032
3,[3],0.0
