,customer,weight,round,length
0,"[27, 16, 17, 26, 135, 128, 151, 83, 123, 125, 120, 58, 149]","[1, 1, 1, 1, 1, 1, 1, 1, 2, 2, 1, 1, 1]",0,2000008722.6100783
1,"[32, 57, 9, 25, 24, 106, 53, 21, 211]","[2, 1, 1, 1, 2, 2, 2, 1, 3]",0,2000005642.1143851
2,[],[],1,0.0
3,"[113, 115, 114, 46, 60, 174, 182]","[1, 2, 1, 1, 1, 1, 1]",1,2000003716.5344338
