,customer,weight,round,length
0,"[126, 114, 115, 113, 123, 172, 171, 112, 184, 211]","[1, 1, 2, 1, 2, 1, 1, 2, 1, 3]",0,2000006357.1582417
1,"[186, 135, 151, 149, 174, 0, 182, 148, 140]","[6, 1, 1, 1, 1, 1, 1, 1, 2]",0,2000003917.780016
2,"[45, 186]","[1, 14]",1,2000002105.9707015
3,"[42, 44, 106, 54, 21, 31, 32, 27]","[1, 1, 2, 2, 1, 2, 2, 1]",1,2000009228.3856592
