,customer,weight,round,length
0,"[125, 81, 82, 83, 26, 16, 17, 85, 175, 128]","[2, 1, 1, 1, 1, 5, 1, 1, 1, 1]",0,3859.3461847099998
1,"[193, 150, 58, 64, 1, 24, 25, 100, 121, 120, 101]","[1, 1, 1, 1, 2, 2, 1, 2, 2, 1, 1]",0,4764.689175855199
2,"[46, 60, 79, 9, 10, 53, 56, 57]","[1, 1, 1, 1, 1, 2, 1, 1]",1,7242.798713885999
3,[],[],1,0.0
