,customer,weight,round,length
0,[12],[1],0,153.8787718894
1,"[22, 23, 13]","[2, 1, 2]",0,385.51438010969997
2,[],[],0,0.0
