,task,distance
0,[0],1920.813416336
1,[1],3554.757596389
