,task,distance
0,[0],0.0
1,[1],3467.091255107
2,[2],5799.538058097
3,[3],9408.799477873998
4,[4],0.0
