,customer,weight,round,length
0,"[18, 79, 148, 149, 87, 11, 168, 38, 176, 175]","[3, 1, 1, 1, 2, 1, 2, 1, 1, 2]",0,20076.896620218
1,"[59, 192, 191, 123, 124, 108, 109, 58]","[2, 2, 3, 1, 1, 1, 1, 3]",0,2172.191864328
2,"[144, 3, 2, 139, 181, 17, 138, 113, 52, 14]","[1, 2, 1, 1, 1, 1, 1, 2, 2, 2]",0,4476.4669282766
3,"[146, 114, 115, 183, 145, 141, 182, 142]","[2, 1, 2, 1, 2, 1, 2, 1]",0,1395.54799789
