,customer,weight,round,length
0,"[51, 107, 134, 54, 101, 189, 160, 71, 10]","[1, 2, 3, 1, 2, 2, 1, 2, 1]",0,20895.814377697
1,"[3, 2, 139, 113, 129, 80, 79, 122, 154, 151, 68, 123, 142]","[2, 1, 1, 1, 1, 1, 1, 2, 1, 1, 1, 1, 1]",1,16941.702992750103
2,"[191, 108, 110, 16, 90, 52]","[3, 1, 1, 2, 2, 2]",2,16251.216865176
