,customer,weight,round,length
0,"[97, 95, 11, 68]","[1, 1, 1, 1]",0,2653.3171838878
1,[],[],0,0.0
2,[],[],0,0.0
3,[],[],0,0.0
4,"[75, 106, 53, 41, 19, 88, 87, 3, 51, 0, 76, 77]","[2, 2, 1, 2, 1, 1, 1, 1, 1, 1, 1, 1]",0,8584.165903114
