,customer,weight,round,length
0,[],[],0,0.0
1,"[94, 66, 65, 0, 60, 59, 87, 88, 17, 19, 20, 18]","[1, 1, 1, 1, 1, 1, 1, 1, 2, 1, 1, 2]",0,1865.6600900584003
2,"[3, 4, 2, 22]","[1, 1, 1, 1]",0,2624.575807849
3,[],[],0,0.0
4,[],[],0,0.0
