,task,distance
0,[0],0.0
1,[1],5044.196522148
2,[2],1421.529704731
3,[3],0.0
4,[4],0.0
