,customer,weight,round,length
0,"[50, 41, 84, 82, 81, 44, 95, 52, 32, 64, 36, 34]","[1, 1, 1, 1, 1, 1, 2, 2, 1, 1, 1, 2]",0,11605.042341181
1,[79],[15],1,1565.266630058
