,task,distance
0,[0],1758.464615687
1,[1],1863.535280221
2,[2],1527.3389777852
3,[3],5963.840602022799
4,[4],1338.872441446
