,task,distance
0,"[0, 4]",5528.301096549099
1,"[1, 6]",3152.3698498844997
2,"[2, 7]",2570.0417180761
3,"[3, 5]",3146.9633577934
