,customer,weight,round,length
0,"[4, 141, 67, 9, 3, 95, 73, 100, 83, 210, 212, 176, 175]","[1, 1, 1, 1, 2, 1, 1, 1, 1, 2, 1, 1, 1]",0,9395.795133678
1,"[203, 165, 6, 80, 196, 110, 132, 153]","[2, 1, 1, 1, 2, 1, 1, 1]",0,4861.184816102999
2,[16],[1],0,260.648696736
3,"[59, 57, 120, 33, 182, 136, 135]","[1, 1, 1, 2, 1, 1, 1]",0,3048.4287951127
