,task,distance
0,[0],9395.795133678
1,[1],4861.184816102999
2,[2],260.648696736
3,[3],3048.4287951127
