,task,distance
0,[0],543.3778242367
1,[1],0.0
2,[2],0.0
3,[3],120.7192536258
4,[4],4305.412621604401
