,task,distance
0,[0],0.0
1,[1],0.0
2,[2],1949.679446614
3,[3],0.0
4,[4],3643.397491201
