,customer,weight,round,length
0,"[6, 121, 60, 61, 160, 37, 111, 71, 157, 163, 164]","[1, 2, 1, 1, 1, 1, 2, 2, 1, 2, 1]",0,12511.519992751999
1,"[38, 171, 65, 0, 19, 129, 155, 87, 86, 49]","[1, 1, 3, 1, 1, 1, 1, 2, 1, 3]",0,19391.0903166758
2,"[169, 10, 168, 11, 12, 131]","[1, 1, 2, 1, 1, 2]",0,1042.0140071508
