,task,distance
0,[0],0.0
1,[1],634.9604093759999
2,[2],0.0
3,[3],0.0
4,[4],4938.738664489
