,task,distance
0,"[0, 2]",3602.5808697180005
1,"[1, 3]",7803.6416164116
