,task,distance
0,[0],2525.2811850972003
1,[1],1545.234348748
2,[2],6229.622401306999
3,[3],0.0
