,customer,weight,round,length
0,[],[],0,0.0
1,[],[],0,0.0
2,"[53, 8, 28, 25, 29]","[1, 1, 1, 1, 1]",0,1335.267602607
3,"[23, 60, 15, 21, 37, 57, 9, 59]","[1, 2, 2, 1, 1, 1, 1, 2]",0,2573.7415840423
