,task,distance
0,[0],0.0
1,[1],0.0
2,[2],1335.267602607
3,[3],2573.7415840423
