,task,distance
0,[0],3847.611917083
1,[1],0.0
2,[2],0.0
3,[3],5010.556141007801
4,[4],1456.8283167116
