,task,distance
0,[0],0.0
1,[1],0.0
2,[2],1335.8895655403
3,[3],2726.1199584311003
4,[4],4314.3189948215
