,CID,TTDDemd
0,33416,14.6148996353
1,48546,14.6148996353
2,61797,1.27514004707
