,customer,weight,round,length
0,"[38, 33, 3]","[2, 1, 1]",0,1863.672070892
1,[16],[2],0,218.859386008
2,[44],[1],0,96.227877698
