,customer,weight,round,length
0,[44],[1],0,96.227877698
1,"[38, 3, 45, 16]","[2, 1, 1, 2]",0,1240.2208285880001
2,[],[],0,0.0
