,task,distance
0,[0],24549.431479344003
1,[1],0.0
2,[2],5434.055376322
