,customer,weight,round,length
0,[],[],0,0.0
1,"[138, 31, 0, 29, 139, 105, 107, 71, 60, 142, 43, 136]","[2, 1, 1, 1, 1, 1, 1, 1, 1, 2, 1, 2]",0,3468.1494902987997
2,"[104, 131, 130, 113, 81, 57, 80, 111, 63, 64, 133, 132, 79]","[1, 1, 1, 1, 1, 1, 1, 1, 1, 1, 1, 1, 1]",0,2292.2461004559004
3,[],[],0,0.0
