,task,distance
0,[0],0.0
1,[1],1573.760509073
2,[2],7373.542954007999
3,[3],4309.278777017999
