,customer,weight,round,length
0,[],[],0,0.0
1,"[89, 113, 97, 112, 20, 111, 40, 0, 38, 25, 74, 41, 75]","[1, 1, 1, 1, 1, 1, 1, 2, 1, 1, 1, 1, 1]",0,3480.5891349382
2,"[94, 117, 127, 76, 82, 87]","[1, 4, 1, 3, 1, 2]",0,2428.1436032240003
