,customer,weight,round,length
0,"[85, 15, 60]","[9, 2, 4]",0,803.444374466
1,"[52, 33, 44, 55]","[1, 1, 1, 2]",1,1789.645691697
