,customer,weight,round,length
0,[],[],0,0.0
1,[],[],0,0.0
2,"[93, 33, 94, 35, 76, 77, 97, 84, 213]","[2, 1, 1, 1, 1, 1, 2, 1, 1]",0,55936.992219224
3,"[23, 157, 45]","[1, 1, 1]",0,860.765744833
