,task,distance
0,[0],0.0
1,[1],0.0
2,[2],55936.992219224
3,[3],860.765744833
