,task,distance
0,[0],0.0
1,[1],50690.267745289
2,[2],2394.38218932
3,[3],0.0
