,customer,weight,round,length
0,"[34, 14, 58]","[1, 1, 6]",0,1217.2099213360002
1,"[61, 75, 15, 64, 2, 67, 1, 36]","[1, 1, 1, 1, 1, 2, 1, 1]",0,2778.41240627
