,customer,weight,round,length
0,"[21, 79, 56, 70, 69, 40, 22]","[1, 2, 1, 2, 2, 2, 1]",0,2011.8776282351
1,"[8, 15, 72, 76, 68, 78, 4, 16, 23]","[1, 1, 1, 2, 2, 1, 3, 1, 1]",0,2195.2924133146003
