,task,distance
0,[0],2000002065.99055
1,[1],2000000291.599286
