,task,distance
0,[0],1630.3550543172005
1,[1],1396.2745470967998
