,customer,weight,round,length
0,"[86, 14, 113, 16, 76, 116, 115, 17, 28, 77]","[1, 1, 1, 1, 1, 2, 1, 2, 1, 4]",0,1981.1763239870002
1,"[27, 26, 114, 15, 112, 94, 107, 104, 46, 44, 62, 85]","[1, 1, 1, 2, 1, 1, 1, 1, 1, 2, 1, 2]",0,4747.2193095486
2,[],[],0,0.0
3,"[82, 7, 9, 53, 54, 61, 60, 59]","[1, 1, 3, 1, 1, 1, 1, 1]",0,1433.5399154759
4,"[91, 22, 23, 10, 8, 158, 156]","[3, 3, 1, 1, 1, 2, 1]",0,1581.947212479
