,task,distance
0,[0],5791.6421624357
1,[1],3257.4236948335997
2,[2],5912.153661451
3,[3],3757.650300855
4,[4],0.0
