,task,distance
0,[0],5080.503720559
1,[1],0.0
2,[2],3904.736276145
3,[3],6715.556979945
4,[4],5117.2816659224
