,customer,weight,round,length
0,"[12, 5, 8, 6, 10, 13, 14, 11, 18, 4]","[1, 1, 1, 1, 1, 1, 1, 6, 1, 1]",0,5070.22335654
1,"[17, 19, 9, 16, 15, 1, 2, 7, 11]","[1, 2, 1, 1, 1, 1, 1, 1, 6]",1,2150.062514331
2,"[0, 3]","[1, 5]",2,5825.64580644
