,customer,weight,round,length
0,[24],[15],0,590.475899352
1,"[132, 133, 134, 88, 24]","[1, 1, 1, 1, 11]",0,3971.6850981000007
2,"[149, 54, 122, 93, 51, 50, 1, 111, 56]","[2, 1, 5, 1, 2, 1, 1, 1, 1]",0,15710.258658706
