,customer,weight,round,length
0,[],[],0,0.0
1,"[18, 64]","[1, 1]",0,13806.80713539
2,"[134, 121, 7, 72, 96, 116, 50, 11, 81, 106, 52, 89]","[1, 3, 1, 1, 1, 1, 1, 1, 1, 1, 1, 2]",0,21669.793811853
