,customer,weight,round,length
0,"[52, 81, 94, 15, 12, 13, 79, 57, 120]","[1, 1, 1, 1, 1, 3, 1, 5, 1]",0,16104.806467108001
1,"[60, 66, 121, 130]","[10, 1, 3, 1]",0,4963.816842911
2,[60],[15],0,371.639662332
3,[],[],1,0.0
4,[84],[1],1,12335.2364114
5,[],[],1,0.0
