,task,distance
0,[0],0.0
1,[1],5371.6701627156
2,[2],1240.607214598
