,task,distance
0,"[0, 5]",12852.019217197001
1,"[1, 4]",12769.2786791724
2,"[2, 3]",11785.919891299
