,task,distance
0,[0],81.1567075492
1,[1],1788.580080398
