,task,distance
0,[0],1628.58266997
1,[1],297.795400196
