,customer,weight,round,length
0,"[97, 153, 150, 35]","[1, 2, 1, 11]",0,4479.011143512
1,"[44, 33, 35]","[1, 1, 13]",0,3781.463302894
2,[92],[15],1,3247.97053496
3,"[35, 92]","[1, 14]",1,3281.7852037129996
4,"[173, 129, 132, 164, 37, 7, 82, 39]","[1, 2, 1, 2, 1, 1, 1, 1]",2,5599.358517545001
5,[],[],2,0.0
