,customer,weight,round,length
0,"[117, 171, 152, 168, 14]","[2, 1, 3, 7, 2]",0,1677.740119452
1,"[152, 189, 105, 190, 158, 25, 92]","[3, 1, 1, 1, 1, 1, 1]",1,6016.767808949
