,customer,weight,round,length
0,"[109, 127, 129, 143, 22, 176, 20, 157, 149, 1, 175, 24]","[1, 1, 1, 2, 1, 2, 1, 2, 1, 1, 1, 1]",0,5681.069310166001
1,[188],[3],1,3339.76810554
