,customer,weight,round,length
0,"[168, 131, 190, 188, 182, 191, 11, 17, 2]","[4, 1, 1, 3, 1, 1, 1, 1, 2]",0,9961.455059698
1,"[152, 129, 147, 13]","[4, 1, 1, 6]",1,8047.931307001
