,customer,weight,round,length
0,"[42, 41, 80, 139, 138, 120, 162, 160, 84, 25, 26, 27]","[1, 1, 2, 1, 1, 1, 1, 1, 1, 1, 2, 2]",0,5164.498457943801
1,"[165, 132, 75, 104, 22, 5, 63, 64, 10]","[1, 1, 1, 1, 3, 3, 1, 2, 2]",0,4748.115562233001
2,"[52, 44, 163, 142, 130, 48, 74, 16, 136, 149, 158, 169, 19, 2, 0]","[1, 1, 1, 1, 1, 1, 1, 1, 1, 1, 1, 1, 1, 1, 1]",0,4656.35497623
3,"[167, 129, 128]","[2, 1, 2]",0,773.0855594530001
