,task,distance
0,[0],3440.053882684
1,[1],6382.095830626001
2,[2],5552.713733926001
3,[3],1550.906367672
