,customer,weight,round,length
0,[107],[3],0,435.290900322
1,"[97, 74, 63, 66, 83, 132, 19, 92, 93, 110, 16, 14, 100]","[1, 1, 1, 1, 1, 1, 1, 2, 1, 1, 1, 2, 1]",0,5957.9596698449
2,"[101, 85, 27, 102, 26, 119, 129, 17, 72, 73, 48]","[1, 1, 1, 1, 1, 1, 3, 1, 3, 1, 1]",0,5631.532436405
