,task,distance
0,[0],435.290900322
1,[1],5957.9596698449
2,[2],5631.532436405
