,customer,weight,round,length
0,"[25, 57, 39, 27, 37, 88, 69, 70, 72, 33]","[1, 2, 1, 2, 1, 1, 1, 1, 1, 2]",0,6229.622401307
1,[85],[14],0,1545.234348748
2,"[30, 48, 60, 17, 8]","[4, 1, 6, 1, 1]",0,2525.2811850972003
