,customer,weight,round,length
0,"[15, 8, 7, 14, 10, 17, 60]","[1, 1, 1, 4, 1, 1, 6]",0,1181.1136967270002
1,"[90, 59, 61]","[4, 5, 6]",0,423.1202562104
2,"[45, 62, 47]","[1, 13, 1]",0,426.6194023505
3,"[14, 70, 69]","[1, 1, 1]",1,6144.169345324999
4,[],[],1,0.0
5,[],[],1,0.0
