,task,distance
0,[0],2000007929.452036
1,[1],0.0
2,[2],2000000682.502349
3,[3],0.0
4,[4],0.0
