,task,distance
0,"[0, 3, 4]",2781.013491356
1,"[1, 2, 5]",4257.97197186
