,task,distance
0,[0],4199.805658538
1,[1],4430.410219297
2,[2],3041.528220697
3,[3],3436.288374774
4,[4],0.0
