,task,distance
0,"[0, 3, 4, 7]",15605.097786805802
1,"[1, 2, 5, 6]",15522.1397281565
