,customer,weight,round,length
0,"[88, 38, 116, 99, 101, 85, 37, 133]","[1, 1, 1, 2, 2, 1, 3, 2]",0,2323.8697155021
1,"[89, 65, 64, 42, 24, 43, 134]","[1, 2, 3, 1, 1, 2, 2]",0,2461.5821554242
