,task,distance
0,[0],2344.4145380625
1,[1],2891.8234204640003
