,task,distance
0,[0],1908.400858513
1,[1],5924.478883428999
