,task,distance
0,[0],5898.1363673084
1,[1],2138.14337449
