,customer,weight,round,length
0,"[81, 73, 72, 85, 46, 64]","[1, 3, 2, 7, 1, 1]",0,4178.312226752
1,"[31, 96]","[7, 7]",0,104.33162597040001
