,customer,weight,round,length
0,[25],[4],0,369.057144386
1,"[26, 20, 28, 75, 52, 86, 38]","[1, 2, 1, 1, 1, 2, 2]",0,2647.5125824724
