,customer,weight,round,length
0,"[105, 81, 46, 87, 115, 56, 55]","[2, 1, 1, 2, 1, 2, 1]",0,4112.8918284819
1,"[111, 37, 114, 83, 133, 71, 99, 100, 7, 125, 8, 123]","[1, 2, 2, 1, 1, 1, 1, 1, 1, 1, 1, 1]",0,10999.620933871
2,[],[],0,0.0
3,[],[],0,0.0
