,task,distance
0,[0],0.0
1,[1],3165.4624593809003
2,[2],4533.1154654090005
3,[3],0.0
