,customer,weight,round,length
0,"[130, 31, 39, 101, 104, 125, 48, 28]","[1, 1, 1, 1, 2, 1, 1, 2]",0,2000001922.5582175
1,"[119, 117, 60, 66, 18, 114, 13]","[2, 2, 1, 1, 1, 2, 2]",0,3218.3993448097003
