,task,distance
0,[0],0.0
1,[1],0.0
2,[2],6397.623088845001
3,[3],0.0
4,[4],917.453508513
