,task,distance
0,[0],2000000324.531256
1,[1],0.0
2,[2],2000007926.3407123
