,task,distance
0,[0],1791.4239591084
1,[1],5174.705910173
2,[2],422.807716564
