,task,distance
0,[0],1750.3710474220002
1,[1],1971.667246444
2,[2],0.0
3,[3],2014.464684206
