,task,distance
0,[0],0.0
1,[1],2470.156379967
2,[2],6481.728892739001
3,[3],2193.274166532
