,task,distance
0,"[0, 2, 5]",13017.519064771
1,"[1, 3, 4]",11744.563080733302
