,customer,weight,round,length
0,"[54, 6, 72, 52, 30, 17, 8, 7, 57]","[2, 2, 1, 1, 3, 1, 3, 1, 1]",0,4299.213258291
1,"[13, 15]","[1, 3]",0,668.928676778
