,task,distance
0,[0],246.67253603
1,[1],3088.837459817
