,customer,weight,round,length
0,"[201, 186, 114, 81, 118, 122, 9, 198, 85, 148, 146]","[1, 2, 1, 1, 1, 2, 1, 1, 1, 1, 1]",0,2000010037.1630392
1,"[158, 152, 132, 184]","[1, 1, 4, 1]",0,2000002251.6826077
