,customer,weight,round,length
0,"[33, 94, 35, 184, 165, 54, 120, 186, 182, 132]","[1, 1, 1, 1, 1, 1, 1, 2, 2, 4]",0,54154.005940708004
1,"[213, 84, 97, 152, 149, 159, 158, 156, 23, 157, 45, 93]","[1, 1, 2, 1, 1, 1, 1, 2, 1, 1, 1, 2]",0,3776.27916868
2,[],[],1,0.0
3,"[2, 57, 147, 148, 92, 81, 101]","[1, 1, 1, 1, 1, 1, 1]",1,63832.499163844004
