,task,distance
0,[0],860.765744833
1,[1],56055.860626388
