,task,distance
0,[0],63982.69263414801
1,[1],50975.660504596
