,customer,weight,round,length
0,[],[],0,0.0
1,"[44, 117, 209, 151, 82, 87, 164, 176, 188, 22, 227, 121]","[1, 1, 2, 1, 1, 1, 1, 1, 1, 1, 1, 2]",0,2000008241.5789292
2,"[52, 37]","[2, 1]",0,1221.582723239
3,"[16, 17, 204, 257, 166, 99, 261, 283, 282, 0, 141, 264, 19]","[1, 1, 1, 1, 1, 2, 1, 1, 1, 2, 1, 1, 1]",0,8925.627680922
