,customer,weight,round,length
0,[],[],0,0.0
1,"[43, 54, 127, 152, 143, 140, 278, 246, 248, 245, 243, 286, 41]","[1, 1, 1, 1, 1, 1, 1, 1, 2, 1, 1, 1, 2]",0,2000006237.2841344
2,[],[],0,0.0
3,"[118, 307, 228, 119, 120, 71, 28, 263, 84, 301, 81, 146, 59]","[1, 1, 1, 1, 1, 1, 1, 1, 2, 1, 1, 1, 1]",0,2000007372.9337955
