,task,distance
0,[0],0.0
1,[1],3677.7082768363
2,[2],6969.254487334199
