,task,distance
0,[0],8889.069665718001
1,[1],5949.358148319001
2,[2],363.426958706
