,customer,weight,round,length
0,"[16, 103, 44, 30, 104, 105, 17, 36, 106]","[1, 2, 1, 1, 1, 4, 2, 1, 2]",0,2714.461583624
1,"[37, 122, 15, 69, 18, 13, 31]","[3, 3, 3, 1, 1, 1, 3]",0,2056.4932437181997
2,"[51, 22, 19, 52, 97, 99, 59, 64, 63, 25, 24, 40, 108, 42]","[1, 1, 1, 1, 1, 2, 1, 1, 1, 1, 1, 1, 1, 1]",0,4172.4093728484995
3,"[62, 60, 61, 98]","[1, 1, 1, 2]",1,2551.1793283079
4,[],[],1,0.0
5,[],[],1,0.0
