,task,distance
0,"[0, 5]",2714.461583624
1,"[1, 3]",4607.6725720261
2,"[2, 4]",4172.4093728485
