,customer,weight,round,length
0,[],[],0,0.0
1,"[10, 41, 34]","[1, 5, 2]",0,5022.828626393999
2,[35],[15],0,88.9793889798
3,[35],[5],0,88.9793889798
