,task,distance
0,[0],0.0
1,[1],291.593085738
2,[2],0.0
3,[3],4271.679987866
