,task,distance
0,[0],0.0
1,[1],1963.552428798
2,[2],6247.356377941799
3,[3],0.0
4,[4],0.0
