,task,distance
0,[0],89.108757036
1,[1],0.0
2,[2],89.108757036
3,[3],5864.3073265230005
4,[4],0.0
