,customer,weight,round,length
0,"[65, 67, 49, 50, 73]","[3, 3, 1, 1, 3]",0,1490.3677926777998
1,"[54, 57, 63, 62, 29, 64, 85]","[1, 2, 1, 1, 1, 1, 1]",0,2297.8224307088
2,[],[],0,0.0
