,task,distance
0,[0],2666.3479043705
1,[1],97.7335717642
