,customer,weight,round,length
0,"[51, 24, 12, 16]","[1, 1, 4, 9]",0,4637.990914161001
1,"[26, 15, 38, 10]","[1, 1, 2, 3]",1,6930.338245477001
