,customer,weight,round,length
0,"[49, 60, 59, 38, 10, 11]","[1, 1, 1, 2, 1, 1]",0,1666.4417665279998
1,"[9, 35, 73, 51, 33]","[1, 1, 8, 3, 2]",0,1817.046046901
2,"[26, 86, 79, 56, 74, 57, 27, 62, 61, 40, 76, 14]","[1, 1, 1, 1, 1, 2, 1, 2, 2, 1, 1, 1]",0,3216.7662400657005
3,"[8, 7, 42, 30, 70, 29, 67, 69, 4, 43, 31]","[2, 1, 1, 4, 1, 1, 1, 1, 1, 1, 1]",0,3785.4612981849996
4,"[13, 83, 22, 23, 64, 34, 82, 81, 63, 17, 20, 32]","[1, 1, 1, 1, 2, 1, 2, 1, 1, 1, 1, 2]",0,3183.1742803280003
