,customer,weight,round,length
0,[15],[15],0,580.734538702
1,[31],[15],0,349.054489308
2,"[9, 10, 32, 11, 12, 36, 17, 35, 16]","[1, 1, 1, 2, 2, 1, 3, 1, 3]",1,2717.786566086
3,[20],[15],1,909.381377318
