,customer,weight,round,length
0,"[25, 24]","[13, 2]",0,383.9001550902
1,[24],[15],0,113.8447262164
2,"[25, 1]","[1, 2]",1,821.0880475429999
3,"[13, 18, 19, 5, 14, 33, 23, 22]","[3, 2, 2, 1, 2, 1, 2, 2]",1,2129.353056961
