,task,distance
0,"[0, 3]",1490.11591602
1,"[1, 2]",3066.8410553940003
