,task,distance
0,[0],1230.0697221199998
1,[1],5347.501820626
