,task,distance
0,[0],0.0
1,[1],5044.165760496
2,[2],0.0
3,[3],0.0
4,[4],3841.218451616
