,task,distance
0,[0],4352.3976626
1,[1],0.0
2,[2],364.2260739701
