,customer,weight,round,length
0,[10],[15],0,9358.48754862
1,"[1, 32, 34, 4, 2]","[4, 5, 1, 1, 1]",0,6973.679079445999
2,"[16, 9, 28, 40, 11, 17, 41, 42, 14, 15, 18]","[1, 1, 2, 1, 2, 2, 1, 1, 1, 1, 1]",0,4439.197596181
3,"[37, 5, 29, 30, 31]","[3, 2, 1, 1, 3]",0,1097.0572633424001
