,task,distance
0,[0],1190.898227894
1,[1],0.0
2,[2],0.0
3,[3],88.4254973656
4,[4],0.0
