,customer,weight,round,length
0,"[3, 31, 25, 1, 11, 18, 6, 45, 17, 30, 19]","[1, 2, 1, 1, 1, 1, 1, 1, 1, 4, 1]",0,929.975913862
1,"[33, 37, 7, 29, 34]","[1, 1, 2, 10, 1]",0,3365.61204547
2,"[36, 13, 40, 8, 32, 16, 14, 4, 9, 38, 0, 22, 42, 15]","[1, 1, 1, 1, 1, 1, 1, 1, 1, 1, 1, 1, 2, 1]",0,2365.653622665
3,"[24, 26, 10, 5, 12, 28, 39, 23, 44, 21, 43, 27, 41, 35, 2]","[1, 1, 1, 1, 1, 1, 1, 1, 1, 1, 1, 1, 1, 1, 1]",0,3805.27058747
4,"[29, 20]","[10, 1]",1,3326.85325432
5,[],[],1,0.0
6,[],[],1,0.0
7,[],[],1,0.0
