,customer,weight,round,length
0,"[39, 102]","[3, 4]",0,926.757613403
1,"[93, 62, 63, 67, 57]","[1, 3, 2, 1, 3]",0,2107.374354514
2,"[38, 41, 8, 49, 48, 89, 90, 35, 91]","[3, 2, 1, 2, 3, 1, 1, 1, 1]",0,4889.6597606929
3,[],[],0,0.0
