,task,distance
0,[0],0.0
1,[1],3370.0538725351
2,[2],209.401093422
3,[3],1223.7716161421
