,task,distance
0,[0],771.1730630082
1,[1],896.3984529428
2,[2],0.0
3,[3],2824.553050475
