,task,distance
0,[0],896.3881915432
1,[1],0.0
2,[2],0.0
3,[3],2083.6022181396
