,customer,weight,round,length
0,"[67, 71, 42, 57, 32, 98, 9, 88, 45, 0]","[3, 1, 1, 1, 1, 1, 1, 3, 1, 1]",0,6064.723420277
1,[67],[6],0,447.986826874
