,customer,weight,round,length
0,"[42, 92, 37, 72, 71, 100]","[1, 1, 1, 2, 1, 8]",0,5649.5540005309995
1,"[38, 0, 7, 18]","[9, 1, 4, 1]",0,1658.8578839959
