,task,distance
0,[0],5649.554000531
1,[1],1658.8578839959
