,task,distance
0,[0],4937.355644140301
1,[1],1483.1965588865
