,task,distance
0,[0],6118.782842637999
1,[1],1464.3079928329998
