,task,distance
0,[0],7438.389089576
1,[1],2715.048157899
2,[2],0.0
3,[3],0.0
4,[4],0.0
