,task,distance
0,[0],2518.069907984
1,[1],0.0
2,[2],0.0
3,[3],5576.759549156201
4,[4],0.0
