,task,distance
0,"[0, 2]",5519.353194301
1,"[1, 3]",3036.1401365320003
