,task,distance
0,[0],3667.193577885
1,[1],0.0
2,[2],0.0
3,[3],0.0
4,[4],5332.398950442001
