,customer,weight,round,length
0,[],[],0,0.0
1,"[74, 103, 65]","[1, 1, 1]",0,1612.387836423
2,"[227, 204, 132, 131, 98, 263, 195, 139, 4, 228, 229, 145, 63]","[1, 1, 1, 1, 1, 1, 1, 1, 3, 1, 1, 1, 1]",0,11868.185055474998
3,[],[],0,0.0
