,customer,weight,round,length
0,"[71, 237, 225, 212, 249, 251, 216, 166, 90, 138, 254]","[3, 1, 1, 1, 1, 1, 1, 1, 1, 1, 1]",0,11301.832486914001
1,"[34, 31, 196, 197, 191]","[1, 1, 1, 1, 1]",0,1622.919774432
2,[],[],0,0.0
3,[],[],0,0.0
