,customer,weight,round,length
0,"[83, 11, 221, 222, 127, 128]","[1, 1, 1, 1, 1, 1]",0,4079.402005031
1,"[179, 178, 62, 223, 260, 107, 60, 248, 176, 177]","[1, 1, 1, 1, 2, 1, 1, 1, 1, 1]",0,4268.353060126001
2,[],[],0,0.0
3,[],[],0,0.0
