,customer,weight,round,length
0,[],[],0,0.0
1,"[62, 98, 4, 227, 63, 145, 251, 34, 90, 166, 223]","[1, 1, 3, 1, 1, 1, 1, 1, 1, 1, 1]",0,10553.218404866999
2,"[237, 11, 132, 127, 222]","[1, 1, 1, 1, 1]",0,6151.811551136001
3,[],[],0,0.0
