,task,distance
0,[0],1910.942267714
1,[1],0.0
2,[2],0.0
3,[3],12994.257302964
