,task,distance
0,[0],4079.402005031
1,[1],4268.353060126001
2,[2],0.0
3,[3],0.0
