,customer,weight,round,length
0,"[48, 49, 50, 51, 120, 119, 118, 125]","[1, 1, 2, 1, 2, 1, 1, 1]",0,1374.3608419000002
1,"[24, 42, 14, 15, 16, 117, 116, 115, 114]","[2, 2, 2, 2, 1, 1, 1, 2, 1]",0,1900.1765797067
2,"[72, 12, 61, 74, 86, 1, 104, 105]","[2, 1, 1, 1, 1, 1, 2, 3]",0,1900.5097853607003
