,customer,weight,round,length
0,[56],[2],0,147.8976395658
1,[57],[3],0,88.452312474
