,customer,weight,round,length
0,[21],[15],0,204.671487188
1,"[21, 49]","[12, 3]",0,573.356805744
2,"[49, 128, 33, 134, 102, 138, 82, 139, 80]","[2, 4, 1, 1, 1, 1, 1, 2, 1]",1,4638.762451515
3,"[24, 95]","[1, 1]",1,1114.950802138
