,task,distance
0,"[0, 2]",4843.433938703
1,"[1, 3]",1688.307607882
