,customer,weight,round,length
0,"[60, 53, 80, 81, 28, 58, 56, 57]","[1, 1, 6, 1, 2, 1, 2, 1]",0,1362.2887559547
1,"[72, 104, 66, 70, 106, 65, 74]","[3, 1, 2, 1, 2, 1, 1]",1,8806.682995595
