,customer,weight,round,length
0,"[50, 212, 213, 211]","[1, 1, 3, 1]",0,863.0215009157
1,"[203, 242, 171, 241, 240]","[1, 4, 6, 2, 1]",0,2156.227884861
2,"[22, 187, 188, 222, 27, 160, 217, 202, 219, 218, 221, 176, 177]","[2, 1, 1, 1, 1, 2, 1, 1, 1, 1, 1, 1, 1]",0,4181.958769648
3,"[150, 23, 178, 88, 91, 13, 131, 84, 255, 66, 250]","[1, 1, 1, 1, 2, 1, 2, 1, 2, 1, 2]",0,5417.509301351499
4,"[185, 112, 113, 129, 253, 254, 4, 55, 85, 81, 18]","[1, 1, 1, 2, 1, 1, 1, 2, 1, 1, 2]",0,3118.7131953750004
