,task,distance
0,[0],5764.373887219999
1,[1],2556.1418168057003
2,[2],1954.893997951
3,[3],1099.4618775617
4,[4],4787.197534445
