,task,distance
0,[0],863.0215009157
1,[1],2156.227884861
2,[2],4181.958769648
3,[3],5417.509301351499
4,[4],3118.7131953750004
