,customer,weight,round,length
0,"[26, 95]","[2, 1]",0,635.657067014
1,[],[],0,0.0
2,"[134, 63, 133, 132, 136, 0, 1, 10, 20, 49, 24, 109]","[1, 1, 1, 1, 2, 1, 1, 2, 2, 1, 1, 1]",0,8214.3933213338
