,customer,weight,round,length
0,[],[],0,0.0
1,"[109, 54, 21, 52, 9, 95]","[1, 3, 1, 3, 1, 1]",0,1868.5020924828
2,"[96, 97, 36, 127, 131, 104, 60, 110]","[1, 1, 5, 1, 1, 1, 1, 3]",0,5182.5951262882
