,task,distance
0,[0],0.0
1,[1],2605.26378873
2,[2],829.1242783294999
