,task,distance
0,[0],7865.143236035
1,[1],2041.3140707370003
2,[2],0.0
