,task,distance
0,[0],0.0
1,[1],9289.660835148
2,[2],794.1481797439999
