,customer,weight,round,length
0,[],[],0,0.0
1,"[32, 87, 3, 29, 18, 11, 27]","[4, 5, 1, 1, 1, 1, 1]",0,4172.445834948
2,[],[],0,0.0
3,"[75, 76, 47, 49, 102, 64, 100, 74, 85]","[3, 2, 1, 1, 1, 1, 4, 1, 1]",0,3510.0973909789996
4,[],[],0,0.0
