,customer,weight,round,length
0,"[1, 8, 28, 30, 26, 24, 25]","[1, 1, 3, 1, 3, 4, 2]",0,4566.986225302
1,"[34, 33, 17, 23]","[1, 1, 1, 1]",1,1550.675515888
