,customer,weight,round,length
0,"[103, 36, 102, 46, 48]","[3, 4, 4, 1, 3]",0,2292.117780685
1,"[116, 50, 70, 21, 67, 65, 77, 58, 38, 91, 90]","[1, 1, 1, 2, 1, 2, 1, 1, 3, 1, 1]",0,4405.4401619135
2,[],[],1,0.0
3,"[47, 100, 128, 130, 8, 51, 81, 45, 25, 23, 33]","[1, 2, 1, 1, 1, 1, 1, 1, 1, 1, 2]",1,4726.8571149638
