,customer,weight,round,length
0,"[163, 164, 156, 95, 41, 81, 92, 80, 145, 74, 46, 47]","[1, 1, 1, 1, 1, 1, 1, 4, 1, 1, 1, 1]",0,2845.7801942043006
1,"[68, 113, 112, 124, 114, 103, 67, 66, 121, 96, 122]","[1, 1, 1, 1, 1, 1, 1, 1, 1, 1, 1]",0,2317.901133527
2,[],[],0,0.0
3,"[117, 78, 29, 184, 99, 152, 116, 90, 175]","[2, 1, 1, 1, 1, 1, 2, 1, 2]",0,3829.902617643699
4,"[102, 71, 158, 125, 182, 28, 180]","[2, 1, 1, 1, 1, 2, 2]",0,3295.540717777
