,task,distance
0,[0],4714.0034512093
1,[1],0.0
2,[2],0.0
3,[3],4221.398349593999
4,[4],5741.226302683
