,customer,weight,round,length
0,"[177, 115, 87, 62, 29, 125, 158]","[1, 1, 1, 3, 4, 1, 1]",0,9698.528541742
1,[],[],0,0.0
2,[],[],0,0.0
3,"[146, 68, 145, 132, 96, 2, 6, 143]","[1, 3, 3, 2, 1, 1, 1, 3]",0,14537.266543385
