,customer,weight,round,length
0,"[113, 73, 101, 150, 4, 41, 43, 97, 144, 67, 58]","[1, 3, 1, 1, 1, 1, 1, 1, 2, 2, 1]",0,12317.205974161
1,[71],[2],0,211.967236598
2,"[23, 15, 30]","[1, 1, 1]",0,6278.707624860999
3,[],[],0,0.0
