,task,distance
0,[0],1568.6167361995
1,[1],10044.151751328996
2,[2],0.0
3,[3],0.0
