,customer,weight,round,length
0,"[121, 50, 110, 90, 56, 129, 44, 62, 120, 116]","[3, 2, 2, 1, 1, 1, 2, 1, 1, 1]",0,6665.777961792999
1,"[35, 88, 55, 94, 65, 92, 122, 67, 98]","[1, 1, 3, 1, 2, 1, 2, 2, 2]",0,3859.393117718
2,"[100, 37, 53, 125, 103, 69, 31, 102, 123]","[1, 2, 2, 1, 1, 1, 5, 1, 1]",0,3352.796494719
3,[],[],1,0.0
4,"[61, 77, 108, 114]","[4, 1, 3, 2]",1,6134.036563526
5,[],[],1,0.0
