,customer,weight,round,length
0,"[61, 105, 106, 68, 70, 104, 124, 136, 135, 99, 0, 3, 131]","[1, 1, 1, 1, 3, 1, 1, 1, 1, 1, 1, 1, 1]",0,6692.2866872511995
1,"[119, 112, 113, 78, 82, 51]","[1, 4, 3, 4, 2, 1]",0,2203.5394740619995
2,"[74, 73, 87, 38, 54, 66, 93, 43, 111]","[1, 1, 1, 1, 2, 1, 1, 5, 2]",0,4915.094111165
3,"[64, 139, 137, 63]","[2, 2, 2, 2]",1,2641.842559019
4,[],[],1,0.0
5,[],[],1,0.0
