,task,distance
0,"[0, 4]",6692.2866872512
1,"[1, 3]",4845.3820330809995
2,"[2, 5]",4915.094111165
