,task,distance
0,[0],5354.956490404001
1,[1],2948.080334776
2,[2],397.21650676880006
3,[3],2631.1476283710003
4,[4],3954.029821114
