,task,distance
0,[0],43.5469269196
1,[1],2668.001962235
2,[2],0.0
3,[3],0.0
4,[4],0.0
