,customer,weight,round,length
0,[62],[13],0,222.337449834
1,"[60, 45, 15, 8, 7, 10, 17]","[6, 1, 1, 1, 1, 1, 1]",0,1181.1136967273999
2,"[61, 59]","[6, 5]",0,287.2092094836
3,[],[],0,0.0
4,"[90, 47]","[4, 1]",0,152.0069880719
