,customer,weight,round,length
0,[],[],0,0.0
1,[],[],0,0.0
2,"[69, 68, 43, 78, 16, 88, 75, 87, 49]","[1, 3, 1, 1, 5, 1, 1, 1, 1]",0,7068.008638471
3,"[86, 70, 72, 0]","[1, 1, 1, 4]",0,926.6759313344999
4,[],[],0,0.0
