,customer,weight,round,length
0,[],[],0,0.0
1,[],[],0,0.0
2,"[69, 27, 49]","[1, 2, 1]",0,1238.1440713255
3,"[50, 17, 7, 45, 30, 65, 81, 18, 19, 12]","[1, 1, 1, 1, 4, 1, 2, 1, 2, 1]",0,8491.809657247999
4,[],[],0,0.0
