,task,distance
0,[0],0.0
1,[1],315.295058014
2,[2],15152.2561994965
