,task,distance
0,[0],6572.106457634999
1,[1],0.0
2,[2],2709.385520053
3,[3],0.0
