,task,distance
0,[0],7307.6100778766
1,[1],5469.1063630805
2,[2],5099.564133117
