,customer,weight,round,length
0,[59],[14],0,2000000000.0
1,[],[],0,0.0
2,[],[],0,0.0
3,"[58, 13, 5, 31, 41, 38, 10]","[1, 1, 1, 2, 2, 1, 1]",0,5650.49244958
4,[25],[14],0,451.281286486
