,task,distance
0,[0],676.32921992
1,[1],0.0
2,[2],2000003983.845138
3,[3],0.0
4,[4],0.0
