,task,distance
0,"[0, 8]",21085.871950042994
1,"[1, 6]",41446.424190742895
2,"[2, 5]",24735.7342857592
3,"[3, 7]",21287.939543915
4,"[4, 9]",20906.572423725
