,customer,weight,round,length
0,"[70, 54, 52]","[2, 1, 2]",0,1513.1642714242
1,"[16, 150, 149, 76, 99, 11, 55, 29, 146, 43, 41, 153, 128]","[1, 1, 1, 1, 1, 1, 1, 1, 1, 1, 2, 1, 1]",0,8947.664688169
2,[],[],0,0.0
