,customer,weight,round,length
0,"[3, 30, 41, 42, 35, 11, 28, 40, 24, 21, 20, 45, 25, 12]","[1, 1, 1, 1, 1, 1, 1, 1, 1, 1, 1, 2, 1, 1]",0,2110.480232535
1,"[18, 10, 39, 23, 2, 1, 7, 32, 36, 19, 33, 6]","[1, 1, 1, 2, 1, 2, 1, 1, 2, 1, 1, 1]",0,1820.446503614
2,"[34, 4, 14, 22, 43, 26, 16, 9]","[1, 1, 1, 2, 1, 1, 7, 1]",0,1183.645957836
3,"[29, 15, 17, 27, 38, 31, 0]","[1, 1, 9, 1, 1, 1, 1]",0,7503.131142167001
4,[],[],1,0.0
5,[],[],1,0.0
6,"[13, 8, 5, 37, 44]","[1, 1, 1, 1, 1]",1,1504.973674233
7,[],[],1,0.0
