,task,distance
0,"[0, 4]",2110.480232535
1,"[1, 4]",1820.446503614
2,"[2, 6]",2688.619632069
3,"[3, 4]",7503.131142167001
