,task,distance
0,"[0, 3]",9051.1408433296
1,"[1, 2]",3736.1872294908
