,task,distance
0,"[0, 2]",8938.362303834501
1,"[1, 3]",8728.813316347001
