,task,distance
0,[0],1078.3637460968
1,[1],3340.193562501
2,[2],5237.2417284680005
