,customer,weight,round,length
0,"[19, 20, 102, 40, 26, 53, 51, 55, 50]","[1, 2, 2, 2, 2, 3, 1, 1, 1]",0,3632.4979480494007
1,"[10, 1, 135, 44, 69, 102]","[2, 1, 1, 1, 1, 1]",1,5291.531983768
