,customer,weight,round,length
0,"[109, 49, 24, 20, 26, 10, 63, 133, 136, 132, 95]","[1, 1, 1, 2, 2, 2, 1, 1, 2, 1, 1]",0,7547.164240956799
1,"[134, 1, 0]","[1, 1, 1]",1,3669.992114069
