,customer,weight,round,length
0,"[16, 7, 0, 39, 24, 25, 37, 2, 31]","[1, 1, 1, 1, 1, 1, 6, 1, 2]",0,4031.122003167
1,"[10, 43, 26, 34, 1, 41, 3, 20, 36, 4, 27, 42]","[1, 1, 1, 1, 1, 1, 1, 1, 4, 1, 1, 1]",1,3818.8845904600003
