,task,distance
0,[0],0.0
1,[1],0.0
2,[2],162.20905308
3,[3],0.0
4,[4],804.0999053099999
