,task,distance
0,[0],1842.192155437
1,[1],0.0
2,[2],0.0
3,[3],30.5738396902
4,[4],2331.5850667
