,customer,weight,round,length
0,"[80, 36, 37, 28, 83, 72, 29, 34, 81]","[2, 1, 1, 1, 1, 1, 1, 1, 3]",0,1600.0943358977001
1,[],[],0,0.0
2,"[84, 98, 53, 51, 19, 18, 96]","[1, 1, 1, 3, 1, 1, 4]",0,1517.7404695576
3,"[26, 59, 68, 63, 61, 49, 62, 22, 95, 93, 90, 91, 25]","[2, 1, 1, 1, 1, 1, 1, 2, 1, 1, 1, 1, 1]",0,5168.3750804374
4,[],[],0,0.0
