,customer,weight,round,length
0,"[15, 17, 49, 62, 63, 69, 65]","[1, 2, 1, 1, 1, 1, 1]",0,1575.6560464298
1,[],[],0,0.0
2,"[4, 56, 0, 54, 90, 31, 32, 12, 22, 13, 94, 1]","[1, 1, 2, 1, 1, 1, 1, 1, 2, 1, 1, 1]",0,2722.4276790000004
3,"[47, 59, 29, 72, 83, 37, 36, 98, 68, 87]","[1, 1, 1, 1, 1, 1, 1, 1, 1, 2]",0,3608.1230682887
4,[],[],0,0.0
