,task,distance
0,[0],0.0
1,[1],210.729243718
2,[2],5877.837288326
3,[3],0.0
4,[4],0.0
