,customer,weight,round,length
0,"[259, 85, 144, 87, 219, 218, 98, 217, 177, 196, 24, 238, 237, 175]","[1, 1, 1, 1, 1, 1, 1, 2, 1, 1, 1, 1, 1, 1]",0,5334.8227064188
1,"[261, 58, 0, 65, 96]","[1, 1, 1, 2, 1]",1,4100.565325383
