,customer,weight,round,length
0,"[122, 115, 106, 107, 109, 77, 76, 213, 188, 181, 111, 19, 209]","[1, 1, 2, 1, 1, 1, 1, 2, 1, 1, 1, 1, 1]",0,3531.9736834467008
1,"[3, 151, 101, 8, 204, 207]","[1, 1, 1, 1, 1, 1]",1,3885.187988308
