,customer,weight,round,length
0,"[81, 106, 105, 104]","[6, 1, 4, 4]",0,809.0455108568999
1,"[102, 95, 46, 128, 94, 91, 78, 79, 80, 103]","[1, 1, 1, 1, 1, 1, 2, 1, 5, 1]",0,1747.3284309467
2,"[127, 44, 14, 13, 15, 52, 38, 37, 87, 18]","[1, 1, 1, 1, 1, 2, 1, 4, 1, 2]",1,4622.727445504001
3,"[39, 116, 83, 118, 48, 129, 76, 113, 33, 122, 35, 3, 5, 114]","[1, 1, 1, 1, 1, 1, 1, 1, 1, 1, 2, 1, 1, 1]",1,5703.465230303
4,"[19, 16, 10, 11, 55, 21, 48]","[1, 1, 1, 1, 1, 1, 1]",2,7396.257598885999
5,[],[],2,0.0
