,customer,weight,round,length
0,"[103, 104, 81, 80]","[1, 4, 6, 4]",0,612.3413566758001
1,"[18, 87, 37, 38, 52, 106, 105]","[2, 1, 4, 1, 2, 1, 4]",0,2863.0200246124004
2,"[128, 127, 35, 122, 33, 113, 76, 116, 129, 48, 118, 83, 39, 95]","[1, 1, 2, 1, 1, 1, 1, 1, 1, 1, 1, 1, 1, 1]",1,5399.1046240000005
3,"[80, 79, 78, 91, 15, 13, 5, 3, 114, 44, 14, 46, 94, 102]","[1, 1, 2, 1, 1, 1, 1, 1, 1, 1, 1, 1, 1, 1]",1,2728.1188625839
4,"[19, 16, 10, 11, 55, 21, 48]","[1, 1, 1, 1, 1, 1, 1]",2,7396.257598885999
5,[],[],2,0.0
