,task,distance
0,"[0, 3]",14602.511024233
1,"[1, 2]",12987.590443259
