,task,distance
0,"[0, 3]",9843.405845204
1,"[1, 2]",7032.366313872999
