,task,distance
0,"[0, 2]",6785.501454967
1,"[1, 3]",10051.4033782449
