,task,distance
0,[0],0.0
1,[1],1442.2906935869996
2,[2],13195.820538985
