,customer,weight,round,length
0,"[54, 75, 91, 93, 31, 32, 30]","[1, 3, 1, 1, 1, 1, 2]",0,1806.4814116300001
1,"[56, 55, 4, 5, 0]","[1, 1, 1, 1, 2]",0,668.2947586761001
