,task,distance
0,[0],1806.48141163
1,[1],668.2947586761001
