,task,distance
0,"[0, 2, 5]",10555.9775814456
1,"[1, 3, 4]",7117.6714202309995
