,customer,weight,round,length
0,"[16, 17, 45, 30, 62, 41, 69]","[2, 2, 1, 2, 3, 4, 1]",0,4674.646849106
1,[73],[2],0,546.616191766
2,[],[],0,0.0
3,[],[],0,0.0
4,[],[],0,0.0
