,customer,weight,round,length
0,"[20, 81, 11]","[2, 3, 2]",0,2392.2016635739997
1,"[99, 103, 51, 37, 84, 66, 91, 92, 78]","[1, 2, 1, 1, 2, 1, 2, 2, 1]",0,6350.572399683
2,[],[],0,0.0
3,[],[],0,0.0
