,customer,weight,round,length
0,[69],[10],0,437.625995198
1,"[36, 37, 51, 39, 50]","[2, 1, 1, 1, 2]",0,1161.945327768
2,"[103, 19, 81, 24, 72]","[2, 2, 3, 3, 1]",0,1803.4261140983
3,[],[],0,0.0
