,task,distance
0,[0],437.625995198
1,[1],1161.945327768
2,[2],1803.4261140983
3,[3],0.0
