,task,distance
0,[0],0.0
1,[1],0.0
2,[2],139.062207206
3,[3],2938.006121814
