,customer,weight,round,length
0,"[4, 46, 14, 6, 100, 13, 39, 38, 97]","[1, 1, 1, 3, 2, 3, 1, 1, 2]",0,2316.4784663254004
1,"[99, 56, 55, 87, 84, 88, 89, 85]","[1, 1, 3, 1, 3, 4, 1, 1]",0,2177.557811791
2,[],[],1,0.0
3,[11],[3],1,960.832005832
