,task,distance
0,[0],2083.4863379088
1,[1],1988.049946506
