,task,distance
0,[0],2467.3352452483005
1,[1],3050.59454537
