,task,distance
0,[0],3193.0659409339
1,[1],154.5706559014
