,customer,weight,round,length
0,"[105, 148, 193, 192, 97, 87]","[3, 7, 2, 1, 1, 1]",0,5451.765373562999
1,"[106, 228, 230, 76, 149, 86, 88, 35, 104, 168, 98]","[2, 1, 1, 1, 1, 1, 1, 1, 4, 1, 1]",1,8403.814199639999
2,"[78, 77, 82, 107, 226, 160, 163, 162, 150, 147, 220]","[1, 1, 3, 1, 2, 1, 1, 1, 1, 1, 2]",2,9743.367216204
3,"[172, 80, 145, 22, 63, 62, 183, 132, 144]","[1, 1, 1, 2, 1, 2, 2, 1, 4]",3,13072.102522771998
4,"[5, 7, 8, 72, 29, 186, 64, 185, 184, 157]","[1, 3, 2, 2, 1, 1, 1, 1, 2, 1]",4,11506.831475866002
5,"[199, 10, 11, 6, 94, 12, 211, 9]","[1, 1, 1, 2, 1, 1, 1, 1]",5,15789.0026580679
