,customer,weight,round,length
0,"[53, 103, 117, 119, 13, 22, 25, 133, 86]","[1, 1, 1, 1, 1, 1, 3, 2, 4]",0,4561.417688699
1,"[130, 34, 35, 61, 106]","[8, 2, 2, 1, 2]",0,2138.797305747
2,"[44, 63, 46, 79, 80, 74, 7, 40, 37, 94, 93, 92]","[1, 1, 1, 2, 2, 1, 1, 2, 1, 1, 1, 1]",0,5949.457985359999
