,task,distance
0,"[0, 3]",5961.755006289
1,"[1, 5]",6833.136888342
2,"[2, 4]",3895.998858226
