,customer,weight,round,length
0,"[24, 15, 17, 54, 44, 33, 119, 64, 65, 123]","[1, 2, 2, 2, 2, 2, 1, 1, 1, 1]",0,4595.803311772101
1,"[121, 108, 12, 11, 112, 113, 62, 59, 60, 67, 106, 69, 81, 50, 29]","[1, 1, 1, 1, 1, 1, 1, 1, 1, 1, 1, 1, 1, 1, 1]",0,8636.380082783999
2,"[66, 118, 80, 74, 79, 78, 93, 94, 124, 34, 3, 56, 90, 71, 70]","[1, 1, 1, 1, 1, 1, 1, 1, 1, 1, 1, 1, 1, 1, 1]",0,4356.082594514
3,"[63, 88, 55, 10, 102, 20, 36, 82, 99, 100, 37, 108]","[1, 3, 1, 1, 1, 1, 1, 1, 1, 1, 2, 1]",1,8015.726482503001
4,[],[],1,0.0
5,[],[],1,0.0
