,customer,weight,round,length
0,"[132, 133, 101, 129, 137, 30, 157, 128, 106, 152, 105, 82, 104, 100]","[1, 1, 1, 1, 2, 1, 1, 1, 1, 1, 1, 1, 1, 1]",0,2993.3254148260003
1,"[18, 125, 147, 58, 51, 56, 6, 154, 156, 155, 136]","[1, 2, 1, 2, 1, 1, 1, 2, 1, 2, 1]",1,4392.571356
2,[44],[1],2,2118.99889898
