,task,distance
0,[0],4993.115902356
1,[1],0.0
2,[2],2210.143157421
3,[3],0.0
4,[4],0.0
