,task,distance
0,[0],0.0
1,[1],0.0
2,[2],2000008488.9049325
3,[3],38968.909573304
4,[4],0.0
