,task,distance
0,[0],4140.490933442999
1,[1],0.0
2,[2],0.0
3,[3],0.0
4,[4],36907.353967616
