,task,distance
0,[0],0.0
1,[1],20731.8181047604
2,[2],2495.1092274287003
3,[3],1400.360252416
4,[4],0.0
