,customer,weight,round,length
0,"[54, 42, 58, 31, 5, 25]","[2, 2, 1, 1, 1, 1]",0,3400.4362552910998
1,"[65, 21]","[6, 8]",0,2136.976913933
2,[],[],0,0.0
3,[],[],0,0.0
4,[],[],0,0.0
