,task,distance
0,[0],375.85166634
1,[1],1769.062949874
2,[2],0.0
3,[3],4499.879066988
4,[4],1935.912023535
