,customer,weight,round,length
0,"[71, 21, 90, 46, 11, 96, 33, 74, 80, 44, 42, 29]","[1, 1, 1, 1, 1, 1, 1, 1, 1, 1, 1, 3]",0,9106.280175941
1,[65],[2],0,197.4348677828
