,customer,weight,round,length
0,"[64, 63, 66]","[4, 1, 3]",0,897.678725872
1,"[65, 12, 60, 55, 20, 18, 29, 30, 31, 28]","[2, 1, 3, 1, 1, 1, 3, 1, 1, 1]",0,5358.5403761677
