,customer,weight,round,length
0,"[2, 42, 0, 17, 44, 83, 82, 59, 58, 85, 43, 87]","[1, 1, 1, 1, 1, 1, 1, 2, 1, 2, 2, 1]",0,6422.160406458301
1,[4],[1],0,135.0043743796
