,task,distance
0,[0],4406.929623151
1,[1],2817.0618730585
