,task,distance
0,[0],6422.160406458301
1,[1],135.0043743796
