,task,distance
0,[0],1250.931206898
1,[1],2000003558.6157613
