,customer,weight,round,length
0,"[90, 60, 57, 122, 59, 4, 5, 120, 118, 115, 99, 63, 92, 51]","[1, 1, 1, 1, 1, 1, 1, 1, 1, 1, 1, 1, 2, 1]",0,6861.7310768610005
1,"[142, 94, 153, 77, 78, 88, 79, 49]","[1, 2, 7, 1, 1, 1, 1, 1]",0,3389.8205203459997
2,"[146, 131, 96, 128, 139, 186, 52, 184, 183, 185, 29, 134, 133, 137]","[1, 1, 1, 1, 1, 1, 1, 1, 1, 2, 1, 1, 1, 1]",0,4246.2997430406995
3,"[108, 179, 26, 126, 2, 173, 169, 176, 107, 175, 54, 55]","[2, 2, 1, 1, 1, 1, 1, 1, 1, 1, 1, 1]",1,4322.608665008001
4,"[102, 196, 33, 9, 97, 19, 86, 164, 46, 182]","[2, 2, 1, 1, 1, 1, 1, 4, 1, 1]",1,10820.508755507999
5,"[25, 10, 53, 159, 17, 28, 31, 7, 168, 143, 95]","[1, 1, 5, 1, 1, 1, 1, 1, 1, 1, 1]",1,8753.488522290001
