,task,distance
0,[0],3414.185323707
1,[1],4270.379920862
2,[2],1265.379056978
