,customer,weight,round,length
0,[42],[14],0,2994.04994866
1,"[23, 27, 26, 39, 52, 45, 48]","[1, 1, 2, 3, 3, 1, 4]",0,4519.6580597659995
2,[],[],0,0.0
3,"[19, 21, 14, 49, 50, 24, 12, 9]","[1, 1, 1, 1, 1, 1, 1, 1]",0,2418.4866701948
