,task,distance
0,[0],2818.2152223469
1,[1],2028.957384292
