,customer,weight,round,length
0,[3],[15],0,249.229065696
1,[1],[1],1,3615.21559688
