,customer,weight,round,length
0,"[17, 72, 49]","[1, 1, 13]",0,2715.512665181
1,"[7, 28, 36, 35, 27, 38, 45, 48, 23]","[1, 1, 1, 1, 3, 1, 1, 5, 1]",0,5258.7130725727
2,"[31, 32, 21, 74, 73, 78, 8, 25]","[1, 1, 1, 1, 1, 1, 8, 1]",1,1413.0494716768
3,[52],[1],1,1138.832073444
