,customer,weight,round,length
0,"[67, 35, 131, 50, 128, 137, 87, 88, 86, 106]","[1, 2, 4, 1, 1, 1, 1, 1, 1, 1]",0,6397.623088845
1,"[114, 119]","[2, 2]",0,917.453508513
2,[],[],0,0.0
3,[],[],0,0.0
