,customer,weight,round,length
0,[],[],0,0.0
1,"[116, 79, 124, 85, 80, 127, 129]","[5, 1, 1, 1, 1, 1, 1]",0,3300.6607448990003
2,"[132, 31, 120, 51, 90]","[1, 2, 2, 2, 1]",0,3844.022845716
3,[],[],0,0.0
