,customer,weight,round,length
0,"[54, 107, 11, 72, 110, 115, 91, 111]","[1, 1, 2, 1, 1, 7, 1, 1]",0,5403.653486781
1,[],[],0,0.0
2,"[46, 97, 32, 5, 47]","[1, 2, 1, 1, 1]",0,2463.7405774549998
3,[],[],0,0.0
4,[],[],0,0.0
