,task,distance
0,[0],5403.653486781
1,[1],0.0
2,[2],2463.740577455
3,[3],0.0
4,[4],0.0
