,customer,weight,round,length
0,"[96, 22, 24, 25, 82, 27, 100]","[1, 1, 1, 1, 1, 1, 1]",0,2012.7719490089999
1,[44],[1],0,455.658086508
2,[],[],0,0.0
3,[],[],0,0.0
4,[],[],0,0.0
