,customer,weight,round,length
0,"[14, 40, 80, 30, 3]","[1, 3, 1, 1, 4]",0,3808.5334191929996
1,[],[],0,0.0
2,[],[],0,0.0
3,[],[],0,0.0
4,"[33, 104, 65]","[6, 1, 1]",0,1110.4958962524001
