,task,distance
0,[0],2012.771949009
1,[1],455.658086508
2,[2],0.0
3,[3],0.0
4,[4],0.0
