,customer,weight,round,length
0,[34],[2],0,414.032903532
1,"[35, 37]","[1, 1]",0,831.6219824421
2,[15],[1],0,187.3062498416
3,[],[],0,0.0
