,task,distance
0,[0],1694.669051154
1,[1],0.0
2,[2],0.0
3,[3],2758.0700740008
