,customer,weight,round,length
0,"[77, 191, 78, 79, 210, 209, 156, 141, 112, 126]","[3, 1, 1, 3, 2, 1, 1, 1, 1, 1]",0,13959.223179373
1,"[39, 184, 239, 46, 20, 72, 167, 67, 63, 68, 61, 60, 66, 139, 89]","[1, 1, 1, 1, 1, 1, 1, 1, 1, 1, 1, 1, 1, 1, 1]",1,15201.148946751002
2,"[174, 93]","[1, 1]",2,7253.1831671
