,task,distance
0,"[0, 3]",2358.2254058
1,"[1, 2]",1649.084370071
