,customer,weight,round,length
0,"[181, 162, 164, 9, 14]","[1, 1, 11, 1, 1]",0,7117.921527219999
1,[],[],0,0.0
2,[],[],0,0.0
3,"[151, 153, 79, 178, 55, 154, 191, 139, 158]","[1, 1, 1, 6, 1, 1, 2, 1, 1]",0,9751.350554625998
