,customer,weight,round,length
0,[],[],0,0.0
1,"[115, 22, 118, 70, 58]","[7, 1, 4, 2, 1]",0,2615.992600036
2,"[114, 76, 83, 84, 71, 49, 80, 63, 81, 82]","[1, 1, 1, 1, 1, 1, 1, 2, 1, 1]",0,2295.4691332539
3,[],[],0,0.0
4,"[66, 94, 24, 56, 7, 72, 33, 35, 19, 20, 48]","[1, 1, 1, 2, 2, 2, 1, 1, 1, 1, 2]",0,3808.891936786
