,customer,weight,round,length
0,"[49, 71, 84, 76, 48, 20, 33, 35, 7, 56, 57, 52]","[1, 1, 1, 1, 2, 1, 1, 1, 2, 2, 1, 1]",0,5223.879527986
1,"[103, 97, 86, 36, 61, 88, 47, 46, 99]","[1, 1, 1, 1, 1, 2, 2, 1, 1]",0,2174.4029891616
2,[],[],0,0.0
3,[],[],0,0.0
4,"[69, 115, 66, 94, 89]","[1, 7, 1, 1, 2]",0,2350.6503108340003
