,customer,weight,round,length
0,"[96, 69, 111, 119, 21, 131, 185, 180]","[1, 4, 2, 2, 1, 2, 1, 2]",0,1887.2154641059997
1,"[103, 70, 139, 143, 95, 101]","[4, 4, 3, 1, 1, 2]",0,1374.4135954637
2,[],[],1,0.0
3,"[110, 186]","[2, 1]",1,1675.1164924290001
