,task,distance
0,[0],2599.515810128
1,[1],1589.2218180156
