,task,distance
0,[0],3281.4957065485
1,[1],847.0432811081
