,customer,weight,round,length
0,"[126, 185, 139, 191, 144, 92, 154, 132, 104, 54]","[1, 1, 1, 2, 1, 5, 1, 1, 1, 1]",0,10178.376699896
1,"[98, 10, 94, 47, 162, 198, 181, 99]","[1, 1, 1, 1, 1, 8, 1, 1]",1,6921.942343206
2,[164],[3],2,5441.51580882
