,customer,weight,round,length
0,"[21, 5, 4, 17]","[2, 1, 1, 1]",0,1914.2938813164
1,[],[],0,0.0
2,"[24, 47, 1, 0, 46, 62, 63, 43, 14]","[1, 2, 2, 2, 1, 4, 1, 1, 1]",0,5295.630307386001
3,[],[],0,0.0
4,[],[],0,0.0
