,task,distance
0,[0],0.0
1,[1],415.5115991587001
2,[2],0.0
3,[3],0.0
4,[4],7451.399105377
