,customer,weight,round,length
0,[],[],0,0.0
1,[],[],0,0.0
2,"[61, 62, 56, 74, 40, 76, 14]","[2, 2, 1, 1, 1, 1, 1]",0,1866.623750626
3,"[51, 23, 64, 82, 33, 34, 35]","[3, 1, 2, 2, 2, 1, 1]",0,1800.677412401
4,[73],[8],0,279.567158728
