,customer,weight,round,length
0,[],[],0,0.0
1,"[43, 30, 70, 29, 67, 69, 4]","[1, 4, 1, 1, 1, 1, 1]",0,2510.4175126943
2,"[43, 42, 7, 20, 17, 63, 81, 27, 32, 31]","[1, 1, 1, 1, 1, 1, 1, 1, 2, 1]",0,5058.837357219
3,[],[],0,0.0
4,[],[],0,0.0
