,customer,weight,round,length
0,[],[],0,0.0
1,"[11, 13, 23, 73, 63, 67, 70]","[1, 1, 1, 8, 1, 1, 1]",0,5484.6025844979995
2,"[32, 14, 40, 61, 57, 86, 60, 59, 42]","[2, 1, 1, 2, 2, 1, 1, 1, 1]",0,4557.710182488
3,[],[],0,0.0
4,[],[],0,0.0
