,customer,weight,round,length
0,"[9, 8, 10, 11]","[1, 2, 1, 1]",0,999.022453497
1,"[13, 83, 22, 49, 57, 79, 86, 26, 60, 59, 38]","[1, 1, 1, 1, 2, 1, 1, 1, 1, 1, 2]",0,3089.3783344447997
2,[],[],0,0.0
3,[],[],0,0.0
4,[],[],0,0.0
