,task,distance
0,[0],999.022453497
1,[1],3089.3783344448
2,[2],0.0
3,[3],0.0
4,[4],0.0
