,task,distance
0,[0],0.0
1,[1],0.0
2,[2],1866.623750626
3,[3],1800.677412401
4,[4],279.567158728
