,customer,weight,round,length
0,"[115, 114, 51, 27, 23, 25]","[3, 3, 1, 1, 1, 3]",0,6697.076786979
1,"[54, 71, 108, 90, 45]","[1, 4, 1, 2, 1]",0,3595.1727182289997
