,customer,weight,round,length
0,"[72, 22, 63]","[1, 1, 7]",0,1983.7048121379999
1,"[68, 70, 49, 83, 84, 106, 17, 32, 89]","[1, 2, 3, 1, 1, 2, 1, 3, 1]",0,9652.859820344
