,customer,weight,round,length
0,"[7, 11, 10, 2, 9, 8, 48, 1, 21, 49, 22]","[1, 1, 1, 1, 1, 1, 1, 1, 1, 1, 1]",0,1682.5069687849002
1,"[6, 47, 12, 23]","[1, 1, 9, 2]",0,2107.6963251429
2,[],[],0,0.0
