,task,distance
0,[0],5993.4892157842
1,[1],5083.4184758175
2,[2],79.1572618066
