,task,distance
0,[0],4526.9123537421
1,[1],0.0
2,[2],0.0
3,[3],94.1998147952
4,[4],0.0
