,customer,weight,round,length
0,[],[],0,0.0
1,[],[],0,0.0
2,"[88, 16, 7, 6, 53]","[2, 1, 6, 1, 4]",0,2176.857493006
3,[],[],0,0.0
4,"[1, 2, 101, 66, 64, 83, 24, 48, 75, 103, 94, 102, 87]","[1, 1, 1, 1, 1, 1, 1, 1, 1, 2, 1, 1, 2]",0,4698.258508238001
