,task,distance
0,[0],4342.499936871
1,[1],0.0
2,[2],0.0
3,[3],0.0
4,[4],5211.202040382
