,customer,weight,round,length
0,[],[],0,0.0
1,[],[],0,0.0
2,[53],[2],0,495.601906626
3,"[48, 47, 11, 3, 12]","[1, 1, 1, 3, 3]",0,1745.857712622
