,task,distance
0,[0],7777.2032296463
1,[1],6421.258215367
2,[2],0.0
