,task,distance
0,[0],0.0
1,[1],3114.1617664196
2,[2],3166.5534384868
