,customer,weight,round,length
0,"[40, 9, 13, 34, 37, 50, 42, 29, 8, 1, 54]","[1, 1, 1, 5, 1, 1, 1, 1, 1, 1, 1]",0,889.0295562880001
1,"[16, 24, 55, 18, 17, 48, 53, 32, 38, 44, 7, 23, 45, 22]","[1, 1, 1, 1, 1, 1, 1, 1, 1, 1, 1, 2, 1, 1]",0,1566.960134471
2,"[47, 72, 52, 60, 71, 26, 41, 15, 25, 49, 46]","[1, 1, 1, 4, 1, 1, 1, 1, 2, 1, 1]",0,1749.67693565
3,"[27, 21, 33, 30, 14, 39, 28, 78, 79, 43, 63, 51]","[1, 2, 1, 1, 1, 1, 1, 3, 1, 1, 1, 1]",0,990.0034598560001
4,"[36, 61, 65, 85, 68, 35, 77, 57, 4, 12, 3]","[1, 1, 1, 5, 1, 1, 1, 1, 1, 1, 1]",1,2257.485946568
5,"[86, 69, 31, 10, 73, 66, 75, 59, 58]","[6, 1, 1, 1, 1, 1, 1, 1, 1]",1,851.4138553160001
6,"[76, 80, 0, 56, 82, 84, 2, 64, 6, 5]","[1, 1, 1, 1, 1, 6, 1, 1, 1, 1]",1,2251.95121
7,"[34, 74, 83, 19, 20, 70, 67, 81, 62, 87, 88, 11]","[2, 1, 1, 1, 1, 1, 1, 1, 1, 1, 3, 1]",1,2170.7246641
