,customer,weight,round,length
0,"[127, 28, 27, 91, 154, 20, 26, 126]","[2, 1, 3, 1, 1, 1, 3, 3]",0,5286.416218731
1,"[5, 10, 122, 121, 9, 8, 3, 4]","[2, 2, 2, 4, 1, 1, 1, 1]",0,2816.8942163350002
2,"[85, 41, 40]","[1, 2, 3]",0,829.5921652923
