,customer,weight,round,length
0,"[53, 13, 100, 25, 99, 108, 12]","[2, 2, 2, 2, 2, 1, 1]",0,2594.7410091300003
1,[],[],0,0.0
2,"[151, 157, 128, 156, 29, 158, 16, 155, 19, 133, 110]","[2, 1, 2, 1, 1, 1, 1, 3, 1, 1, 1]",0,3802.4901501960003
