,task,distance
0,[0],3595.5069398814994
1,[1],2181.387741275
2,[2],0.0
