,task,distance
0,[0],5799.419614511
1,[1],0.0
2,[2],4156.878776817
