,customer,weight,round,length
0,"[15, 38, 5, 24, 51, 12, 16]","[1, 2, 1, 1, 1, 4, 4]",0,8087.140431458999
1,[16],[13],0,946.444237718
