,customer,weight,round,length
0,[26],[15],0,336.007256574
1,"[26, 16]","[2, 13]",0,1282.451494293
2,"[15, 45, 11, 22, 12, 16]","[1, 1, 1, 1, 4, 4]",1,6197.863162735501
3,[],[],1,0.0
