,customer,weight,round,length
0,[31],[1],0,358.994489562
1,"[32, 38, 37, 46, 33, 29, 30]","[2, 2, 1, 2, 1, 2, 2]",0,8221.293289018
