,task,distance
0,[0],358.994489562
1,[1],8221.293289018
