,task,distance
0,[0],8087.140431458999
1,[1],946.444237718
