,task,distance
0,[0],13288.3190309403
1,[1],16799.5939081848
2,[2],13323.446614054996
3,[3],1304.80322371
