,task,distance
0,[0],0.0
1,[1],14480.0293109701
2,[2],3870.1761913692
