,task,distance
0,[0],1818.5907046533
1,[1],2296.7782571862003
2,[2],0.0
