,task,distance
0,[0],11077.527101348
1,[1],1052.4379421241
2,[2],0.0
