,task,distance
0,[0],0.0
1,[1],10809.1264144343
2,[2],5711.438110718999
