,customer,weight,round,length
0,"[48, 61, 54, 12, 64]","[3, 2, 2, 4, 4]",0,2872.027062736
1,[],[],0,0.0
2,"[58, 28, 73, 29, 31, 57, 24]","[1, 1, 1, 7, 1, 1, 1]",0,3641.4944565389997
3,[],[],0,0.0
