,customer,weight,round,length
0,"[69, 62, 33]","[3, 1, 1]",0,2013.181179062
1,"[59, 22]","[1, 14]",0,2312.442055919
2,"[36, 42, 13, 65, 4, 70]","[1, 2, 4, 6, 1, 1]",0,4561.632938411
3,[22],[15],0,1958.27280499
