,task,distance
0,"[0, 4]",5796.9504706973
1,"[1, 3]",8072.0933606175
2,"[2, 5]",7784.0514268356
