,task,distance
0,[0],0.0
1,[1],4757.058929148
2,[2],77.1188745576
