,customer,weight,round,length
0,[16],[8],0,2169.82051706
1,"[28, 27, 26]","[10, 3, 1]",0,1570.192330777
2,"[3, 1, 14]","[1, 1, 10]",0,652.9753934547
3,"[5, 13, 19, 7, 24, 25]","[2, 1, 1, 1, 1, 3]",0,1191.859280435
