,task,distance
0,[0],2169.82051706
1,[1],1570.192330777
2,[2],652.9753934547
3,[3],1191.859280435
