,customer,weight,round,length
0,"[60, 53, 80, 81, 65, 66, 28, 57]","[1, 1, 6, 1, 1, 2, 2, 1]",0,6991.5904463017005
1,"[57, 56, 74, 58]","[1, 2, 1, 1]",0,712.5566866395
2,[],[],0,0.0
3,[],[],0,0.0
4,[],[],0,0.0
