,task,distance
0,[0],0.0
1,[1],892.1428922140001
2,[2],0.0
3,[3],0.0
4,[4],8393.486383358002
