,task,distance
0,[0],0.0
1,[1],1127.7512624685
2,[2],2440.23223092
3,[3],0.0
4,[4],1614.9639857247998
