,task,distance
0,"[0, 2]",11107.570964815
1,"[1, 3]",6703.136086482
