,customer,weight,round,length
0,"[23, 51, 25, 132, 134, 52, 53, 66, 28, 71, 84]","[2, 1, 2, 1, 1, 1, 1, 1, 2, 1, 2]",0,3580.1982121940005
1,[59],[1],1,3077.5966102
