,customer,weight,round,length
0,[114],[1],0,173.7688780272
1,"[76, 84, 83, 70, 92, 91, 60, 19, 48]","[1, 1, 1, 2, 1, 1, 1, 1, 2]",0,5430.089655426
2,[],[],0,0.0
