,customer,weight,round,length
0,[],[],0,0.0
1,"[130, 94, 174, 161, 109, 140, 80, 34, 33, 145, 168]","[1, 1, 1, 1, 3, 1, 1, 1, 1, 2, 1]",0,14480.0293109701
2,"[8, 7, 0, 104, 75, 27, 22, 107, 54, 53, 89]","[1, 1, 1, 3, 2, 1, 1, 1, 1, 1, 1]",0,3870.1761913692003
3,[],[],0,0.0
