,task,distance
0,[0],2271.014528542
1,[1],6524.674989001999
2,[2],0.0
3,[3],0.0
4,[4],0.0
