,customer,weight,round,length
0,"[97, 99, 4, 14, 6, 100, 13, 39, 38]","[2, 1, 1, 1, 3, 2, 3, 1, 1]",0,3009.7278535874
1,"[87, 88, 89, 85, 84, 56, 55, 95]","[1, 4, 1, 1, 3, 1, 3, 1]",0,2713.733969431
2,"[94, 46, 11, 37, 91, 75, 0, 74, 53]","[2, 1, 3, 1, 2, 1, 2, 1, 2]",1,3573.6490669590003
3,"[50, 93, 27, 28, 29, 57, 73, 15, 35, 34]","[1, 1, 2, 1, 2, 3, 1, 2, 1, 1]",1,2212.838684515
4,"[81, 102, 3, 31, 32, 79, 62, 1, 58, 41, 42]","[1, 3, 1, 1, 1, 1, 1, 1, 1, 2, 2]",2,3348.5973989339996
5,"[25, 83, 80, 69, 68, 64, 48]","[1, 4, 1, 1, 1, 5, 2]",2,2385.3155914420004
6,[],[],3,0.0
7,"[79, 18]","[1, 2]",3,2937.7857400489997
