,customer,weight,round,length
0,[1],[14],0,207.79886865
1,[0],[15],0,2896.03164998
2,[],[],0,0.0
3,[0],[8],0,2896.03164998
4,[1],[15],0,207.79886865
