,task,distance
0,"[0, 3]",9067.091093899999
1,"[1, 5]",9986.3637956767
2,"[2, 4]",7539.041436476
