,customer,weight,round,length
0,"[16, 37, 13, 0, 12, 22, 7, 24, 4]","[1, 1, 1, 1, 1, 1, 1, 2, 6]",0,3238.5662828901
1,"[15, 14, 10, 32, 33, 34, 20, 28, 29, 27]","[1, 2, 2, 1, 1, 1, 2, 1, 1, 3]",0,2032.5725068031004
2,"[25, 30, 36, 19, 35, 21, 17, 18]","[2, 1, 1, 2, 1, 1, 1, 3]",1,2209.0152879480006
3,[],[],1,0.0
