,customer,weight,round,length
0,"[7, 6, 15, 147, 148, 0, 99, 98, 149, 47, 195, 65]","[1, 1, 1, 1, 1, 1, 1, 1, 1, 2, 1, 3]",0,2321.5715386399997
1,"[150, 137, 97, 145]","[1, 1, 1, 1]",1,2214.650326356
