,customer,weight,round,length
0,"[47, 69, 163, 124, 1, 180, 100, 106, 142]","[2, 1, 1, 1, 4, 1, 3, 1, 1]",0,7856.756263708001
1,"[132, 110, 160, 161, 79, 145, 99, 0]","[2, 1, 2, 4, 1, 1, 1, 1]",1,3891.855764249
