,customer,weight,round,length
0,"[77, 74, 1, 72, 155, 157, 101, 56, 180]","[1, 1, 4, 2, 2, 1, 1, 2, 1]",0,2124.6947364682997
1,"[162, 93, 69, 44, 138, 79, 123, 75]","[1, 1, 1, 1, 2, 1, 2, 1]",1,8021.309798509001
