,customer,weight,round,length
0,"[102, 71, 100, 64, 69, 67, 68, 122, 74, 83, 73]","[2, 1, 3, 2, 1, 1, 1, 1, 1, 1, 1]",0,1895.7576546072996
1,"[70, 85, 87, 36, 88, 51, 52, 81, 21, 27, 75, 126, 172]","[1, 1, 1, 1, 1, 1, 1, 1, 1, 1, 2, 2, 1]",1,2275.7451148907003
2,"[66, 104, 173, 53, 50, 129, 63, 37, 49, 101]","[2, 3, 2, 1, 1, 1, 2, 1, 1, 1]",2,3247.458066666
3,"[48, 5, 0, 62, 89, 54, 164, 18, 22, 125, 66]","[1, 1, 1, 5, 1, 1, 1, 1, 1, 1, 1]",3,4276.683733804799
4,"[163, 19, 107, 108, 170, 143, 145, 59, 165]","[3, 2, 1, 1, 1, 3, 2, 1, 1]",4,3112.8108489004003
5,[175],[1],5,13283.77363284
