,task,distance
0,[0],675.618607232
1,[1],0.0
2,[2],0.0
3,[3],0.0
4,[4],1637.979228338
