,task,distance
0,[0],0.0
1,[1],8360.968983079001
2,[2],0.0
3,[3],9067.466210697
4,[4],7048.19407438
