,task,distance
0,"[0, 5, 7]",3376.042811884
1,"[1, 4, 6]",4975.550000861
2,"[2, 3, 7]",3360.22026395
