,task,distance
0,"[0, 3]",1439.02925944
1,"[1, 2]",1439.02925944
