,customer,weight,round,length
0,[],[],0,0.0
1,[],[],0,0.0
2,"[38, 132, 157, 92]","[1, 2, 2, 2]",0,1230.3502331089999
3,"[236, 152, 237, 260, 259, 172, 263, 27]","[2, 1, 1, 1, 1, 1, 1, 1]",0,2335.8018204892
4,"[33, 29, 190, 264, 168, 271, 159, 217, 160, 188, 222, 178, 84, 88]","[1, 1, 1, 1, 1, 1, 1, 1, 2, 1, 1, 1, 1, 1]",0,3365.7591941379997
