,customer,weight,round,length
0,[],[],0,0.0
1,"[71, 208, 70, 69, 207, 182, 216, 133]","[2, 1, 3, 1, 1, 3, 2, 1]",0,2817.9816825006997
2,"[266, 170, 169, 31, 171, 275]","[2, 1, 2, 1, 6, 3]",0,5419.463061874001
3,"[274, 57, 198, 197, 147, 148, 163, 200, 146, 144, 145, 196]","[2, 2, 1, 1, 1, 1, 1, 1, 1, 2, 1, 1]",0,2850.6624180973
4,[],[],0,0.0
