,customer,weight,round,length
0,[],[],0,0.0
1,[],[],0,0.0
2,"[181, 231, 234, 61, 145, 196, 208, 216, 133, 266, 153]","[3, 1, 1, 1, 1, 1, 1, 2, 1, 2, 1]",0,6325.23906792
3,"[63, 13]","[2, 1]",0,1708.33662417
4,"[19, 88, 66, 212, 202, 219, 187, 27, 263, 33, 157, 229, 226]","[1, 1, 1, 1, 1, 1, 1, 1, 1, 1, 2, 1, 1]",0,6812.976137349
