,task,distance
0,[0],3463.5238065006
1,[1],3345.483828607
