,task,distance
0,[0],845.8829066643
1,[1],0.0
2,[2],0.0
3,[3],8071.097180529399
4,[4],0.0
