,customer,weight,round,length
0,"[7, 29]","[3, 12]",0,2552.590150414
1,"[8, 7]","[6, 9]",0,1695.2176986470001
2,"[3, 9, 39]","[13, 1, 1]",1,3086.978912158
3,"[15, 2, 25, 36, 38, 24, 6, 23, 8]","[1, 1, 1, 1, 2, 1, 1, 1, 6]",1,3417.6084245241
4,[],[],2,0.0
5,"[25, 37, 20, 19, 17, 11, 31, 16, 18]","[1, 1, 3, 1, 1, 1, 1, 1, 3]",2,3398.9948176759995
