,customer,weight,round,length
0,"[79, 78, 57, 0, 64, 84]","[9, 1, 1, 1, 1, 2]",0,9899.311482219
1,"[46, 44]","[1, 1]",1,4556.920591723
