,customer,weight,round,length
0,"[93, 213, 84, 97, 152, 149, 159, 158, 156, 23, 157, 45]","[2, 1, 1, 2, 1, 1, 1, 1, 2, 1, 1, 1]",0,55758.92413989602
1,"[165, 54, 120, 186, 184, 35, 94, 33, 132, 182]","[1, 1, 1, 2, 1, 1, 1, 1, 4, 2]",0,54486.41523071301
2,"[77, 215, 16, 207, 210, 190, 50, 14, 188, 116, 114]","[1, 5, 1, 1, 1, 1, 1, 1, 1, 1, 1]",1,6573.85817915
3,"[101, 103, 81, 82, 118, 161, 20, 122, 142, 106, 108, 99, 76]","[1, 1, 1, 1, 1, 2, 1, 2, 1, 1, 1, 1, 1]",1,6666.197218408999
4,"[92, 202, 2, 57, 125, 147, 146, 148, 85, 198, 9, 16]","[1, 1, 1, 1, 1, 1, 1, 1, 1, 1, 1, 1]",2,10880.404946836301
5,[],[],2,0.0
