,task,distance
0,[0],0.0
1,[1],7730.608430694901
2,[2],879.5108349244999
3,[3],0.0
