,task,distance
0,[0],0.0
1,[1],2263.453054888
2,[2],8865.1352970691
3,[3],0.0
