,customer,weight,round,length
0,"[101, 23, 2, 12, 1, 0, 77]","[2, 3, 1, 2, 2, 2, 3]",0,1993.3560661370002
1,"[76, 129, 75, 87, 24, 99, 9, 10, 11, 8, 134]","[1, 1, 1, 2, 1, 1, 2, 1, 1, 1, 3]",1,2665.1241641848005
2,"[56, 55, 80]","[2, 1, 2]",2,2613.2360647699998
