,customer,weight,round,length
0,"[59, 62, 108, 70, 16, 110, 84, 69, 71]","[2, 1, 1, 2, 1, 1, 1, 3, 3]",0,1918.3189226006
1,"[78, 73, 17, 121, 146, 30, 67, 66, 149, 63, 52]","[1, 1, 1, 1, 1, 3, 1, 2, 1, 1, 2]",1,6003.391946769
