,task,distance
0,[0],1976.384356572
1,[1],1798.3626600430002
2,[2],2093.1588137479
