,task,distance
0,[0],0.0
1,[1],3048.6377746125
2,[2],6896.7060232195
3,[3],0.0
