,customer,weight,round,length
0,"[0, 188, 65, 66, 67, 25, 45, 16, 56, 57, 128, 69, 194]","[1, 1, 1, 2, 1, 1, 1, 1, 1, 1, 1, 1, 2]",0,3955.8106740234
1,"[7, 211, 10, 8, 5, 60, 129, 204, 13, 205, 31, 46]","[3, 1, 1, 2, 1, 1, 1, 1, 1, 1, 1, 1]",1,5786.71546159
2,"[6, 222]","[2, 1]",2,7427.5931159
