,customer,weight,round,length
0,[49],[4],0,672.430754074
1,"[8, 102, 10, 11, 9, 64, 50]","[3, 2, 2, 2, 3, 1, 2]",0,2482.8359084750005
2,[],[],0,0.0
3,"[54, 106, 89, 0, 6, 93, 3, 96, 48, 47, 70]","[1, 3, 1, 1, 1, 1, 1, 1, 1, 1, 1]",0,3363.0275343186995
4,[],[],0,0.0
