,customer,weight,round,length
0,[],[],0,0.0
1,"[86, 103, 10, 11, 31, 105, 24, 75]","[1, 3, 2, 2, 2, 1, 1, 1]",0,9821.269289706
2,"[56, 32, 84, 89, 54, 48, 70, 49, 9, 12]","[1, 1, 1, 1, 1, 1, 1, 4, 3, 1]",0,11873.429815476999
3,[],[],0,0.0
4,[],[],0,0.0
