,customer,weight,round,length
0,[136],[9],0,280.102288952
1,"[61, 22, 106, 68, 81]","[1, 1, 2, 3, 1]",0,1771.9754239994
2,"[154, 155, 41, 40, 123, 4, 5, 6, 120]","[2, 1, 1, 1, 1, 1, 1, 1, 1]",0,1307.7654820195003
