,customer,weight,round,length
0,"[44, 88, 120, 68, 135, 130, 97, 77, 5]","[1, 1, 1, 3, 1, 1, 1, 2, 1]",0,9303.658174127
1,"[93, 142, 153, 148, 149, 91]","[2, 1, 1, 1, 1, 1]",0,9460.357877382
2,[],[],0,0.0
