,task,distance
0,[0],280.102288952
1,[1],1771.9754239994
2,[2],1307.7654820195005
