,task,distance
0,[0],3166.4074363880004
1,[1],0.0
2,[2],1578.152397121
