,customer,weight,round,length
0,[12],[10],0,416.418391156
1,[],[],0,0.0
2,"[24, 115, 75, 72, 68]","[1, 1, 2, 2, 3]",0,1612.7587157312
3,"[20, 118, 138, 98, 66, 88, 89]","[1, 1, 1, 1, 2, 1, 2]",0,5726.697013395999
