,task,distance
0,[0],0.0
1,[1],639.869474888
2,[2],0.0
3,[3],6075.546568872
