,customer,weight,round,length
0,"[12, 50, 25, 47, 37, 2, 15, 46, 65]","[2, 1, 1, 3, 1, 1, 2, 1, 3]",0,3696.501185147
1,[27],[1],1,2782.45375886
