,customer,weight,round,length
0,[0],[14],0,112.643835689
1,[3],[12],0,322.775148256
2,[1],[11],0,478.412810606
3,[],[],0,0.0
4,"[0, 2, 4]","[1, 1, 13]",0,534.3271740415
