,task,distance
0,[0],112.643835689
1,[1],322.775148256
2,[2],478.412810606
3,[3],0.0
4,[4],534.3271740415
