,customer,weight,round,length
0,"[122, 75, 74, 72, 1, 77, 180, 155, 157]","[1, 1, 1, 2, 4, 1, 1, 2, 1]",0,3074.4724491340003
1,"[56, 101, 100]","[2, 1, 3]",0,724.9266194429999
2,"[158, 33]","[5, 8]",0,1180.801262368
3,"[103, 71, 39, 124, 125, 163, 162, 93, 94, 69, 0, 79, 190, 33]","[1, 1, 1, 1, 1, 1, 1, 1, 1, 1, 1, 1, 1, 2]",0,6477.495999520001
