,task,distance
0,[0],0.0
1,[1],7622.745536634001
2,[2],4801.547909376999
3,[3],4319.749754109
