,customer,weight,round,length
0,"[53, 52, 30, 13, 54, 55, 56, 65, 28, 29]","[3, 1, 1, 2, 1, 1, 1, 1, 1, 3]",0,2186.8504144363997
1,"[39, 38, 108, 104, 67, 66, 49, 19, 82, 50, 51]","[1, 2, 2, 1, 2, 2, 1, 1, 1, 1, 1]",1,3032.0921717738006
2,"[40, 106, 105, 89, 42, 41, 35, 109, 24, 23, 98, 82]","[1, 1, 1, 1, 1, 1, 1, 1, 1, 1, 1, 3]",2,3789.857502007799
