,customer,weight,round,length
0,"[33, 41, 15, 17, 35, 37, 16, 6, 34, 36]","[1, 1, 1, 1, 1, 1, 3, 2, 3, 1]",0,2089.05164064
1,"[21, 42, 31, 60, 22, 32, 57, 30, 11, 48, 43]","[2, 2, 1, 2, 1, 1, 1, 1, 1, 1, 2]",1,2048.965130954
2,"[48, 12, 51, 54, 23, 61, 59, 13, 58, 24, 19, 25]","[3, 1, 1, 1, 1, 1, 1, 1, 1, 1, 1, 1]",2,1629.253935911
