,task,distance
0,"[0, 3]",2919.9729945443
1,"[1, 4]",2738.183794474
2,"[2, 5]",2877.7697872803
