,customer,weight,round,length
0,"[108, 101, 168, 140, 131, 182, 38, 106, 128, 85]","[2, 1, 3, 1, 2, 1, 1, 2, 1, 1]",0,2000008552.8970861
1,[],[],0,0.0
2,"[94, 91, 40, 222, 165, 17, 48, 152, 149]","[1, 1, 1, 1, 1, 1, 1, 3, 1]",0,3133.188097142
