,customer,weight,round,length
0,"[17, 165, 48, 119, 97, 75, 98, 81, 115, 24, 220]","[1, 1, 1, 1, 1, 1, 1, 3, 2, 1, 2]",0,3588.5545291737003
1,[120],[1],0,209.51352989
2,"[16, 112, 214, 95, 91, 94, 93]","[2, 1, 2, 1, 1, 1, 1]",0,1348.4120256613
