,customer,weight,round,length
0,"[192, 141, 193, 47, 114, 15, 108, 102, 21, 64, 85]","[1, 2, 2, 1, 1, 1, 2, 1, 2, 1, 1]",0,8781.586787438
1,"[82, 136, 206, 28, 83, 53, 13, 72, 86]","[1, 1, 1, 1, 1, 2, 1, 1, 2]",0,4099.7753530316
2,[],[],0,0.0
