,customer,weight,round,length
0,"[141, 193, 194, 192, 85, 86, 72, 13]","[2, 3, 1, 1, 1, 2, 1, 1]",0,5182.9179899426
1,"[112, 47, 148, 96, 158, 101, 21, 218, 205]","[1, 1, 3, 2, 1, 1, 2, 2, 1]",0,8609.106345502001
2,"[82, 83, 28, 206, 136, 53]","[1, 1, 1, 1, 1, 2]",0,2285.9357137270003
