,task,distance
0,[0],2000002211.714697
1,[1],2000001965.530413
2,[2],0.0
