,task,distance
0,[0],8781.586787438
1,[1],4099.7753530316
2,[2],0.0
