,task,distance
0,[0],2000008552.897086
1,[1],0.0
2,[2],3133.188097142
