,task,distance
0,[0],10982.631954013
1,[1],8988.528418326001
2,[2],0.0
