,task,distance
0,[0],8131.6392553468995
1,[1],6968.9077662992
2,[2],0.0
