,task,distance
0,[0],489.658369908
1,[1],0.0
2,[2],4549.72976813
3,[3],0.0
