,customer,weight,round,length
0,"[58, 65, 69, 48, 15, 44, 17]","[2, 1, 1, 1, 1, 1, 2]",0,1544.7487782389999
1,"[87, 67, 41, 47, 76, 75, 54, 0, 5, 4]","[2, 1, 1, 1, 1, 3, 1, 2, 1, 1]",0,1931.3430216439997
2,[],[],0,0.0
3,"[45, 94, 2, 1, 13, 12, 23, 32, 31, 30, 56, 55]","[2, 1, 1, 1, 1, 1, 1, 1, 1, 2, 1, 1]",0,2270.1160018343
