,customer,weight,round,length
0,"[1, 2, 14, 51, 33, 21, 13]","[2, 3, 1, 2, 3, 3, 1]",0,2067.981886125
1,[3],[1],1,2778.88870692
