,customer,weight,round,length
0,"[155, 156, 151, 61, 6, 5, 2, 97, 93]","[3, 1, 1, 1, 1, 1, 3, 1, 1]",0,6645.065185061
1,"[169, 142, 108, 165, 19, 18, 125, 21, 52, 51, 101, 70, 91]","[2, 1, 1, 1, 2, 1, 1, 1, 1, 1, 1, 1, 1]",0,8934.976606430999
