,customer,weight,round,length
0,"[131, 135, 153, 156, 151, 109, 150, 61, 146, 40]","[3, 1, 1, 1, 1, 3, 1, 1, 1, 1]",0,3901.552172791
1,"[58, 130, 116, 167, 79, 19, 66, 51, 129, 48, 63, 45]","[1, 1, 1, 1, 1, 2, 1, 1, 1, 1, 2, 2]",0,8575.560038478001
