,customer,weight,round,length
0,"[89, 88, 36, 85, 49, 125, 163, 168, 80, 117, 140, 93, 94]","[1, 1, 1, 1, 1, 1, 3, 1, 1, 1, 1, 1, 1]",0,15615.925498612602
1,"[175, 174, 41, 39, 157, 155, 161, 154, 106]","[1, 1, 1, 1, 1, 3, 1, 1, 1]",0,15810.934807325999
