,customer,weight,round,length
0,"[33, 35, 34, 55, 141, 142, 145, 143, 120]","[1, 2, 1, 2, 2, 1, 2, 3, 1]",0,1818.5907046533002
1,"[118, 169, 170, 108, 107, 18, 22, 53, 54, 164, 165, 59]","[2, 2, 1, 1, 1, 1, 1, 1, 1, 1, 1, 1]",0,2296.7782571862
