,task,distance
0,"[0, 2]",5834.9784338676
1,"[1, 3]",7611.016857166999
