,task,distance
0,[0],0.0
1,[1],2512.9422755545
2,[2],1216.260696268
3,[3],511.102181154
