,customer,weight,round,length
0,"[62, 64, 21, 23, 31, 50, 9, 1, 79, 16, 71]","[3, 2, 1, 1, 1, 1, 1, 1, 2, 1, 1]",0,9031.136458635201
1,"[42, 41, 44, 60]","[1, 1, 2, 2]",0,1316.1789817806
2,"[92, 11, 29, 26]","[1, 1, 1, 1]",0,4014.872713165
3,[],[],0,0.0
