,task,distance
0,[0],0.0
1,[1],2000004443.707552
2,[2],0.0
3,[3],2000002535.857497
