,task,distance
0,[0],1618.9817654891
1,[1],3677.309554089
2,[2],0.0
3,[3],0.0
