,customer,weight,round,length
0,"[72, 38, 70, 78, 100, 101, 80]","[1, 8, 1, 1, 1, 1, 2]",0,1116.5769060673
1,"[68, 73, 94, 82, 81, 27, 87, 86, 98, 99]","[1, 1, 1, 1, 1, 2, 1, 1, 1, 1]",1,2282.130230841
