,customer,weight,round,length
0,"[33, 35, 34, 55, 142, 145, 120, 118, 168, 169]","[1, 2, 1, 2, 1, 2, 1, 2, 1, 2]",0,1943.511609982
1,"[59, 165, 164, 54, 53, 52, 81, 21, 27, 22, 19, 107, 108, 170]","[1, 1, 1, 1, 1, 1, 1, 1, 1, 1, 2, 1, 1, 1]",0,1879.0747236887
2,"[163, 18, 125]","[3, 1, 1]",1,2323.836270951
3,[],[],1,0.0
