,task,distance
0,[0],4909.467087215
1,[1],3185.4524154423
2,[2],80.8615284504
