,customer,weight,round,length
0,"[20, 44, 43, 87, 2, 0, 30, 28, 65, 66, 38]","[1, 1, 2, 1, 1, 1, 1, 1, 2, 3, 1]",0,5810.777137713002
1,"[79, 80, 40, 64, 13, 12, 11]","[2, 1, 6, 3, 1, 1, 1]",1,5177.8724514135
2,"[48, 61, 10, 24, 23, 90, 96, 86, 50, 51, 55, 56, 78]","[1, 1, 1, 1, 1, 1, 1, 2, 1, 1, 1, 1, 2]",2,5880.884945375101
3,"[70, 35, 21]","[1, 1, 1]",3,4788.456242797
