,customer,weight,round,length
0,[],[],0,0.0
1,"[145, 156, 76, 99, 100, 71]","[2, 1, 1, 1, 1, 1]",0,2908.468486196
2,"[108, 70, 65, 53, 56, 161, 105, 23, 166, 133, 98, 113, 96, 13]","[1, 1, 1, 1, 1, 1, 1, 1, 1, 1, 2, 1, 1, 1]",0,6815.907022879001
3,[],[],0,0.0
4,[],[],0,0.0
