,task,distance
0,[0],0.0
1,[1],2908.468486196
2,[2],6815.907022879001
3,[3],0.0
4,[4],0.0
