,task,distance
0,[0],273.680614128
1,[1],0.0
2,[2],12938.327582414
3,[3],0.0
