,customer,weight,round,length
0,"[41, 17, 5, 6, 47, 22, 8, 78, 82]","[1, 2, 1, 3, 1, 2, 1, 2, 2]",0,1791.238149611
1,"[45, 18, 43, 42]","[1, 1, 2, 2]",0,699.7396004591
