,customer,weight,round,length
0,"[22, 57, 48, 47, 6]","[2, 1, 2, 1, 3]",0,1936.2218829930002
1,"[82, 81, 14, 79, 73, 84, 61, 42]","[2, 1, 1, 1, 1, 1, 1, 2]",0,3352.0387300231
