,customer,weight,round,length
0,"[48, 21, 20, 28, 29, 27, 26]","[2, 1, 2, 2, 2, 3, 2]",0,1112.7585773966998
1,"[25, 19, 55, 7, 56, 57]","[2, 1, 2, 1, 1, 1]",0,1199.9477724371002
