,customer,weight,round,length
0,"[1, 0, 102, 81, 76]","[1, 2, 1, 3, 2]",0,2301.863687695
1,"[65, 101, 31, 114, 84, 70, 18, 16, 62, 23]","[2, 1, 1, 2, 1, 1, 1, 1, 1, 1]",0,3000002203.0015345
