,customer,weight,round,length
0,"[91, 50, 104, 38, 36, 78, 126, 44, 82]","[1, 1, 2, 1, 1, 1, 1, 1, 4]",0,2000002524.927568
1,"[119, 60, 13, 69, 19]","[2, 1, 2, 1, 1]",0,2000002098.400956
