,task,distance
0,[0],2301.863687695
1,[1],3000002203.0015345
