,customer,weight,round,length
0,"[91, 53, 89, 58]","[1, 1, 1, 1]",0,2490.437281112
1,"[116, 77, 99, 187, 29, 6, 4, 40]","[1, 1, 1, 1, 1, 1, 1, 1]",0,6807.25563072
2,"[88, 177, 128, 95, 183, 2, 135, 181, 173, 172, 131]","[1, 1, 1, 1, 2, 1, 4, 1, 1, 1, 1]",0,20729.757405670003
