,customer,weight,round,length
0,"[22, 3, 31, 7, 10, 19, 6, 26, 16, 12, 4]","[1, 1, 1, 2, 1, 1, 2, 3, 1, 1, 1]",0,621.785670064
1,"[21, 17, 35, 5, 23, 18, 11, 24, 13, 9, 15, 2]","[1, 1, 1, 2, 2, 2, 1, 1, 1, 1, 1, 1]",0,830.312759089
2,"[32, 25, 0, 27, 29, 20, 34, 8, 33, 28, 1]","[1, 1, 2, 2, 1, 1, 2, 1, 1, 1, 2]",0,952.928487673
3,[],[],1,0.0
4,[],[],1,0.0
5,"[30, 14]","[1, 1]",1,1236.971581311
