,customer,weight,round,length
0,[],[],0,0.0
1,"[55, 19, 15, 14, 120, 118, 105, 74, 77, 56]","[1, 1, 2, 2, 2, 1, 3, 1, 1, 1]",0,4253.205926416
2,"[65, 28, 90]","[1, 1, 2]",0,945.6034737570001
