,customer,weight,round,length
0,[],[],0,0.0
1,"[39, 59, 83, 22, 35, 36, 12]","[1, 1, 1, 2, 1, 1, 1]",0,6648.765400585
2,[93],[1],0,194.8223916154
