,task,distance
0,[0],0.0
1,[1],5099.76776468
2,[2],7364.932476552
