,customer,weight,round,length
0,"[16, 17, 95, 94]","[3, 1, 10, 1]",0,583.0601808789
1,"[88, 9, 34, 19, 28, 72, 16]","[3, 1, 1, 1, 1, 2, 6]",1,2797.6272408590003
2,"[60, 62, 64, 44, 90]","[2, 2, 1, 1, 1]",2,2020.3003631870004
