,customer,weight,round,length
0,"[43, 67, 60, 106]","[1, 1, 1, 1]",0,1453.44670412
1,[],[],0,0.0
2,"[131, 110, 97, 101, 88, 47, 50, 40, 127, 81, 82]","[1, 3, 1, 1, 1, 1, 1, 2, 1, 1, 1]",0,7680.684137493001
3,[],[],0,0.0
