,customer,weight,round,length
0,"[29, 77, 127, 110, 93, 141, 20, 70, 41, 126, 101, 96]","[1, 2, 1, 2, 1, 1, 1, 1, 1, 2, 1, 1]",0,5003.170945566199
1,"[149, 53, 178, 63, 69, 72, 87, 111, 129, 128]","[1, 1, 2, 1, 3, 1, 1, 2, 1, 1]",0,6428.335428436
2,[],[],0,0.0
3,"[156, 71, 25, 113, 23, 26, 37, 172]","[2, 2, 2, 4, 2, 1, 1, 1]",0,4596.301728627001
