,customer,weight,round,length
0,"[149, 148, 178, 179, 181, 182, 53, 150]","[1, 1, 2, 1, 1, 2, 1, 1]",0,3254.0946025799994
1,[147],[8],0,1094.050446172
2,"[11, 76, 30, 68, 120, 121, 122, 119, 77, 3, 29]","[1, 1, 1, 1, 1, 1, 1, 1, 2, 2, 1]",0,4127.887880782
3,"[152, 151, 95, 96, 127, 134, 171, 110, 102, 101, 109]","[2, 1, 1, 1, 1, 1, 2, 2, 1, 1, 1]",0,3472.6877851063
