,task,distance
0,[0],2187.7989149497
1,[1],0.0
2,[2],2167.9743579477995
3,[3],3306.449458346
