,task,distance
0,[0],6914.211068269
1,[1],3990.966161711001
2,[2],1444.0158686480002
3,[3],1444.0849820959995
