,task,distance
0,[0],3254.0946025799994
1,[1],1094.050446172
2,[2],4127.887880782
3,[3],3472.6877851063
