,customer,weight,round,length
0,"[92, 131, 133, 190, 185, 111, 98, 10, 68, 145, 69]","[5, 1, 1, 1, 1, 1, 1, 1, 1, 1, 1]",0,9651.075966516999
1,"[71, 123, 164]","[1, 1, 9]",1,9673.339333244001
