,customer,weight,round,length
0,"[85, 198, 9, 16, 50, 215, 2, 125, 57, 202, 92]","[1, 1, 1, 2, 1, 4, 1, 1, 1, 1, 1]",0,8325.595810164
1,[215],[1],1,4649.6246388
