,customer,weight,round,length
0,"[148, 81, 143, 135, 214, 136, 144, 150, 154, 177, 220, 219, 151]","[1, 1, 2, 1, 1, 1, 2, 1, 1, 1, 1, 1, 1]",0,3598.443212057
1,"[263, 14, 84, 206, 134, 245, 228, 265]","[1, 2, 1, 1, 1, 1, 1, 1]",1,5452.432256856
