,customer,weight,round,length
0,"[111, 112, 97, 246, 265, 177, 154, 144, 206, 260, 199, 182]","[1, 1, 3, 1, 1, 1, 1, 2, 1, 1, 1, 1]",0,5793.1283007423
1,"[71, 67, 66, 202, 243, 132, 34, 135, 151]","[1, 1, 1, 1, 1, 1, 1, 1, 1]",1,5600.377638644999
