,customer,weight,round,length
0,"[59, 37]","[14, 1]",0,2000000338.16461
1,"[39, 38, 41, 42]","[3, 1, 2, 9]",1,2000002804.5935874
2,"[42, 43, 52, 45, 46, 48]","[5, 1, 3, 1, 1, 4]",2,2000003347.1252556
3,"[17, 26, 31, 10, 29]","[1, 2, 2, 1, 3]",3,2000002706.3502681
