,customer,weight,round,length
0,"[27, 32, 31, 123, 121, 125, 211]","[1, 2, 2, 2, 2, 2, 3]",0,2000010751.366348
1,"[140, 148, 182, 0, 174, 45, 149, 151, 113, 115, 114, 126]","[2, 1, 1, 1, 1, 1, 1, 1, 1, 2, 1, 1]",0,2000004949.3911617
2,[],[],0,0.0
3,[],[],0,0.0
