,customer,weight,round,length
0,"[10, 171, 9, 42, 44, 172, 25, 24, 100, 79, 82]","[1, 1, 1, 1, 1, 1, 1, 2, 2, 1, 1]",0,7818.453526489
1,[],[],0,0.0
2,"[112, 21, 53, 54, 56, 184, 57, 106]","[2, 1, 2, 2, 1, 1, 1, 2]",0,2766.8894372209998
3,[],[],0,0.0
