,task,distance
0,[0],2000010751.366348
1,[1],2000004949.3911617
2,[2],0.0
3,[3],0.0
