,task,distance
0,[0],0.0
1,[1],11547.523840808
2,[2],5661.925344734
3,[3],0.0
