,task,distance
0,[0],3625.509111028001
1,[1],1118.782350646
2,[2],5479.573047653001
3,[3],1713.599627125
