,customer,weight,round,length
0,"[85, 139, 46, 95, 151, 125, 132, 115, 117, 116]","[3, 2, 1, 2, 2, 1, 1, 1, 1, 1]",0,2641.1451892754003
1,[],[],0,0.0
2,"[96, 97, 98, 142, 141]","[1, 1, 3, 1, 8]",0,782.7099852201001
3,[],[],0,0.0
