,task,distance
0,[0],0.0
1,[1],3098.1291371405
2,[2],938.28046237
3,[3],0.0
