,task,distance
0,"[0, 2]",7041.336066606
1,"[1, 3]",12882.730583873
