,customer,weight,round,length
0,[],[],0,0.0
1,"[98, 35, 39, 91]","[1, 2, 2, 1]",0,1745.2494637940001
2,[],[],0,0.0
3,"[20, 53, 50, 38, 0, 71, 57]","[1, 1, 1, 9, 1, 1, 1]",0,4041.2231216769997
4,"[20, 62, 99, 44, 16, 17]","[1, 2, 1, 1, 9, 1]",0,3654.4074247040003
