,customer,weight,round,length
0,"[78, 92, 91, 39, 40, 57]","[1, 1, 1, 2, 1, 1]",0,1857.9685876029998
1,[],[],0,0.0
2,[],[],0,0.0
3,[],[],0,0.0
4,"[32, 33, 97, 98, 96, 37, 35, 64, 44, 20]","[1, 1, 1, 1, 1, 1, 2, 1, 1, 2]",0,4091.1553187309
