,task,distance
0,[0],0.0
1,[1],2750.151571427
2,[2],3012.5808003576003
3,[3],2358.149072051
4,[4],251.304361182
