,customer,weight,round,length
0,"[88, 177, 128, 95, 183, 2, 135, 181, 173, 172, 131]","[1, 1, 1, 1, 2, 1, 4, 1, 1, 1, 1]",0,20729.757405670003
1,"[91, 53, 89, 58, 40, 4, 6, 99, 187, 29, 77, 116]","[1, 1, 1, 1, 1, 1, 1, 1, 1, 1, 1, 1]",0,9297.692911832
