,customer,weight,round,length
0,"[140, 63, 248, 10, 203, 72, 152, 162, 237, 6, 185]","[2, 1, 1, 1, 1, 1, 1, 1, 2, 1, 3]",0,9222.899125621
1,"[183, 51, 239]","[1, 2, 3]",0,1314.052299848
2,"[218, 123, 122, 24, 138, 184, 229, 213, 159, 230, 83]","[2, 1, 1, 2, 2, 2, 1, 1, 1, 1, 1]",0,3503.9501862420007
3,"[233, 158, 118, 117, 129, 148, 30, 204, 210, 241, 95, 206]","[1, 1, 1, 1, 2, 1, 2, 1, 2, 1, 1, 1]",0,9159.544549367001
4,[],[],0,0.0
