,task,distance
0,[0],9222.899125621
1,[1],1314.052299848
2,[2],3503.9501862420007
3,[3],9159.544549367
4,[4],0.0
