,customer,weight,round,length
0,"[38, 87, 90, 30, 112, 88, 109, 110, 40, 81, 84, 85, 17]","[1, 1, 1, 1, 1, 1, 3, 1, 1, 1, 1, 1, 1]",0,1981.3199746972
1,"[109, 59, 136, 46, 79, 92, 118, 68, 127, 78, 43]","[3, 1, 3, 1, 1, 1, 1, 1, 1, 1, 1]",1,3621.146562514001
2,"[61, 75, 103, 117, 119, 65, 104, 105]","[3, 1, 1, 1, 1, 4, 1, 3]",2,4261.992033513
3,"[71, 62, 63, 134, 117, 123, 19, 20, 101, 102, 29, 126, 77, 10]","[1, 1, 1, 2, 1, 1, 1, 1, 1, 1, 1, 1, 1, 1]",3,5564.0756566828
4,"[49, 16, 97, 9, 22, 125, 124, 122, 129, 23, 0, 28, 27, 26]","[1, 1, 1, 1, 1, 1, 1, 1, 1, 2, 1, 1, 1, 1]",4,7112.2736879576005
5,"[50, 95, 48, 137, 54]","[1, 4, 4, 2, 4]",5,5147.126623459
6,"[115, 116, 98, 47, 36, 96, 106]","[1, 1, 1, 2, 1, 2, 1]",6,6222.291764195
