,customer,weight,round,length
0,"[8, 25, 29, 9, 28, 50]","[1, 1, 1, 1, 1, 2]",0,4092.1921151729994
1,[],[],0,0.0
2,[48],[9],0,216.036773912
