,task,distance
0,[0],405.426385782
1,[1],114.7446072992
