,customer,weight,round,length
0,[],[],0,0.0
1,[],[],0,0.0
2,"[60, 18]","[7, 7]",0,1000.413981886
3,[],[],0,0.0
4,"[13, 47, 24, 43, 54, 65, 16]","[2, 1, 1, 1, 6, 1, 1]",0,4671.838119047
