,customer,weight,round,length
0,[121],[1],0,86.782557312
1,"[48, 83, 93, 16, 107, 97, 63, 82, 81, 50, 21, 3]","[1, 1, 1, 1, 3, 1, 1, 1, 1, 1, 2, 1]",0,7007.7853935329995
2,"[122, 24, 125, 61, 52, 23, 35, 37, 134, 90, 40, 120]","[1, 1, 2, 1, 1, 2, 1, 1, 1, 2, 1, 1]",0,4948.8487004619
