,customer,weight,round,length
0,"[15, 73, 52, 32, 33, 34, 79]","[2, 2, 2, 1, 1, 1, 2]",0,9250.630798499
1,"[96, 2, 62, 58, 90, 89, 95, 71, 97]","[1, 3, 2, 1, 1, 1, 1, 1, 1]",0,2003.8291487034996
