,task,distance
0,[0],9250.630798499
1,[1],2003.8291487035
