,customer,weight,round,length
0,"[1, 7, 0, 11, 27, 2, 6, 31, 25, 30, 26]","[1, 1, 1, 1, 1, 2, 1, 2, 2, 2, 1]",0,1846.7518947424999
1,"[13, 18, 32, 4]","[1, 1, 1, 1]",1,2654.4551249879996
