,customer,weight,round,length
0,"[31, 39]","[1, 1]",0,2046.118412531
1,[],[],0,0.0
2,[],[],0,0.0
3,[],[],0,0.0
4,"[96, 84, 14, 102, 90, 120, 117, 59, 131, 97]","[1, 1, 2, 2, 1, 2, 1, 2, 1, 1]",0,7753.61826822
