,customer,weight,round,length
0,[],[],0,0.0
1,"[38, 39]","[1, 1]",0,444.36519354300003
2,"[92, 96, 112, 115, 114, 97, 79, 8, 133, 51]","[2, 1, 1, 1, 1, 1, 1, 1, 1, 1]",0,4311.499557332
3,[],[],0,0.0
4,[],[],0,0.0
