,customer,weight,round,length
0,[],[],0,0.0
1,"[71, 79, 78, 105, 112]","[2, 1, 1, 1, 1]",0,6028.600526366001
2,[],[],0,0.0
3,"[86, 93, 5, 103, 118, 69, 100]","[1, 1, 7, 1, 1, 1, 1]",0,4547.703979170999
4,[],[],0,0.0
