,customer,weight,round,length
0,[],[],0,0.0
1,"[33, 44, 70, 32, 71, 57]","[2, 2, 1, 1, 1, 3]",0,1372.8752793052001
2,"[25, 26, 13]","[2, 3, 3]",0,7730.4888937099995
