,task,distance
0,[0],655.85818409
1,[1],0.0
2,[2],13764.183669211
