,task,distance
0,[0],958.003982695
1,[1],1343.9294004057
2,[2],0.0
