,customer,weight,round,length
0,"[32, 69, 68, 67, 24, 66, 65, 45, 23, 46, 31, 47, 49]","[1, 1, 1, 1, 1, 1, 1, 1, 1, 1, 1, 1, 1]",0,3199.7058011697
1,"[16, 6, 5, 13, 12, 9, 8, 63, 10, 7, 19]","[1, 1, 2, 1, 1, 2, 1, 1, 3, 1, 1]",0,3428.8895976249996
2,"[18, 25, 73, 4, 74, 76, 77, 78, 75, 26]","[3, 1, 2, 1, 1, 1, 1, 1, 1, 3]",0,2750.6552841182006
3,[],[],0,0.0
4,"[22, 79, 11, 56, 0, 52, 51, 58, 50, 1, 28, 62]","[1, 1, 1, 1, 1, 1, 1, 1, 1, 1, 1, 1]",0,2882.4917046006003
