,task,distance
0,[0],1956.502244629
1,[1],1587.757886896
2,[2],0.0
3,[3],1112.156159093
4,[4],1837.515005447
