,customer,weight,round,length
0,"[227, 235, 184, 189, 120, 107, 121, 119, 226, 91, 51, 151, 222]","[1, 1, 1, 1, 1, 1, 2, 1, 1, 2, 1, 1, 1]",0,2000007373.451177
1,"[99, 88, 81, 208, 171, 206, 209, 52, 36, 124, 54, 44, 112]","[1, 1, 1, 1, 1, 1, 2, 2, 1, 1, 1, 1, 1]",1,2000006612.4947534
2,"[153, 203, 292, 0, 280, 246, 16, 248, 12, 269, 284]","[1, 2, 1, 2, 1, 1, 1, 2, 2, 1, 1]",2,2000004576.591601
3,"[118, 291, 19, 56, 220, 140, 297, 173]","[1, 1, 1, 1, 1, 1, 1, 2]",3,2000002411.950355
