,customer,weight,round,length
0,[],[],0,0.0
1,"[9, 77, 25, 94, 7, 157, 133, 135, 60, 41, 92, 109]","[1, 1, 2, 2, 1, 1, 1, 1, 1, 1, 1, 2]",0,9201.94637329
2,[],[],0,0.0
3,[87],[1],0,787.913834196
4,[],[],0,0.0
