,customer,weight,round,length
0,"[26, 29, 33, 31, 71, 35, 23, 18, 24, 25]","[2, 1, 2, 3, 2, 1, 1, 1, 1, 1]",0,2290.1601584797
1,"[22, 16, 5, 59, 10, 11, 34]","[1, 1, 3, 5, 1, 1, 2]",1,2693.5428479045
