,customer,weight,round,length
0,"[58, 34, 75, 82, 84, 20, 36, 13]","[1, 1, 1, 1, 2, 1, 3, 5]",0,4626.266751658
1,"[12, 6, 56, 71, 63, 8]","[5, 2, 1, 2, 1, 4]",0,2317.873344143
2,"[41, 81, 53, 54]","[1, 1, 2, 1]",1,3178.1366782150003
3,[],[],1,0.0
