,task,distance
0,"[0, 3, 4, 6]",2905.809238117
1,"[1, 2, 5, 7]",3923.005309229
