,customer,weight,round,length
0,[79],[15],0,1121.637469922
1,"[29, 86, 79, 72]","[1, 1, 12, 1]",0,1128.9952108235
2,"[44, 33]","[14, 1]",0,1068.331613774
3,"[74, 71, 15, 36, 83, 18, 82, 34, 85, 32]","[1, 1, 5, 1, 1, 2, 1, 1, 1, 1]",0,2657.1998068190005
4,"[49, 48, 22, 21, 70, 20, 88, 87, 2, 3, 61, 62, 10, 11]","[1, 1, 2, 1, 1, 1, 1, 1, 1, 1, 1, 1, 1, 1]",1,4149.652556358
5,[],[],1,0.0
6,"[43, 19, 25, 94, 24, 75, 76, 77, 78, 95, 13, 8]","[1, 1, 2, 1, 2, 1, 1, 1, 1, 1, 1, 1]",1,3437.816648274
7,"[54, 64, 69, 68, 45, 59, 60, 57, 1, 42, 41]","[1, 1, 1, 1, 1, 1, 1, 1, 1, 1, 1]",1,3048.1742601752007
