,customer,weight,round,length
0,"[62, 49, 91, 15, 14, 80, 65, 81, 82, 45, 42]","[1, 2, 2, 1, 1, 1, 1, 1, 2, 1, 2]",0,1897.1181396682002
1,"[75, 40, 2, 61, 38, 4, 92, 5, 17, 41, 43]","[2, 1, 1, 1, 1, 1, 2, 1, 2, 1, 2]",0,2256.213855368
2,"[74, 79, 73, 71, 13]","[2, 1, 1, 1, 1]",1,3132.478476034
3,[],[],1,0.0
