,customer,weight,round,length
0,"[75, 13, 2, 62, 4, 92, 5, 78, 8, 45, 43]","[2, 1, 1, 1, 1, 2, 1, 2, 1, 1, 2]",0,2428.426001351
1,"[55, 19, 25, 27, 29, 28, 20, 21]","[2, 1, 2, 3, 2, 2, 2, 1]",0,2334.0876977619
2,[],[],1,0.0
3,"[70, 51, 52, 74, 15, 91, 49, 65]","[1, 1, 1, 2, 1, 2, 2, 1]",1,3555.639262154
