,task,distance
0,"[0, 2]",5582.7006213203995
1,"[1, 3]",2287.609159882
