,customer,weight,round,length
0,"[4, 206, 7, 169, 144, 126, 88, 158, 123, 230]","[1, 1, 2, 1, 3, 1, 2, 1, 1, 1]",0,7470.742125299001
1,"[86, 92, 23, 95, 30, 204, 110, 221, 11, 57, 197, 89]","[1, 2, 1, 1, 2, 1, 1, 1, 1, 1, 1, 1]",0,9695.473901673298
