,customer,weight,round,length
0,[59],[10],0,74.7276861206
1,[],[],0,0.0
2,[],[],0,0.0
3,"[79, 85, 47, 74, 98, 9, 69, 27]","[1, 1, 2, 1, 1, 2, 1, 1]",0,4076.647369397
4,[],[],0,0.0
