,task,distance
0,[0],5344.916132194
1,[1],313.288154876
2,[2],0.0
