,task,distance
0,[0],3654.485839534
1,[1],0.0
2,[2],248.344466074
3,[3],0.0
