,customer,weight,round,length
0,"[110, 95, 51, 52, 24, 101, 108, 85, 44, 69]","[3, 1, 1, 3, 1, 1, 1, 2, 1, 1]",0,6111.815818631001
1,"[40, 41, 81, 80, 111, 63, 133, 104, 115, 36]","[2, 1, 1, 1, 1, 1, 1, 1, 1, 5]",0,4828.689079564
2,[],[],1,0.0
3,"[1, 29, 105, 60, 67]","[1, 1, 1, 1, 1]",1,4257.585521229999
