,task,distance
0,[0],3468.1494902988
1,[1],2292.2461004559
