,customer,weight,round,length
0,"[20, 62, 99, 44, 16, 17]","[1, 2, 1, 1, 9, 1]",0,3654.4074247040003
1,"[57, 71, 38, 0, 50, 53, 20]","[1, 1, 9, 1, 1, 1, 1]",0,4041.2231216769997
2,[],[],0,0.0
3,"[35, 98, 39, 91]","[2, 1, 2, 1]",0,1745.2494637940001
