,task,distance
0,"[0, 3]",4399.852005860001
1,"[1, 3]",3483.075667563
2,"[2, 5]",8582.400657559
