,task,distance
0,[0],84.4348242316
1,[1],2685.595584202
