,customer,weight,round,length
0,[34],[4],0,274.21475283
1,[],[],0,0.0
2,"[29, 48, 70, 28, 60, 73]","[7, 3, 1, 1, 1, 1]",0,3024.415772069
3,[],[],0,0.0
4,[],[],0,0.0
