,customer,weight,round,length
0,"[26, 54, 56, 32, 53, 66, 59, 17]","[2, 3, 2, 1, 4, 1, 1, 1]",0,2641.443487338
1,"[19, 15, 10, 65, 35, 34, 33, 13, 38, 45, 14, 62]","[1, 1, 1, 2, 1, 1, 1, 2, 2, 1, 1, 1]",0,2819.9249723430003
2,"[67, 9, 8, 27, 48, 50, 24, 29, 31, 61]","[1, 1, 1, 1, 1, 1, 1, 1, 1, 1]",1,2836.5148561290002
3,"[16, 39, 43, 68, 12, 58]","[1, 2, 3, 3, 1, 3]",1,2538.291102524
