,customer,weight,round,length
0,"[62, 19, 15, 33, 34, 65, 66, 59, 10, 54, 26]","[1, 1, 1, 1, 1, 2, 1, 1, 1, 3, 2]",0,2524.417153181
1,"[17, 39, 16, 67, 9, 8, 27, 48, 24, 50, 61, 13, 14]","[1, 2, 1, 1, 1, 1, 1, 1, 1, 1, 1, 2, 1]",0,2657.3835101279997
2,"[53, 35, 32, 56]","[4, 1, 1, 2]",1,2183.202486454
3,"[58, 43, 68, 12, 29, 31, 38, 45]","[3, 3, 3, 1, 1, 1, 2, 1]",1,4002.056079171
