,task,distance
0,"[0, 2]",5477.958343467
1,"[1, 3]",5358.216074867
