,task,distance
0,[0],1317.759791659
1,[1],1377.622645228
