,task,distance
0,[0],1813.9617965221
1,[1],2240.1643276142
