,customer,weight,round,length
0,"[9, 53, 83, 87, 86, 72, 73, 92, 91, 75, 45]","[3, 1, 1, 1, 1, 1, 1, 1, 1, 2, 2]",0,6620.61687315
1,"[19, 20, 67, 50, 70, 65, 35, 66, 64, 8, 68, 55, 31]","[1, 1, 1, 2, 1, 1, 2, 1, 1, 1, 1, 1, 1]",0,5627.684258614
2,"[57, 97, 2, 1, 11, 80, 79, 78, 34, 33, 32]","[2, 2, 1, 2, 1, 1, 1, 1, 2, 1, 1]",0,3120.5359130786005
3,"[96, 3, 76]","[1, 2, 2]",1,1034.911036347
4,[],[],1,0.0
5,"[25, 99, 0, 94, 74, 84, 85, 12, 29, 24, 42, 60]","[1, 1, 1, 1, 1, 1, 2, 1, 1, 1, 1, 1]",1,6484.431158707999
