,task,distance
0,[0],3514.5831344400003
1,[1],952.489670755
2,[2],1729.244829266
3,[3],4428.70670069
4,[4],1588.547124965
