,customer,weight,round,length
0,[25],[14],0,270.055428874
1,[24],[15],0,113.8447262164
2,[],[],0,0.0
3,"[1, 23, 5, 13, 33, 22, 24]","[2, 2, 1, 3, 1, 2, 4]",0,2011.4319430842002
