,customer,weight,round,length
0,"[35, 34, 73, 48, 3, 32, 83, 27, 95, 56]","[1, 1, 1, 2, 1, 1, 4, 2, 1, 1]",0,4858.8975578264
1,"[100, 11, 97]","[2, 3, 2]",0,1621.4113423299998
2,[],[],0,0.0
