,task,distance
0,[0],4293.3489823770005
1,[1],2705.632647493
2,[2],0.0
