,task,distance
0,[0],2379.012998796
1,[1],81.7202027152
2,[2],4109.3864401494
