,customer,weight,round,length
0,"[75, 48, 24, 64, 6, 7, 1, 2, 102, 98]","[1, 1, 1, 1, 1, 6, 1, 1, 1, 1]",0,5162.556498374
1,"[79, 49, 50, 29, 54]","[1, 2, 1, 1, 3]",0,1841.4131723254
2,"[57, 55, 56]","[10, 1, 2]",0,1431.298283285
