,customer,weight,round,length
0,"[63, 36, 11, 86, 92]","[1, 1, 1, 1, 1]",0,11076.335089565999
1,[],[],0,0.0
2,[],[],0,0.0
3,"[98, 97, 126, 23, 76, 25, 24, 74, 123, 124, 22]","[2, 1, 1, 1, 1, 2, 1, 1, 1, 1, 1]",0,6434.530612842999
