,customer,weight,round,length
0,"[83, 301, 85, 80, 88, 82, 84, 51, 91, 221, 222, 65, 151]","[1, 1, 1, 1, 1, 1, 2, 1, 2, 1, 1, 1, 1]",0,3811.8710820152996
1,"[81, 99, 166, 201, 257, 25]","[1, 2, 1, 1, 1, 1]",0,2514.0803747423
2,"[39, 98, 41, 210, 262, 269, 298, 42, 283, 12, 204, 106]","[1, 1, 2, 1, 1, 1, 1, 2, 1, 2, 1, 1]",0,5454.320363286
3,"[146, 149, 147, 59, 58, 206, 114, 61, 209, 150, 171, 208]","[1, 2, 1, 1, 1, 1, 1, 2, 2, 1, 1, 1]",0,2803.024629644
