,customer,weight,round,length
0,"[226, 175, 176, 28, 163, 164, 64, 86, 87, 263, 182, 184, 307, 234, 235]","[1, 1, 1, 1, 1, 1, 1, 1, 1, 1, 1, 1, 1, 1, 1]",0,7226.066900971001
1,"[227, 228, 187, 180, 22]","[1, 1, 1, 2, 1]",0,1701.0408639070001
2,"[119, 122, 121, 72, 71, 36, 37, 38, 52, 213, 33]","[1, 1, 2, 1, 1, 1, 1, 2, 2, 1, 1]",0,4978.6713196629
3,"[120, 107, 127, 125, 43, 124, 35, 47, 73, 189, 188]","[1, 2, 1, 4, 1, 1, 1, 1, 1, 1, 1]",0,6740.014939867
