,customer,weight,round,length
0,"[173, 201, 204, 42, 283, 282, 284, 243, 298, 269, 210, 261, 262]","[2, 1, 1, 2, 1, 1, 1, 1, 1, 1, 1, 1, 1]",0,2000003601.2587655
1,[],[],0,0.0
2,"[289, 220, 0, 203, 43, 54, 125, 36]","[3, 1, 2, 2, 1, 1, 4, 1]",0,2000005222.4003096
3,"[174, 226, 163, 164, 221, 222, 209, 206, 49, 117, 96, 118]","[1, 1, 1, 1, 1, 1, 2, 1, 1, 1, 1, 1]",0,2000004065.5045984
