,customer,weight,round,length
0,[],[],0,0.0
1,"[301, 146, 206, 209, 171, 151, 91, 28, 221, 163, 174]","[1, 1, 1, 2, 1, 1, 2, 1, 1, 1, 1]",0,2000003745.8336527
2,"[180, 234, 189, 176, 38, 35, 125, 43, 96]","[2, 1, 1, 1, 2, 1, 4, 1, 1]",0,2000005891.5761003
3,"[261, 210, 98, 99, 201, 12, 283, 298, 243, 246, 14, 291, 220]","[1, 1, 1, 2, 1, 2, 1, 1, 1, 1, 1, 1, 1]",0,2000005759.4392822
