,task,distance
0,[0],2478.751210514
1,[1],8056.458447252999
2,[2],0.0
3,[3],2925.8028498546005
