,task,distance
0,[0],7090.277100144
1,[1],610.773528364
2,[2],9951.482876041
3,[3],2000005884.16304
