,customer,weight,round,length
0,"[109, 63, 14, 110, 6]","[1, 1, 1, 1, 1]",0,2000002010.175862
1,"[46, 4, 22, 30, 118, 121, 106, 83, 72, 128, 85]","[2, 1, 1, 2, 1, 1, 3, 1, 1, 1, 1]",0,2000002788.963656
2,[],[],0,0.0
