,customer,weight,round,length
0,"[93, 68, 14, 63, 32, 5]","[1, 2, 1, 1, 1, 1]",0,2000001505.077425
1,"[49, 84, 107, 77, 99, 42, 29, 122, 118, 103]","[1, 2, 1, 3, 1, 2, 1, 2, 1, 1]",0,2723.830406847
2,[],[],0,0.0
