,task,distance
0,[0],0.0
1,[1],1862.548341087
2,[2],1767.1503345741005
