,task,distance
0,[0],3000002301.07499
1,[1],0.0
2,[2],2000001611.946185
