,task,distance
0,"[0, 3]",2482.471021955
1,"[1, 2]",21607.6898149384
