,task,distance
0,[0],0.0
1,[1],2000002394.116708
2,[2],2000004693.7726493
3,[3],2000001696.008816
