,task,distance
0,"[0, 5, 9]",6475.626970012
1,"[1, 6, 10]",4497.174649374
2,"[2, 4, 8]",6469.912458689
3,"[3, 7, 10]",4696.351108449
