,customer,weight,round,length
0,[],[],0,0.0
1,"[141, 142, 98, 97]","[8, 1, 3, 1]",0,854.563282904
2,"[133, 132, 131, 130, 108, 109, 104, 103, 110, 111, 134, 117, 116]","[1, 1, 1, 1, 1, 1, 1, 1, 1, 1, 2, 1, 1]",0,2056.6535829227
3,[],[],0,0.0
4,"[96, 95, 46, 85, 139, 112, 113, 114, 115]","[1, 2, 1, 3, 2, 1, 1, 1, 1]",0,1558.2576214101
