,customer,weight,round,length
0,[],[],0,0.0
1,"[80, 78, 89, 128, 105, 127, 126, 125, 102, 129, 150, 151]","[1, 1, 2, 1, 2, 1, 1, 1, 1, 1, 1, 2]",0,2852.848935772
2,[],[],0,0.0
3,"[83, 82, 146, 147, 148]","[1, 1, 1, 1, 2]",0,756.3552163881
4,"[99, 100, 101, 61, 76, 74, 58, 59, 60]","[1, 1, 2, 1, 1, 1, 1, 2, 1]",0,1556.3500992558
