,task,distance
0,[0],8393.486383358
1,[1],892.1428922140001
2,[2],0.0
