,task,distance
0,[0],0.0
1,[1],0.0
2,[2],5003.1709455662
3,[3],6428.335428436
4,[4],4596.301728627001
