,task,distance
0,[0],507.8034978522
1,[1],7001.876023453
2,[2],5364.939541689999
3,[3],3097.1749597134994
4,[4],0.0
