,task,distance
0,[0],6672.990111378
1,[1],1086.070573503
2,[2],0.0
