,customer,weight,round,length
0,"[24, 3, 53, 22]","[2, 2, 1, 1]",0,2393.1948521728
1,[],[],0,0.0
2,[31],[1],0,592.534046844
