,customer,weight,round,length
0,"[52, 47, 54, 43, 153, 203, 291, 289, 220, 173]","[2, 1, 1, 1, 1, 2, 1, 3, 1, 2]",0,2000005078.8858433
1,"[118, 96, 206, 209, 171, 208, 301, 166, 201, 204, 283, 210, 261, 262]","[1, 1, 1, 2, 1, 1, 1, 1, 1, 1, 1, 1, 1, 1]",0,2000005083.1281626
2,"[174, 117, 49, 180, 187, 227, 228, 234, 235, 184, 182, 189, 188, 226]","[1, 1, 1, 2, 1, 1, 1, 1, 1, 1, 1, 1, 1, 1]",0,2000004371.6814547
3,"[125, 36, 38, 58, 39, 41]","[4, 1, 2, 1, 1, 2]",1,2000005970.2732844
4,[],[],1,0.0
5,[],[],1,0.0
