,task,distance
0,"[0, 5]",2000005078.8858435
1,"[1, 4]",2000005083.1281624
2,"[2, 3]",4000010341.9547396
