,task,distance
0,"[0, 5]",7117.710997662
1,"[1, 3]",2000009281.5261564
2,"[2, 4]",12064.791419521003
