,customer,weight,round,length
0,"[28, 29, 21, 20, 26, 86, 52, 45, 87, 88, 40, 39]","[1, 1, 1, 2, 1, 2, 1, 1, 1, 1, 1, 1]",0,3095.7530052193
1,[38],[2],0,236.832957566
