,task,distance
0,[0],3095.7530052193
1,[1],236.832957566
