,customer,weight,round,length
0,[],[],0,0.0
1,"[74, 42, 10, 59, 15, 13, 71, 47]","[1, 3, 1, 5, 1, 1, 2, 1]",0,2000004886.1311069
2,[76],[1],0,274.837025222
