,customer,weight,round,length
0,"[26, 11, 3, 56, 8]","[2, 1, 1, 4, 7]",0,6500.735662136
1,"[23, 13, 75, 72, 31]","[1, 1, 1, 2, 3]",0,1795.560713096
2,[],[],0,0.0
