,task,distance
0,[0],3000002218.1389403
1,[1],0.0
2,[2],2000000666.1535609
