,task,distance
0,[0],0.0
1,[1],2024.6713095017
2,[2],1857.9686151695005
