,customer,weight,round,length
0,[109],[9],0,215.777597032
1,[],[],0,0.0
2,"[83, 105, 3, 64, 11, 67, 134, 88, 139, 38, 107]","[1, 1, 1, 1, 1, 2, 1, 1, 2, 1, 1]",0,7111.244525913
