,task,distance
0,[0],215.777597032
1,[1],0.0
2,[2],7111.244525913
