,customer,weight,round,length
0,"[10, 9, 8, 235, 12, 11, 83, 37, 36, 35]","[1, 1, 1, 1, 1, 1, 1, 2, 1, 5]",0,3920.3515417279
1,"[38, 113, 55, 106, 112, 114, 115, 109, 107, 119, 210, 211]","[1, 1, 1, 1, 1, 1, 1, 1, 1, 2, 1, 3]",0,3443.121518062
2,"[30, 111, 110, 78, 33, 235, 234, 233, 169, 7]","[1, 2, 1, 1, 1, 2, 1, 1, 3, 1]",1,9897.7836465773
3,"[216, 219, 44, 46, 97, 183, 170, 133, 1, 15, 227, 202]","[1, 1, 1, 1, 1, 1, 1, 2, 1, 1, 2, 1]",1,7413.747870588
