,task,distance
0,"[0, 2]",14071.2210556318
1,"[1, 3]",15596.0133741908
