,customer,weight,round,length
0,"[79, 64, 66, 124, 123, 84, 107, 106, 129, 149, 81, 72, 73, 63, 62]","[1, 1, 1, 1, 1, 1, 1, 1, 1, 1, 1, 1, 1, 1, 1]",0,4898.023305760001
1,"[118, 90, 86, 54, 120, 122, 136, 69, 68, 135, 119]","[1, 1, 1, 1, 1, 2, 1, 1, 2, 1, 1]",0,2555.0824433344
