,task,distance
0,"[0, 3]",5528.588714675
1,"[1, 2]",4319.786920958
