,customer,weight,round,length
0,[],[],0,0.0
1,"[59, 135, 155, 136, 73, 119, 126, 31, 118, 97]","[1, 1, 1, 6, 1, 1, 1, 1, 1, 1]",0,1955.129953005
2,[127],[1],0,160.5457051516
3,"[131, 37, 34, 33, 38, 80, 48, 94, 95, 96, 17, 19, 116]","[1, 2, 1, 1, 1, 1, 1, 1, 1, 2, 1, 1, 1]",0,2666.4239045817003
4,[],[],0,0.0
