,task,distance
0,[0],0.0
1,[1],1955.129953005
2,[2],160.5457051516
3,[3],2666.4239045817003
4,[4],0.0
