,customer,weight,round,length
0,"[17, 6, 1, 19, 8, 11, 22, 12, 20, 28, 0]","[1, 2, 2, 1, 1, 2, 1, 1, 2, 1, 1]",0,1203.955179179
1,[],[],0,0.0
2,"[25, 14, 18, 23, 10, 27, 9, 7, 21, 16, 2, 15]","[1, 1, 1, 1, 2, 2, 1, 2, 1, 1, 1, 1]",0,1234.698986441
3,"[5, 24, 4, 13, 3, 26]","[1, 1, 1, 3, 1, 1]",0,1544.180201334
