,task,distance
0,"[0, 3]",6701.4370384680005
1,"[1, 4]",7737.2680459194
2,"[2, 5]",4525.829861331899
