,customer,weight,round,length
0,"[126, 161, 23, 117, 158, 61, 70, 52, 58, 177, 175]","[1, 2, 1, 1, 1, 1, 2, 1, 1, 1, 2]",0,12117.754215152001
1,[],[],0,0.0
2,"[145, 67, 103, 149, 55, 6, 43, 111]","[3, 2, 2, 1, 2, 1, 1, 1]",0,4838.217474057
3,[],[],0,0.0
