,task,distance
0,[0],20279.167353486
1,[1],9290.291613834
2,[2],234.454536296
3,[3],103.800139012
