,task,distance
0,[0],2357.578372758
1,[1],290.527141058
2,[2],0.0
3,[3],0.0
