,task,distance
0,"[0, 4]",3265.8069722945
1,"[1, 3]",3526.4731921769994
2,"[2, 5]",6053.090483999
