,task,distance
0,"[0, 3, 6]",10030.16968125
1,"[1, 4, 7]",9977.2170090953
2,"[2, 5, 8]",8587.004705802
