,customer,weight,round,length
0,"[0, 1]","[3, 12]",0,2792.992004629
1,"[4, 3, 0]","[5, 1, 9]",0,1120.109137009
2,[],[],1,0.0
3,"[3, 2]","[4, 1]",1,514.731087208
