,customer,weight,round,length
0,[40],[9],0,254.44492968
1,[],[],0,0.0
2,[],[],0,0.0
3,"[40, 24, 23, 25, 71, 39]","[9, 1, 1, 2, 1, 1]",0,1726.391167338
4,[],[],0,0.0
