,task,distance
0,[0],454.14179906
1,[1],2193.016162448
2,[2],0.0
3,[3],0.0
4,[4],0.0
