,customer,weight,round,length
0,"[126, 14, 58, 143, 9, 10]","[2, 3, 2, 1, 2, 1]",0,1033.0666932885
1,"[124, 128, 132, 104, 82, 105, 18, 152, 106, 125, 147, 8]","[2, 1, 1, 1, 1, 1, 1, 1, 1, 2, 1, 1]",0,3145.6397850159997
2,"[121, 123, 103, 154, 157, 6, 98, 93, 90, 94]","[2, 1, 4, 2, 1, 1, 1, 1, 1, 1]",0,1544.7152039353
3,"[13, 148, 127, 69, 70, 48, 47, 60, 12, 11]","[2, 1, 3, 1, 1, 2, 1, 2, 1, 1]",0,1900.7270471337
