,customer,weight,round,length
0,"[91, 30, 156, 155, 136, 129, 101, 133, 100, 137, 95, 75]","[1, 1, 1, 2, 1, 1, 1, 1, 1, 2, 1, 2]",0,2710.379759282
1,"[32, 71, 49, 50, 83, 44, 56, 51, 67, 66]","[1, 2, 4, 1, 2, 1, 1, 1, 1, 1]",0,1905.3547343803
2,"[63, 64, 65, 97, 96]","[5, 2, 2, 2, 2]",0,822.4380615682
3,"[146, 38, 72, 46, 40, 39, 37, 21, 61, 4, 62]","[1, 1, 1, 2, 3, 1, 1, 1, 2, 1, 1]",0,1652.9389941982001
