,task,distance
0,[0],2150.7320751655
1,[1],2520.4844153182
2,[2],1705.2727719468005
3,[3],3849.704737040001
