,task,distance
0,[0],2000002421.1853013
1,[1],2000001409.3353257
