,task,distance
0,[0],2000001876.4939609
1,[1],2000002552.839814
