,customer,weight,round,length
0,"[81, 100, 140, 103]","[1, 1, 2, 3]",0,2000002572.0936198
1,"[89, 74, 35, 131, 132, 93, 28, 32, 52, 8, 11, 117]","[1, 1, 2, 1, 1, 1, 1, 2, 1, 2, 1, 1]",0,2000003742.9108458
