,customer,weight,round,length
0,"[145, 73, 134, 67, 90, 17, 29, 9, 105, 101]","[1, 2, 1, 4, 1, 1, 1, 1, 1, 1]",0,2000003469.9004486
1,"[12, 82, 109, 115, 122]","[1, 1, 1, 1, 3]",0,2000002752.7207246
