,task,distance
0,[0],3864.988217922
1,[1],5743.011906371999
