,customer,weight,round,length
0,"[80, 74, 79, 78, 48, 61, 10, 60, 13, 9, 52]","[1, 1, 2, 2, 1, 1, 1, 3, 1, 1, 1]",0,1434.9810844639
1,"[12, 11, 90, 46, 47, 49, 50, 39, 56, 58, 59, 57]","[1, 1, 1, 1, 1, 1, 1, 2, 1, 1, 2, 2]",0,1936.8983586774
2,"[28, 65, 66, 26, 37, 40]","[1, 1, 3, 1, 3, 6]",1,4583.006365539
3,"[33, 55, 51, 91, 86, 85, 96, 89, 88, 38]","[1, 1, 1, 2, 2, 2, 1, 2, 2, 1]",1,4661.871354524
4,"[82, 20, 83, 18, 17, 44, 43, 42, 2, 0, 29, 65]","[1, 1, 1, 1, 1, 1, 2, 1, 1, 1, 3, 1]",2,4622.476366154199
5,"[24, 21, 70, 67, 71, 84, 72, 23, 30, 31, 64, 63]","[1, 1, 1, 1, 1, 1, 1, 1, 1, 1, 4, 1]",2,7571.891382863
6,[],[],3,0.0
7,"[4, 87, 35, 69]","[1, 1, 1, 2]",3,7862.827003111
