,customer,weight,round,length
0,"[37, 34, 39, 5, 40, 36, 28, 41, 63, 29, 54]","[2, 1, 2, 1, 3, 1, 1, 1, 1, 1, 1]",0,1907.095693876
1,"[23, 32, 7, 6, 3, 53, 51, 31, 4, 52, 30, 38]","[2, 1, 1, 1, 1, 2, 1, 1, 1, 2, 1, 1]",0,2513.6291829949996
2,"[61, 35, 59, 22, 14, 19, 44, 45, 64, 33]","[2, 1, 2, 1, 1, 1, 1, 3, 2, 1]",1,1087.586234434
3,"[21, 15, 24, 62, 58, 65]","[3, 1, 6, 2, 2, 1]",1,3018.8194590000003
4,"[50, 48, 27, 0, 16, 9, 43, 42, 2, 57]","[1, 1, 1, 1, 3, 1, 4, 1, 1, 1]",2,714.1859670609999
5,"[55, 11, 46, 13, 26, 12, 49, 1, 44, 8, 17, 56, 10, 18]","[1, 1, 1, 1, 2, 1, 1, 1, 1, 1, 1, 1, 1, 1]",2,1999.813602405
6,"[20, 60, 47]","[1, 1, 2]",3,1795.6664360250002
7,[],[],3,0.0
