,CID,TTDDemd
0,11722,0.6421200037
1,25658,0.151350006461
2,25662,0.130015999079
3,32822,4.07052993774
4,32823,0.262367993593
5,40058,0.0694395974278
6,47873,0.804557025433
7,47875,0.833446025848
8,47876,0.337536990643
9,47877,0.0902246981859
10,54782,0.558700025082
11,54783,1.28866004944
12,61155,2.10715007782
