,customer,weight,round,length
0,"[35, 34, 38, 33, 10]","[1, 1, 2, 1, 1]",0,1668.3146025859999
1,"[17, 67, 9, 12, 58, 43, 16]","[1, 1, 1, 1, 3, 3, 1]",0,3167.119993677
