,task,distance
0,[0],1668.314602586
1,[1],3167.119993677
