,customer,weight,round,length
0,"[81, 99, 37, 83, 59, 60, 52, 108, 51, 107, 17]","[2, 2, 2, 2, 1, 1, 1, 1, 1, 1, 1]",0,5694.633082523999
1,"[16, 3, 55, 90, 25, 100, 35, 34, 33, 65, 21, 64]","[1, 1, 1, 1, 1, 1, 1, 1, 2, 2, 1, 2]",0,10331.197959852001
2,"[68, 76, 75, 77, 78, 39, 73, 74, 42, 89, 44, 41]","[1, 2, 2, 1, 1, 1, 2, 1, 1, 1, 1, 1]",0,9620.343927181
3,"[102, 88, 87, 19, 50, 49, 30, 31, 94, 95, 70, 97, 98]","[2, 1, 1, 1, 1, 1, 1, 1, 1, 2, 1, 1, 1]",0,3778.3374001875004
4,"[79, 5, 6]","[1, 1, 1]",1,8149.455040395
5,[],[],1,0.0
6,[],[],1,0.0
7,[],[],1,0.0
