,task,distance
0,"[0, 4]",5901.08307186
1,"[1, 5]",1588.547124965
2,"[2, 5]",4041.428104721
3,"[3, 5]",3408.388736271
