,task,distance
0,"[0, 7]",5694.633082523999
1,"[1, 5]",10331.197959852
2,"[2, 6]",9620.343927181
3,"[3, 4]",11927.7924405825
