,customer,weight,round,length
0,"[39, 30, 12, 122]","[1, 6, 2, 2]",0,4003.979968817
1,"[113, 47]","[8, 2]",0,2005.216300582
2,[],[],0,0.0
