,task,distance
0,[0],2485.493715239
1,[1],368.00598625
2,[2],0.0
3,[3],0.0
4,[4],0.0
