,customer,weight,round,length
0,[13],[1],0,122.0630011118
1,[5],[1],0,97.4875533136
