,task,distance
0,[0],8035.144606373999
1,[1],0.0
2,[2],254.44492968
