,task,distance
0,[0],1439.1015080896
1,[1],58.258187024
2,[2],3532.937967358
3,[3],0.0
4,[4],0.0
