,task,distance
0,"[0, 2]",7018.142494588999
1,"[1, 3]",6354.5075950421
