,task,distance
0,"[0, 2]",5044.056184378001
1,"[1, 3]",9219.5647891341
