,task,distance
0,"[0, 3]",1977.89064833
1,"[1, 2]",1185.422849149
