,customer,weight,round,length
0,"[143, 40, 156, 102, 103, 96, 77, 28, 157, 55]","[2, 1, 2, 1, 1, 1, 1, 3, 2, 1]",0,6403.1928991619
1,"[52, 37, 19, 121, 11, 53, 182, 62, 129]","[2, 1, 2, 1, 1, 1, 2, 1, 1]",1,7445.098270485999
