,customer,weight,round,length
0,"[39, 2, 20, 6]","[1, 1, 3, 1]",0,5004.446855597
1,[],[],0,0.0
2,[29],[12],0,47.4038279018
3,[],[],0,0.0
