,customer,weight,round,length
0,[],[],0,0.0
1,[],[],0,0.0
2,"[36, 110, 96, 109, 95, 9, 26]","[5, 3, 1, 1, 1, 1, 2]",0,2052.721545705
3,"[40, 128, 135, 82, 10]","[2, 1, 1, 1, 2]",0,2410.3741552829997
4,"[53, 51, 55, 50, 19, 69, 20]","[3, 1, 1, 1, 1, 1, 2]",0,3309.698250596
