,task,distance
0,[0],2870.111573003
1,[1],0.0
2,[2],5971.283307671
3,[3],0.0
4,[4],0.0
