,customer,weight,round,length
0,[24],[15],0,198.8675111956
1,"[45, 8, 71, 24]","[1, 1, 1, 8]",1,2684.8966471608
