,customer,weight,round,length
0,"[59, 42, 71, 148]","[1, 1, 1, 2]",0,2422.98712982
1,"[100, 99, 87, 147, 98, 153, 156, 119, 133, 94, 107]","[1, 1, 1, 1, 1, 2, 1, 1, 1, 2, 1]",0,8395.713406239001
2,[93],[15],0,182.3455743378
