,task,distance
0,[0],8551.646763547
1,[1],2142.759801127
2,[2],0.0
