,task,distance
0,"[0, 7]",3100.9086229860004
1,"[1, 4]",4056.623100873
2,"[2, 6]",7700.9089769
3,"[3, 5]",3208.4876898638004
