,task,distance
0,[0],11813.458149068798
1,[1],11418.491679652
2,[2],6972.711071498799
3,[3],7346.551510876999
