,task,distance
0,[0],3718.3247212241
1,[1],4942.008649540001
2,[2],4570.701333346
3,[3],1736.2731919156004
