,task,distance
0,[0],307.860414364
1,[1],88.4254973656
2,[2],1196.503862068
3,[3],0.0
