,task,distance
0,"[0, 4]",11220.174195280802
1,"[1, 7]",2389.564617084
2,"[2, 6]",2502.1887377274
3,"[3, 5]",4962.6285019146
