,task,distance
0,[0],3017.7474253704004
1,[1],3543.6363011179
2,[2],2187.1975684442
3,[3],1219.7120647430002
