,customer,weight,round,length
0,"[122, 155, 102, 151, 100, 54, 27, 160, 111, 163]","[2, 1, 1, 2, 1, 1, 2, 1, 2, 2]",0,14859.038400361
1,"[38, 105, 120, 139, 183, 58, 191, 59, 125, 13]","[1, 1, 1, 1, 1, 3, 3, 2, 1, 1]",0,21116.693587127
2,[],[],1,0.0
3,"[186, 14]","[1, 2]",1,21068.68203833
