,task,distance
0,[0],3020.408815832
1,[1],114.8294386178
2,[2],2991.215039368
3,[3],1420.4421069968998
4,[4],0.0
