,task,distance
0,"[0, 5, 10, 15, 20, 26, 27, 29, 28]",3171.5894358960004
1,"[1, 6, 11, 16, 21, 25]",3688.792602988
2,"[2, 7, 12, 17, 22]",2642.99119658
3,"[3, 8, 13, 18, 23]",2642.99119658
4,"[4, 9, 14, 19, 24]",2642.99119658
