,task,distance
0,"[0, 5, 10, 15, 20]",8193.380010405
1,"[1, 6, 11, 16, 21]",8172.6118773200005
2,"[2, 7, 12, 17, 22]",8172.6118773200005
3,"[3, 8, 13, 18, 23]",8172.6118773200005
4,"[4, 9, 14, 19, 24]",8172.6118773200005
