,task,distance
0,"[0, 5]",1291.646071877
1,"[1, 5]",925.001036498
2,"[2, 4]",1765.393483368
3,"[3, 6]",1365.777510583
