,task,distance
0,"[0, 4]",5342.691332742499
1,"[1, 5]",2505.2366770991
2,"[2, 7]",3361.0548300511005
3,"[3, 6]",2135.655037843
