,task,distance
0,[0],3755.468944213
1,[1],7521.0437128967
2,[2],0.0
