,task,distance
0,[0],5630.479274813
1,[1],11632.73143456
2,[2],8370.08362354
