,customer,weight,round,length
0,"[100, 69, 118, 103, 5, 93, 86]","[1, 1, 1, 1, 7, 1, 1]",0,4547.703979170999
1,"[71, 79, 78, 105, 112]","[2, 1, 1, 1, 1]",0,6028.600526366001
