,task,distance
0,"[0, 3]",7616.782921282
1,"[1, 2]",6584.825849853
