,customer,weight,round,length
0,"[111, 110, 28, 109, 161, 183, 136, 44, 113, 116]","[1, 1, 1, 1, 1, 1, 1, 1, 1, 1]",0,4101.9406981159
1,[],[],0,0.0
2,"[111, 65, 102, 64, 103, 51, 104, 43, 112]","[1, 1, 1, 1, 1, 1, 1, 1, 1]",0,1147.9145629154
