,customer,weight,round,length
0,"[41, 59, 73, 45, 11, 193, 125, 106, 102, 51, 50, 143, 186, 20]","[1, 1, 1, 1, 1, 1, 1, 1, 1, 1, 2, 1, 1, 1]",0,6925.658455877
1,"[40, 46, 163, 47]","[1, 1, 1, 1]",0,1610.4125680809998
2,[],[],0,0.0
