,task,distance
0,[0],1615.7455555115
1,[1],1978.1454985022
2,[2],0.0
