,task,distance
0,[0],4101.9406981159
1,[1],0.0
2,[2],1147.9145629154
