,task,distance
0,[0],3059.501195408
1,[1],397.21650676880006
2,[2],1377.737607652
