,customer,weight,round,length
0,[],[],0,0.0
1,"[18, 28, 11]","[3, 1, 11]",0,8719.8182258415
2,[11],[15],0,183.183723649
3,[],[],0,0.0
