,task,distance
0,[0],394.320851952
1,[1],0.0
2,[2],0.0
3,[3],227.920905988
