,customer,weight,round,length
0,"[87, 86, 83, 79, 103, 104, 78, 81]","[1, 2, 1, 2, 1, 2, 1, 1]",0,1613.5333400445002
1,"[82, 18, 19, 20, 98, 99, 8, 9, 108, 17, 85]","[1, 1, 1, 1, 1, 1, 2, 1, 1, 1, 1]",0,1734.4663848953999
2,"[52, 43, 55, 42, 16, 58, 45, 32, 36, 106]","[1, 2, 1, 2, 1, 1, 1, 1, 1, 1]",0,2785.369051613
