,task,distance
0,[0],1613.5333400445002
1,[1],1734.4663848954
2,[2],2785.369051613
