,customer,weight,round,length
0,"[68, 45, 46, 47, 32, 29]","[2, 1, 2, 8, 1, 1]",0,1351.1111894425999
1,"[48, 49, 35, 37, 31, 83, 84, 81, 55, 80, 105, 43, 68]","[1, 1, 1, 2, 1, 1, 1, 1, 1, 1, 1, 2, 1]",1,3396.0386292841004
2,"[51, 104, 79, 57, 86, 39, 59, 18, 36]","[1, 1, 1, 1, 1, 1, 1, 1, 7]",2,3574.6555208369996
3,"[17, 60, 23, 38, 85, 107, 75, 30, 118, 78, 28]","[1, 1, 1, 1, 1, 1, 2, 1, 2, 2, 2]",3,4494.116513360999
4,"[27, 82, 42]","[2, 1, 1]",4,2990.9743886520005
