,customer,weight,round,length
0,[],[],0,0.0
1,"[86, 26, 59, 60]","[1, 1, 1, 1]",0,1023.5481085012
2,[],[],0,0.0
3,"[49, 13, 83, 23, 22]","[1, 1, 1, 1, 1]",0,922.0188039147
