,task,distance
0,[0],0.0
1,[1],0.0
2,[2],2516.1726160302
3,[3],797.119982071
