,task,distance
0,"[0, 8]",4210.5815239941
1,"[1, 6]",5217.984170132
2,"[2, 9]",1128.9952108235
3,"[3, 5]",3629.925002748099
4,"[4, 7]",2657.199806819
