,customer,weight,round,length
0,[79],[15],0,193.0679152404
1,"[33, 18, 15, 42, 57, 75, 11, 10, 62, 45]","[1, 2, 5, 1, 1, 1, 1, 1, 1, 1]",0,5396.28388594
2,[79],[13],0,193.0679152404
3,[],[],0,0.0
