,customer,weight,round,length
0,[153],[15],0,359.611023088
1,"[173, 18, 129, 153, 39, 130, 40, 85, 172, 49, 101]","[1, 1, 1, 5, 1, 1, 1, 1, 1, 1, 1]",1,4875.707370282999
2,"[114, 133, 24, 139, 81, 147, 44, 38]","[1, 2, 1, 2, 1, 2, 1, 2]",2,7508.9133793010005
