,customer,weight,round,length
0,[],[],0,0.0
1,"[18, 14, 17, 3, 0, 4, 5, 11]","[1, 1, 1, 2, 1, 1, 1, 1]",0,1888.5434041879998
2,[],[],0,0.0
3,[],[],0,0.0
4,"[7, 2, 10, 25, 32, 34, 6, 29, 26, 9, 31, 21]","[1, 2, 2, 1, 1, 1, 1, 1, 1, 1, 1, 1]",0,2326.7730796835
