,task,distance
0,[0],722.7952287077001
1,[1],0.0
2,[2],668.049640912
3,[3],489.640007435
4,[4],0.0
