,task,distance
0,[0],0.0
1,[1],1888.543404188
2,[2],0.0
3,[3],0.0
4,[4],2326.7730796835
