,customer,weight,round,length
0,"[104, 66, 41, 52, 43]","[1, 1, 1, 1, 1]",0,26038.538270457004
1,[103],[6],0,73.6430497114
