,task,distance
0,"[0, 5, 14]",24080.907925608997
1,"[1, 6, 12]",22468.058170957
2,"[2, 7, 10]",21361.528561549
3,"[3, 8, 11]",21617.410006160997
4,"[4, 9, 13]",21028.261735776003
