,task,distance
0,[0],2000003551.434932
1,[1],2000002037.3526664
2,[2],0.0
3,[3],2000002285.4075296
