,task,distance
0,[0],2224.9310907323
1,[1],0.0
2,[2],3071.8472994268004
3,[3],971.117277379
