,customer,weight,round,length
0,[31],[2],0,252.344834234
1,"[91, 84, 92, 32, 80, 105]","[2, 1, 1, 1, 2, 1]",0,2021.3456251499997
