,customer,weight,round,length
0,"[108, 9, 19, 66, 80, 179, 164, 36, 203, 210, 84]","[1, 1, 1, 1, 1, 2, 1, 1, 2, 2, 2]",0,6592.318025967999
1,"[69, 166, 173, 198, 16, 151, 58, 121, 33, 194, 96]","[1, 1, 1, 1, 1, 2, 2, 2, 2, 1, 1]",0,7742.279802199001
2,[],[],1,0.0
3,[153],[1],1,5294.80325954
