,task,distance
0,"[0, 3]",11887.121285508
1,"[1, 2]",7742.279802199001
