,customer,weight,round,length
0,[96],[15],0,491.701582982
1,"[2, 10, 61, 56, 65, 54, 55, 96]","[1, 2, 1, 1, 2, 1, 1, 6]",1,8406.059385126002
2,"[8, 86, 65, 28, 29, 13, 30, 39, 34, 68, 69]","[1, 2, 1, 1, 3, 2, 1, 1, 1, 1, 1]",2,10601.990186911102
3,"[17, 41]","[1, 1]",3,7446.338616858
