,task,distance
0,[0],1515.242193949
1,[1],0.0
2,[2],5540.979694594
3,[3],0.0
