,task,distance
0,[0],0.0
1,[1],9250.630798499
2,[2],0.0
3,[3],2003.8291487035
