,customer,weight,round,length
0,[],[],0,0.0
1,[],[],0,0.0
2,"[166, 153, 204, 81, 80, 93, 134, 237, 261, 238, 196, 257, 38]","[1, 1, 1, 1, 1, 1, 1, 1, 1, 1, 1, 1, 1]",0,6940.280162399
3,[43],[9],0,106.9940449678
