,customer,weight,round,length
0,"[27, 111, 113, 119, 25, 22, 20, 78, 104, 99, 70, 68]","[1, 3, 1, 1, 1, 1, 1, 1, 2, 1, 1, 1]",0,3976.0891355966
1,"[89, 32, 58, 52, 106, 17, 87, 79]","[1, 1, 1, 1, 1, 1, 1, 2]",1,4541.8759212840005
