,customer,weight,round,length
0,"[163, 161, 162, 237, 4, 215]","[2, 1, 1, 2, 1, 4]",0,1841.3478806
1,"[243, 44, 95, 189, 205, 246, 242, 86, 208, 75]","[1, 1, 1, 1, 2, 1, 1, 1, 1, 1]",0,5180.510221724999
2,"[196, 197, 109, 91, 90, 89]","[1, 1, 1, 2, 1, 1]",0,1313.8454779053002
