,task,distance
0,[0],0.0
1,[1],2296.5475510555
2,[2],3689.065234871
