,task,distance
0,[0],1841.3478806
1,[1],5180.510221724999
2,[2],1313.8454779053002
