,customer,weight,round,length
0,"[35, 10, 12, 53, 9, 26, 73, 47, 60]","[1, 3, 1, 1, 1, 1, 1, 3, 2]",0,3258.2025338017997
1,"[62, 66]","[1, 1]",0,773.696857207
