,task,distance
0,"[0, 2, 5, 6]",20064.036384879502
1,"[1, 3, 4, 7]",23318.568751342904
