,customer,weight,round,length
0,"[143, 23, 100, 99, 50, 122, 91, 103, 141]","[2, 1, 1, 2, 1, 3, 1, 3, 1]",0,6580.0302635729995
1,"[144, 146, 128, 4, 94, 41, 40, 48, 137]","[3, 2, 1, 2, 1, 1, 1, 1, 3]",0,4220.031432144
2,[],[],0,0.0
3,"[134, 35, 24, 34, 90, 67, 68, 69]","[1, 2, 4, 1, 1, 4, 1, 1]",0,3402.0568379662
4,"[61, 45, 46, 31, 52, 105, 101, 8, 132, 134, 74, 89, 57]","[1, 1, 1, 1, 1, 1, 1, 2, 1, 1, 1, 1, 1]",0,3431.8450530466002
