,task,distance
0,[0],2000003787.1386015
1,[1],0.0
2,[2],2000002310.285267
3,[3],2000001868.803436
4,[4],2000003265.1040163
