,customer,weight,round,length
0,[],[],0,0.0
1,"[68, 6, 70, 72, 75, 16, 14, 13, 12, 43, 65, 47, 66]","[1, 1, 2, 2, 1, 1, 1, 1, 1, 1, 1, 1, 1]",0,2467.9953178921005
2,[],[],0,0.0
3,"[61, 60, 67]","[1, 1, 1]",0,467.60174395010006
4,[],[],0,0.0
