,customer,weight,round,length
0,"[135, 81, 120, 101, 193, 150, 128, 175, 85, 17, 16]","[1, 1, 1, 1, 1, 1, 1, 1, 1, 1, 5]",0,3350.1314742659993
1,"[26, 186]","[1, 14]",0,1289.574527145
2,"[58, 64, 79, 1, 83, 186]","[1, 1, 1, 2, 1, 6]",1,5301.768176403
3,[],[],1,0.0
