,customer,weight,round,length
0,"[171, 9, 10, 112, 21, 53, 54, 56, 184, 57, 106]","[1, 1, 1, 2, 1, 2, 2, 1, 1, 1, 2]",0,3533.356423618
1,"[82, 83, 125, 121, 123, 100, 24, 25, 172, 44]","[1, 1, 2, 2, 2, 2, 2, 1, 1, 1]",0,6002.293701682
2,[],[],1,0.0
3,"[211, 32, 31, 42, 140, 148, 45, 46]","[3, 2, 2, 1, 2, 1, 1, 1]",1,15694.245345613
