,task,distance
0,"[0, 2]",8823.953260716
1,"[1, 3]",10471.432740647
