,customer,weight,round,length
0,"[81, 82, 26, 45, 46, 139, 36, 4, 136, 39]","[2, 1, 1, 1, 3, 1, 2, 2, 1, 1]",0,4957.508276045
1,"[13, 123, 83, 16, 77, 22, 34, 31, 3, 135]","[2, 1, 2, 2, 1, 2, 1, 1, 2, 1]",0,4453.019828687
2,[],[],1,0.0
3,"[12, 89, 88, 85, 102, 100, 116, 133, 64]","[4, 1, 1, 1, 1, 1, 1, 2, 3]",1,3905.0124418080004
