,task,distance
0,[0],0.0
1,[1],5039.15127506
2,[2],1595.066826675
3,[3],4334.207784123
