,customer,weight,round,length
0,[],[],0,0.0
1,[],[],0,0.0
2,"[146, 148, 2, 190, 188, 207, 122, 118, 161, 120, 186]","[1, 1, 1, 1, 1, 1, 2, 1, 2, 1, 2]",0,2000008846.6125436
3,"[33, 93, 213, 97, 152, 45, 157, 23, 201]","[1, 2, 1, 2, 1, 1, 1, 1, 1]",0,2000002476.395269
