,task,distance
0,[0],0.0
1,[1],0.0
2,[2],2000008846.612544
3,[3],2000002476.395269
