,task,distance
0,[0],5548.589595057
1,[1],2672.648443761
