,customer,weight,round,length
0,"[6, 94, 15, 65, 69, 102, 119, 1, 125]","[1, 1, 2, 1, 2, 1, 1, 1, 1]",0,3000002301.07499
1,[],[],0,0.0
2,"[45, 108, 78, 85, 54, 31, 30]","[3, 1, 4, 1, 2, 2, 2]",0,2000001611.946185
3,[],[],0,0.0
4,[],[],0,0.0
