,task,distance
0,[0],0.0
1,[1],2000002680.4513264
2,[2],0.0
3,[3],3000001514.5693293
4,[4],0.0
