,customer,weight,round,length
0,"[36, 40, 19, 50, 53, 9, 26]","[5, 2, 1, 1, 3, 1, 2]",0,2883.937287703
1,"[10, 82, 128, 110, 96, 109, 95, 51, 55, 20, 44]","[2, 1, 1, 3, 1, 1, 1, 1, 1, 2, 1]",1,5185.152054838
2,[41],[1],2,1748.857041992
