,customer,weight,round,length
0,"[47, 109, 151, 131, 175, 41, 40, 61, 39, 140]","[2, 3, 1, 3, 1, 1, 1, 1, 1, 1]",0,14734.594942184001
1,"[36, 50, 100, 120, 33, 35, 79, 168, 117, 167, 2, 5]","[1, 1, 1, 1, 1, 2, 1, 1, 1, 1, 3, 1]",0,3620.7953348820006
2,"[71, 73, 102, 49]","[1, 1, 2, 1]",1,885.81891893
3,"[64, 142, 170, 108, 107, 19, 163, 27, 173, 125, 67]","[1, 1, 1, 1, 1, 2, 3, 1, 2, 1, 1]",1,4038.2178944603006
