,task,distance
0,[0],436.4990046404
1,[1],0.0
2,[2],0.0
3,[3],968.1402840711
4,[4],2909.0746202180003
