,task,distance
0,[0],0.0
1,[1],5761.7025540530985
2,[2],301.504447166
3,[3],0.0
4,[4],406.0363997817
