,customer,weight,round,length
0,"[104, 86, 99, 38, 89]","[1, 1, 1, 8, 2]",0,3122.5468833639998
1,"[80, 83, 95, 51, 53, 56]","[2, 1, 1, 3, 3, 4]",0,4182.109814228999
