,task,distance
0,[0],2808.263784214
1,[1],116.2422052064
