,task,distance
0,[0],1675.36142786
1,[1],566.737537065
