,customer,weight,round,length
0,"[204, 202, 71, 74, 232, 150, 260, 259, 233, 153, 152, 68, 67, 230]","[1, 1, 1, 2, 1, 1, 1, 1, 1, 1, 1, 1, 1, 1]",0,3308.1145809487
1,"[77, 120, 27, 75, 73, 72, 114, 201, 203, 263, 205]","[2, 1, 1, 1, 2, 2, 1, 1, 2, 1, 1]",0,16574.5929578692
2,"[189, 191, 197, 198, 190, 192, 70, 231, 44, 45, 43]","[2, 1, 1, 2, 2, 2, 1, 1, 1, 1, 1]",0,5092.540202786
3,"[206, 23, 46, 262, 261, 115, 116, 20, 19, 76]","[2, 2, 1, 1, 1, 1, 1, 2, 1, 3]",0,2794.7499975188
4,[],[],1,0.0
5,[],[],1,0.0
6,[],[],1,0.0
7,"[121, 125, 160, 49, 123]","[1, 1, 1, 2, 1]",1,16741.120867699
