,task,distance
0,[0],6937.212538152
1,[1],29924.0061383384
2,[2],4485.6906851740005
3,[3],6964.256033184
