,customer,weight,round,length
0,[10],[8],0,376.930765892
1,"[17, 16]","[2, 8]",0,2889.8844502290003
2,[8],[8],0,202.216894374
