,task,distance
0,[0],0.0
1,[1],445.234033024
2,[2],1694.823405105
3,[3],0.0
