,task,distance
0,[0],0.0
1,[1],1740.2332660058
2,[2],189.2409702
