,customer,weight,round,length
0,[67],[3],0,320.684889786
1,"[73, 1, 5, 81, 17, 24, 13, 12, 26]","[3, 1, 1, 3, 1, 1, 1, 1, 1]",0,3819.9416247880004
2,[],[],0,0.0
3,[],[],0,0.0
4,[],[],0,0.0
