,task,distance
0,[0],320.684889786
1,[1],3819.941624788
2,[2],0.0
3,[3],0.0
4,[4],0.0
