,task,distance
0,[0],300.445546308
1,[1],0.0
2,[2],0.0
3,[3],0.0
4,[4],3722.3533180728
