,customer,weight,round,length
0,"[24, 175, 189, 92, 25, 143, 22, 176, 20, 128, 127, 109, 129]","[1, 1, 1, 1, 1, 2, 1, 2, 1, 1, 1, 1, 1]",0,5356.730962629002
1,"[117, 171, 152]","[2, 1, 6]",0,870.9927950299999
2,"[14, 186, 170, 63, 150, 12, 76]","[2, 2, 1, 1, 1, 2, 2]",0,4513.655539855999
3,[168],[7],0,463.24880363
4,"[13, 0, 148, 147, 166, 167]","[6, 2, 2, 1, 1, 1]",0,6129.1193101379995
