,customer,weight,round,length
0,[16],[15],0,345.582585492
1,[26],[15],0,936.868908802
2,"[15, 26, 12, 22, 11, 48, 50, 16]","[1, 2, 4, 1, 1, 1, 3, 2]",0,5419.1091233315
3,"[49, 53, 52, 51, 45, 46, 23, 24]","[2, 2, 1, 1, 1, 2, 1, 1]",1,4048.9993682697004
4,"[29, 31, 37, 38, 32, 33, 30]","[2, 1, 1, 2, 2, 1, 2]",1,5865.496589594999
5,"[17, 8, 10, 40, 6, 5, 18]","[1, 2, 3, 4, 2, 1, 1]",1,5868.505848523
