,task,distance
0,[0],615.6473164518
1,[1],119.98482056
