,customer,weight,round,length
0,"[84, 30, 93, 57, 0, 97, 114, 92, 83, 3, 71, 47]","[2, 1, 1, 2, 1, 1, 2, 1, 1, 1, 1, 1]",0,3950.9423399195
1,[29],[15],0,1865.1222891
2,"[81, 28, 20, 29, 52, 125, 58]","[1, 2, 1, 3, 1, 3, 4]",1,3273.1733041128996
3,"[77, 24, 98, 59, 124, 53, 87, 117, 116]","[1, 3, 1, 2, 2, 1, 2, 2, 1]",1,3596.2309410100006
4,"[8, 66, 88, 33, 108, 107, 109, 12, 13, 34, 73]","[2, 1, 1, 1, 3, 1, 1, 1, 1, 1, 2]",2,3674.6734018300003
5,"[39, 69, 38, 89, 68, 67, 17, 91, 61, 112, 86, 27, 64, 19]","[1, 1, 1, 1, 1, 1, 1, 1, 1, 2, 1, 1, 1, 1]",2,3788.8925674559996
6,[],[],3,0.0
7,"[60, 103, 111, 26, 25, 9, 14, 15, 16]","[2, 1, 1, 1, 1, 1, 1, 1, 1]",3,3821.534782837
