,task,distance
0,"[0, 2, 4, 6]",15289.3240929065
1,"[1, 3, 5, 7]",16625.4948038939
