,task,distance
0,[0],2467.899943606
1,[1],1442.5328390179
