,customer,weight,round,length
0,"[53, 1]","[1, 1]",0,1107.628337683
1,"[18, 16, 62, 90, 46, 44]","[4, 1, 3, 4, 1, 1]",0,5704.912774225001
