,task,distance
0,[0],1202.136716968
1,[1],4596.248742537
