,task,distance
0,[0],1022.213805276
1,[1],2088.212761313
