,customer,weight,round,length
0,[],[],0,0.0
1,[],[],0,0.0
2,"[101, 77, 149, 65, 145, 134, 156, 191, 82, 103]","[1, 2, 2, 1, 1, 1, 1, 1, 1, 2]",0,3677.7082768363007
3,"[21, 74, 5, 4, 78, 16, 114, 116, 172, 13, 108, 85, 126, 167]","[1, 1, 1, 1, 1, 1, 1, 1, 1, 2, 1, 1, 1, 1]",0,6969.2544873342
