,customer,weight,round,length
0,[],[],0,0.0
1,"[4, 0, 5, 2, 174, 3]","[1, 1, 1, 2, 3, 1]",0,1495.9118188036998
2,"[117, 170, 16, 114, 113, 116, 187, 18, 19, 78]","[1, 2, 1, 1, 2, 1, 2, 1, 2, 1]",0,1780.2496516688002
3,"[13, 14, 47, 59, 73, 74, 75, 81, 80]","[2, 4, 2, 1, 1, 1, 1, 2, 1]",0,6094.739435809
