,task,distance
0,[0],0.0
1,[1],0.0
2,[2],2375.375151208
3,[3],3212.120324251
