,task,distance
0,[0],2305.8401945187
1,[1],0.0
2,[2],3168.1864366393
3,[3],0.0
