,customer,weight,round,length
0,[],[],0,0.0
1,"[24, 3, 46, 36, 48, 27, 34, 22]","[2, 2, 1, 1, 1, 1, 2, 1]",0,2542.9814295718
2,[],[],0,0.0
3,[],[],0,0.0
4,[31],[1],0,592.534046844
