,task,distance
0,[0],553.2891034793
1,[1],0.0
2,[2],0.0
3,[3],4465.2904661337
4,[4],0.0
