,customer,weight,round,length
0,[43],[1],0,254.092247976
1,"[80, 16, 102]","[1, 1, 1]",0,6970.023125256001
