,task,distance
0,[0],9087.35782882
1,[1],2238.7335791463
