,customer,weight,round,length
0,"[10, 11, 29, 26, 25, 24, 18, 23, 22, 75, 12, 65, 66, 67]","[1, 1, 1, 2, 1, 1, 1, 1, 1, 1, 1, 1, 1, 1]",0,2829.4501634889
1,[70],[2],0,243.47033129
2,"[68, 60, 61, 72, 31, 33, 34, 30, 6]","[1, 1, 1, 2, 3, 2, 2, 1, 1]",0,2017.2794498766
