,customer,weight,round,length
0,"[76, 39, 41, 42, 7, 8]","[1, 2, 1, 3, 1, 7]",0,2000001072.6730185
1,"[74, 0, 58, 56, 55, 54]","[1, 4, 1, 4, 4, 1]",0,2000001206.9897292
2,"[59, 5, 15, 14, 13, 71, 47, 43]","[5, 3, 1, 1, 1, 2, 1, 1]",0,2000001764.4165633
3,[],[],1,0.0
4,"[3, 20, 16, 35]","[1, 3, 1, 1]",1,2000004003.807774
5,[],[],1,0.0
