,task,distance
0,[0],2000003922.946336
1,[1],2000000852.7766204
2,[2],2000001928.433045
