,customer,weight,round,length
0,"[66, 13, 14, 61, 50, 29, 24, 58, 12, 8, 67, 17]","[1, 2, 1, 1, 1, 1, 1, 3, 1, 1, 1, 1]",0,4291.84590245
1,"[53, 56, 34, 15, 19, 10]","[4, 2, 1, 1, 1, 1]",0,2142.029585369
