,task,distance
0,[0],3890.64009302
1,[1],2916.8473843211
