,customer,weight,round,length
0,"[26, 36, 84, 93, 111, 105, 77, 39, 133, 8, 114, 115, 45]","[1, 2, 1, 1, 2, 1, 1, 1, 1, 1, 1, 1, 1]",0,8020.703274637
1,"[108, 103, 102, 101, 59, 132, 71]","[2, 1, 2, 1, 2, 1, 2]",1,4606.457730427999
