,customer,weight,round,length
0,"[51, 37, 48, 24, 18, 20, 1]","[2, 2, 1, 2, 1, 4, 1]",0,2227.908851485
1,"[5, 41, 29, 34, 54, 43, 9, 42, 10, 7]","[3, 1, 1, 1, 1, 1, 1, 1, 1, 1]",0,5066.987796788799
2,"[23, 46, 47, 45, 25, 17]","[2, 1, 1, 1, 1, 3]",0,1605.2445387711
