,customer,weight,round,length
0,"[44, 7, 38, 2, 81, 77, 208, 157, 153, 97, 194, 117, 116, 89]","[1, 1, 1, 1, 1, 1, 1, 1, 1, 1, 1, 1, 2, 1]",0,6683.760679747
1,[87],[1],1,2000.40416792
