,task,distance
0,[0],2947.2255152384
1,[1],2810.7491746779
2,[2],0.0
