,customer,weight,round,length
0,"[28, 54, 27, 33, 29, 59, 55, 49, 38, 26, 32]","[1, 1, 2, 1, 1, 1, 2, 1, 2, 1, 2]",0,3325.97690176
1,"[53, 39, 25, 60, 47]","[5, 3, 5, 1, 1]",1,1274.405990277
2,"[78, 63, 24, 52, 8, 9, 51, 37, 20, 76, 10, 11]","[2, 1, 1, 1, 1, 1, 1, 3, 1, 1, 1, 1]",2,2702.091949438
3,"[46, 68, 45, 77, 50, 62, 19, 23, 56, 21, 17]","[1, 1, 3, 1, 2, 1, 1, 1, 1, 2, 1]",3,2170.73576081
