,customer,weight,round,length
0,"[107, 178, 145, 129, 6, 151, 28, 10, 195, 201, 177, 160, 110]","[2, 1, 1, 1, 1, 1, 1, 1, 1, 1, 1, 1, 2]",0,6668.196613892999
1,"[140, 141, 143, 103, 180, 185]","[5, 2, 1, 4, 2, 1]",0,2052.776222101
2,[98],[2],0,348.615633196
