,task,distance
0,[0],0.0
1,[1],2515.320124941
2,[2],2671.8931394556
