,customer,weight,round,length
0,[38],[1],0,2478.97959498
1,"[37, 2]","[4, 3]",0,1021.850438728
