,task,distance
0,[0],7668.312514378999
1,[1],1058.371116406
