,customer,weight,round,length
0,"[23, 87, 30, 89, 99, 90, 18]","[1, 1, 1, 5, 5, 1, 1]",0,4531.4964681647
1,"[7, 70, 67, 68, 100, 94, 6]","[1, 1, 3, 2, 5, 2, 1]",0,2449.663641355
2,"[80, 32, 44, 15, 55, 68, 98, 25, 42, 35, 22]","[1, 1, 1, 2, 2, 1, 1, 3, 1, 1, 1]",1,3934.12739208
3,"[60, 85, 33, 17]","[4, 9, 1, 1]",1,1934.673171516
4,[],[],2,0.0
5,"[16, 63, 92, 53, 52, 75, 11, 78, 4]","[1, 1, 1, 1, 1, 1, 1, 1, 1]",2,3355.2462577799997
