,task,distance
0,"[0, 3, 4]",6466.1696396807
1,"[1, 2, 5]",9739.037291215
