,task,distance
0,"[0, 8]",5624.9485228469
1,"[1, 7]",5595.8071615513
2,"[2, 9]",3371.2033605238003
3,"[3, 6]",5460.5447502036
4,"[4, 5]",5546.2744534508
