,task,distance
0,[0],0.0
1,[1],1711.704752282
2,[2],0.0
3,[3],10029.486410010002
4,[4],0.0
