,task,distance
0,[0],0.0
1,[1],0.0
2,[2],7253.059350193101
3,[3],0.0
4,[4],2680.915074165
