,task,distance
0,[0],2000024745.3751204
1,[1],2000001935.010736
2,[2],0.0
3,[3],0.0
