,customer,weight,round,length
0,[40],[1],0,1046.968503932
1,[],[],0,0.0
2,[],[],0,0.0
3,"[24, 3, 20, 2]","[1, 3, 10, 1]",0,1610.640862454
