,task,distance
0,[0],1046.968503932
1,[1],0.0
2,[2],0.0
3,[3],1610.640862454
