,customer,weight,round,length
0,"[71, 86, 66, 3, 22, 8, 120, 34, 35, 114, 64, 65, 82, 72]","[1, 1, 1, 1, 2, 1, 1, 1, 1, 1, 1, 1, 1, 1]",0,4565.568435905
1,"[36, 29, 19, 104, 11, 126, 125, 83, 55, 68, 84, 100, 17, 121]","[1, 1, 2, 1, 1, 1, 1, 1, 1, 1, 1, 1, 1, 1]",0,5191.301098402
2,"[23, 115, 128, 127, 117, 94, 76, 87]","[2, 1, 1, 1, 4, 1, 3, 2]",1,3064.3363618423
3,"[88, 93, 112, 20, 111, 40, 73, 109, 74, 75, 97, 113, 89, 90]","[1, 2, 1, 1, 1, 1, 1, 1, 1, 1, 1, 1, 1, 1]",1,4990.481052972199
4,"[39, 37, 91, 24, 25, 38, 103, 0, 41]","[1, 1, 1, 1, 1, 1, 1, 2, 1]",2,4250.350822709
5,[],[],2,0.0
