,customer,weight,round,length
0,"[74, 97, 61, 108, 25, 24, 98, 48]","[1, 4, 3, 1, 1, 2, 1, 2]",0,2573.471888691
1,"[19, 59, 41, 58, 114, 98, 99, 100]","[8, 1, 1, 1, 1, 1, 1, 1]",1,3507.5762541347
2,"[130, 13, 14, 57]","[2, 1, 1, 1]",2,2303.804040101
