,task,distance
0,"[0, 2, 5]",15075.089907433001
1,"[1, 3, 4]",16296.9397822623
