,customer,weight,round,length
0,"[49, 115, 95, 96, 97, 143, 152, 42, 103, 4, 118, 128, 29, 104]","[1, 1, 1, 1, 1, 1, 1, 1, 2, 1, 1, 1, 1, 1]",0,8051.0834515758015
1,"[123, 55, 10, 58, 108, 12, 68, 113, 76, 140, 47, 46]","[1, 1, 1, 1, 1, 1, 1, 2, 1, 1, 3, 1]",0,7642.523094181
2,[],[],1,0.0
3,"[17, 91, 20, 89, 85, 151]","[1, 1, 2, 1, 1, 1]",1,5110.755692090601
