,customer,weight,round,length
0,"[42, 4, 61, 24, 1, 0, 69, 5, 68, 62, 31, 33, 36]","[2, 1, 2, 1, 1, 1, 1, 1, 1, 1, 1, 1, 1]",0,3608.753855877001
1,"[25, 27, 28, 70, 34, 73, 60, 58, 59, 40, 41]","[1, 1, 1, 1, 4, 1, 1, 1, 1, 2, 1]",0,3005.539069431
2,[22],[15],1,1220.225695606
3,"[22, 54, 69]","[12, 1, 2]",1,3138.6892489379998
4,"[64, 13, 21, 54]","[4, 2, 8, 1]",2,2310.024274948
5,"[29, 57, 48, 12]","[7, 1, 3, 4]",2,3501.7960833019997
6,[],[],3,0.0
7,"[49, 65, 13]","[3, 6, 2]",3,3917.3894455679997
