,customer,weight,round,length
0,[],[],0,0.0
1,[2],[1],0,868.662217586
2,"[27, 11, 12, 28, 24, 15, 9, 10, 25, 17, 5, 22, 26]","[1, 1, 1, 1, 1, 2, 1, 1, 1, 1, 1, 2, 1]",0,1694.469359181
3,"[14, 18, 20, 4, 0, 3, 19, 7, 13, 21, 23, 16, 8, 1, 6]","[1, 1, 1, 1, 1, 1, 1, 1, 1, 1, 1, 1, 1, 1, 1]",0,735.7049663729999
