,task,distance
0,[0],0.0
1,[1],566.505924992
2,[2],4119.1384764802
3,[3],6174.632036475
