,task,distance
0,[0],6576.834150467
1,[1],0.0
2,[2],0.0
3,[3],653.430586616
4,[4],3348.678523643
