,task,distance
0,[0],4469.324502418
1,[1],1236.6608810092
2,[2],0.0
3,[3],0.0
4,[4],1653.830737553
