,customer,weight,round,length
0,"[59, 60, 55, 53, 50, 95, 82, 72, 38]","[1, 1, 5, 3, 1, 1, 1, 1, 1]",0,4167.8194618734005
1,"[106, 90, 78, 100, 98, 102, 104, 58]","[3, 1, 1, 1, 1, 1, 1, 2]",0,3153.3548457934
