,task,distance
0,[0],0.0
1,[1],2751.904476
2,[2],3275.5650693830003
3,[3],0.0
