,task,distance
0,[0],0.0
1,[1],2000003551.434932
2,[2],0.0
3,[3],2000002285.4075296
4,[4],2000002037.3526664
