,customer,weight,round,length
0,"[100, 70, 84, 83, 107, 109, 140, 75, 72, 62, 61, 121, 60]","[2, 1, 1, 1, 1, 1, 1, 1, 1, 2, 1, 1, 1]",0,3608.4366408839996
1,"[148, 64, 141, 143, 42, 124, 123, 157, 30, 8, 86, 7, 4]","[1, 1, 2, 1, 1, 1, 1, 1, 1, 1, 1, 1, 2]",0,6342.734628398999
2,[],[],0,0.0
3,[],[],0,0.0
