,customer,weight,round,length
0,[98],[15],0,861.891667206
1,"[98, 8, 69]","[6, 3, 6]",0,3173.7719828669997
2,[69],[15],0,635.910661568
3,[],[],1,0.0
4,"[81, 78, 114, 35, 1, 2, 21, 24, 51, 109, 25]","[1, 1, 1, 1, 1, 1, 1, 1, 2, 2, 1]",1,8323.283157476999
5,[],[],1,0.0
