,task,distance
0,[0],5805.204419197
1,[1],11297.60047114
2,[2],291.68420181
