,task,distance
0,[0],6570.670683032
1,[1],635.910661568
2,[2],9239.474264902
