,customer,weight,round,length
0,"[36, 20, 38, 19]","[1, 2, 1, 3]",0,991.4125909455
1,"[35, 34, 45, 39, 18]","[1, 1, 2, 1, 2]",0,3110.7218542365
