,task,distance
0,[0],3079.9589693564003
1,[1],963.187624708
