,customer,weight,round,length
0,"[102, 27, 83, 85, 92, 132, 29, 21, 79, 77, 49, 3]","[1, 1, 1, 1, 2, 1, 1, 2, 2, 1, 1, 1]",0,3775.679651028
1,"[119, 26, 48, 73, 129, 72, 38, 37, 36, 35, 118]","[1, 1, 1, 1, 3, 3, 1, 1, 1, 1, 1]",0,2628.6448545957
2,"[25, 87, 121, 44, 122, 12, 116, 123, 115, 8, 57, 61, 56, 105]","[1, 1, 1, 1, 1, 1, 1, 1, 1, 1, 1, 1, 1, 2]",0,3326.1312789473996
3,"[24, 69, 120, 128, 91, 17, 90, 126, 40, 134]","[1, 2, 1, 1, 2, 1, 2, 3, 1, 1]",1,3842.348689924
4,"[59, 54, 23, 52, 103, 78, 76, 75, 53, 71, 125]","[1, 1, 2, 1, 2, 1, 2, 1, 1, 1, 2]",1,4203.777077561
5,"[50, 81, 80, 58, 82, 66, 22, 63, 14, 101, 16, 110, 93, 19]","[1, 1, 1, 2, 1, 1, 1, 1, 1, 1, 1, 1, 1, 1]",1,6732.044057249001
6,[],[],2,0.0
7,"[74, 97, 14, 100, 107]","[1, 1, 1, 1, 3]",2,5663.559011093
8,[],[],2,0.0
