,task,distance
0,"[0, 4, 7]",3613.3647441289995
1,"[1, 5, 7]",3687.105609589
2,"[2, 3, 6]",4885.874661299
