,task,distance
0,[0],7780.171517751
1,[1],6298.483693057001
2,[2],0.0
3,[3],6691.704708911
