,task,distance
0,[0],423.1497858678
1,[1],0.0
2,[2],142.721248596
3,[3],0.0
4,[4],546.0347808081999
