,task,distance
0,[0],0.0
1,[1],2159.402100276
2,[2],0.0
3,[3],0.0
4,[4],148.206117878
