,task,distance
0,[0],0.0
1,[1],994.273437298
2,[2],0.0
3,[3],615.6473164518
