,customer,weight,round,length
0,[],[],0,0.0
1,[16],[14],0,94.1998147952
2,[],[],0,0.0
3,[26],[15],0,1376.651309088
4,"[26, 30, 37, 23, 50, 16]","[2, 2, 1, 1, 3, 6]",0,7446.407767713601
