,customer,weight,round,length
0,[8],[15],0,627.133074118
1,"[120, 149, 22, 119, 140, 116, 145, 172, 129, 125, 126, 84, 124]","[1, 2, 1, 1, 1, 1, 1, 1, 1, 1, 1, 2, 1]",1,5607.3896741276985
2,"[58, 41]","[1, 1]",2,6461.79032492
