,customer,weight,round,length
0,[73],[8],0,279.567158728
1,[],[],0,0.0
2,"[35, 34, 64, 23, 51]","[1, 1, 2, 1, 3]",0,1137.654801744
3,"[14, 76, 40, 57, 74, 61]","[1, 1, 1, 2, 1, 2]",0,1674.413813851
