,task,distance
0,[0],279.567158728
1,[1],0.0
2,[2],1137.654801744
3,[3],1674.413813851
