,task,distance
0,[0],1552.750905895
1,[1],7017.462473971599
2,[2],0.0
