,task,distance
0,[0],5643.282488304
1,[1],215.777597032
