,task,distance
0,[0],3780.156981323
1,[1],3563.816426276
