,customer,weight,round,length
0,[],[],0,0.0
1,"[107, 108, 73, 112, 114, 115, 91, 71]","[1, 1, 2, 1, 1, 7, 1, 1]",0,4099.903120237
2,"[18, 70, 102, 96, 111, 100, 53, 45, 103]","[1, 1, 1, 2, 1, 1, 1, 1, 2]",0,4805.611756162
