,task,distance
0,[0],247.648002506
1,[1],3237.7643470993
2,[2],2972.674312112
