,task,distance
0,[0],0.0
1,[1],3005.262273736
2,[2],4025.685376792
3,[3],0.0
