,customer,weight,round,length
0,"[109, 131, 108, 55, 127, 126, 76, 130, 129, 89]","[1, 3, 1, 1, 2, 1, 1, 1, 2, 2]",0,9655.464428441299
1,"[110, 114, 8, 91]","[1, 2, 4, 1]",0,853.6816782912
2,[],[],0,0.0
