,task,distance
0,[0],11194.777550008
1,[1],13347.455009991
2,[2],0.0
