,task,distance
0,[0],15933.494544489002
1,[1],0.0
2,[2],435.0667058734
