,task,distance
0,[0],0.0
1,[1],7777.2032296463
2,[2],0.0
3,[3],0.0
4,[4],6421.258215366999
