,task,distance
0,[0],5016.515961695999
1,[1],6829.3458420046
2,[2],0.0
3,[3],0.0
4,[4],0.0
