,task,distance
0,[0],3327.8823256130004
1,[1],1631.6597472479998
