,task,distance
0,[0],0.0
1,[1],536.3236633
2,[2],0.0
3,[3],0.0
4,[4],4623.8116052343
