,task,distance
0,[0],0.0
1,[1],885.0216043644
2,[2],2281.7205645938
