,task,distance
0,"[0, 5]",1573.6729387392002
1,"[1, 3]",1510.257937296
2,"[2, 3]",968.516920547
