,task,distance
0,[0],238.87784347
1,[1],13497.731653446
