,task,distance
0,[0],14261.349345902998
1,[1],958.469813206
