,customer,weight,round,length
0,"[71, 141, 40, 186, 179, 181, 197, 82, 86, 85, 143]","[2, 2, 1, 2, 1, 1, 1, 1, 2, 1, 1]",0,17100.146361111
1,[163],[15],0,2532.22577274
2,"[148, 17, 120, 108, 100, 22, 127, 90]","[3, 1, 1, 2, 1, 1, 1, 5]",1,2000004328.9875119
3,"[64, 60, 168, 116, 217, 24, 153, 214, 94, 95, 15, 195]","[1, 1, 3, 1, 1, 1, 1, 2, 1, 1, 1, 1]",1,6296.797588593098
