,customer,weight,round,length
0,"[106, 51, 126, 135, 142, 48, 157, 69, 26, 25, 6, 146, 96]","[1, 1, 1, 1, 1, 1, 1, 1, 1, 2, 2, 1, 1]",0,6541.7589233220015
1,"[93, 109, 123, 121, 73, 21, 79]","[4, 2, 2, 2, 2, 1, 2]",0,3995.3779226969004
2,"[41, 43, 45, 85, 92, 9, 11, 65, 114, 86, 10, 34, 116]","[1, 1, 1, 2, 1, 1, 1, 1, 1, 1, 1, 2, 1]",1,6970.248633027002
3,[],[],1,0.0
