,customer,weight,round,length
0,"[0, 73, 121, 147, 89, 88, 34, 87, 65, 11, 9, 77]","[1, 2, 2, 1, 1, 1, 2, 1, 1, 1, 1, 1]",0,3507.1687720229993
1,"[97, 21, 99, 100, 103, 94, 95, 26, 25, 6, 7, 98]","[1, 1, 1, 1, 1, 2, 1, 1, 2, 2, 1, 1]",0,3006.2219267298997
2,[],[],1,0.0
3,"[86, 153, 69, 157, 48, 133, 135, 142]","[1, 2, 1, 1, 1, 1, 1, 1]",1,6184.8221573340015
