,task,distance
0,"[0, 3]",8189.2358151277995
1,"[1, 2]",9168.700981445
