,customer,weight,round,length
0,"[81, 102, 17, 48, 55, 120, 121, 105]","[1, 4, 2, 3, 1, 1, 1, 2]",0,2378.091084015
1,"[56, 46, 5, 116, 103, 35, 58, 2, 36, 112, 113]","[2, 1, 2, 1, 1, 1, 2, 1, 1, 1, 2]",1,4889.739850039999
2,"[15, 14, 115, 13, 87, 54, 36, 114, 37, 111]","[1, 1, 1, 1, 2, 1, 1, 2, 2, 1]",2,5651.800318856302
