,customer,weight,round,length
0,"[28, 6, 65, 66, 53, 133, 52, 51, 23, 84, 71]","[2, 1, 2, 1, 1, 1, 1, 1, 2, 2, 1]",0,3340.1383205749
1,"[77, 99, 7, 125, 8, 10, 83, 123, 59, 57, 132, 134, 25]","[1, 1, 1, 1, 1, 2, 1, 1, 1, 1, 1, 1, 2]",1,9787.845307399
2,"[100, 78, 31, 11]","[1, 1, 1, 2]",2,8745.014752571
