,customer,weight,round,length
0,"[1, 11, 9]","[2, 1, 12]",0,3000001878.2143345
1,[6],[14],1,284.261150894
