,customer,weight,round,length
0,"[9, 0]","[12, 3]",0,539.734572254
1,"[0, 8]","[9, 6]",1,1917.689370648
2,"[8, 4, 11]","[6, 1, 1]",2,4337.5749769779995
