,customer,weight,round,length
0,"[59, 58]","[8, 7]",0,661.0728692079999
1,"[59, 76, 21, 70, 100, 3, 189, 56, 41, 42]","[5, 1, 1, 1, 1, 1, 2, 1, 1, 1]",0,13662.932260741
