,customer,weight,round,length
0,"[57, 46, 35, 48]","[1, 1, 1, 12]",0,1483.3777681699999
1,[60],[1],1,2267.23684458
