,customer,weight,round,length
0,[11],[15],0,2568.9936131
1,"[8, 97, 76, 30, 92, 25]","[9, 1, 1, 1, 1, 2]",0,6109.805542711
2,[8],[15],0,2293.9041096
3,[11],[15],0,2568.9936131
4,[8],[15],0,2293.9041096
5,[],[],1,0.0
6,"[22, 71, 73]","[1, 1, 2]",1,4913.606442765
7,[],[],1,0.0
8,[],[],1,0.0
9,[],[],1,0.0
