,task,distance
0,[0],0.0
1,[1],72.5896584432
2,[2],6199.833662249101
3,[3],203.006074714
4,[4],0.0
