,task,distance
0,"[0, 7, 9, 8]",8955.639999677
1,[1],3588.9080891
2,"[2, 6]",4765.582047271
3,"[3, 5]",4956.764628767
4,[4],3588.9080891
