,customer,weight,round,length
0,[],[],0,0.0
1,"[35, 46, 57, 58, 61]","[1, 1, 1, 1, 1]",0,1907.9084698079998
2,[48],[12],0,368.00598625
3,[],[],0,0.0
4,[],[],0,0.0
