,task,distance
0,[0],672.887062986
1,[1],0.0
2,[2],4329.654221522999
