,task,distance
0,[0],3277.2733786370004
1,[1],7249.746274727
