,customer,weight,round,length
0,[3],[15],0,249.229065696
1,[],[],0,0.0
2,[3],[11],0,249.229065696
3,"[0, 4, 1, 5]","[6, 4, 1, 2]",0,9733.4898612215
4,[],[],0,0.0
