,task,distance
0,[0],7985.582264611
1,[1],1014.512994044
2,[2],0.0
