,customer,weight,round,length
0,[],[],0,0.0
1,"[80, 79, 78, 91, 94, 19, 103]","[5, 1, 2, 1, 1, 1, 1]",0,3806.1640179816004
2,"[104, 81]","[4, 6]",0,265.35065064409997
3,[],[],0,0.0
