,task,distance
0,[0],0.0
1,[1],3806.1640179816
2,[2],265.3506506441
3,[3],0.0
