,customer,weight,round,length
0,[],[],0,0.0
1,"[28, 40, 33, 21]","[4, 3, 1, 2]",0,3080.0482915455004
2,[],[],0,0.0
3,"[12, 58, 57, 55, 20, 45, 26]","[2, 1, 1, 6, 2, 1, 2]",0,3875.3639065510006
