,task,distance
0,[0],2511.51389306
1,[1],203.27813193
