,task,distance
0,[0],203.27813193
1,[1],1715.755228762
