,customer,weight,round,length
0,"[2, 45, 47, 18]","[1, 1, 1, 1]",0,2000007926.3407125
1,"[56, 17]","[2, 13]",0,2000000324.531256
