,customer,weight,round,length
0,[35],[15],0,88.9793889798
1,"[8, 35]","[11, 4]",0,1366.5173275258999
2,"[9, 38, 33, 31, 8]","[1, 1, 4, 1, 1]",1,5591.7312698490005
3,"[7, 0, 28]","[5, 5, 5]",1,4247.364078039001
