,customer,weight,round,length
0,"[0, 7, 8]","[5, 5, 5]",0,3913.33479485
1,"[41, 9, 34, 13, 36, 31, 20]","[5, 1, 2, 1, 2, 1, 3]",0,4230.798610926
2,[35],[15],1,3950.93429782
3,[35],[5],1,3950.93429782
