,task,distance
0,"[0, 3]",7864.26909267
1,"[1, 2]",8181.732908746
