,task,distance
0,"[0, 2]",4547.0361052993
1,"[1, 3]",5458.1450819353
