,customer,weight,round,length
0,"[47, 53, 38, 67, 16, 15, 103, 27, 8, 58]","[1, 1, 1, 1, 1, 1, 1, 1, 2, 4]",0,4320.6923117281
1,"[92, 97, 59, 34, 108, 24]","[1, 1, 2, 1, 3, 3]",0,3273.91638162
