,customer,weight,round,length
0,"[12, 6, 9]","[5, 5, 5]",0,1262.9241246259999
1,"[8, 2]","[8, 6]",0,1980.3909777570002
2,[4],[5],0,391.66368471
