,task,distance
0,[0],949.203468714
1,[1],329.46852688
2,[2],1907.482369068
