,task,distance
0,[0],1933.280910522
1,[1],329.46852688
2,[2],732.735028942
