,customer,weight,round,length
0,"[76, 58, 5, 55, 93, 95, 62, 48, 25, 26, 19, 96]","[1, 2, 1, 1, 1, 1, 1, 1, 1, 2, 1, 2]",0,5042.731109390999
1,"[84, 28, 49]","[1, 1, 1]",1,3606.0816169691
