,customer,weight,round,length
0,"[54, 0, 4, 47, 96, 81, 65, 63, 15, 22, 12, 32]","[1, 2, 1, 1, 1, 2, 1, 1, 1, 2, 1, 1]",0,4507.1427732936
1,"[61, 72, 36, 98]","[1, 1, 1, 1]",1,4759.764695308
