,task,distance
0,[0],0.0
1,[1],2342.880593725401
2,[2],1198.36064394
3,[3],3541.9345128279992
4,[4],0.0
