,customer,weight,round,length
0,[],[],0,0.0
1,"[81, 67, 59, 62, 112, 100, 99, 37, 12, 11, 10, 55, 17]","[1, 1, 1, 1, 1, 1, 1, 2, 1, 1, 1, 1, 2]",0,9029.566418571
2,"[70, 29, 90, 124, 93, 74, 80, 79, 118, 88, 65, 123]","[1, 1, 1, 1, 1, 1, 1, 1, 1, 3, 1, 1]",0,5669.214086954
3,[121],[1],0,275.031669922
4,[],[],0,0.0
