,task,distance
0,[0],8515.439411309
1,[1],0.0
2,[2],0.0
3,[3],0.0
4,[4],8899.468665767
