,customer,weight,round,length
0,[79],[15],0,193.0679152404
1,"[79, 86, 29, 33]","[12, 1, 1, 1]",0,1385.4484797812
2,"[83, 36, 70, 77, 78, 68, 72]","[1, 1, 1, 1, 1, 1, 1]",1,5201.180904081
3,[],[],1,0.0
