,task,distance
0,"[0, 2]",5394.2488193214
1,"[1, 3]",1385.4484797812
