,task,distance
0,[0],149.609982486
1,[1],0.0
2,[2],7481.727034836901
3,[3],0.0
