,task,distance
0,[0],0.0
1,[1],4477.557367744999
2,[2],0.0
3,[3],1426.820550085
4,[4],0.0
