,task,distance
0,[0],0.0
1,[1],0.0
2,[2],2981.749621729
3,[3],3295.3752222550006
4,[4],0.0
