,customer,weight,round,length
0,"[13, 33, 47, 9, 10, 29, 28]","[3, 3, 1, 1, 1, 2, 4]",0,5800.344263411001
1,"[56, 66]","[5, 3]",1,5607.189966059999
