,customer,weight,round,length
0,"[35, 33, 72, 7, 56, 52, 24, 20, 19, 114, 48]","[1, 1, 2, 2, 2, 1, 1, 1, 1, 1, 2]",0,3778.5236122743004
1,"[62, 59]","[1, 1]",1,4079.859378907
