,customer,weight,round,length
0,[],[],0,0.0
1,"[11, 24, 20]","[1, 2, 1]",0,846.4660769428001
2,"[3, 54, 6, 30, 44, 23, 33]","[3, 1, 1, 1, 1, 7, 1]",0,4117.999895523
3,[],[],0,0.0
