,task,distance
0,[0],9998.720236403
1,[1],1934.06706492
2,[2],0.0
3,[3],0.0
