,task,distance
0,[0],6783.254992318
1,[1],4941.274462455
2,[2],1792.3933588661
3,[3],0.0
