,task,distance
0,[0],547.674564766
1,[1],321.977906062
2,[2],619.9154900018
3,[3],8119.96496652
