,task,distance
0,[0],0.0
1,[1],3520.1895108500003
2,[2],5251.591722979
