,customer,weight,round,length
0,[54],[1],0,524.602186456
1,"[7, 18, 25, 1, 34]","[1, 1, 1, 1, 1]",0,5200.619651422
