,customer,weight,round,length
0,"[61, 74, 53]","[3, 1, 9]",0,1521.3180236123999
1,"[53, 118, 91, 8, 51, 50, 1, 69, 127]","[3, 2, 1, 1, 1, 1, 3, 1, 2]",0,4058.4487857593995
