,task,distance
0,[0],1521.3180236124
1,[1],4058.4487857594
