,customer,weight,round,length
0,"[45, 42, 47]","[1, 1, 2]",0,1421.529704731
1,"[52, 57, 54, 20, 18, 4, 24, 67, 21, 7, 6, 36, 59]","[2, 1, 1, 1, 2, 1, 1, 1, 1, 1, 1, 1, 1]",0,5044.1965221479995
2,[],[],0,0.0
