,customer,weight,round,length
0,[],[],0,0.0
1,"[16, 14, 99]","[1, 1, 1]",0,1029.9896855673
2,"[105, 80, 104, 91, 44, 55, 81, 66, 65, 22, 48, 60, 5]","[1, 1, 1, 2, 1, 1, 1, 1, 1, 1, 2, 1, 1]",0,7560.903848741999
