,customer,weight,round,length
0,"[36, 41, 37, 42, 40, 25]","[2, 1, 4, 1, 2, 4]",0,1665.03907423
1,[],[],0,0.0
2,"[64, 45, 46, 55, 1, 0, 20, 17, 18, 35, 53, 34, 33]","[1, 1, 2, 1, 1, 1, 1, 1, 1, 1, 1, 1, 1]",0,4278.0128520888
