,task,distance
0,[0],1665.03907423
1,[1],0.0
2,[2],4278.0128520888
