,task,distance
0,[0],0.0
1,[1],0.0
2,[2],1285.4709653831
3,[3],2347.8525851395
