,customer,weight,round,length
0,"[188, 24, 165, 28, 49, 153, 3, 81, 173, 142, 104, 85, 42, 187]","[1, 1, 1, 1, 1, 2, 1, 1, 1, 1, 1, 1, 1, 1]",0,24587.298103986002
1,[86],[1],1,16984.47199094
