,customer,weight,round,length
0,"[44, 45, 21, 81, 1, 31, 46]","[1, 2, 1, 3, 1, 2, 2]",0,3864.595826815
1,"[33, 30, 34, 36, 5, 42]","[1, 1, 1, 1, 1, 2]",0,889.6390601528
