,task,distance
0,[0],3864.595826815
1,[1],889.6390601528
