,task,distance
0,[0],4232.541286345
1,[1],0.0
2,[2],332.876322572
