,task,distance
0,[0],448.114175404
1,[1],1673.6887345404
2,[2],0.0
