,task,distance
0,"[0, 5, 6, 10]",6510.343394884001
1,"[1, 3, 7, 9]",6989.124269558
2,"[2, 4, 8, 10]",7354.398707517001
