,customer,weight,round,length
0,"[65, 46, 64, 20, 9, 76, 10, 62, 3, 21]","[1, 4, 1, 1, 3, 1, 1, 1, 1, 1]",0,1994.8351342902001
1,[67],[1],1,1929.673920268
