,customer,weight,round,length
0,"[0, 80, 2, 1, 15, 74, 36, 34, 56]","[1, 2, 1, 1, 3, 2, 1, 2, 2]",0,2576.3422534146
1,"[52, 17]","[2, 1]",1,1592.972063312
