,customer,weight,round,length
0,"[42, 47, 12, 4, 20, 24, 19, 44]","[5, 1, 1, 1, 1, 2, 3, 1]",0,3979.9051478646998
1,"[56, 0, 1, 51]","[2, 1, 1, 1]",1,2087.75055548
