,customer,weight,round,length
0,"[169, 21, 20, 93]","[1, 1, 1, 1]",0,2878.986928806
1,"[5, 38, 173, 144, 14, 127, 26, 151, 177, 155, 227]","[1, 1, 3, 1, 1, 1, 1, 2, 2, 1, 1]",0,14991.358960462998
2,[],[],0,0.0
3,[],[],0,0.0
