,task,distance
0,[0],0.0
1,[1],627.133074118
2,[2],0.0
3,[3],8416.1570767496
