,customer,weight,round,length
0,[79],[15],0,3369.84088558
1,"[71, 85, 83, 18, 82, 79]","[1, 1, 1, 2, 1, 9]",0,4241.370333569
2,"[57, 15, 74, 29, 54, 69, 68, 41, 8, 13]","[1, 5, 1, 1, 1, 1, 1, 1, 1, 1]",1,3454.8095714220003
3,"[77, 49, 48, 10, 2, 88, 70, 22, 75, 24, 94]","[1, 1, 1, 1, 1, 1, 1, 2, 1, 2, 1]",1,2006.0954053938003
