,task,distance
0,"[0, 2]",6824.650457002001
1,"[1, 3]",6247.4657389628
