,customer,weight,round,length
0,"[22, 41, 40]","[12, 1, 2]",0,872.1528445684
1,[22],[15],1,453.348848604
2,"[59, 58, 27, 49]","[1, 1, 1, 1]",2,3453.3246702789997
