,task,distance
0,[0],2502.241697576
1,[1],3068.5904631329995
2,[2],0.0
3,[3],0.0
