,task,distance
0,[0],0.0
1,[1],438.28704128
2,[2],3432.2474683775004
3,[3],0.0
