,task,distance
0,[0],5040.366405431
1,[1],2924.558112936
