,task,distance
0,"[0, 3]",3008.896990172
1,"[1, 4]",909.33879979
2,"[2, 5]",1020.86860985
