,customer,weight,round,length
0,"[29, 38, 39]","[12, 2, 1]",0,4399.329481904901
1,"[18, 31]","[2, 1]",1,4781.334586584
