,customer,weight,round,length
0,"[36, 20, 24, 8]","[1, 1, 1, 12]",0,3227.2417076008005
1,[17],[1],1,3288.97965788
