,customer,weight,round,length
0,"[36, 19, 25, 24, 29, 22, 49, 31, 23, 30, 20]","[2, 1, 1, 1, 1, 1, 2, 2, 2, 1, 1]",0,963.0521598626
1,"[35, 9, 14, 54, 3, 38, 33, 40, 12, 42, 8]","[1, 4, 1, 1, 1, 1, 1, 1, 1, 1, 2]",0,1505.343084476
2,"[28, 37, 21, 15, 39, 18, 26, 27, 43]","[1, 3, 1, 1, 2, 2, 2, 2, 1]",0,1335.948736232
3,"[13, 16, 51, 1, 48, 10, 44, 4]","[1, 1, 1, 1, 4, 1, 1, 1]",1,1636.548626624
4,"[7, 17, 41]","[1, 1, 3]",1,1476.1777505480002
5,"[5, 50, 34, 46, 53, 32, 47, 0, 6, 11, 2, 52, 45]","[1, 1, 1, 2, 1, 1, 1, 1, 1, 1, 2, 1, 1]",1,1326.118175573
