,task,distance
0,"[0, 3]",7185.4790905717
1,"[1, 4]",8212.7024626596
2,"[2, 5]",10135.8771463121
