,customer,weight,round,length
0,"[30, 101, 68, 36, 37, 35, 86, 60, 59, 116, 93, 95, 94, 96]","[2, 1, 1, 1, 1, 1, 1, 1, 1, 1, 1, 1, 1, 1]",0,4967.3341668369985
1,"[58, 7, 97, 9, 45]","[1, 1, 2, 1, 1]",0,1053.8346326429
2,"[56, 47, 55, 38, 54, 99, 118, 81, 82, 84, 76, 29]","[1, 2, 1, 2, 1, 1, 1, 1, 1, 1, 1, 2]",0,2155.7949372477997
