,customer,weight,round,length
0,"[58, 88, 1, 39, 74, 72, 34, 103, 30]","[1, 1, 2, 2, 1, 1, 3, 2, 2]",0,2825.9760450419
1,"[79, 22, 33, 117, 107, 68, 77, 102]","[1, 1, 1, 3, 1, 1, 3, 4]",0,3352.0111315599993
2,"[45, 9, 97, 94, 86, 59, 35, 38, 84, 76, 47, 56]","[1, 1, 2, 1, 1, 1, 1, 2, 1, 1, 2, 1]",0,3476.7807854887997
3,[],[],1,0.0
4,[],[],1,0.0
5,"[116, 37]","[1, 1]",1,2519.8416241100003
