,customer,weight,round,length
0,[96],[14],0,491.701582982
1,"[96, 26, 47, 45, 102, 75]","[7, 2, 1, 1, 2, 2]",0,6422.867470514001
2,"[69, 82, 98, 18, 17, 34, 23, 19, 108, 55]","[1, 4, 1, 2, 1, 1, 1, 1, 2, 1]",0,8219.906034528
3,"[66, 104, 106, 105, 49, 50, 52, 38, 30, 13, 54, 55]","[2, 1, 1, 1, 1, 1, 1, 2, 1, 2, 1, 1]",0,7374.6312256132005
4,"[29, 3, 58, 100]","[3, 5, 4, 3]",0,7511.973840806
