,customer,weight,round,length
0,"[10, 8, 57, 44, 102, 45, 75, 46, 26]","[2, 1, 3, 1, 2, 1, 2, 1, 2]",0,7090.747980792
1,[96],[15],0,491.701582982
2,"[96, 56, 61, 37, 47, 100]","[6, 1, 1, 2, 1, 3]",0,6237.4943647830005
3,"[58, 4, 3, 14, 15, 7, 2]","[4, 1, 5, 2, 1, 1, 1]",0,8343.041555157
4,"[69, 68, 97, 34, 18, 17, 81, 86, 88]","[1, 1, 3, 1, 2, 1, 1, 2, 3]",0,8855.8062550181
