,task,distance
0,[0],7103.959248067501
1,[1],601.466609474
2,[2],0.0
3,[3],657.818981984
