,customer,weight,round,length
0,"[104, 291, 154, 48, 49, 158, 229, 295, 10, 68, 194, 222, 61, 60]","[1, 1, 1, 1, 1, 1, 2, 1, 1, 1, 1, 1, 1, 1]",0,24735.734285759198
1,"[138, 256, 266, 265, 148, 302, 142, 228, 130, 147]","[1, 1, 1, 2, 2, 2, 1, 3, 1, 1]",0,20184.3443322928
2,"[25, 236, 44, 197, 278, 87, 141, 35, 286, 240]","[1, 1, 2, 1, 1, 1, 3, 3, 1, 1]",1,22318.082587179
3,"[23, 166, 168, 57, 95, 34, 217, 170, 96, 53]","[2, 1, 1, 2, 1, 1, 1, 3, 1, 2]",1,20371.0499053361
4,"[20, 285, 80, 210, 249, 209, 314, 65]","[2, 2, 1, 1, 1, 3, 2, 2]",2,22429.970962621
5,[289],[2],2,19276.91050304
