,task,distance
0,"[0, 2, 5]",17431.7540773355
1,"[1, 3, 4]",28200.111169134303
