,task,distance
0,"[0, 3, 4]",29142.5197127204
1,"[1, 2, 5]",16783.2700915641
