,customer,weight,round,length
0,[40],[15],0,3238.31957752
1,"[9, 19, 18, 42, 21, 6, 15]","[1, 6, 1, 1, 2, 1, 3]",0,4404.972868568801
2,[19],[15],0,1079.703284788
