,customer,weight,round,length
0,"[122, 179, 181, 180, 237, 44, 95]","[1, 1, 1, 2, 2, 2, 1]",0,3151.814947834
1,"[54, 234, 60, 63, 88, 76, 199, 24]","[2, 1, 2, 1, 1, 1, 2, 1]",0,3503.473351271
