,task,distance
0,[0],14626.926512184
1,[1],1056.032652808
