,task,distance
0,"[0, 2]",3111.359305451
1,"[1, 3]",6747.434225494
