,customer,weight,round,length
0,"[37, 63, 28, 29, 0, 2, 4, 18]","[3, 1, 1, 3, 1, 1, 1, 1]",0,7195.915349857
1,"[70, 69, 74, 40, 71]","[1, 2, 1, 6, 1]",0,6313.062213552101
2,[],[],0,0.0
3,[],[],0,0.0
4,"[12, 60, 10, 39, 55, 91, 86, 90, 88]","[1, 3, 1, 2, 1, 2, 2, 1, 2]",0,5834.381490018999
