,task,distance
0,[0],0.0
1,[1],0.0
2,[2],197.4348677828
3,[3],2851.6140875072
4,[4],1845.423202324
