,customer,weight,round,length
0,"[76, 39, 68, 16, 25, 100]","[2, 1, 1, 1, 1, 1]",0,6366.007639926001
1,"[73, 95, 30, 31, 51, 59, 83, 87, 41, 44, 65]","[2, 2, 1, 1, 1, 1, 2, 1, 1, 1, 2]",0,12098.691473249
2,[],[],0,0.0
