,customer,weight,round,length
0,"[68, 35, 100, 33, 89, 44, 51, 59, 83, 19, 88, 21]","[1, 1, 1, 2, 1, 1, 1, 1, 2, 1, 1, 1]",0,13990.581970348001
1,"[76, 75, 77, 39, 78]","[2, 2, 1, 1, 1]",0,2221.5896601709997
2,[],[],0,0.0
