,task,distance
0,[0],15662.566085001
1,[1],4093.7941442360006
2,[2],0.0
