,customer,weight,round,length
0,"[90, 61, 60, 45]","[4, 6, 4, 1]",0,488.7756788301
1,"[48, 47, 62]","[1, 1, 13]",0,406.6850556815
2,"[51, 8, 15, 9, 60, 59]","[4, 1, 1, 2, 2, 5]",1,1284.5782363837
3,"[44, 85]","[1, 14]",1,487.21591076
4,"[76, 22, 50, 26, 30]","[1, 1, 1, 8, 4]",2,3245.3603757829997
5,"[17, 11, 10, 16, 14, 7, 24]","[1, 1, 1, 5, 5, 1, 1]",2,995.9147925914
6,"[57, 56, 54, 18, 25]","[2, 1, 1, 1, 1]",3,5787.482722484
7,[],[],3,0.0
