,task,distance
0,"[0, 3, 4, 7]",4221.3519653731
1,"[1, 2, 5, 6]",8474.6608071406
