,task,distance
0,"[0, 3, 4]",8876.1803532004
1,"[1, 2, 5]",13107.711972580499
