,task,distance
0,[0],2000001449.1969657
1,[1],2000002456.3328784
2,[2],2000001153.680669
