,task,distance
0,[0],2740.688957615
1,[1],0.0
2,[2],986.2215683436
