,task,distance
0,[0],16423.252242227
1,[1],0.0
2,[2],0.0
3,[3],0.0
4,[4],11255.967108651
