,task,distance
0,[0],0.0
1,[1],3796.738223277
2,[2],402.242869798
