,customer,weight,round,length
0,[23],[1],0,6305.07673394
1,[],[],0,0.0
2,"[20, 21, 83, 22, 35, 40, 36, 93, 39, 58, 59, 32, 38, 12]","[1, 1, 1, 2, 1, 1, 1, 1, 1, 1, 1, 1, 1, 1]",0,7160.565658722
3,[],[],0,0.0
4,[],[],0,0.0
