,task,distance
0,[0],0.0
1,[1],3938.07151235
2,[2],0.0
3,[3],0.0
4,[4],3830.70178592
