,task,distance
0,[0],0.0
1,[1],2828.934328383
2,[2],4871.98391294
3,[3],1598.030134326
