,customer,weight,round,length
0,"[57, 61, 6, 142, 60, 115, 7, 8, 129, 21, 94, 44, 11]","[2, 1, 1, 1, 1, 1, 1, 1, 2, 1, 1, 1, 1]",0,2000005636.6849706
1,"[47, 54, 121, 123, 105, 51, 66, 5, 86, 124, 4]","[1, 1, 2, 1, 2, 2, 1, 1, 1, 1, 2]",0,9098.858692117998
2,"[75, 91, 103, 36, 12, 13, 41, 14]","[1, 1, 2, 1, 1, 1, 1, 1]",0,3082.0713425219997
