,customer,weight,round,length
0,"[59, 57, 43, 42, 60, 64, 65, 41, 14]","[1, 2, 1, 1, 1, 1, 1, 1, 1]",0,5631.697538444
1,"[1, 4, 124, 51, 47, 48, 5, 71, 30, 31, 130]","[2, 2, 1, 2, 1, 1, 1, 1, 1, 1, 1]",0,9647.15443735
2,"[13, 12, 21, 44, 11, 16, 36, 117, 40, 91, 92, 75]","[1, 1, 1, 1, 1, 1, 1, 4, 1, 1, 1, 1]",0,4995.9885777516
