,task,distance
0,[0],0.0
1,[1],1386.5252956402
2,[2],0.0
3,[3],1803.0688718259005
4,[4],0.0
