,task,distance
0,[0],4563.6416635042
1,[1],215.65330823
2,[2],895.4510832687
3,[3],1725.2362723297997
4,[4],0.0
