,task,distance
0,[0],0.0
1,[1],1725.5439073102998
2,[2],1241.8153739513
3,[3],0.0
4,[4],2457.0153977099
