,customer,weight,round,length
0,"[1, 148, 187, 117, 160, 51, 141, 179, 61, 99, 57]","[2, 1, 1, 1, 1, 1, 2, 2, 2, 1, 1]",0,5938.0236138523005
1,"[62, 60, 59, 180, 183, 182, 58]","[5, 2, 1, 1, 1, 2, 3]",0,1353.1010956832
2,[],[],1,0.0
3,"[190, 189]","[1, 1]",1,4158.233228144
