,customer,weight,round,length
0,"[147, 145, 43, 185, 110, 122, 49]","[1, 1, 1, 1, 1, 1, 1]",0,7867.073078367001
1,"[116, 21, 128, 45, 182, 58, 173, 84, 132, 153, 163, 102]","[1, 1, 1, 1, 2, 3, 1, 1, 1, 1, 1, 1]",0,9554.020037533002
