,task,distance
0,"[0, 2]",5938.0236138523005
1,"[1, 3]",5511.3343238272
