,task,distance
0,[0],8291.986465639002
1,[1],1532.119580155
