,task,distance
0,"[0, 3, 4]",6290.1642655851
1,"[1, 2, 5]",8128.23209099
