,customer,weight,round,length
0,"[142, 155, 153, 154, 144, 208, 134, 170, 237, 236, 223, 90]","[1, 1, 2, 1, 1, 2, 2, 1, 1, 1, 1, 1]",0,4175.298267731
1,"[151, 171, 138, 136, 89, 248, 121, 256, 27, 255, 29, 250, 249]","[1, 1, 1, 2, 1, 1, 1, 1, 1, 1, 1, 2, 1]",0,3304.425621428401
2,"[183, 45, 46, 44, 167, 98, 133]","[1, 2, 1, 1, 1, 1, 2]",1,4006.693480966
3,[159],[1],1,2948.79735998
