,customer,weight,round,length
0,"[37, 111, 110, 109, 115, 114, 38, 35, 36]","[2, 2, 1, 1, 1, 1, 1, 5, 1]",0,2238.7123397072
1,"[210, 211, 202, 140, 227, 15, 216, 83, 119, 107, 30]","[1, 3, 1, 1, 2, 1, 1, 1, 2, 1, 1]",0,5311.337363869499
2,[],[],1,0.0
3,"[219, 96, 97, 47, 189, 100, 101, 48, 131, 207, 1, 39, 224]","[1, 1, 1, 1, 2, 1, 1, 1, 1, 1, 1, 1, 1]",1,5804.103631370899
