,task,distance
0,"[0, 3]",7124.095627711
1,"[1, 2]",7311.119102394401
