,customer,weight,round,length
0,"[32, 31, 38, 17, 0]","[1, 3, 2, 1, 2]",0,17967.247818577
1,"[5, 43, 10]","[5, 2, 1]",0,16640.900665457
