,customer,weight,round,length
0,"[84, 210, 69, 166, 179, 80, 66, 19, 9, 108, 96, 194]","[2, 2, 1, 1, 2, 1, 1, 1, 1, 1, 1, 1]",0,8476.324001139
1,"[164, 36, 203, 173, 198, 16, 151, 58, 121, 33]","[1, 1, 2, 1, 1, 1, 2, 2, 2, 2]",1,7858.692435210999
2,[153],[1],2,5294.80325954
