,customer,weight,round,length
0,"[96, 27, 58, 74, 15, 138, 22, 89, 64, 47, 44, 20, 3]","[1, 1, 1, 1, 1, 1, 2, 1, 2, 1, 1, 1, 1]",0,7909.675843145
1,[],[],0,0.0
2,"[1, 9, 60, 18, 97, 51, 137, 11, 118]","[1, 5, 1, 1, 1, 1, 2, 1, 2]",0,4484.042713322
3,[61],[12],0,797.488736022
4,"[110, 139, 101]","[2, 2, 4]",0,1126.090214352
