,task,distance
0,[0],3477.3789241990003
1,[1],0.0
2,[2],428.08437389
3,[3],0.0
