,task,distance
0,[0],14718.827377164
1,[1],4520.511020456301
2,[2],0.0
3,[3],0.0
