,customer,weight,round,length
0,"[121, 54, 124, 50, 33, 115, 114, 125]","[1, 1, 1, 1, 2, 1, 1, 2]",0,1898.3193331832
1,"[25, 15, 110, 73, 7, 6, 8, 43, 51, 44, 81, 45, 31]","[1, 1, 1, 1, 2, 1, 1, 1, 1, 1, 1, 1, 1]",0,1769.3015258715002
2,"[112, 49, 5, 30, 108, 107, 106]","[5, 2, 1, 1, 4, 1, 1]",0,2965.9074980798
3,[],[],0,0.0
