,customer,weight,round,length
0,[],[],0,0.0
1,"[97, 91, 92, 13, 29, 99, 31, 82, 85, 86, 2, 90, 81]","[1, 1, 1, 1, 1, 2, 1, 1, 1, 1, 1, 1, 1]",0,7017.462473971599
2,[],[],0,0.0
3,[],[],0,0.0
4,"[95, 30, 56, 59]","[1, 1, 1, 3]",0,1552.750905895
