,task,distance
0,[0],0.0
1,[1],7017.462473971599
2,[2],0.0
3,[3],0.0
4,[4],1552.750905895
