,customer,weight,round,length
0,"[81, 21, 117, 157, 156, 216, 214, 94, 15, 91, 128]","[3, 2, 1, 1, 1, 1, 2, 1, 1, 1, 1]",0,2000002733.4736834
1,"[223, 67, 68, 192, 195, 64, 5, 38, 178, 182]","[1, 1, 1, 1, 1, 1, 1, 1, 1, 1]",0,2000006198.586463
2,"[206, 136, 83, 72, 47, 17, 120, 75, 98, 152, 148]","[1, 1, 1, 1, 1, 1, 1, 1, 1, 3, 3]",0,2000004853.447575
