,customer,weight,round,length
0,"[65, 66, 147, 51, 60, 52, 58, 53]","[2, 2, 2, 4, 1, 1, 2, 1]",0,1767.0708596849
1,"[66, 157, 63, 22, 242, 64, 59, 241, 156, 240, 239, 206]","[1, 2, 1, 1, 1, 1, 1, 3, 1, 1, 1, 1]",1,2967.8677921199
2,"[177, 71, 245, 158, 214, 61, 62]","[1, 2, 2, 2, 1, 1, 1]",2,2298.8366480659997
