,task,distance
0,"[0, 5]",946.444237718
1,"[1, 4]",7864.816633355
2,"[2, 3]",6792.593192016499
