,customer,weight,round,length
0,"[52, 142, 26, 34, 148, 150, 87, 72, 17, 13, 56, 92]","[2, 1, 2, 1, 1, 1, 1, 1, 2, 1, 1, 1]",0,12542.344761113001
1,"[88, 6, 4, 124, 145, 135, 59, 61, 69, 68, 155, 40]","[1, 1, 1, 2, 1, 1, 1, 1, 1, 3, 1, 1]",1,9992.388108355999
2,[144],[1],2,7640.75175206
