,customer,weight,round,length
0,"[1, 32]","[3, 5]",0,7593.8736520797
1,[32],[14],0,79.3129266994
