,task,distance
0,[0],7593.8736520797
1,[1],79.3129266994
