,task,distance
0,[0],183.183723649
1,[1],8719.8182258415
