,customer,weight,round,length
0,"[17, 72, 28, 59, 19, 16]","[1, 2, 1, 1, 1, 9]",0,2023.6513729665
1,"[34, 35, 9, 94, 95]","[1, 2, 1, 1, 10]",0,1532.1326387545998
2,[],[],1,0.0
3,[42],[1],1,1974.509511338
