,task,distance
0,"[0, 2]",4188.525271399
1,"[1, 3]",4524.837883168
