,customer,weight,round,length
0,"[73, 59, 20, 5, 74, 52]","[2, 9, 1, 1, 1, 1]",0,4284.76432507
1,"[4, 8, 31, 14, 33, 13, 48, 30, 32, 53, 3, 40, 19]","[1, 1, 1, 1, 1, 1, 1, 1, 3, 1, 1, 1, 1]",1,943.173368363
2,"[29, 21, 43, 6, 34, 7, 58, 57, 27, 9, 28, 49]","[1, 1, 1, 1, 1, 3, 1, 1, 1, 1, 1, 2]",2,6917.82515636
