,customer,weight,round,length
0,"[154, 136, 120, 6, 41, 155]","[2, 9, 1, 1, 1, 1]",0,1124.4422792286
1,"[10, 40, 123, 5, 4, 101, 62, 22, 61, 19, 69, 68, 81]","[1, 1, 1, 1, 1, 1, 1, 1, 1, 1, 1, 3, 1]",1,3989.8476892873
2,"[106, 59, 58, 57, 134, 135, 44, 70, 11, 8, 88, 9]","[2, 1, 1, 1, 1, 1, 1, 1, 1, 1, 1, 3]",2,5803.3251867798
3,"[2, 77, 97, 145, 108, 110, 130]","[2, 2, 1, 1, 1, 1, 1]",3,4713.742620268
