,task,distance
0,[0],0.0
1,[1],0.0
2,[2],249.229065696
3,[3],0.0
4,[4],3934.096788788
