,customer,weight,round,length
0,"[16, 58, 17, 42, 51, 9, 22, 53, 54, 39]","[2, 2, 2, 1, 1, 1, 1, 3, 1, 1]",0,1039.1850164080001
1,"[35, 49, 34, 30, 56, 46, 18, 38, 20, 12, 48, 33]","[1, 1, 1, 1, 1, 2, 2, 1, 1, 1, 2, 1]",0,537.286510063
2,"[8, 15, 50, 45, 31, 41, 27, 23, 21, 37, 26, 7, 28]","[1, 1, 1, 2, 2, 1, 1, 1, 1, 1, 1, 1, 1]",0,2212.4839604500003
3,"[0, 44, 10, 11, 19, 59]","[1, 7, 1, 2, 3, 1]",1,853.094158044
4,"[29, 43, 6, 32, 24, 36]","[2, 2, 1, 6, 3, 1]",1,754.3123256609999
5,"[52, 61, 62, 47, 25]","[11, 1, 1, 1, 1]",1,1106.7443733549999
6,"[60, 1, 55, 57]","[1, 4, 1, 3]",2,1056.00034434
7,"[14, 3, 13, 4, 5, 40, 2]","[2, 1, 1, 1, 3, 1, 3]",2,1611.695263144
8,[],[],2,0.0
