,task,distance
0,"[0, 3]",1592.9819368024
1,"[1, 4]",2429.6219489382
2,"[2, 5]",383.9001550902
