,task,distance
0,"[0, 3]",909.381377318
1,"[1, 4]",3066.8410553940003
2,"[2, 5]",580.734538702
