,customer,weight,round,length
0,[],[],0,0.0
1,"[174, 60]","[1, 1]",0,1324.312471424
2,"[1, 172, 42, 10, 54, 184, 121, 81, 101, 114, 175, 46]","[2, 1, 1, 1, 2, 1, 2, 1, 1, 1, 1, 1]",0,11411.505437954002
