,customer,weight,round,length
0,"[181, 5, 204, 86, 136, 28, 47, 148, 66, 71, 194, 195]","[1, 1, 1, 2, 1, 1, 1, 1, 1, 3, 1, 1]",0,13863.032235920002
1,[90],[15],1,7939.8125758
2,"[202, 21, 22, 156, 154, 153, 52]","[1, 2, 1, 1, 1, 1, 1]",2,2000004605.0680623
