,task,distance
0,"[0, 5]",3111.460818517
1,"[1, 4]",6271.171974652099
2,"[2, 7]",2159.778827084
3,"[3, 6]",2702.436093292
