,CID,TTDDemd
0,11825,0.408666014671
1,22616,0.693863987923
2,22617,4.16317987442
3,26576,17.1471004486
4,32877,0.580298006535
5,32878,1.25946998596
6,32879,0.84382802248
7,33835,17.1471004486
8,37220,0.279300004244
9,51710,0.140637993813
10,51711,0.426362007856
11,51712,0.139650002122
12,54869,0.994843006134
13,54870,2.09910988808
14,61267,0.710602998734
15,61268,1.84756994247
16,61269,3.49125003815
17,61270,1.25946998596
18,61271,1.40638005733
19,61272,1.70545005798
