,customer,weight,round,length
0,"[49, 34, 35, 105, 72, 71, 121, 122, 109]","[1, 1, 1, 2, 1, 1, 1, 2, 1]",0,1931.6813070652001
1,"[39, 57, 70, 62, 55, 66, 64, 3, 22, 116, 143]","[1, 1, 3, 1, 1, 1, 1, 3, 1, 1, 1]",0,5640.596418795001
