,task,distance
0,[0],1116.797990639
1,[1],1906.527306583
2,[2],1794.305531592
3,[3],0.0
