,task,distance
0,[0],0.0
1,[1],3050.59454537
2,[2],2467.3352452483005
3,[3],0.0
