,customer,weight,round,length
0,[],[],0,0.0
1,[54],[1],0,524.602186456
2,[],[],0,0.0
3,"[9, 41, 7, 1, 25, 46, 45, 18, 24, 51, 34]","[1, 1, 1, 1, 1, 1, 1, 1, 2, 2, 1]",0,5801.74942582
