,customer,weight,round,length
0,"[43, 9, 42, 10, 7, 20, 18, 37, 41, 29, 34]","[1, 1, 1, 1, 1, 4, 1, 2, 1, 1, 1]",0,6770.294461817
1,[54],[1],0,524.602186456
2,[],[],0,0.0
3,[],[],0,0.0
