,task,distance
0,[0],11016.4715201534
1,[1],2858.781025652
