,task,distance
0,[0],0.0
1,[1],1986.6121394469
2,[2],4417.472486254001
3,[3],0.0
