,customer,weight,round,length
0,"[118, 94, 172, 162, 78, 30, 108, 113, 35]","[4, 2, 1, 1, 1, 1, 1, 1, 3]",0,5981.605143942
1,"[54, 13, 100, 60, 12]","[1, 3, 1, 2, 1]",1,4582.424430777
