,customer,weight,round,length
0,"[109, 110, 129, 114, 113, 112, 25, 107, 106, 174, 26, 30, 108]","[1, 1, 3, 1, 1, 1, 1, 1, 1, 1, 1, 1, 1]",0,2973.7532491773
1,[41],[1],1,3002.546069
