,customer,weight,round,length
0,"[131, 63, 71, 61, 117, 116, 51, 39, 66, 78, 94, 93, 41]","[1, 1, 2, 2, 1, 1, 1, 1, 1, 1, 1, 1, 1]",0,8626.736436671
1,"[72, 108]","[5, 2]",0,2040.542168357
