,task,distance
0,"[0, 7]",2188.31877332
1,"[1, 5]",5472.399296998
2,"[2, 6]",6524.985635348699
3,"[3, 4]",2649.2488743206995
