,customer,weight,round,length
0,[8],[15],0,2006.50875088
1,"[17, 12, 0]","[11, 2, 2]",0,2013.5703494910001
2,"[16, 18, 11, 1, 14]","[2, 8, 2, 1, 2]",0,1133.768036338
3,"[17, 6, 15, 9, 21, 7, 20]","[3, 3, 2, 3, 1, 2, 1]",0,1743.769475907
4,[16],[15],0,1181.86584273
5,"[4, 13, 19, 2, 10, 22]","[2, 7, 1, 1, 3, 1]",1,775.939977627
6,[18],[7],1,942.560574656
7,[],[],1,0.0
8,"[3, 5, 13, 4]","[1, 2, 8, 2]",1,971.318219422
9,[],[],1,0.0
