,customer,weight,round,length
0,"[59, 58]","[9, 6]",0,661.0728692079999
1,"[42, 41, 115, 119, 100, 99, 173, 3, 153, 37, 70, 21, 76, 58]","[1, 1, 1, 1, 1, 1, 1, 1, 2, 1, 1, 1, 1, 1]",1,12464.649442145103
2,"[85, 86, 82, 116, 91, 28, 165, 187]","[2, 2, 1, 1, 1, 1, 1, 1]",2,21911.705241929998
