,customer,weight,round,length
0,"[106, 111, 92, 187, 115, 119, 116, 121, 109, 104, 110, 170, 194, 193, 127]","[1, 1, 1, 1, 1, 1, 1, 1, 1, 1, 1, 1, 1, 1, 1]",0,2000011731.8042274
1,"[188, 28, 165, 24]","[1, 1, 1, 1]",1,2000001105.5796628
