,customer,weight,round,length
0,[30],[15],0,674.483355982
1,"[2, 23, 4, 34, 36, 20, 18, 17, 43, 44, 21, 3]","[1, 1, 1, 1, 1, 1, 1, 1, 1, 1, 1, 1]",0,7349.311388271801
2,[27],[12],0,1004.170555154
3,[],[],0,0.0
4,"[27, 26]","[7, 3]",0,1374.7046509699999
