,customer,weight,round,length
0,[],[],0,0.0
1,"[46, 45]","[1, 1]",0,378.867682108
2,[],[],0,0.0
3,"[23, 22, 28, 29, 30, 31, 6, 34, 48]","[1, 1, 1, 1, 1, 1, 1, 1, 5]",0,1947.7700585027
