,customer,weight,round,length
0,[],[],0,0.0
1,"[63, 22, 72]","[7, 1, 1]",0,1983.704812138
2,"[68, 70, 49, 83, 84, 106, 17, 32, 89]","[1, 2, 3, 1, 1, 2, 1, 3, 1]",0,9652.859820344
