,task,distance
0,[0],0.0
1,[1],4567.2829364961
2,[2],0.0
3,[3],362.5138908572
