,customer,weight,round,length
0,"[277, 278, 190, 282, 283, 196, 195, 44, 236, 25, 235, 197]","[1, 1, 1, 2, 2, 1, 1, 2, 1, 1, 1, 1]",0,2073.5804276631006
1,"[208, 207, 314, 251, 310, 210, 209, 198]","[1, 1, 2, 1, 1, 1, 3, 5]",0,2782.342878927
2,"[78, 73, 297, 193, 192, 281, 279, 87, 280, 79, 19]","[1, 1, 1, 1, 1, 1, 1, 1, 1, 1, 5]",0,2106.4282952972
3,"[288, 289, 298, 299, 31, 137]","[2, 2, 1, 2, 3, 1]",1,3195.290758354
4,"[80, 285, 206, 199, 20]","[1, 2, 1, 2, 2]",1,2239.170318185
5,"[220, 219, 246, 309, 312, 249, 252, 65, 174, 39]","[1, 1, 1, 1, 1, 1, 2, 2, 1, 1]",1,3220.5169409836003
