,customer,weight,round,length
0,"[238, 98, 97, 286, 239, 240, 241, 102, 306, 129, 147, 130]","[2, 1, 1, 1, 1, 1, 1, 1, 1, 3, 1, 1]",0,1666.6535499869003
1,"[34, 35, 113, 169, 96, 53, 213, 51, 101]","[1, 3, 2, 1, 1, 2, 1, 2, 2]",0,1984.393262257
2,"[95, 162, 151, 164, 57, 165, 168, 166, 214, 23, 22]","[1, 1, 1, 1, 2, 1, 2, 1, 2, 2, 1]",0,2042.4351086885
3,"[228, 90, 14, 16, 12, 265, 263, 268, 67]","[3, 1, 1, 1, 3, 2, 1, 1, 1]",1,3404.028520336
4,"[273, 46, 148, 143, 302, 142, 141]","[1, 1, 2, 1, 2, 1, 3]",1,2768.836575358
5,"[55, 52, 170, 217, 113]","[1, 2, 3, 1, 3]",1,2271.2539640196
