,customer,weight,round,length
0,"[114, 222, 108, 110, 61, 62, 107, 63, 60, 293, 308, 29, 28]","[1, 1, 1, 1, 1, 1, 1, 1, 1, 2, 2, 1, 1]",0,2235.5229825221004
1,"[153, 304, 158, 159, 160, 290, 50, 49, 211, 48, 154, 291, 294, 104]","[1, 1, 1, 1, 1, 1, 2, 1, 1, 1, 1, 1, 1, 1]",0,2621.5865777346
2,"[64, 232, 229, 145, 120, 124, 10, 68, 227, 194, 70]","[2, 2, 2, 2, 1, 1, 1, 1, 1, 1, 1]",0,23547.428325021996
3,"[267, 260, 259, 7, 296, 295, 9, 11]","[2, 1, 1, 1, 1, 1, 1, 1]",1,18043.474167893004
4,"[93, 138, 15, 274, 88, 266, 256]","[2, 1, 1, 1, 1, 1, 1]",1,18789.2396338901
5,[],[],1,0.0
