,task,distance
0,"[0, 3]",9139.9625822053
1,"[1, 4]",26367.140726226
2,"[2, 5]",11655.96271222
