,task,distance
0,"[0, 5]",10446.208350396299
1,"[1, 4]",25604.095762461904
2,"[2, 3]",11999.4739540726
