,customer,weight,round,length
0,"[143, 62, 53, 52, 42, 83, 45, 128, 35]","[1, 5, 1, 1, 1, 1, 2, 1, 2]",0,3183.387160664
1,"[94, 29, 144, 118, 117, 4, 6, 103, 7, 43]","[1, 1, 1, 1, 1, 1, 1, 2, 3, 3]",0,4891.2600261488005
2,"[152, 151, 85, 86, 15, 91, 92, 14, 120, 17, 18]","[3, 1, 1, 1, 2, 1, 1, 1, 2, 1, 1]",1,3690.2444387599
3,"[32, 37, 96, 99, 97, 98, 122, 123, 104, 34, 105, 16, 93]","[1, 1, 1, 1, 1, 1, 1, 1, 1, 1, 1, 1, 3]",1,7334.0248689596
4,"[87, 89, 19]","[1, 1, 1]",2,3202.484888236
5,[],[],2,0.0
