,task,distance
0,[0],313.276407014
1,[1],9970.062023542
2,[2],0.0
3,[3],0.0
