,customer,weight,round,length
0,"[211, 212, 138, 213, 164, 2, 165, 75, 206, 51, 170, 210, 214, 173, 172]","[1, 1, 1, 1, 1, 1, 1, 1, 1, 1, 1, 1, 1, 1, 1]",0,3667.0106436561
1,"[159, 106, 154, 174, 5, 52, 3, 217]","[1, 2, 1, 1, 1, 1, 1, 1]",1,6483.691509458
