,customer,weight,round,length
0,"[210, 211, 138, 212, 164, 165, 75, 217, 206, 142, 65, 203, 146, 163, 172]","[1, 1, 1, 1, 1, 1, 1, 1, 1, 1, 1, 1, 1, 1, 1]",0,8242.0551965914
1,"[174, 38, 5, 141, 13, 103, 178, 30]","[1, 1, 1, 1, 1, 1, 1, 1]",1,29746.419901328998
