,customer,weight,round,length
0,"[115, 114, 124, 111, 123, 157, 30, 29, 162, 136, 169, 118, 14, 125]","[1, 2, 1, 1, 1, 1, 1, 1, 1, 1, 1, 1, 1, 1]",0,4136.0968040628995
1,"[135, 122, 108, 131, 13, 119, 118]","[1, 1, 1, 1, 1, 1, 1]",1,5854.8555806780005
