,customer,weight,round,length
0,"[61, 115, 113, 2, 68]","[1, 1, 11, 1, 1]",0,3168.1347446729997
1,"[74, 88, 27, 23, 53, 41, 42, 40, 43, 69, 90, 45]","[1, 1, 1, 1, 1, 1, 1, 2, 1, 1, 1, 3]",0,3718.134234747
2,"[35, 38, 19, 65, 116, 34, 97, 128]","[1, 2, 1, 6, 1, 2, 1, 1]",0,4615.6805386469
3,"[5, 124, 123, 28, 26, 11, 3]","[2, 1, 1, 1, 2, 3, 4]",1,4382.2771474047
4,[],[],1,0.0
5,[93],[2],1,971.297306316
