,customer,weight,round,length
0,[0],[5],0,1352.793031098
1,[0],[15],0,1352.793031098
2,[],[],0,0.0
