,task,distance
0,[0],1352.793031098
1,[1],1352.793031098
2,[2],0.0
