,customer,weight,round,length
0,[],[],0,0.0
1,"[46, 30, 29, 12]","[1, 1, 1, 1]",0,615.6473164518001
2,"[11, 6, 43]","[1, 2, 1]",0,994.273437298
