,task,distance
0,[0],0.0
1,[1],615.6473164518001
2,[2],994.273437298
