,task,distance
0,[0],0.0
1,[1],962.378406142
2,[2],18420.544874043
3,[3],3391.1245313953004
4,[4],1409.9755493710002
