,customer,weight,round,length
0,"[103, 106, 204, 4, 26, 107, 213, 210, 215, 91]","[2, 1, 1, 1, 1, 1, 1, 1, 1, 2]",0,5212.740372470001
1,"[96, 24, 199, 76, 54, 234, 60, 63, 88, 64, 84]","[2, 1, 2, 1, 2, 1, 2, 1, 1, 1, 1]",0,4653.217943821
2,[],[],0,0.0
3,"[150, 176, 44, 178, 179, 181, 237, 180, 101]","[1, 1, 2, 1, 1, 1, 2, 2, 1]",0,3435.5605937636997
