,customer,weight,round,length
0,"[31, 32, 75, 41, 42]","[3, 4, 3, 2, 3]",0,1862.9205260560002
1,"[47, 9, 13, 10, 85, 74, 53, 73, 102, 94, 62, 49, 78, 76]","[1, 1, 1, 1, 1, 1, 1, 1, 1, 1, 1, 1, 1, 2]",0,2669.3146810936996
2,[],[],1,0.0
3,"[101, 23, 66, 64, 42]","[1, 1, 1, 1, 2]",1,3627.9857067142
