,customer,weight,round,length
0,"[5, 25, 26, 38, 37, 34, 36, 35, 27, 11, 18, 4]","[1, 1, 2, 1, 1, 1, 1, 1, 1, 1, 1, 3]",0,4098.5623788827
1,"[87, 77, 7, 3, 29, 30, 67, 1]","[5, 2, 2, 1, 1, 1, 2, 1]",0,2989.664866505
2,[],[],1,0.0
3,"[34, 82, 100, 55]","[5, 2, 4, 1]",1,4476.070306929
