,task,distance
0,"[0, 3]",5490.9062327702
1,"[1, 2]",2669.3146810937
