,customer,weight,round,length
0,[],[],0,0.0
1,"[139, 15, 207, 122, 213, 19, 0, 218, 85, 237, 43]","[1, 1, 1, 1, 2, 1, 1, 1, 1, 1, 4]",0,7961.577301825901
2,[],[],0,0.0
3,[],[],0,0.0
4,[43],[6],0,106.9940449678
