,customer,weight,round,length
0,"[108, 132, 181, 97, 98, 141, 142]","[3, 1, 1, 2, 2, 2, 4]",0,1921.826560641
1,"[159, 160, 190, 189, 188, 187, 120, 30, 106, 107]","[1, 1, 1, 1, 1, 2, 1, 1, 4, 2]",0,2234.882505867
2,"[182, 99, 143, 95, 139, 101, 184]","[1, 4, 1, 1, 3, 2, 3]",0,1698.652223066
3,"[75, 109, 110, 111, 131, 180, 185, 135]","[2, 3, 2, 2, 2, 2, 1, 1]",0,1487.4713931479
4,"[103, 96, 69, 119, 21, 157]","[4, 1, 3, 2, 1, 2]",1,3000.7154194530003
5,[140],[5],1,1299.960104506
6,[],[],1,0.0
7,[],[],1,0.0
