,customer,weight,round,length
0,"[4, 6, 126, 129, 198, 199, 9, 7, 34, 145, 175, 59]","[1, 1, 3, 1, 1, 1, 1, 1, 1, 1, 2, 1]",0,3100.5529192676004
1,"[152, 16, 10, 28, 29, 202, 26, 24, 151, 13]","[2, 2, 1, 1, 1, 1, 2, 3, 1, 1]",0,2323.27998867
2,"[177, 179, 163, 156, 178, 116]","[1, 1, 9, 2, 1, 1]",0,2531.868194368
3,"[201, 53, 167, 113, 69, 186, 171, 23, 195, 1, 193]","[1, 1, 1, 2, 1, 1, 3, 1, 1, 1, 2]",0,3797.270787801
4,[],[],1,0.0
5,[],[],1,0.0
6,[70],[4],1,3449.25791106
7,[],[],1,0.0
