,task,distance
0,"[0, 3]",6546.0355134524
1,"[1, 2]",6541.5791140921
