,customer,weight,round,length
0,[],[],0,0.0
1,"[81, 71, 0, 57, 109, 107, 73, 39, 69, 17, 9, 111, 86]","[1, 1, 1, 2, 1, 1, 2, 1, 1, 1, 1, 1, 1]",0,6793.869554868
2,"[52, 125, 29]","[1, 3, 10]",0,2874.105277388
3,[29],[8],0,2391.36034608
4,[],[],0,0.0
