,task,distance
0,[0],2215.010518627
1,[1],0.0
2,[2],0.0
3,[3],2160.017366516
4,[4],228.59778432
