,customer,weight,round,length
0,[],[],0,0.0
1,"[81, 99, 142, 153, 114, 25, 189, 179, 52, 56]","[1, 1, 1, 2, 1, 1, 2, 1, 1, 1]",0,2000005868.029737
2,"[193, 110, 86, 41, 76, 58, 28, 24]","[1, 1, 2, 1, 1, 7, 1, 1]",0,2000010266.481928
