,task,distance
0,[0],0.0
1,[1],2000005868.029737
2,[2],2000010266.481928
