,customer,weight,round,length
0,[28],[1],0,273.367310798
1,"[123, 140, 139, 24, 133, 111, 15, 95, 120, 182, 94, 109]","[1, 1, 2, 1, 2, 1, 1, 1, 2, 1, 1, 1]",0,6424.314618863002
2,"[162, 161, 14, 39, 130, 129, 51, 19, 113, 117, 22, 21]","[1, 1, 2, 1, 1, 1, 2, 1, 2, 1, 1, 1]",0,7843.650072372999
3,[],[],0,0.0
4,[],[],0,0.0
