,task,distance
0,"[0, 2]",10033.7611626159
1,"[1, 3]",10702.239303275
