,CID,TTDDemd
0,23671,0.096348002553
1,29980,0.0601319000125
2,29992,0.180142000318
3,29993,0.128673002124
4,45893,10.3283004761
5,59512,0.0196267999709
6,59513,0.0196267999709
