,customer,weight,round,length
0,"[117, 93, 92, 114, 106, 94, 78, 118, 95]","[5, 1, 1, 1, 1, 1, 2, 2, 1]",0,2557.4281753153
1,"[104, 28, 105, 43, 51, 50, 27, 96, 103, 102]","[1, 2, 1, 2, 1, 3, 2, 1, 1, 1]",0,1956.3621064410002
2,[],[],1,0.0
3,"[112, 115]","[1, 1]",1,2212.311792861
