,task,distance
0,"[0, 2, 5, 6]",5052.025015957999
1,"[1, 3, 4, 7]",5217.712585591
