,customer,weight,round,length
0,[],[],0,0.0
1,"[7, 0, 38, 18]","[4, 1, 9, 1]",0,1855.54031745
2,[67],[7],0,251.30439342
3,"[42, 53, 71, 93, 50, 76, 49, 67]","[1, 1, 1, 1, 1, 1, 6, 3]",0,2749.2806833386003
4,[],[],0,0.0
