,task,distance
0,[0],0.0
1,[1],0.0
2,[2],2430.8407441500003
3,[3],0.0
4,[4],5004.639462383
