,task,distance
0,[0],0.0
1,[1],1855.54031745
2,[2],251.30439342
3,[3],2749.2806833386003
4,[4],0.0
