,task,distance
0,[0],0.0
1,[1],2421.7837469509
2,[2],159.7971256274
3,[3],831.5085112982
4,[4],0.0
