,task,distance
0,[0],710.522327614
1,[1],0.0
2,[2],4489.3633433203
3,[3],0.0
4,[4],0.0
