,task,distance
0,"[0, 3]",7090.602030672401
1,"[1, 5]",8967.327713774
2,"[2, 4]",17989.051416288
