,task,distance
0,"[0, 3]",10573.5366517622
1,"[1, 4]",9143.2904452665
2,"[2, 5]",4617.522605473
