,task,distance
0,[0],0.0
1,[1],3752.13459577
2,[2],2590.793499721
