,customer,weight,round,length
0,"[53, 1, 64, 90, 62, 16, 18]","[1, 1, 1, 4, 3, 1, 4]",0,9135.745707771
1,[47],[2],1,4762.39237482
