,customer,weight,round,length
0,[106],[1],0,197.185066568
1,[],[],0,0.0
2,[],[],0,0.0
3,"[38, 27, 2, 92, 74, 22]","[1, 1, 1, 1, 1, 1]",0,8274.953579425
4,[],[],0,0.0
