,task,distance
0,[0],2214.231675673
1,[1],5174.705910172999
