,task,distance
0,[0],1535.23687768
1,[1],1549.248397577
2,[2],1530.729141988
