,task,distance
0,[0],0.0
1,[1],5351.931198301
2,[2],2377.207301296
