,task,distance
0,[0],4983.925479821
1,[1],0.0
2,[2],2066.566639454
