,task,distance
0,"[0, 2]",4570.3610414330005
1,"[1, 3]",6230.4271274210005
