,task,distance
0,"[0, 3]",3569.806446447001
1,"[1, 2]",7164.741543455
