,task,distance
0,[0],0.0
1,[1],6249.974114774
2,[2],0.0
3,[3],1371.1629671208998
