,customer,weight,round,length
0,"[3, 83, 41, 50, 105, 26, 70]","[1, 1, 1, 1, 1, 1, 2]",0,2198.458990841
1,"[103, 116, 1]","[1, 1, 1]",0,1013.8499272049
2,[],[],0,0.0
3,[],[],0,0.0
