,customer,weight,round,length
0,[21],[15],0,204.671487188
1,"[139, 80, 21]","[2, 1, 12]",0,1189.5634098310002
2,[],[],0,0.0
3,"[95, 85, 24, 134, 33, 128, 49]","[1, 1, 1, 1, 1, 4, 5]",0,3638.659266017
