,task,distance
0,[0],2257.513464862
1,[1],0.0
2,[2],2855.38502229
3,[3],4702.0612379740005
4,[4],1818.179992766
