,task,distance
0,[0],0.0
1,[1],10376.234497442998
2,[2],13266.271515034
