,task,distance
0,[0],304.68945783
1,[1],10274.233418205002
2,[2],0.0
3,[3],9718.680770044
4,[4],9816.908992412802
