,customer,weight,round,length
0,"[64, 47, 42, 28, 25, 57, 21, 68, 53, 50, 73, 40]","[1, 3, 1, 1, 1, 1, 1, 1, 1, 2, 1, 1]",0,10189.252926249
1,[37],[1],1,5783.28619324
