,customer,weight,round,length
0,"[61, 60, 3, 43, 119, 126, 65, 53, 58, 69, 70, 71]","[1, 1, 2, 1, 1, 1, 1, 1, 1, 1, 2, 2]",0,7880.969802127001
1,"[113, 73, 31, 51, 52, 114, 34, 115, 87, 86, 62]","[1, 3, 1, 1, 1, 1, 1, 1, 1, 1, 3]",0,2232.431037334
2,[],[],1,0.0
3,"[121, 3]","[1, 1]",1,8032.6637171
