,task,distance
0,[0],962.764142316
1,[1],718.647497174
2,[2],1619.021620051
3,[3],1755.880952036
4,[4],2288.212631486
