,customer,weight,round,length
0,"[141, 88, 22, 34, 101, 306, 11, 268, 46, 302]","[3, 1, 1, 1, 2, 1, 1, 1, 1, 2]",0,4978.137631399
1,"[298, 193, 281, 19, 80, 246, 251, 314, 208, 235]","[1, 1, 1, 5, 1, 1, 1, 2, 1, 1]",0,5111.686084935
2,[],[],0,0.0
3,"[256, 70, 153, 104, 308, 60, 62, 64, 25, 197, 283]","[1, 1, 1, 1, 2, 1, 1, 2, 1, 1, 2]",0,25121.306989349996
