,customer,weight,round,length
0,"[97, 286, 241, 240, 239, 213, 51, 53, 52, 96]","[1, 1, 1, 1, 1, 1, 2, 2, 2, 1]",0,1093.4928862923998
1,"[35, 113, 217, 170, 169, 34]","[3, 5, 1, 3, 1, 1]",0,757.3879499952001
2,"[98, 299, 285, 312, 22, 238]","[1, 2, 2, 1, 1, 2]",0,6692.922542329899
3,"[98, 95, 162, 151, 214, 166, 168, 55, 57, 165, 164]","[1, 1, 1, 1, 2, 1, 2, 1, 2, 1, 1]",0,1772.8375469214998
