,task,distance
0,[0],22132.9229493128
1,[1],1113.0144757698
2,[2],2621.5865777346
3,[3],0.0
