,task,distance
0,[0],16845.853447277
1,[1],25654.854346165997
2,[2],14832.573834532604
3,[3],0.0
