,task,distance
0,[0],4983.294465700399
1,[1],1882.6930959156
2,[2],259.114070746
3,[3],3292.1923057577
