,customer,weight,round,length
0,"[80, 43, 166, 160, 111, 110, 153, 154, 203, 81]","[1, 6, 1, 1, 1, 1, 1, 1, 1, 1]",0,2968.3362185877
1,"[8, 204, 181, 19, 209, 170, 139, 60, 43, 38, 257, 134, 93]","[1, 1, 1, 1, 1, 1, 1, 1, 3, 1, 1, 1, 1]",1,5794.695740394
2,"[101, 151, 188, 76, 122, 115, 106, 207, 15, 14, 261, 237, 175, 259]","[1, 1, 1, 1, 1, 1, 2, 1, 1, 1, 1, 1, 1, 1]",2,6984.9845345799995
3,"[107, 109, 3, 77, 213, 255, 144, 85, 87, 219, 98, 218, 24, 238]","[1, 1, 1, 1, 2, 1, 1, 1, 1, 1, 1, 1, 1, 1]",3,7478.239932055001
4,"[196, 58, 177, 0, 96, 65, 217]","[1, 1, 1, 1, 1, 2, 2]",4,5486.459166476
