,customer,weight,round,length
0,"[5, 17, 41, 43, 7, 47, 28, 64, 63, 62, 13]","[3, 1, 1, 1, 1, 2, 1, 1, 1, 1, 2]",0,5061.955773524
1,"[38, 59, 34, 0, 22, 9, 21, 10]","[1, 1, 1, 5, 2, 3, 1, 1]",0,3298.109255003
