,customer,weight,round,length
0,"[19, 34, 22, 33]","[1, 1, 3, 6]",0,2340.8772790505
1,"[20, 21, 13, 59, 28, 12]","[4, 1, 4, 1, 1, 1]",0,2474.2389891243
