,customer,weight,round,length
0,"[91, 89]","[1, 2]",0,435.0667058734
1,[],[],0,0.0
2,"[25, 66, 6, 117, 55, 80, 38, 32, 33, 18, 95, 76]","[1, 1, 1, 2, 1, 1, 1, 2, 1, 1, 1, 1]",0,15933.494544488998
3,[],[],0,0.0
