,task,distance
0,[0],1241.543201258
1,[1],0.0
2,[2],3081.4140246248
3,[3],0.0
