,task,distance
0,[0],0.0
1,[1],9655.4644284413
2,[2],853.6816782912
3,[3],0.0
