,task,distance
0,[0],11329.708500661296
1,[1],0.0
2,[2],315.295177524
3,[3],2033.52772002
