,customer,weight,round,length
0,"[35, 36, 20, 38, 19, 34, 43, 44, 45, 18]","[1, 1, 2, 1, 3, 1, 1, 1, 2, 2]",0,2580.0686236775
1,"[43, 6, 52]","[2, 2, 3]",1,3859.339763686
