,task,distance
0,[0],0.0
1,[1],3099.92726227
2,[2],705.969065391
