,task,distance
0,[0],312.6277984901
1,[1],4690.0828722342
2,[2],0.0
