,customer,weight,round,length
0,[35],[15],0,6395.3120496
1,"[35, 55]","[6, 9]",1,5434.052193490001
2,"[55, 24]","[12, 3]",2,4530.86076501
3,[24],[15],3,4588.92919264
4,"[57, 44, 58, 27, 38, 3, 15, 24]","[2, 1, 2, 2, 1, 3, 1, 3]",4,5469.0351582700005
5,"[41, 60, 30, 49, 66, 14, 37, 39, 59, 36, 4, 40]","[1, 1, 1, 2, 2, 1, 2, 1, 1, 1, 1, 1]",5,6920.67859391
6,"[9, 50, 52, 33, 29, 56, 11, 34, 65, 16]","[2, 2, 1, 1, 1, 1, 1, 2, 2, 2]",6,2970.015088498
