,customer,weight,round,length
0,"[25, 26, 20, 29, 39, 38, 87, 46, 52, 95]","[4, 1, 2, 1, 1, 2, 1, 1, 1, 1]",0,4494.667020481001
1,"[31, 85, 63, 81]","[5, 7, 2, 1]",1,1557.5240049802
2,"[48, 65, 93, 61, 24, 82]","[1, 2, 1, 1, 2, 3]",2,3415.6767286589998
