,customer,weight,round,length
0,"[1, 2, 14, 51, 33, 21, 13]","[2, 3, 1, 2, 3, 3, 1]",0,2067.981886125
1,"[14, 23, 31]","[3, 2, 3]",1,3510.8093312359997
