,customer,weight,round,length
0,"[29, 4, 83, 82, 40, 26, 64]","[3, 1, 1, 1, 4, 1, 4]",0,4501.741349676
1,"[69, 84, 72, 88, 91, 49, 33, 58, 59, 74]","[2, 1, 1, 2, 2, 1, 1, 1, 2, 1]",1,7507.801517354998
