,customer,weight,round,length
0,"[35, 82, 4, 17, 33, 32, 90, 50, 60, 96]","[2, 1, 1, 1, 1, 3, 2, 1, 1, 2]",0,9179.867406361
1,"[117, 80, 72, 51, 48, 52, 76, 77, 36]","[1, 2, 1, 1, 3, 1, 1, 1, 4]",1,6453.9211376657995
2,"[62, 64]","[2, 1]",2,826.1868295869999
