,customer,weight,round,length
0,"[71, 63, 31, 37, 58, 9, 8]","[2, 2, 1, 1, 1, 4, 4]",0,1899.6415135081998
1,"[66, 75]","[1, 1]",1,2187.123382441
