,task,distance
0,[0],0.0
1,[1],291.376612004
2,[2],5491.842677989301
