,task,distance
0,[0],5170.429307397
1,[1],0.0
2,[2],2662.772730233
