,task,distance
0,[0],6437.689591729901
1,[1],1485.634119695
2,[2],0.0
