,task,distance
0,[0],2499.514691727
1,[1],2965.1509124850004
2,[2],11546.213589621
3,[3],0.0
