,task,distance
0,"[0, 4, 9]",13685.243388862602
1,"[1, 5, 11]",12137.589233769799
2,"[2, 6, 8]",11629.0451987899
3,"[3, 7, 10]",13288.6275141148
