,customer,weight,round,length
0,[],[],0,0.0
1,"[102, 82, 34, 26, 1]","[1, 2, 6, 2, 1]",0,4142.397973799
2,"[76, 31, 87, 101]","[2, 3, 5, 1]",0,3130.1771384024996
