,task,distance
0,[0],539.734572254
1,[1],0.0
2,[2],3639.809573077
