,task,distance
0,[0],89.108757036
1,[1],89.108757036
2,[2],5123.295498539001
