,task,distance
0,[0],1573.810041392
1,[1],0.0
2,[2],2883.019995764
