,task,distance
0,[0],0.0
1,[1],2831.07034533
2,[2],236.418100712
