,customer,weight,round,length
0,"[14, 12, 24, 27, 31, 6, 10, 19, 23, 20, 25, 37]","[2, 1, 1, 1, 2, 2, 1, 1, 1, 1, 1, 1]",0,5261.387184371
1,"[40, 11, 18, 36, 15, 9, 41, 7]","[1, 1, 1, 1, 7, 1, 1, 1]",1,7217.5425314270005
