,task,distance
0,[0],0.0
1,[1],0.0
2,[2],13732.05765688
3,[3],5474.644622399001
