,task,distance
0,[0],0.0
1,[1],2398.0182196642
2,[2],0.0
3,[3],0.0
4,[4],3639.415777722
