,customer,weight,round,length
0,"[3, 7]","[1, 14]",0,9483.464036919999
1,[2],[15],0,1974.439828252
2,"[7, 2]","[7, 8]",0,7083.628001966
