,customer,weight,round,length
0,[58],[1],0,327.496963462
1,"[62, 10, 76, 46, 75, 51, 49, 74, 36, 34]","[1, 1, 1, 4, 1, 1, 1, 2, 1, 2]",0,5868.612239239001
