,task,distance
0,[0],182.3799774194
1,[1],5045.842359243699
