,customer,weight,round,length
0,[32],[1],0,155.6301200534
1,[],[],0,0.0
2,"[38, 22, 27, 11, 0, 44, 45, 6, 15, 31]","[2, 2, 1, 2, 1, 1, 1, 1, 1, 1]",0,3309.6683924741
3,[],[],0,0.0
4,[],[],0,0.0
