,task,distance
0,[0],3796.738223277
1,[1],402.242869798
2,[2],0.0
3,[3],0.0
4,[4],0.0
