,task,distance
0,[0],155.6301200534
1,[1],0.0
2,[2],3309.6683924741
3,[3],0.0
4,[4],0.0
