,customer,weight,round,length
0,[],[],0,0.0
1,"[68, 104, 35, 38, 66, 92, 67]","[1, 1, 1, 1, 1, 1, 2]",0,6335.296763673
2,"[116, 63, 78, 82, 110]","[1, 2, 4, 2, 2]",0,6015.608750699002
3,[],[],0,0.0
