,customer,weight,round,length
0,"[73, 137, 114, 113, 129, 56]","[1, 2, 2, 3, 1, 1]",0,4419.446480924
1,[],[],0,0.0
2,"[88, 136, 100, 124, 0, 121, 65]","[1, 1, 1, 1, 1, 3, 2]",0,4235.46923532
3,[],[],0,0.0
