,task,distance
0,[0],2400.3079942212003
1,[1],5200.896987644001
2,[2],0.0
3,[3],0.0
