,task,distance
0,[0],0.0
1,[1],0.0
2,[2],3336.8073182243998
3,[3],1875.8434567656
