,task,distance
0,[0],0.0
1,[1],4536.8875032452
2,[2],0.0
3,[3],4150.045203093
