,customer,weight,round,length
0,"[2, 10, 66, 67, 19, 21, 40, 20, 52, 5, 68, 22]","[1, 1, 2, 1, 1, 2, 2, 1, 1, 1, 1, 1]",0,2523.97337521
1,"[2, 24, 9, 33, 3, 54, 26, 25, 4, 35, 34, 45, 69, 71, 73]","[1, 1, 1, 1, 1, 1, 1, 1, 1, 1, 1, 1, 1, 1, 1]",1,2481.85785073
2,"[43, 48, 27, 41, 55, 47, 28, 72, 53, 46, 79, 17, 44]","[2, 1, 1, 1, 1, 1, 1, 2, 1, 1, 1, 1, 1]",2,2913.90941471
3,"[48, 56, 31, 29, 15, 14, 42, 49, 32, 65, 8, 75, 16, 70]","[1, 1, 2, 1, 1, 1, 1, 1, 1, 1, 1, 1, 1, 1]",3,2315.711581748
4,"[30, 13, 11, 7, 63, 78, 50, 74, 12, 23, 64, 62, 39, 76]","[1, 1, 1, 1, 1, 1, 2, 1, 1, 1, 1, 1, 1, 1]",4,2321.959303182
5,"[1, 77, 36, 6, 18, 57, 37, 61, 38, 0, 51]","[1, 3, 1, 1, 1, 1, 1, 2, 2, 1, 1]",5,3455.59434459
6,"[58, 59, 60]","[1, 1, 1]",6,1811.1284748389999
