,customer,weight,round,length
0,"[18, 5]","[7, 8]",0,2000000685.7465634
1,[5],[13],0,1371.493127086
2,"[35, 4, 40, 11, 12, 2, 22]","[1, 1, 2, 1, 1, 2, 2]",0,8170.351126153
