,customer,weight,round,length
0,"[2, 10, 28, 6, 16, 8, 32, 23, 30, 13, 21, 4]","[1, 1, 1, 1, 1, 2, 1, 3, 1, 1, 1, 1]",0,431.097113818
1,"[5, 7, 11, 9, 1, 15, 14]","[2, 3, 3, 2, 1, 2, 2]",0,814.1385568881999
2,"[31, 33, 17, 24, 0, 19, 26, 27, 29, 22, 25, 12, 3]","[1, 1, 1, 1, 1, 1, 1, 1, 2, 1, 1, 1, 2]",0,805.8019838431
3,"[18, 20]","[3, 1]",1,533.4119588870001
4,[],[],1,0.0
5,[],[],1,0.0
