,customer,weight,round,length
0,"[2, 54, 41, 4, 6, 8, 9, 7, 5]","[1, 2, 1, 2, 2, 3, 2, 1, 1]",0,1993.6706107862
1,"[19, 0, 46, 45, 12, 13, 31, 15, 57]","[2, 1, 3, 1, 2, 1, 1, 3, 1]",0,2976.8170662440007
2,"[3, 17, 16, 71, 49, 23, 53, 24, 47, 51, 52, 72, 69, 20]","[1, 1, 1, 1, 1, 1, 1, 1, 1, 1, 1, 1, 1, 2]",0,3665.2776739110996
3,"[30, 40]","[3, 1]",1,2627.2492048209997
4,[],[],1,0.0
5,[],[],1,0.0
