,customer,weight,round,length
0,"[108, 105, 111, 110, 101, 96, 85, 86, 29, 32, 87, 99, 100]","[1, 1, 1, 1, 1, 1, 1, 1, 1, 2, 2, 1, 1]",0,3366.4913762329998
1,"[40, 98, 84, 31, 94, 90, 91, 29, 67, 112, 106]","[2, 4, 1, 1, 1, 1, 1, 1, 1, 1, 1]",1,3765.592019117
2,"[93, 92, 72, 95, 45, 74]","[1, 1, 1, 2, 1, 1]",2,4589.516134696
