,task,distance
0,[0],0.0
1,[1],9941.619383111
2,[2],0.0
3,[3],516.82996624
4,[4],0.0
