,task,distance
0,[0],133.1587238112
1,[1],3260.9795433654
2,[2],0.0
3,[3],112.9063522222
4,[4],2506.5738130420004
