,task,distance
0,[0],274.953995092
1,[1],3827.5282617624
2,[2],0.0
3,[3],0.0
