,customer,weight,round,length
0,"[17, 159, 133, 95, 78, 153, 154, 155, 10, 120, 156, 152, 157, 84]","[1, 1, 1, 1, 1, 1, 1, 1, 1, 2, 1, 1, 1, 1]",0,2328.1344387843997
1,"[83, 135, 96, 20, 21, 68, 69, 147, 16, 18, 136, 143]","[2, 1, 1, 1, 1, 1, 1, 1, 3, 1, 1, 1]",0,2484.6755126197
2,"[132, 139, 138, 117, 116, 13, 98, 110, 97, 87, 15, 102]","[1, 1, 1, 1, 1, 2, 1, 2, 1, 1, 2, 1]",0,2434.9206306280003
3,[],[],1,0.0
4,[],[],1,0.0
5,"[96, 126, 125, 51, 129, 8, 137, 119, 11, 9, 113]","[1, 1, 1, 1, 2, 1, 1, 1, 2, 1, 1]",1,3548.6296375967
