,task,distance
0,"[0, 3]",2750.921528316
1,"[1, 4]",5293.0741232313
2,"[2, 5]",6513.099484950701
