,customer,weight,round,length
0,"[91, 38, 39, 77, 73, 12, 57, 47, 58, 87]","[1, 1, 1, 1, 1, 1, 2, 1, 4, 2]",0,7046.269176758
1,"[86, 15]","[1, 1]",1,4168.929702359
