,customer,weight,round,length
0,[],[],0,0.0
1,"[53, 17, 50, 49, 2]","[4, 1, 1, 2, 1]",0,4048.600760235
2,[],[],0,0.0
3,[88],[2],0,586.120801962
4,"[83, 24, 48, 76, 57, 94]","[1, 1, 1, 1, 10, 1]",0,3468.8407117889997
