,customer,weight,round,length
0,"[1, 2, 101, 66, 24, 64, 87]","[1, 1, 1, 1, 1, 1, 2]",0,3396.752523784
1,[53],[4],0,860.866329232
2,"[6, 7, 16, 88]","[1, 6, 1, 2]",0,1126.585652748
3,[],[],0,0.0
4,[],[],0,0.0
