,customer,weight,round,length
0,"[55, 56, 96, 102, 95, 94, 83, 48, 75, 76]","[1, 2, 1, 1, 1, 1, 1, 1, 1, 1]",0,3294.020385972
1,[],[],0,0.0
2,[],[],0,0.0
3,"[77, 57]","[1, 10]",0,556.403081002
4,[],[],0,0.0
