,task,distance
0,[0],5419.464594187
1,[1],1767.5584246219998
2,[2],0.0
3,[3],0.0
4,[4],0.0
