,task,distance
0,"[0, 4]",4206.888814294
1,"[1, 3]",2954.022344904
2,"[2, 5]",4271.713516044
