,customer,weight,round,length
0,[97],[1],0,134.2414188478
1,"[66, 87, 72, 5, 3, 69, 60, 84]","[1, 1, 2, 2, 1, 2, 1, 1]",0,3134.712490236
