,customer,weight,round,length
0,"[53, 30, 34, 55, 91]","[1, 1, 1, 1, 1]",0,3560.4360656268996
1,"[73, 61, 99]","[1, 1, 1]",0,841.319327143
