,task,distance
0,[0],134.2414188478
1,[1],3134.712490236
