,task,distance
0,[0],3560.4360656269
1,[1],841.319327143
