,task,distance
0,[0],3358.866748491
1,[1],6207.91875096
