,customer,weight,round,length
0,"[108, 14, 5, 111, 41, 118]","[2, 2, 7, 2, 1, 1]",0,2299.8602718099996
1,"[93, 105, 38, 92, 131, 130, 101, 100, 69, 64, 120, 21]","[1, 1, 1, 2, 1, 1, 1, 1, 1, 2, 2, 1]",0,7037.165734316998
2,"[107, 72, 102, 35, 90, 89, 103, 54]","[1, 5, 2, 1, 1, 1, 1, 3]",0,3040.4575077143004
3,"[135, 31, 77, 78]","[2, 1, 1, 1]",1,5223.976029977001
4,[],[],1,0.0
5,[],[],1,0.0
