,task,distance
0,"[0, 3]",8885.051745723
1,"[1, 4]",5247.172115339999
2,"[2, 5]",4475.395147435999
