,task,distance
0,"[0, 3]",7523.8363017870015
1,"[1, 4]",7037.165734316998
2,"[2, 5]",3040.4575077143004
