,task,distance
0,"[0, 4]",2806.5325295664
1,"[1, 5]",3655.080346267
2,"[2, 3]",4346.2763424444
