,task,distance
0,"[0, 3]",6187.869329154601
1,"[1, 2]",4049.738997953
