,customer,weight,round,length
0,"[14, 73, 35, 64, 34, 51]","[1, 8, 1, 1, 1, 3]",0,1801.789219835
1,"[64, 33, 82]","[1, 2, 2]",1,1331.5358312600001
