,customer,weight,round,length
0,[49],[1],0,712.187499292
1,"[13, 10, 9, 24, 55, 54]","[1, 1, 1, 1, 1, 2]",0,48070.3360790836
