,task,distance
0,[0],48872.142396824005
1,[1],49184.754929466
