,task,distance
0,[0],1314.8787882744002
1,[1],0.0
2,[2],3921.381885275001
