,customer,weight,round,length
0,"[70, 42, 82, 5, 0, 103, 102, 135, 99, 34, 33, 18, 131, 132]","[1, 1, 1, 1, 1, 1, 1, 1, 1, 1, 1, 1, 2, 1]",0,5832.249294196
1,"[21, 134, 137, 136, 152, 151, 177, 133, 178, 19, 20, 130]","[2, 1, 1, 1, 1, 1, 1, 1, 1, 2, 1, 2]",0,3557.772860806
2,"[83, 163, 171, 32, 16, 129, 168, 125, 164]","[2, 1, 2, 1, 1, 1, 1, 1, 5]",0,3337.566969881
3,"[31, 2, 22, 37, 144]","[1, 2, 2, 1, 1]",1,5600.629027741
4,[],[],1,0.0
5,[],[],1,0.0
