,task,distance
0,"[0, 4]",5832.249294196
1,"[1, 5]",3557.772860806
2,"[2, 3]",8938.195997622
