,customer,weight,round,length
0,[21],[13],0,204.671519452
1,"[49, 134, 33, 128]","[5, 1, 1, 4]",0,1748.7811874179997
2,"[139, 82, 138, 38, 103, 63, 64, 37, 11, 80]","[2, 1, 1, 1, 1, 1, 1, 1, 1, 1]",0,2771.0320429
3,"[87, 88, 34, 57, 7, 19, 85, 67, 95, 24]","[1, 1, 2, 1, 2, 1, 1, 2, 1, 1]",0,3902.452285915
4,[21],[15],0,204.671519452
