,task,distance
0,[0],4356.561429129
1,[1],0.0
2,[2],6040.763818993401
3,[3],215.777597032
4,[4],0.0
