,customer,weight,round,length
0,"[66, 27, 67, 85, 72, 73, 84, 48, 49]","[1, 3, 1, 3, 1, 1, 2, 2, 1]",0,1729.0191319350001
1,"[21, 40, 41, 29, 14, 62, 63, 65, 85]","[1, 4, 1, 2, 1, 1, 1, 2, 2]",1,2767.455146404
2,"[42, 44, 45, 46, 12, 79, 70, 33]","[1, 1, 8, 1, 1, 1, 1, 1]",2,5114.770419306999
3,[33],[15],3,3091.77192324
