,customer,weight,round,length
0,"[28, 7, 24, 25]","[10, 1, 1, 3]",0,1898.261679664
1,"[16, 27, 26, 3]","[8, 3, 1, 1]",0,2599.7301105607
2,"[5, 13, 19, 1, 14]","[2, 1, 1, 1, 10]",0,1196.025049915
