,customer,weight,round,length
0,[0],[1],0,225.970968792
1,"[56, 79, 11, 62, 28, 1, 50, 58, 51, 52]","[1, 1, 1, 1, 1, 1, 1, 1, 1, 1]",0,2656.5207358089997
