,task,distance
0,[0],483.648269214
1,[1],4211.1877065564
