,customer,weight,round,length
0,"[19, 53, 3, 4, 59, 74, 73, 5, 52, 20]","[1, 1, 1, 1, 5, 1, 2, 1, 1, 1]",0,1903.627167654
1,"[40, 8, 21, 43, 6, 7, 34, 32, 59]","[1, 1, 1, 1, 1, 2, 1, 3, 4]",1,1059.7128041805
2,"[7, 39, 31, 2, 14, 23, 10, 33, 48, 30, 13, 9, 22]","[1, 2, 1, 2, 1, 1, 1, 1, 1, 1, 1, 1, 1]",2,4193.889977262001
3,"[49, 29, 57, 12, 54, 58, 27, 47, 1, 28, 63, 11]","[2, 1, 1, 2, 2, 1, 1, 1, 1, 1, 1, 1]",3,4932.947651568
4,"[56, 37, 25, 45, 24, 26, 38, 17, 50, 64, 51, 36, 65]","[1, 2, 2, 1, 1, 1, 1, 1, 1, 1, 1, 1, 1]",4,3388.549509
5,"[46, 67, 71, 70, 69, 18, 61, 68, 60, 41, 16, 15, 44]","[2, 1, 1, 1, 1, 1, 1, 1, 1, 1, 2, 1, 1]",5,1533.153339121
6,"[55, 35, 72, 42, 0, 62, 66]","[2, 1, 1, 1, 1, 1, 1]",6,4088.4266297900003
