,customer,weight,round,length
0,"[282, 78, 73, 192, 190, 283, 235, 236, 25, 137, 12]","[2, 1, 1, 1, 1, 2, 1, 1, 1, 1, 3]",0,3180.9986208645005
1,"[141, 302, 142, 228, 90, 88, 14, 274, 15, 16]","[3, 2, 1, 3, 1, 1, 1, 1, 1, 1]",0,1831.2167182169003
2,"[138, 93, 256, 266, 265, 263, 268, 67, 273, 46, 148, 143]","[1, 2, 1, 1, 2, 1, 1, 1, 1, 1, 2, 1]",0,2784.2844559477994
3,"[19, 198, 197, 196, 195, 44]","[5, 5, 1, 1, 1, 2]",1,2898.061478911
4,"[281, 279, 87, 280, 79, 31, 193, 288, 289, 298, 297]","[1, 1, 1, 1, 1, 3, 1, 2, 2, 1, 1]",1,3313.086762156999
5,"[278, 277, 209, 208, 174, 207, 267, 22, 23, 238]","[1, 1, 3, 1, 1, 1, 2, 1, 2, 2]",1,6232.8690200039
6,"[299, 20, 199, 285, 206, 210]","[2, 2, 2, 2, 1, 1]",2,4172.0525604370005
7,"[314, 39, 251, 246, 309, 310, 220, 249]","[2, 1, 1, 1, 1, 1, 1, 1]",2,4334.2306551432
8,"[214, 151, 165, 162, 95]","[2, 1, 1, 1, 1]",2,3035.171023791
