,customer,weight,round,length
0,"[49, 8, 100]","[2, 5, 8]",0,2750.151571427
1,[67],[8],0,251.304361182
2,"[0, 7, 38, 18]","[1, 4, 9, 1]",0,2358.149072051
3,"[77, 42, 53, 59, 93, 71, 50, 76, 49]","[3, 1, 1, 2, 1, 1, 1, 1, 4]",0,3012.5808003576003
