,customer,weight,round,length
0,"[49, 42, 40, 96, 97, 32, 92, 77]","[6, 1, 1, 1, 1, 1, 1, 3]",0,3660.7660298980004
1,"[45, 64, 8, 100]","[1, 1, 5, 8]",0,3077.666886952
2,[],[],0,0.0
3,"[34, 95, 72, 76]","[1, 10, 2, 1]",0,2749.790381233
