,task,distance
0,[0],3660.766029898
1,[1],3077.666886952
2,[2],0.0
3,[3],2749.790381233
