,task,distance
0,[0],2750.151571427
1,[1],251.304361182
2,[2],2358.149072051
3,[3],3012.5808003576003
