,task,distance
0,"[0, 5]",1894.94617792
1,"[1, 5]",1713.216415548
2,"[2, 5]",1368.702629419
3,"[3, 6]",2482.5188068429998
4,"[4, 9]",3770.3566071530004
