,customer,weight,round,length
0,"[14, 83, 32, 89, 155, 31, 122, 96, 40, 93, 23, 52, 44]","[1, 1, 3, 1, 1, 1, 1, 1, 1, 1, 1, 1, 1]",0,8956.852054117
1,[20],[13],0,323.110467672
2,"[51, 132, 134, 48, 79, 176, 80, 149, 56, 138]","[2, 1, 2, 1, 1, 1, 1, 1, 3, 2]",0,6385.794833733
3,"[160, 20, 140]","[1, 13, 1]",0,755.2137750606
4,"[163, 67, 110, 165, 174, 60, 152, 69, 161, 68, 135]","[1, 1, 1, 1, 3, 2, 1, 2, 1, 1, 1]",0,7600.247153695999
