,customer,weight,round,length
0,"[118, 38]","[1, 5]",0,652.8630338461
1,"[103, 104, 30, 154, 83, 32, 89, 90]","[1, 1, 1, 2, 1, 3, 1, 5]",0,4383.277901286
2,"[117, 123, 121, 42, 125, 52, 138, 48, 134, 79, 131, 25, 181]","[1, 1, 1, 1, 1, 1, 2, 1, 2, 1, 1, 1, 1]",0,4421.443699449301
3,"[90, 70, 153]","[13, 1, 1]",0,1764.165715186
4,"[95, 23, 44, 140, 160, 68, 69, 67, 174, 152, 164, 151]","[1, 1, 1, 1, 1, 1, 2, 1, 3, 1, 1, 1]",0,7857.037612427802
