,task,distance
0,[0],652.8630338461
1,[1],4383.277901286
2,[2],4421.443699449301
3,[3],1764.165715186
4,[4],7857.037612427802
