,customer,weight,round,length
0,"[68, 50]","[1, 2]",0,696.6545842345
1,[66],[1],0,461.156139112
2,[],[],0,0.0
3,"[1, 76, 57, 24, 12, 85, 45, 86, 72, 91]","[2, 2, 2, 1, 1, 2, 2, 1, 1, 1]",0,8196.587438896
4,[],[],0,0.0
