,task,distance
0,[0],0.0
1,[1],1631.6597472480005
2,[2],3327.882325613
3,[3],0.0
4,[4],0.0
