,task,distance
0,[0],0.0
1,[1],8631.2060177578
2,[2],0.0
3,[3],211.760024092
4,[4],0.0
