,task,distance
0,"[0, 3]",8074.018152898
1,"[1, 5]",8332.744435575101
2,"[2, 4]",8408.050396777398
