,customer,weight,round,length
0,[],[],0,0.0
1,"[171, 44, 112, 56, 31]","[1, 1, 2, 1, 2]",0,7372.827875162
2,[],[],0,0.0
3,"[82, 16, 85, 115, 113, 193, 150, 182, 100]","[1, 5, 1, 2, 1, 1, 1, 1, 2]",0,7873.466906750999
4,[],[],0,0.0
