,task,distance
0,[0],0.0
1,[1],7372.827875162
2,[2],0.0
3,[3],7873.466906750999
4,[4],0.0
