,customer,weight,round,length
0,"[128, 84, 72, 131, 83, 78, 97, 77, 99]","[1, 2, 1, 1, 1, 4, 1, 3, 1]",0,2874.3061523449
1,"[93, 94, 92, 89, 68, 81, 125, 1, 69, 85]","[1, 1, 2, 1, 2, 3, 1, 1, 2, 1]",0,3901.1305792123994
2,"[104, 103, 102, 4, 2, 22, 119, 118, 15, 14, 16, 10, 67, 65]","[1, 1, 1, 1, 1, 1, 1, 1, 2, 1, 1, 1, 1, 1]",1,3678.550367151199
3,"[100, 29, 122, 121, 120, 106, 98, 107, 108, 8, 5]","[1, 1, 2, 1, 1, 3, 1, 1, 1, 2, 1]",1,3203.8208490832003
4,"[49, 48, 54, 42, 45, 31, 30]","[1, 1, 2, 2, 3, 2, 2]",2,2502.093857115
5,"[32, 35, 40, 34, 33, 2, 46, 58, 56, 66]","[1, 1, 1, 1, 2, 1, 2, 1, 2, 1]",2,3745.8988968989997
