,task,distance
0,"[0, 2, 5]",10298.755416395099
1,"[1, 3, 4]",9607.0452854106
