,customer,weight,round,length
0,"[24, 20, 33]","[6, 2, 7]",0,5810.413943942
1,[],[],0,0.0
2,[27],[1],0,1176.333044432
