,customer,weight,round,length
0,"[40, 134, 38, 37, 87, 121, 24, 71, 120]","[1, 1, 1, 1, 1, 1, 1, 1, 1]",0,2497.2527589912997
1,"[129, 72, 128, 126, 90, 17, 91]","[3, 3, 1, 3, 2, 1, 2]",0,1688.929863056
