,customer,weight,round,length
0,"[79, 82, 66, 59]","[2, 1, 1, 1]",0,1764.9900291209
1,"[102, 19, 92, 16, 48, 72, 17, 91, 121, 44, 122]","[1, 1, 2, 1, 1, 3, 1, 2, 1, 1, 1]",0,7418.571017541999
