,task,distance
0,[0],2669.28322397
1,[1],1114.0495843709
