,task,distance
0,[0],4249.709063993
1,[1],1122.594191181
