,customer,weight,round,length
0,"[101, 103, 81, 82, 106, 142, 122, 20, 161, 118]","[1, 1, 1, 1, 1, 1, 2, 1, 2, 1]",0,6202.009138833
1,"[45, 157, 23, 156, 158, 159, 152, 149, 97, 84, 213, 93]","[1, 1, 1, 2, 1, 1, 1, 1, 2, 1, 1, 2]",0,55758.92413989602
2,"[165, 54, 120, 186, 182, 132, 33, 94, 35, 184]","[1, 1, 1, 2, 2, 4, 1, 1, 1, 1]",0,54486.415230713006
3,"[114, 116, 188, 14, 50, 190, 16, 215, 77, 76]","[1, 1, 1, 1, 1, 1, 2, 5, 1, 1]",0,5934.888597632
4,"[210, 92, 202, 2, 57, 125, 147, 146, 148, 85, 198, 9, 207, 108, 99]","[1, 1, 1, 1, 1, 1, 1, 1, 1, 1, 1, 1, 1, 1, 1]",0,11152.573698225298
