,customer,weight,round,length
0,"[76, 77, 116, 114, 54, 165]","[1, 1, 1, 1, 1, 1]",0,3664.441209503
1,[],[],0,0.0
2,"[35, 94, 132, 23, 157, 213, 97, 152, 149, 201]","[1, 1, 4, 1, 1, 1, 2, 1, 1, 1]",0,2000028943.1425812
3,"[161, 142, 106, 108, 207, 198, 85, 202, 125, 146, 16, 190, 188]","[2, 1, 1, 1, 1, 1, 1, 1, 1, 1, 2, 1, 1]",0,12089.562249738998
4,[],[],0,0.0
