,task,distance
0,[0],6396.267108459001
1,[1],2589.3051218099995
2,[2],6077.979580376001
3,[3],908.471615492
