,customer,weight,round,length
0,"[10, 54, 21, 3]","[1, 3, 2, 1]",0,1111.2402561978
1,"[41, 18, 1, 30, 62, 9]","[4, 3, 1, 2, 3, 1]",0,3330.8105157346004
2,[],[],0,0.0
