,customer,weight,round,length
0,"[3, 41, 59, 25, 29, 45, 18, 28, 19]","[1, 4, 1, 2, 1, 1, 3, 1, 1]",0,4832.943706157
1,[68],[1],0,955.37556411
2,[],[],0,0.0
