,task,distance
0,"[0, 2, 5, 6]",21199.142626797202
1,"[1, 3, 4, 7]",22786.218681859
