,customer,weight,round,length
0,[2],[1],0,3549.93895778
1,"[1, 6, 3]","[1, 1, 4]",0,3408.89947673
2,"[7, 10, 12, 13, 0, 11, 5, 9, 4, 14, 8]","[1, 2, 1, 1, 2, 1, 1, 1, 1, 1, 3]",0,168.2196668727
3,[],[],0,0.0
4,[],[],0,0.0
