,task,distance
0,[0],7614.860669924701
1,[1],0.0
2,[2],0.0
3,[3],11726.666490868996
4,[4],1532.119580155
