,task,distance
0,[0],4838.742706431
1,[1],5622.255519465
2,[2],1666.62121184
3,[3],5356.730962629
