,customer,weight,round,length
0,[],[],0,0.0
1,[],[],0,0.0
2,"[147, 53, 74, 69, 70, 162, 161, 38, 85, 175, 105, 99]","[1, 1, 1, 1, 2, 1, 2, 1, 1, 2, 1, 1]",0,13133.7048871308
3,[],[],0,0.0
4,"[111, 1, 5, 54]","[1, 1, 1, 1]",0,9656.304965741
