,task,distance
0,"[0, 3]",10316.378804401
1,"[1, 2]",6332.447181726
