,task,distance
0,"[0, 2]",6787.537168244999
1,"[1, 3]",10458.519466357
