,customer,weight,round,length
0,[54],[1],0,524.602186456
1,"[43, 9, 7, 37, 34]","[1, 1, 1, 2, 1]",0,5045.143176052
2,[],[],0,0.0
3,[],[],0,0.0
