,task,distance
0,[0],524.602186456
1,[1],5045.143176052
2,[2],0.0
3,[3],0.0
