,customer,weight,round,length
0,"[30, 17, 31, 94, 95, 70, 97, 98, 81, 73, 74, 50, 49]","[1, 1, 1, 1, 2, 1, 1, 1, 2, 1, 1, 1, 1]",0,3944.5623857896003
1,"[83, 59, 60, 108, 51]","[2, 1, 1, 1, 1]",1,3290.133636576
