,customer,weight,round,length
0,"[49, 19, 88, 77, 79, 5, 3, 33, 34, 64, 42, 81]","[1, 1, 1, 1, 1, 1, 1, 2, 1, 2, 1, 2]",0,14874.289478619003
1,"[97, 17, 107, 60, 37]","[1, 1, 1, 1, 2]",1,3129.359034915
