,customer,weight,round,length
0,"[27, 26, 38, 23, 30]","[1, 2, 1, 1, 1]",0,1975.794616024
1,[39],[3],0,274.953995092
2,[10],[1],0,818.214848094
3,[],[],0,0.0
4,[],[],0,0.0
