,task,distance
0,[0],6926.8128315942
1,[1],1326.35288348
2,[2],338.882769496
3,[3],0.0
4,[4],0.0
