,customer,weight,round,length
0,[],[],0,0.0
1,[],[],0,0.0
2,"[75, 67, 93, 89, 72, 87, 144]","[1, 4, 1, 1, 1, 3, 3]",0,2000002810.14167
3,"[91, 140, 99, 114, 4, 11, 46, 106, 101]","[1, 2, 2, 1, 2, 1, 1, 1, 1]",0,2000003999.2776365
4,[],[],0,0.0
