,task,distance
0,[0],2000001844.729996
1,[1],0.0
2,[2],0.0
3,[3],109.4890471006
4,[4],2000000758.356947
