,customer,weight,round,length
0,[],[],0,0.0
1,[],[],0,0.0
2,[],[],0,0.0
3,"[4, 110, 101, 100, 99, 98, 31, 67, 77, 50, 35]","[1, 1, 1, 1, 1, 4, 1, 1, 1, 1, 2]",0,4699.870411704
4,"[12, 47, 55, 103]","[1, 1, 2, 2]",0,2004.2473663077
