,task,distance
0,"[0, 3]",7409.830853621999
1,"[1, 5]",6675.798488099999
2,"[2, 4]",7566.9166494756
