,customer,weight,round,length
0,"[58, 50, 48, 67, 38, 60]","[1, 1, 1, 1, 8, 1]",0,1582.3834524665
1,"[19, 18, 10, 43]","[3, 1, 1, 2]",0,1206.7858760509998
2,"[58, 17, 56, 74, 36, 80, 2, 53, 52, 41]","[1, 1, 2, 1, 1, 2, 1, 1, 2, 3]",0,5263.0999059615
3,"[77, 75, 25, 65, 46, 20, 21, 3, 4]","[1, 1, 3, 1, 4, 1, 1, 1, 1]",0,3707.300860474
