,task,distance
0,[0],571.647879492
1,[1],1827.761743804
