,task,distance
0,"[0, 2]",7781.764463573501
1,"[1, 3]",3466.565839022
