,customer,weight,round,length
0,"[11, 10, 116, 98, 99, 62, 23, 27, 96, 108]","[3, 1, 1, 2, 1, 2, 1, 1, 2, 1]",0,3206.974531321
1,"[3, 118]","[4, 3]",0,1040.8503838860001
2,"[25, 26, 73, 8, 28, 87, 123, 121, 14]","[1, 2, 1, 1, 1, 1, 1, 1, 1]",0,2900.125004492
