,customer,weight,round,length
0,"[61, 60, 113, 115]","[1, 2, 11, 1]",0,1433.268943043
1,"[65, 94, 39]","[6, 7, 2]",0,1232.1233909521
2,"[19, 114, 66, 35, 24, 44, 106, 97, 128, 37, 38]","[1, 3, 1, 1, 1, 1, 1, 1, 1, 2, 2]",0,3271.3124602434
3,"[2, 40, 34]","[1, 3, 2]",1,4925.678523936
4,[],[],1,0.0
5,[],[],1,0.0
