,task,distance
0,"[0, 5]",1433.268943043
1,"[1, 3]",6157.801914888099
2,"[2, 4]",3271.3124602434
