,customer,weight,round,length
0,[],[],0,0.0
1,"[13, 55, 42]","[1, 1, 4]",0,784.5935662562001
2,[],[],0,0.0
3,"[41, 64, 38, 39, 44, 19, 28]","[4, 1, 2, 1, 3, 3, 1]",0,3385.074849036
