,customer,weight,round,length
0,"[26, 17, 27]","[1, 1, 2]",0,436.49900464039996
1,"[8, 47, 5, 60, 4, 6]","[1, 1, 1, 3, 1, 1]",0,1381.3376267508
2,[],[],0,0.0
3,[],[],0,0.0
