,task,distance
0,[0],0.0
1,[1],4635.608768165
2,[2],0.0
3,[3],2252.3234045328
