,customer,weight,round,length
0,"[4, 40, 32, 18, 22, 27]","[3, 1, 1, 1, 1, 1]",0,2656.386935907
1,[],[],0,0.0
2,[],[],0,0.0
3,[],[],0,0.0
4,[15],[10],0,205.274440068
