,task,distance
0,[0],5992.642574457
1,[1],2832.0578541713
