,task,distance
0,[0],43.5469269196
1,[1],0.0
2,[2],2014.299877541
