,customer,weight,round,length
0,"[102, 8, 16, 68, 38, 53, 54, 14]","[1, 1, 1, 2, 7, 1, 1, 1]",0,9998.720236403002
1,[43],[1],0,1934.06706492
