,customer,weight,round,length
0,"[202, 203, 201, 17, 192, 164]","[6, 1, 5, 1, 1, 1]",0,1314.1230623858
1,"[144, 160, 168, 169, 193, 125, 42, 50, 63, 191, 143]","[1, 1, 1, 1, 1, 1, 1, 2, 2, 3, 1]",1,3482.37815859
2,"[23, 167, 188, 189, 141, 51, 104, 43, 105, 126, 106, 200]","[1, 1, 1, 1, 1, 1, 1, 1, 1, 1, 1, 4]",2,3805.171115875
3,"[139, 33, 185, 186, 187, 20, 38, 90, 116, 107, 200]","[1, 1, 1, 1, 1, 1, 1, 4, 1, 1, 2]",3,5379.987868926999
4,"[25, 98, 163, 195, 204, 11]","[1, 1, 1, 1, 3, 1]",4,6767.815796948001
