,customer,weight,round,length
0,"[1, 148, 187, 189, 190, 117, 160, 51, 141, 179, 61]","[2, 1, 1, 1, 1, 1, 1, 1, 2, 2, 2]",0,6376.797220509001
1,"[57, 99, 62, 60, 59, 180, 183, 182, 58]","[1, 1, 5, 2, 1, 1, 1, 2, 1]",0,1393.3425816385
2,[58],[3],0,159.7335495112
