,customer,weight,round,length
0,"[52, 165, 81, 34, 97, 31, 196, 123, 10, 85, 190, 189, 117]","[2, 1, 1, 1, 1, 1, 1, 1, 1, 1, 1, 1, 1]",0,12955.923825704198
1,[],[],0,0.0
2,"[179, 174, 131, 23, 48, 59, 180]","[2, 1, 1, 1, 1, 1, 1]",0,7791.746767920999
