,task,distance
0,[0],1986.3429603926
1,[1],255.663577442
2,[2],0.0
