,task,distance
0,[0],182.3455743378
1,[1],4309.537685441
2,[2],4979.9151028060005
3,[3],0.0
4,[4],5915.380435138
