,task,distance
0,[0],5280.172160167
1,[1],1854.415894547
2,[2],0.0
3,[3],3403.8928770050006
4,[4],0.0
