,customer,weight,round,length
0,[0],[2],0,629.910131958
1,[],[],0,0.0
2,"[33, 20, 19, 17]","[2, 1, 2, 1]",0,1863.2865143190002
3,[],[],0,0.0
