,task,distance
0,[0],629.910131958
1,[1],0.0
2,[2],1863.286514319
3,[3],0.0
