,task,distance
0,[0],1931.661542571
1,[1],2749.9857097494
2,[2],453.348848604
3,[3],453.348848604
