,task,distance
0,[0],1882.690043529
1,[1],0.0
2,[2],1714.4480916155997
