,task,distance
0,[0],2624.5758078490003
1,[1],1865.6600900584
2,[2],0.0
