,customer,weight,round,length
0,"[157, 133]","[1, 14]",0,15613.38560221
1,"[67, 123, 177, 183, 131, 90, 58, 133, 6]","[1, 1, 1, 2, 1, 1, 1, 6, 1]",0,21209.675468374
2,[],[],1,0.0
3,"[167, 29]","[1, 1]",1,1356.9072119879997
