,task,distance
0,"[0, 3]",26299.625195938002
1,"[1, 2]",16601.151669793002
