,task,distance
0,"[0, 2]",2163.1006961771
1,"[1, 3]",3596.7244838644
