,customer,weight,round,length
0,"[80, 18, 90, 89, 99, 70, 7]","[1, 1, 1, 5, 5, 1, 1]",0,4063.32377505
1,"[22, 35, 25, 42, 94, 6]","[1, 1, 3, 1, 2, 1]",0,1407.4772981760002
2,"[30, 98, 100, 67, 68, 87, 23]","[1, 1, 5, 3, 3, 1, 1]",0,3004.1565505406998
3,"[17, 16, 63, 92, 53, 52, 75, 55, 15, 33, 11, 78, 4]","[1, 1, 1, 1, 1, 1, 1, 2, 2, 1, 1, 1, 1]",0,4128.594131290999
4,"[32, 44, 85, 60]","[1, 1, 9, 4]",0,1712.191468055
