,customer,weight,round,length
0,"[29, 50]","[1, 1]",0,457.000922642
1,[],[],0,0.0
2,"[18, 17, 16, 15, 41, 46, 13, 23, 32, 24, 8, 52]","[1, 1, 1, 1, 3, 1, 1, 1, 1, 1, 2, 1]",0,2513.8983931338
3,[],[],0,0.0
