,task,distance
0,[0],0.0
1,[1],2587.9673276545
2,[2],0.0
3,[3],4753.740681194001
