,customer,weight,round,length
0,"[149, 230, 104, 220, 88, 148]","[1, 1, 4, 1, 1, 7]",0,5079.0387295225
1,"[105, 106, 228, 82, 172, 80, 78, 77, 76, 107]","[3, 2, 1, 3, 1, 1, 1, 1, 1, 1]",0,3844.775768844
2,[],[],1,0.0
3,"[184, 119, 7, 12, 9, 144]","[2, 1, 3, 1, 1, 4]",1,11773.403167921999
