,task,distance
0,[0],4822.644986051
1,[1],2571.4439838440003
