,task,distance
0,[0],3822.287548367
1,[1],3565.2434297684003
