,task,distance
0,[0],2744.3205198983
1,[1],17891.945591008003
