,customer,weight,round,length
0,"[127, 118, 97, 59, 31, 48, 148, 38, 37, 131, 95, 94, 33, 34]","[1, 1, 1, 1, 1, 1, 1, 1, 2, 1, 1, 1, 1, 1]",0,2594.5258810363
1,"[96, 116, 135, 136, 119, 126, 49, 57, 23, 22, 61, 80]","[2, 1, 1, 2, 1, 1, 1, 1, 1, 1, 2, 1]",1,3191.079577076999
2,"[83, 154, 56, 25, 125, 73, 136, 155, 19, 17]","[1, 2, 2, 1, 1, 1, 4, 1, 1, 1]",2,3749.2050154940007
3,"[71, 9, 10, 70, 99, 26, 92, 147, 27, 82, 11, 124, 15, 129]","[1, 1, 1, 1, 1, 1, 1, 1, 1, 1, 1, 2, 1, 1]",3,5538.513079959001
4,[92],[1],4,3832.75784486
