,task,distance
0,[0],5615.134739056999
1,[1],0.0
2,[2],2941.8292680398
