,customer,weight,round,length
0,"[66, 64, 8, 35, 65, 70, 50, 67, 20, 19, 80, 55, 68]","[1, 1, 1, 2, 1, 1, 2, 1, 1, 1, 1, 1, 1]",0,3885.4361467754993
1,"[0, 11, 79, 34]","[1, 1, 1, 2]",1,6850.547615699
