,customer,weight,round,length
0,"[83, 32, 33, 34, 11, 50, 70, 65, 8, 72, 87, 75]","[1, 1, 1, 2, 1, 2, 1, 1, 1, 1, 1, 2]",0,7798.411463868999
1,"[3, 76, 25, 0, 94]","[2, 2, 1, 1, 1]",1,5217.604414966001
