,task,distance
0,"[0, 3]",2000009090.9745245
1,"[1, 2]",4000000990.016178
