,customer,weight,round,length
0,"[76, 35, 38, 62, 37, 41, 31, 70, 77, 67, 63]","[3, 1, 1, 1, 1, 3, 1, 1, 1, 1, 1]",0,2824.534351982
1,"[60, 44, 65, 66, 69, 36, 30, 40, 10]","[2, 1, 1, 1, 4, 1, 1, 1, 3]",1,2580.4569454781
2,"[4, 74, 23, 11, 12, 45, 47, 29, 19]","[2, 2, 1, 1, 1, 3, 3, 1, 1]",2,2852.6392986237997
3,"[73, 14, 7, 6, 8, 28, 27, 9, 51, 53, 52, 50, 3, 2]","[1, 1, 1, 1, 1, 1, 1, 1, 1, 1, 1, 1, 1, 2]",3,3196.3609601468006
4,[26],[1],4,1901.899921134
