,customer,weight,round,length
0,"[34, 31, 73, 113, 114, 115, 87, 71]","[1, 1, 2, 1, 1, 1, 1, 2]",0,1694.0430713580001
1,"[62, 61, 60, 175, 150, 149, 54, 4, 2, 65, 70]","[3, 1, 1, 2, 1, 1, 1, 1, 1, 1, 2]",0,12033.267692158002
