,customer,weight,round,length
0,"[0, 269, 99, 82, 80, 83, 146, 59, 61, 150, 25, 257]","[2, 1, 2, 1, 1, 1, 1, 1, 2, 1, 1, 1]",0,7117.7109976619995
1,"[113, 203, 153, 292, 291, 246, 16, 248, 12, 284, 280]","[2, 2, 1, 1, 1, 1, 1, 2, 2, 1, 1]",0,6565.2656519554985
2,"[201, 221, 164, 86, 263, 176, 175, 187, 22, 307, 234, 182, 73, 35, 127]","[1, 1, 1, 1, 1, 1, 1, 1, 1, 1, 1, 1, 1, 1, 1]",0,12064.791419521003
3,"[297, 140, 220, 56, 19, 118, 173]","[1, 1, 1, 1, 1, 1, 2]",1,2000002716.2605045
4,[],[],1,0.0
5,[],[],1,0.0
