,customer,weight,round,length
0,"[137, 126, 122, 46, 49, 13, 10, 62, 251]","[1, 3, 3, 1, 2, 1, 1, 1, 2]",0,6487.621684684001
1,"[235, 234, 141, 174, 142, 200, 163, 166, 279, 214, 231, 229, 226]","[1, 1, 1, 1, 1, 1, 1, 1, 3, 1, 1, 1, 1]",0,8262.582783889999
2,"[208, 71, 275, 146, 145, 198, 57, 196, 169, 152]","[1, 2, 3, 1, 1, 1, 2, 1, 2, 1]",1,6944.877770191001
3,"[55, 253, 4, 77, 232, 38, 92, 237, 259, 27, 178]","[2, 1, 1, 2, 2, 1, 2, 1, 1, 1, 1]",1,6010.194551761
4,"[150, 160, 217, 168, 264, 190, 29, 266, 133, 216, 250]","[1, 2, 1, 1, 1, 1, 1, 2, 1, 2, 2]",2,5119.4712182465
5,"[85, 113, 129, 112, 202, 240, 171, 242, 203, 50, 211]","[1, 1, 2, 1, 1, 1, 1, 4, 1, 1, 1]",2,4195.827644033
6,[],[],3,0.0
7,[221],[1],3,2055.20897182
