,customer,weight,round,length
0,"[19, 76, 75, 121, 79, 110, 243, 63, 99, 281]","[1, 1, 1, 3, 1, 2, 2, 2, 1, 1]",0,4083.5898638653002
1,"[125, 138, 149, 181, 28, 258, 257, 61, 230, 227]","[1, 1, 3, 3, 1, 1, 2, 1, 1, 1]",0,3809.5728225790003
2,"[132, 157, 88, 209, 91, 254, 255, 84, 131]","[2, 2, 1, 2, 2, 1, 2, 1, 2]",1,4214.759658784001
3,"[144, 148, 147, 197, 274, 207, 170, 31, 33, 236, 260, 153]","[2, 1, 1, 1, 2, 1, 1, 1, 1, 2, 1, 1]",1,5196.559342463301
4,"[70, 69, 182, 238, 159, 271, 187, 188, 222, 263, 172]","[3, 1, 3, 1, 1, 1, 1, 1, 1, 1, 1]",2,7252.4855111279985
5,"[23, 22, 177, 241, 212, 213, 185, 18, 66, 81]","[1, 2, 1, 2, 1, 3, 1, 2, 1, 1]",2,5910.2961251629995
6,"[171, 219, 218, 176]","[5, 1, 1, 1]",3,5770.547465185
7,[],[],3,0.0
