,task,distance
0,"[0, 2, 4, 6]",18551.9706731215
1,"[1, 3, 5, 7]",20523.813951504
