,task,distance
0,"[0, 2, 4, 7]",14458.165447544001
1,"[1, 3, 5, 6]",18493.1547196707
