,task,distance
0,[0],7328.634250300998
1,[1],3929.821832297
2,[2],337.035746822
