,task,distance
0,[0],0.0
1,[1],3129.359034915
2,[2],0.0
3,[3],14403.483882191
4,[4],0.0
