,customer,weight,round,length
0,"[63, 66, 65, 64, 182, 181, 118, 83, 84, 41, 187]","[2, 1, 2, 2, 1, 1, 1, 1, 2, 1, 1]",0,2491.2725643528
1,"[177, 140, 106, 188, 185, 186, 227, 181]","[1, 1, 1, 2, 2, 1, 5, 2]",1,11059.800607472
2,"[73, 231, 20, 77, 106]","[2, 1, 2, 1, 1]",2,37582.437138085
