,task,distance
0,[0],754.805450331
1,[1],936.2250519764
2,[2],0.0
3,[3],0.0
