,customer,weight,round,length
0,"[98, 74, 73, 103, 27, 102, 12, 108, 87]","[4, 1, 2, 2, 1, 1, 1, 1, 2]",0,3123.6473304779006
1,"[8, 2, 55, 118, 82, 109, 72, 67, 29, 94]","[1, 1, 2, 1, 1, 1, 1, 1, 2, 1]",0,5422.262535972
