,task,distance
0,[0],4218.247109133001
1,[1],2768.2189184326003
