,customer,weight,round,length
0,"[9, 25, 1, 22, 0, 29, 28, 10, 17, 7, 6]","[1, 1, 1, 1, 1, 2, 4, 1, 1, 1, 1]",0,3290.5053782630002
1,"[63, 50, 60, 47, 62, 66, 68]","[1, 1, 1, 1, 3, 3, 1]",0,2880.6957852773003
2,"[33, 42, 55, 48, 56, 5, 24]","[3, 1, 1, 1, 6, 1, 1]",0,5240.054143072999
3,"[13, 12]","[3, 8]",0,791.305820351
