,customer,weight,round,length
0,"[59, 37]","[14, 1]",0,2000000338.16461
1,"[42, 31]","[13, 2]",1,2000002263.1339667
2,"[48, 57, 13, 50, 17]","[4, 1, 1, 1, 1]",2,2000003206.27864
