,customer,weight,round,length
0,"[85, 38, 130, 159, 145, 71, 188, 64, 56, 21, 22, 94, 126]","[1, 2, 1, 1, 1, 1, 1, 1, 2, 1, 1, 1, 1]",0,8493.046667637
1,[],[],0,0.0
2,[],[],0,0.0
3,"[148, 149, 134, 120, 26, 51]","[1, 1, 1, 2, 3, 2]",0,4305.829941706001
