,customer,weight,round,length
0,"[26, 28, 35, 49, 36, 70, 92]","[1, 1, 1, 1, 1, 9, 1]",0,1896.5225087380002
1,"[22, 86, 72, 70]","[1, 2, 1, 11]",0,1874.2501484
2,"[8, 9, 10, 97, 98, 74, 40, 89, 100]","[1, 2, 4, 2, 1, 1, 1, 1, 2]",0,2606.7462368180004
3,[],[],0,0.0
4,[46],[1],0,277.675000308
