,task,distance
0,[0],1896.522508738
1,[1],1874.2501484
2,[2],2606.7462368180004
3,[3],0.0
4,[4],277.675000308
