,task,distance
0,[0],0.0
1,[1],3566.3341054881
2,[2],1243.9522893325
