,customer,weight,round,length
0,[173],[2],0,315.88781406
1,"[262, 261, 210, 283, 282, 269, 220, 288, 289, 291, 203]","[1, 1, 1, 1, 1, 1, 1, 1, 3, 1, 2]",0,2000005142.3785896
2,"[174, 204, 201, 206, 209, 222, 221, 163, 164, 226, 49, 117, 96, 118]","[1, 1, 1, 1, 2, 1, 1, 1, 1, 1, 1, 1, 1, 1]",0,2000005677.978173
