,customer,weight,round,length
0,"[118, 307, 228, 119, 120, 71, 28, 263, 84, 301, 81, 146, 59]","[1, 1, 1, 1, 1, 1, 1, 1, 2, 1, 1, 1, 1]",0,2000007372.9337955
1,[],[],0,0.0
2,"[41, 286, 243, 245, 248, 246, 278, 140, 143, 152, 127, 54, 43]","[2, 1, 1, 1, 2, 1, 1, 1, 1, 1, 1, 1, 1]",0,2000006237.2841344
