,task,distance
0,[0],2000007372.9337957
1,[1],0.0
2,[2],2000006237.2841344
