,task,distance
0,[0],2000007778.3614004
1,[1],8841.913603722
2,[2],2173.167516087
