,task,distance
0,[0],1027.245718592
1,[1],0.0
2,[2],16116.198263248
