,task,distance
0,[0],784.5935662562001
1,[1],3385.074849036
