,customer,weight,round,length
0,"[27, 17, 26, 5, 6, 4, 15, 60, 23, 8, 47]","[2, 1, 1, 1, 1, 1, 2, 3, 1, 1, 1]",0,2380.1710315202
1,[12],[1],1,1017.085416244
