,customer,weight,round,length
0,"[30, 152, 28, 50, 112, 10, 120, 54, 162, 24, 176]","[1, 1, 1, 2, 2, 1, 1, 1, 1, 3, 1]",0,7360.951927167
1,"[151, 146, 92, 34]","[2, 2, 7, 2]",0,3017.1290192980005
2,[35],[14],0,1555.194042374
3,[35],[15],0,1555.194042374
4,[35],[15],0,1555.194042374
