,task,distance
0,"[0, 5]",3890.7291637654
1,"[1, 3]",3995.654708209999
2,"[2, 4]",3465.8391315090003
