,task,distance
0,[0],3884.554961312
1,[1],0.0
2,[2],2776.2244968972004
3,[3],1754.504181682
4,[4],1298.0114517183
