,customer,weight,round,length
0,"[47, 18, 34, 98, 49, 105, 104, 66, 108, 52, 30]","[1, 2, 1, 1, 1, 1, 1, 2, 2, 1, 1]",0,6269.449001116
1,"[26, 96, 75]","[2, 10, 2]",0,5780.839715266
2,"[75, 96, 100]","[1, 11, 3]",0,5805.475445215
3,[58],[4],0,674.197129648
