,customer,weight,round,length
0,"[102, 45, 46, 47, 108, 106, 105, 18, 58]","[2, 1, 1, 1, 2, 1, 1, 2, 4]",0,6201.9793183037
1,[44],[1],0,80.6479205896
2,[],[],0,0.0
3,"[7, 15, 14, 3, 4, 57]","[1, 1, 2, 5, 1, 3]",0,1917.4311824249999
