,customer,weight,round,length
0,"[1, 7, 20, 136, 96, 46, 89, 21, 15, 129, 27, 97, 59]","[1, 1, 1, 1, 1, 2, 1, 1, 1, 1, 1, 1, 1]",0,9106.787415594
1,[61],[12],0,547.674564766
2,"[139, 102, 0]","[2, 4, 4]",0,2442.166319528
3,[],[],0,0.0
