,task,distance
0,[0],2247.593431343
1,[1],0.0
2,[2],5503.351091165
3,[3],6314.6439640280005
4,[4],4946.05527182
