,customer,weight,round,length
0,[35],[15],0,2884.33920918
1,"[35, 147, 48, 30, 31, 32, 33, 16]","[6, 1, 1, 1, 1, 2, 1, 2]",0,5743.196608037
2,[92],[15],1,3045.53435462
3,"[35, 92]","[1, 14]",1,3079.349023373
4,"[54, 56, 85, 37, 12, 132, 49, 36, 50, 63, 74]","[1, 2, 1, 1, 1, 1, 2, 2, 2, 1, 1]",2,5402.036520275
5,[],[],2,0.0
