,task,distance
0,"[0, 2, 4]",7324.948636186
1,"[1, 3, 5]",10736.886544895999
