,customer,weight,round,length
0,"[94, 71, 40, 112, 113, 61, 14, 1, 91, 98, 24, 101, 92]","[1, 1, 1, 1, 1, 1, 1, 1, 2, 1, 1, 1, 1]",0,5244.744844901
1,"[104, 45, 36, 17, 42, 82, 107, 86, 57]","[1, 1, 7, 1, 1, 1, 1, 1, 1]",0,3148.7334744575
2,"[27, 43, 46, 32, 81, 118]","[2, 2, 2, 1, 1, 2]",0,1882.738605262
