,task,distance
0,[0],977.803064274
1,[1],5496.124182527999
2,[2],3584.403269669
