,task,distance
0,[0],79.1572618066
1,[1],5993.4892157842
2,[2],0.0
3,[3],0.0
4,[4],5083.418475817501
