,customer,weight,round,length
0,"[115, 112, 135, 105, 31, 66, 77, 126, 78, 38, 39, 79, 97, 114]","[1, 1, 2, 1, 1, 1, 1, 1, 1, 1, 1, 1, 1, 1]",0,6547.398901971
1,"[83, 116, 86, 85, 84, 93, 111, 94, 96, 92, 51, 133, 104]","[1, 1, 1, 1, 1, 1, 1, 1, 1, 2, 1, 1, 2]",0,3334.0583256861
2,"[117, 36, 64, 26, 58, 45, 71, 61, 91, 8]","[1, 2, 2, 1, 1, 1, 2, 2, 2, 1]",1,5766.120589247999
3,"[120, 21, 41, 118, 111, 14, 5]","[2, 1, 1, 1, 1, 2, 7]",1,2950.949993899
4,"[69, 90, 35, 102, 89, 103, 107, 108, 54]","[1, 1, 1, 2, 1, 1, 1, 2, 3]",2,4444.376095929
5,"[59, 101, 72, 100, 130, 131, 132, 63]","[2, 1, 5, 1, 1, 1, 1, 1]",2,3704.320206404
