,customer,weight,round,length
0,"[9, 25, 1, 22, 0, 28, 29, 10, 17, 7, 6]","[1, 1, 1, 1, 1, 4, 2, 1, 1, 1, 1]",0,3290.5053782630002
1,"[63, 47, 60, 50, 12, 13]","[1, 1, 1, 1, 8, 3]",0,2266.5976493548
2,"[68, 62, 66, 33, 42, 56, 5, 24]","[1, 3, 3, 3, 1, 2, 1, 1]",0,6119.114807526
3,"[48, 55, 56]","[1, 1, 4]",1,3530.091409181
4,[],[],1,0.0
5,[],[],1,0.0
