,customer,weight,round,length
0,"[44, 45, 17, 32]","[1, 2, 11, 1]",0,6544.483303762
1,"[53, 8, 42, 64, 75, 1, 71, 73, 74]","[1, 1, 1, 1, 7, 1, 1, 1, 1]",0,8907.178618505899
2,"[28, 60, 15, 21, 20, 37, 59]","[1, 2, 2, 1, 1, 1, 2]",1,3245.3023060240002
3,[],[],1,0.0
