,task,distance
0,"[0, 2]",9789.785609786
1,"[1, 3]",8907.178618505899
