,customer,weight,round,length
0,"[33, 36, 35, 27, 30, 14, 15, 38, 6, 13]","[1, 3, 1, 2, 1, 1, 1, 1, 3, 1]",0,2155.057772483
1,"[32, 2, 4, 3, 10, 42, 5, 29, 12, 39]","[1, 1, 2, 2, 1, 1, 1, 2, 1, 3]",0,1966.980229372
2,"[41, 0, 11, 20, 21, 17, 37, 24, 38]","[1, 1, 1, 1, 1, 1, 2, 1, 1]",1,3358.3984048790003
3,[],[],1,0.0
