,customer,weight,round,length
0,[],[],0,0.0
1,[77],[1],0,179.072169908
2,"[55, 94, 102, 103, 76]","[1, 1, 1, 2, 1]",0,1969.5074432360002
3,[57],[10],0,377.330911094
