,task,distance
0,[0],4685.405095867
1,[1],312.790985114
2,[2],0.0
3,[3],0.0
