,customer,weight,round,length
0,"[49, 10, 18, 12, 37, 29]","[1, 3, 1, 1, 1, 1]",0,2877.18390782
1,[],[],0,0.0
2,[],[],0,0.0
3,[],[],0,0.0
4,"[9, 56]","[12, 1]",0,2100.4635528628
