,customer,weight,round,length
0,[],[],0,0.0
1,"[167, 97, 160, 7, 39, 151, 154, 150, 94, 115, 79, 141, 33]","[1, 1, 1, 1, 1, 1, 1, 1, 1, 1, 1, 2, 1]",0,8045.2291895615
2,"[53, 83, 52, 129, 87, 85, 102, 172, 125, 126, 27, 164, 165]","[1, 1, 1, 1, 1, 1, 2, 1, 1, 2, 1, 1, 1]",0,3304.588338866
3,[169],[2],0,232.216680352
