,customer,weight,round,length
0,"[82, 67, 66, 91, 27, 40, 152]","[1, 1, 1, 1, 1, 1, 1]",0,2691.4398942343
1,"[153, 56, 23, 34, 95, 17, 59, 31, 49, 129, 98, 76, 121]","[1, 2, 1, 1, 1, 1, 1, 1, 1, 1, 1, 1, 1]",0,4701.0560451605
