,customer,weight,round,length
0,"[49, 134, 33, 128]","[5, 1, 1, 4]",0,1339.4381807779998
1,[21],[12],0,204.671487188
2,"[24, 95, 67, 80, 139, 82, 138]","[1, 1, 2, 1, 2, 1, 1]",0,3236.774514804
3,[21],[15],0,204.671487188
4,[],[],0,0.0
