,task,distance
0,[0],368.685318556
1,[1],4785.562951077
2,[2],204.671487188
3,[3],4636.2239340940005
4,[4],204.671487188
