,task,distance
0,[0],1339.4381807779998
1,[1],204.671487188
2,[2],3236.774514804
3,[3],204.671487188
4,[4],0.0
