,task,distance
0,[0],0.0
1,[1],11891.167768796
2,[2],244.143535798
