,customer,weight,round,length
0,"[19, 17, 66, 26, 6, 35, 54, 12, 38, 21]","[2, 1, 1, 1, 1, 2, 1, 3, 1, 2]",0,4221.275261741999
1,"[45, 68, 0]","[1, 1, 2]",1,5061.169943719
