,customer,weight,round,length
0,"[7, 50, 26, 66, 35, 6, 3, 44, 45, 68, 30, 22]","[3, 1, 1, 1, 2, 1, 1, 1, 1, 1, 1, 1]",0,5532.179927273
1,[53],[1],1,1461.736281952
