,customer,weight,round,length
0,[],[],0,0.0
1,"[33, 21, 13]","[3, 3, 1]",0,963.187624708
2,[],[],0,0.0
3,[],[],0,0.0
4,"[51, 14, 2, 1]","[2, 4, 3, 2]",0,1104.7942614173999
