,task,distance
0,[0],5712.044453709
1,[1],506.578750202
2,[2],0.0
3,[3],0.0
4,[4],0.0
