,task,distance
0,[0],0.0
1,[1],0.0
2,[2],1833.3832217655
3,[3],0.0
4,[4],542.385378378
