,customer,weight,round,length
0,"[69, 68, 43, 78, 16, 88, 75, 87, 49]","[1, 3, 1, 1, 5, 1, 1, 1, 1]",0,7068.008638471
1,"[0, 72, 70]","[4, 1, 1]",0,830.1694640227001
2,[],[],0,0.0
3,[86],[1],0,96.5064673118
