,task,distance
0,[0],6140.401261987001
1,[1],302.963928936
2,[2],0.0
3,[3],0.0
