,task,distance
0,[0],5742.228764485001
1,[1],0.0
2,[2],3406.844078394
3,[3],0.0
