,customer,weight,round,length
0,"[85, 160, 159, 142, 109, 29]","[1, 1, 3, 3, 3, 2]",0,3672.9064193530003
1,"[80, 27, 41, 122, 144, 131, 129, 16, 43, 59]","[1, 2, 1, 1, 1, 2, 1, 1, 3, 1]",0,7308.01038518
