,customer,weight,round,length
0,"[4, 98, 99, 22, 33, 133, 130, 31, 16, 42, 0, 139]","[2, 1, 1, 2, 1, 1, 2, 1, 1, 1, 1, 1]",0,10245.966212229001
1,"[160, 142, 110, 85, 104]","[3, 3, 4, 1, 2]",0,4170.0912906660005
