,task,distance
0,[0],5874.325854954
1,[1],1301.844104416
