,task,distance
0,[0],733.0033700800001
1,[1],6312.330627208999
