,customer,weight,round,length
0,"[28, 35, 49, 34, 25, 52, 26, 7, 47, 27, 23]","[1, 1, 1, 1, 1, 5, 1, 1, 1, 1, 1]",0,1288.901233607
1,"[8, 45, 31, 41, 36, 24, 62, 29, 37, 21]","[1, 2, 2, 1, 1, 3, 1, 2, 1, 1]",0,1988.8096439729998
2,"[50, 15, 16, 58, 48, 33, 46, 56, 30, 0, 39]","[1, 1, 2, 2, 2, 1, 2, 1, 1, 1, 1]",0,1016.971584806
3,"[12, 18, 20, 38, 17, 42, 51, 9, 22, 53, 54]","[1, 2, 1, 1, 2, 1, 1, 1, 1, 3, 1]",0,1189.873920446
4,"[2, 44, 59, 13, 4, 55, 10]","[3, 7, 1, 1, 1, 1, 1]",1,2104.454031669
5,"[11, 6, 3, 5, 57, 1, 61]","[2, 1, 1, 3, 3, 4, 1]",1,1981.847807036
6,[52],[6],1,569.181756536
7,"[19, 32, 60, 14, 40, 43]","[3, 6, 1, 2, 1, 2]",1,1254.158535529
