,customer,weight,round,length
0,"[11, 19, 32, 10, 9, 20]","[2, 2, 1, 1, 1, 2]",0,2809.5995389821
1,[],[],0,0.0
2,[20],[15],0,56.8270419942
