,customer,weight,round,length
0,"[25, 1, 5, 57, 31, 62]","[1, 1, 1, 1, 1, 1]",0,1822.998863647
1,"[61, 4, 54, 21, 42]","[2, 1, 2, 8, 2]",0,2298.513641911
2,"[13, 65, 41, 58, 28, 27]","[4, 6, 1, 1, 1, 1]",0,3350.8542270095
