,task,distance
0,[0],0.0
1,[1],3000002203.001534
2,[2],0.0
3,[3],2301.863687695
4,[4],0.0
