,customer,weight,round,length
0,[],[],0,0.0
1,[],[],0,0.0
2,"[152, 101, 99, 69, 138, 92, 64, 40, 90, 114, 113, 84]","[1, 1, 1, 1, 2, 3, 1, 1, 1, 1, 1, 1]",0,3312.310876878
3,"[122, 14, 78, 75, 52, 121]","[1, 1, 1, 2, 3, 1]",0,1591.1380283036
4,"[154, 57, 49, 125, 126, 119, 155, 97, 59, 19, 131, 94, 9, 82]","[2, 1, 1, 1, 1, 1, 1, 1, 1, 1, 1, 1, 1, 1]",0,4856.597813905
