,task,distance
0,[0],0.0
1,[1],0.0
2,[2],3312.310876878
3,[3],1591.1380283036
4,[4],4856.597813905
