,task,distance
0,[0],0.0
1,[1],3083.8025113295
2,[2],5007.131877311001
3,[3],4242.809928529
4,[4],0.0
