,task,distance
0,"[0, 7, 11]",9531.744383998
1,"[1, 4, 10]",6382.528616179
2,"[2, 5, 8]",5244.400173108101
3,"[3, 6, 9]",7176.13704824
