,customer,weight,round,length
0,[],[],0,0.0
1,"[54, 137, 116, 98, 97, 9]","[4, 2, 1, 1, 1, 1]",0,1563.8587068976
2,[],[],0,0.0
3,"[10, 16, 87, 127, 68, 77, 126, 125, 124, 23, 27]","[1, 1, 1, 1, 1, 1, 1, 1, 1, 2, 1]",0,5982.065177054
4,[],[],0,0.0
