,task,distance
0,[0],0.0
1,[1],0.0
2,[2],3787.818824455
3,[3],340.269316494
4,[4],873.7481752622
