,customer,weight,round,length
0,"[8, 105, 121, 87, 91, 80, 103, 104, 51, 56, 50]","[1, 1, 1, 3, 1, 2, 1, 1, 1, 2, 1]",0,2074.5281065273
1,"[61, 59, 108, 97, 74, 24, 1]","[3, 1, 1, 4, 1, 2, 3]",0,2979.088884346
2,"[53, 19]","[7, 8]",0,2247.3888355569998
3,"[130, 48, 100, 99, 98, 13, 114, 14, 57, 58, 41, 25]","[2, 2, 1, 1, 2, 1, 1, 1, 1, 1, 1, 1]",0,2939.3703155799003
4,"[79, 78, 77, 46, 54, 89, 64, 129, 128, 35, 90]","[1, 1, 1, 1, 1, 1, 1, 1, 3, 1, 2]",1,3068.1512965689994
5,[],[],1,0.0
6,"[126, 69, 127, 53]","[2, 1, 2, 2]",1,1981.687214565
7,"[116, 117, 118, 75, 76, 9, 70, 72, 124, 125]","[2, 2, 2, 1, 1, 1, 1, 1, 2, 2]",1,3246.341352665
