,customer,weight,round,length
0,"[31, 56, 0]","[12, 1, 2]",0,2000001435.9183543
1,"[70, 60, 52, 54, 53, 72, 68, 71]","[2, 1, 1, 4, 2, 1, 2, 1]",1,2000002934.2325704
