,customer,weight,round,length
0,"[23, 16, 78, 4, 76, 72, 15, 69, 21, 40, 22, 8]","[1, 1, 1, 1, 2, 1, 1, 2, 1, 2, 1, 1]",0,2789.9659630666006
1,"[68, 4, 70, 79]","[2, 2, 2, 2]",1,2732.467076101
