,customer,weight,round,length
0,"[75, 76, 59, 68, 41, 67, 87, 55, 4, 58, 47]","[3, 1, 1, 1, 1, 1, 2, 1, 1, 2, 1]",0,1980.2677861276002
1,"[26, 25, 65, 5]","[2, 1, 1, 1]",1,2371.9995186009996
