,customer,weight,round,length
0,"[94, 2, 1, 13, 45, 15, 63, 48, 62, 49, 61, 17, 44]","[1, 1, 1, 1, 2, 1, 1, 1, 1, 1, 1, 2, 1]",0,2024.1966690801
1,[69],[1],1,736.716878076
