,customer,weight,round,length
0,[],[],0,0.0
1,"[0, 17, 8, 4, 9, 21, 22, 5, 19, 27, 25]","[1, 1, 2, 2, 1, 1, 1, 1, 3, 1, 1]",0,842.9090411070001
2,"[2, 15, 7, 3, 23, 26, 12, 10, 28, 1, 14]","[1, 1, 1, 1, 1, 3, 1, 1, 1, 1, 2]",0,1026.317512494
3,"[30, 31, 18, 13, 11, 6, 29, 24, 20, 16]","[1, 3, 1, 1, 1, 2, 1, 2, 1, 1]",0,958.2969217929999
