,task,distance
0,[0],2480.649729952
1,[1],0.0
2,[2],3449.628589888
3,[3],3035.2956165033
