,customer,weight,round,length
0,"[11, 6, 5, 13, 28]","[7, 3, 1, 1, 3]",0,1533.7085684309
1,"[13, 2, 15]","[5, 1, 1]",1,3087.8507535530002
