,task,distance
0,[0],4329.654221523
1,[1],672.887062986
