,task,distance
0,[0],143.196378053
1,[1],4883.766802711
