,task,distance
0,"[0, 5]",7754.868556588999
1,"[1, 3]",3545.9357841250007
2,"[2, 4]",6465.394712315001
