,task,distance
0,[0],0.0
1,[1],1641.922288205
2,[2],1367.1753520717
