,task,distance
0,[0],2501.35697096
1,[1],2501.35697096
2,[2],0.0
