,customer,weight,round,length
0,"[125, 100, 112, 110, 231, 174, 239, 257, 234, 129, 34, 144, 177, 88]","[1, 1, 1, 1, 1, 1, 1, 1, 1, 1, 1, 2, 1, 1]",0,8038.729895049
1,"[84, 75, 76]","[1, 1, 1]",1,4917.569609028001
