,task,distance
0,[0],10712.43736776
1,[1],0.0
2,[2],10712.43736776
