,customer,weight,round,length
0,[],[],0,0.0
1,[],[],0,0.0
2,"[50, 21, 9, 8, 10]","[2, 1, 3, 1, 1]",0,956.5731102442
3,[],[],0,0.0
4,"[38, 13, 11]","[1, 2, 1]",0,961.2131176487999
