,task,distance
0,[0],24374.696570025
1,[1],18669.229391808003
2,[2],0.0
