,customer,weight,round,length
0,"[85, 139, 46, 113, 112, 95, 96, 97]","[3, 2, 1, 1, 1, 2, 1, 1]",0,1454.7632821954
1,"[115, 116, 117, 128, 89, 105, 111, 134, 98, 142]","[1, 1, 1, 1, 2, 2, 1, 2, 3, 1]",0,2773.1780662549995
2,[141],[8],0,107.6218218902
