,task,distance
0,[0],3219.581786876
1,[1],0.0
2,[2],3198.1647567479995
