,task,distance
0,"[0, 2]",10990.651994397798
1,"[1, 3]",5623.36385579
