,task,distance
0,"[0, 2]",6185.4917424778
1,"[1, 3]",5931.120002015
