,task,distance
0,"[0, 2]",2475.9028445933995
1,"[1, 3]",4963.101630031801
