,customer,weight,round,length
0,"[39, 114, 94, 10, 98]","[2, 3, 7, 1, 2]",0,3769.6818137367
1,"[99, 108, 117, 73, 8, 123, 93, 67, 77, 37]","[1, 1, 1, 1, 1, 1, 2, 1, 1, 2]",0,4564.791073469
