,task,distance
0,[0],4306.887839793
1,[1],3365.4137985650004
