,task,distance
0,[0],10241.841009151
1,[1],10595.667736564
