,customer,weight,round,length
0,"[6, 49, 2, 1, 24, 35, 33, 42]","[1, 1, 1, 1, 5, 4, 1, 1]",0,4833.260623439999
1,[],[],0,0.0
2,"[50, 29]","[6, 3]",0,863.262559656
