,customer,weight,round,length
0,"[2, 3]","[6, 9]",0,421.319028598
1,"[4, 5]","[3, 12]",0,163.99918057370002
2,"[4, 6, 2]","[7, 3, 5]",0,196.0075030127
3,"[1, 0, 6]","[1, 7, 1]",1,2115.0813327670003
4,[],[],1,0.0
5,[],[],1,0.0
