,task,distance
0,"[0, 4]",421.319028598
1,"[1, 3]",2279.0805133407002
2,"[2, 4]",196.0075030127
