,task,distance
0,[0],985.454214234
1,[1],1850.0034013765
