,task,distance
0,"[0, 3]",3424.49307596
1,"[1, 2]",3891.765209235
