,customer,weight,round,length
0,"[73, 14, 72]","[4, 1, 4]",0,1278.6188816109998
1,[79],[9],0,831.369220088
2,"[16, 62, 84, 19, 81, 17]","[1, 3, 2, 1, 4, 1]",0,1767.790516154
3,"[77, 78, 27, 53, 0, 58, 1, 18]","[2, 1, 2, 1, 1, 1, 1, 4]",0,4812.586045313999
