,customer,weight,round,length
0,[93],[15],0,182.3455743378
1,"[79, 103, 6, 106, 146, 96, 109, 123, 45, 60, 59, 14]","[2, 1, 1, 1, 1, 1, 2, 2, 1, 1, 1, 1]",1,5874.089051718
2,"[25, 65, 114]","[2, 1, 1]",2,4045.105916124
