,customer,weight,round,length
0,"[67, 148, 92, 91, 116, 6, 107, 41, 160, 43, 42, 85, 71]","[1, 2, 1, 1, 1, 1, 1, 1, 1, 1, 1, 2, 1]",0,7172.9297740107
1,"[94, 86, 10]","[2, 1, 1]",1,5502.813902405
