,customer,weight,round,length
0,"[50, 157, 69, 153, 26, 156, 54, 119, 51, 125, 126, 142, 133, 48]","[1, 1, 1, 2, 1, 1, 1, 1, 1, 1, 1, 1, 1, 1]",0,5208.965092147201
1,"[135, 95]","[1, 1]",1,3500.4045687589996
