,customer,weight,round,length
0,"[9, 8, 75, 105, 108, 110, 4, 12, 102, 27, 74, 73, 103]","[1, 1, 1, 1, 1, 1, 1, 1, 1, 1, 1, 2, 2]",0,3609.7506209606
1,"[75, 47]","[1, 1]",1,2348.780437343
