,task,distance
0,"[0, 7]",2753.426195766
1,"[1, 4]",4995.114022039999
2,"[2, 4]",3493.622073651
3,"[3, 4]",3556.770555676
