,task,distance
0,"[0, 4, 6, 11]",21966.230103344
1,"[1, 3, 7, 9]",17649.1557824175
2,"[2, 5, 8, 10]",22524.4775806274
