,customer,weight,round,length
0,[],[],0,0.0
1,"[174, 180, 234, 189, 176, 38, 35, 125, 43]","[1, 2, 1, 1, 1, 2, 1, 4, 1]",0,2000005639.8539941
2,[],[],0,0.0
3,"[163, 221, 28, 91, 151, 171, 209, 206, 146, 301, 96]","[1, 1, 1, 2, 1, 1, 2, 1, 1, 1, 1]",0,2000003997.5557592
4,"[261, 210, 98, 99, 201, 12, 283, 298, 243, 246, 14, 291, 220]","[1, 1, 1, 2, 1, 2, 1, 1, 1, 1, 1, 1, 1]",0,2000005759.4392822
