,task,distance
0,[0],0.0
1,[1],2000005639.853994
2,[2],0.0
3,[3],2000003997.5557592
4,[4],2000005759.4392824
