,task,distance
0,[0],3811.8710820153
1,[1],0.0
2,[2],5454.320363286
3,[3],2514.0803747423
4,[4],2803.024629644
