,task,distance
0,[0],0.0
1,[1],10585.416679912
2,[2],2000005884.16304
3,[3],7067.116824647001
4,[4],0.0
