,task,distance
0,[0],6430.9205877363
1,[1],1375.304126607
2,[2],5911.4229223102
3,[3],0.0
4,[4],1188.118832456
