,customer,weight,round,length
0,"[24, 40, 22, 42, 34, 44, 29, 1, 2, 15]","[1, 1, 1, 1, 1, 1, 3, 1, 1, 1]",0,1954.1225157709998
1,[],[],0,0.0
2,[],[],0,0.0
3,"[5, 52, 47, 46, 16, 26]","[1, 2, 1, 1, 1, 1]",0,1152.1400269994
