,task,distance
0,[0],11160.6286319501
1,[1],0.0
2,[2],615.645077258
3,[3],1014.512994044
