,customer,weight,round,length
0,"[101, 100, 83, 84, 156, 209, 186, 210]","[1, 1, 1, 2, 2, 1, 1, 2]",0,2496.9222658523995
1,[],[],0,0.0
2,"[73, 50, 187, 61, 89, 95, 1, 96, 93, 92]","[1, 1, 1, 1, 1, 1, 1, 1, 1, 1]",0,3635.555779220401
3,"[72, 108, 3, 19, 117, 116, 10, 149, 9, 126, 178]","[1, 1, 2, 1, 1, 1, 1, 2, 1, 1, 1]",0,4781.697390271001
