,task,distance
0,[0],1964.411669043
1,[1],5376.321478477001
2,[2],0.0
3,[3],9593.979288961
