,task,distance
0,[0],4353.785114808999
1,[1],0.0
2,[2],1807.441721125
3,[3],7185.298789947
