,customer,weight,round,length
0,"[28, 29, 3, 53, 12, 25, 31, 35, 32, 36, 18, 30, 27]","[1, 1, 2, 1, 1, 1, 2, 1, 1, 1, 1, 1, 1]",0,4351.17534154
1,"[23, 33, 6, 14, 0, 41, 17, 7, 26, 45, 2, 24]","[1, 4, 1, 1, 1, 1, 1, 1, 1, 1, 1, 1]",0,28651.43314319
2,"[15, 46, 20, 19, 47, 11, 34, 56, 10]","[1, 2, 1, 2, 1, 1, 1, 5, 1]",0,5657.22227486
3,"[44, 4, 1, 48, 9, 50, 22, 49, 51, 52, 37, 54, 13]","[2, 1, 1, 2, 1, 1, 1, 1, 1, 1, 1, 1, 1]",0,28343.59370324
4,[],[],1,0.0
5,"[5, 43, 40, 38, 21, 39, 42, 16, 55, 8]","[1, 1, 2, 1, 2, 1, 1, 1, 1, 1]",1,5882.13050528
6,[],[],1,0.0
7,[],[],1,0.0
