,task,distance
0,"[0, 5]",10233.30584682
1,"[1, 4]",28651.43314319
2,"[2, 4]",5657.22227486
3,"[3, 4]",28343.59370324
