,customer,weight,round,length
0,"[119, 20, 19, 117, 122, 65, 118]","[1, 1, 1, 2, 1, 4, 1]",0,1752.457482659
1,"[79, 84, 17, 85, 46, 68, 127, 75]","[1, 1, 1, 1, 1, 1, 1, 1]",0,1584.4921699192
2,"[105, 104, 134, 63, 62, 71, 27, 92]","[3, 1, 2, 1, 1, 1, 1, 1]",0,2536.569208752
