,customer,weight,round,length
0,"[90, 87, 78, 102, 77, 126, 125, 124, 23, 28, 0, 136]","[1, 1, 1, 1, 1, 1, 1, 1, 2, 1, 1, 3]",0,7076.2464735326
1,"[50, 109, 88, 81, 40, 49, 48]","[1, 6, 1, 1, 1, 1, 4]",0,3592.4002898162003
2,"[96, 36, 47, 95, 106]","[2, 1, 2, 4, 1]",0,2126.7396687958
