,task,distance
0,[0],0.0
1,[1],6334.208299146
2,[2],3627.943267307001
