,task,distance
0,"[0, 5]",6312.168456209101
1,"[1, 8]",2344.154628154
2,"[2, 9]",1736.889311614
3,"[3, 7]",4151.2668615322
4,"[4, 6]",8938.362795449
