,task,distance
0,[0],3000000830.636101
1,[1],3284.201795409
