,task,distance
0,"[0, 2]",2000000561.080084
1,"[1, 3]",4000003874.3833876
