,task,distance
0,[0],2000001871.405436
1,[1],2000003552.3118863
