,customer,weight,round,length
0,"[70, 88, 102, 103, 31, 128, 105, 23, 62, 91, 16]","[1, 3, 1, 3, 1, 1, 1, 1, 1, 1, 1]",0,3000002998.5588455
1,"[14, 0, 92, 81, 82, 125, 124, 83]","[1, 2, 1, 3, 4, 1, 1, 2]",0,2000001726.1910236
2,[],[],0,0.0
3,[],[],0,0.0
