,customer,weight,round,length
0,[],[],0,0.0
1,"[91, 62, 105, 33, 78, 68, 65, 64, 49]","[1, 1, 1, 1, 1, 1, 2, 2, 2]",0,2000002274.1687584
2,[],[],0,0.0
3,"[60, 117, 66, 18, 84, 72, 83, 126, 76, 92]","[1, 2, 1, 1, 1, 2, 2, 1, 2, 1]",0,3000001995.637785
