,customer,weight,round,length
0,"[109, 92, 41, 60, 135, 133, 157, 7, 94, 25, 77, 9]","[2, 1, 1, 1, 1, 1, 1, 1, 2, 2, 1, 1]",0,9201.94637329
1,[87],[1],0,787.913834196
