,task,distance
0,[0],2542.533928217
1,[1],0.0
2,[2],0.0
3,[3],9383.49506959
