,task,distance
0,"[0, 6, 9]",8277.6688335808
1,"[1, 7, 10]",15612.755468478997
2,"[2, 5, 11]",7320.108020727999
3,"[3, 4, 8]",8807.6058213475
