,customer,weight,round,length
0,"[79, 80, 92, 102, 62, 78, 75, 74, 55, 111, 19, 58, 24, 25]","[2, 1, 1, 1, 1, 1, 1, 1, 1, 1, 1, 1, 1, 1]",0,2000017151.9067016
1,"[7, 51]","[1, 1]",1,2000009533.354297
