,customer,weight,round,length
0,"[39, 38]","[8, 7]",0,341.5567860036
1,"[68, 22]","[2, 1]",1,1823.0229925550002
