,CID,TTDDemd
0,274,0.0712485015392
1,282,0.783733010292
2,283,0.570554971695
3,23758,11.1581001282
4,38411,0.184963002801
5,38412,0.369926989079
6,38413,0.832336008549
7,38414,0.277444988489
8,45921,0.277444988489
9,59518,0.0924817025661
