,customer,weight,round,length
0,"[69, 48, 23, 83, 90, 79, 57, 91, 46, 38]","[5, 1, 1, 1, 1, 1, 1, 1, 1, 2]",0,4225.985851471
1,"[93, 27]","[5, 1]",1,1789.8938912439999
