,customer,weight,round,length
0,[31],[1],0,240.861507186
1,"[11, 56, 52, 58, 73, 26, 25, 18, 79, 22]","[1, 1, 1, 1, 2, 3, 1, 3, 1, 1]",0,5073.417316271
2,"[46, 23, 45, 65, 66, 24, 67, 68, 69, 32, 49, 47]","[1, 1, 1, 1, 1, 1, 1, 1, 1, 1, 1, 1]",0,2352.5253623141
