,task,distance
0,[0],2396.5614204211
1,[1],0.0
2,[2],5268.8278983380005
