,customer,weight,round,length
0,[],[],0,0.0
1,"[47, 70, 69, 48]","[1, 1, 1, 2]",0,459.4181254789
2,"[60, 67, 66, 93, 90, 12, 94, 98, 6, 18, 13, 148]","[2, 1, 1, 1, 1, 1, 1, 1, 1, 1, 2, 1]",0,3001.2282722904997
