,customer,weight,round,length
0,"[8, 124, 154, 123, 103, 9]","[1, 2, 2, 1, 4, 2]",0,839.4503741295
1,[],[],0,0.0
2,"[143, 147, 125, 58, 14, 126, 11, 121, 10]","[1, 1, 2, 2, 3, 2, 1, 2, 1]",0,1924.6786829447997
