,task,distance
0,[0],839.4503741295
1,[1],0.0
2,[2],1924.6786829448
