,customer,weight,round,length
0,"[150, 12]","[1, 2]",0,1251.226459068
1,"[186, 161, 3, 2, 195, 4, 6, 178, 170, 63]","[2, 1, 1, 2, 2, 1, 2, 2, 1, 1]",0,6553.666583993001
