,task,distance
0,[0],14507.742792069
1,[1],2191.539683985
