,task,distance
0,[0],2998.8928027
1,[1],10544.903118569
