,task,distance
0,[0],7081.253556034
1,[1],2062.903305143
2,[2],2846.1574344178
