,task,distance
0,"[0, 4]",2744.488985392
1,"[1, 5]",5946.030206244501
2,"[2, 3]",3343.160557759
