,customer,weight,round,length
0,[],[],0,0.0
1,"[113, 92, 136]","[4, 4, 2]",0,2012.465366987
2,"[132, 131, 159, 110, 160, 161, 174]","[2, 2, 2, 1, 2, 4, 2]",0,1899.7048966950001
3,"[133, 175, 111, 107, 197, 109, 108]","[2, 1, 1, 2, 1, 1, 2]",0,1212.0337072937
4,[],[],0,0.0
