,customer,weight,round,length
0,[],[],0,0.0
1,"[72, 74, 1, 77]","[2, 1, 4, 1]",0,1086.971100264
2,"[155, 157, 101, 56, 162, 93, 69, 44, 123, 79, 75, 180]","[2, 1, 1, 2, 1, 1, 1, 1, 2, 1, 1, 1]",0,7665.9991968643
3,[],[],0,0.0
4,[],[],0,0.0
