,customer,weight,round,length
0,[],[],0,0.0
1,[],[],0,0.0
2,"[190, 138, 144, 171, 126, 187, 94, 163, 125, 124, 39, 71, 103]","[1, 2, 1, 1, 1, 1, 1, 1, 1, 1, 1, 1, 1]",0,5749.868374696001
3,[158],[5],0,101.549289855
4,"[33, 122, 100]","[8, 1, 3]",0,1570.4401129710002
