,task,distance
0,[0],0.0
1,[1],1086.971100264
2,[2],7665.9991968643
3,[3],0.0
4,[4],0.0
