,task,distance
0,[0],0.0
1,[1],0.0
2,[2],995.482607438
3,[3],0.0
4,[4],2743.9705922379994
