,task,distance
0,[0],3895.4548968549993
1,[1],6025.547361436
2,[2],0.0
3,[3],0.0
4,[4],0.0
