,customer,weight,round,length
0,"[29, 37]","[1, 1]",0,1499.178660658
1,"[133, 112]","[14, 1]",0,15912.201339169002
2,"[77, 133, 95, 135, 88, 131, 8]","[1, 6, 1, 4, 1, 1, 1]",0,32491.068845358997
