,task,distance
0,[0],524.602186456
1,[1],0.0
2,[2],0.0
3,[3],5876.4596474592
