,customer,weight,round,length
0,"[12, 15, 46, 45, 43, 42, 26, 41, 38, 4, 49, 31]","[1, 1, 1, 2, 1, 1, 1, 1, 1, 1, 2, 2]",0,2000002023.6375837
1,[5],[9],0,2000000000.0
2,"[1, 3, 2, 13, 29, 28, 52]","[2, 2, 2, 2, 1, 2, 2]",0,2000001606.2026367
3,[],[],0,0.0
4,[5],[13],0,2000000000.0
