,customer,weight,round,length
0,"[28, 3, 25, 1, 2, 23, 13, 22, 21]","[2, 2, 1, 2, 2, 1, 2, 2, 1]",0,2024.9464122899994
1,"[27, 29]","[1, 1]",0,200.3424339962
2,[],[],0,0.0
3,[],[],0,0.0
4,"[24, 20, 9, 4, 17, 26, 10, 57, 12, 52]","[1, 3, 2, 1, 2, 1, 1, 1, 1, 2]",0,4418.782650846
