,task,distance
0,[0],2024.9464122899997
1,[1],200.3424339962
2,[2],0.0
3,[3],0.0
4,[4],4418.782650846
