,customer,weight,round,length
0,"[174, 89, 91, 90, 185, 92]","[3, 1, 1, 2, 2, 3]",0,1156.5418126192
1,"[13, 78, 105, 120, 68, 16, 187, 186]","[2, 1, 1, 1, 1, 2, 1, 1]",0,13812.462303569999
2,"[65, 19, 0, 1, 110, 125, 97, 98, 119, 67, 118, 117]","[3, 1, 1, 1, 1, 1, 2, 1, 1, 1, 1, 1]",0,14734.9125960615
3,"[171, 12, 131, 169, 10, 6, 37, 111, 86, 84, 129]","[1, 1, 2, 1, 1, 1, 1, 2, 1, 1, 1]",0,27050.488956550995
4,[],[],0,0.0
