,task,distance
0,[0],1856.05030404
1,[1],4592.5176593510005
2,[2],0.0
3,[3],0.0
4,[4],0.0
