,customer,weight,round,length
0,"[137, 136, 41, 135, 10, 140, 30, 7, 8, 5, 139, 111, 110, 142]","[1, 1, 1, 1, 1, 1, 1, 1, 1, 1, 1, 1, 2, 1]",0,2962.3419645113
1,[126],[1],1,3391.35145548
