,task,distance
0,"[0, 4, 6]",22811.5829145494
1,"[1, 5, 8]",11630.612960293302
2,"[2, 3, 7]",12356.6564632446
