,customer,weight,round,length
0,"[96, 55, 91, 93, 92, 32, 88, 40, 39, 38, 57]","[2, 1, 1, 1, 1, 2, 1, 1, 1, 1, 1]",0,2453.3776908465
1,"[25, 97, 69, 3, 5, 72, 71, 87, 66, 41, 48]","[1, 1, 2, 1, 2, 2, 1, 1, 1, 2, 1]",0,4217.700866460001
2,"[50, 60, 18, 34, 84, 59, 20, 53, 30, 61, 73, 99, 13]","[1, 1, 1, 1, 1, 2, 1, 1, 1, 1, 1, 1, 1]",0,5154.83242985
3,[],[],0,0.0
