,task,distance
0,"[0, 5]",1965.0554022917
1,"[1, 3]",6406.1466662506
2,"[2, 4]",2403.709456444
