,customer,weight,round,length
0,[59],[14],0,676.32921992
1,[],[],0,0.0
2,[],[],0,0.0
3,[42],[14],0,2000000000.0
4,"[17, 27, 39, 37, 10, 46, 30, 23, 31, 49]","[1, 1, 3, 1, 1, 1, 1, 1, 2, 1]",0,2000004551.5399983
