,customer,weight,round,length
0,"[173, 107, 106, 105, 104, 174, 171, 59, 160, 121, 136]","[1, 1, 1, 1, 2, 1, 2, 1, 2, 2, 1]",0,2381.3509294686996
1,"[135, 58, 36, 4, 5, 35, 6, 40, 165, 205, 204, 203]","[1, 2, 1, 1, 2, 1, 1, 1, 1, 1, 1, 2]",0,2393.3971634619998
2,"[176, 175, 147, 166, 7, 180, 139, 111, 110, 112, 143, 207, 159, 57]","[1, 1, 1, 1, 2, 1, 1, 1, 1, 1, 1, 1, 1, 1]",1,4486.8162752546
3,"[199, 197, 198, 15, 188, 151, 120, 181]","[1, 1, 1, 6, 1, 2, 1, 2]",1,3435.7533280610005
4,"[34, 182, 119, 196, 115, 109]","[1, 1, 1, 2, 1, 1]",2,3746.0300353180005
5,"[16, 189, 82, 153, 122, 154]","[1, 5, 2, 1, 1, 3]",2,3310.0000926673
