,customer,weight,round,length
0,"[73, 50, 187, 92, 178, 126, 9, 149, 10, 116, 117, 19, 108, 72]","[1, 1, 1, 1, 1, 1, 1, 2, 1, 1, 1, 1, 1, 1]",0,6261.834864197999
1,"[93, 96, 1, 95, 89, 100, 83, 156, 209, 210, 84, 101]","[1, 1, 1, 1, 1, 1, 1, 2, 1, 2, 2, 1]",0,4095.314853138
2,"[186, 68, 67, 42, 26, 164, 47, 64, 179, 80, 66, 141, 3]","[1, 1, 1, 1, 1, 1, 1, 1, 2, 1, 1, 1, 2]",1,6140.636170390099
3,"[194, 195, 61, 183, 185, 184, 71, 33, 113, 8, 69, 62, 212, 211]","[1, 1, 1, 1, 1, 1, 1, 2, 1, 1, 1, 1, 1, 1]",1,6126.2849745088
4,"[168, 55, 131, 132, 51]","[1, 1, 2, 1, 2]",2,8211.964605699999
5,[],[],2,0.0
