,task,distance
0,"[0, 2, 4]",14063.093050697
1,"[1, 3, 5]",11066.337455276498
