,task,distance
0,[0],14225.118534616002
1,[1],1380.25830268
