,task,distance
0,[0],0.0
1,[1],218.003922334
2,[2],642.7871505177001
