,customer,weight,round,length
0,"[5, 52, 18]","[6, 2, 6]",0,2000002731.7444508
1,[5],[15],0,1218.059893452
2,[18],[15],0,2000000000.0
3,"[21, 3, 12, 46, 44, 47, 41, 17, 49, 35, 24]","[1, 2, 1, 1, 1, 1, 1, 2, 2, 1, 1]",0,7988.9059424428
4,[],[],0,0.0
