,customer,weight,round,length
0,"[7, 2, 8]","[3, 6, 6]",0,950.9131178279999
1,[10],[15],0,521.295021006
2,"[5, 12, 6]","[5, 5, 5]",1,1744.999939017
3,"[8, 3, 9, 1]","[2, 5, 2, 6]",1,1779.714674099
4,[],[],2,0.0
5,"[9, 11, 4]","[3, 5, 5]",2,2165.362028699
