,task,distance
0,"[0, 3, 5]",4891.498779119
1,"[1, 2, 4]",2929.864845864
