,customer,weight,round,length
0,[],[],0,0.0
1,[],[],0,0.0
2,[2],[1],0,248.496340702
3,"[3, 25, 20, 19]","[2, 1, 1, 1]",0,1118.343641719
