,task,distance
0,[0],4324.099216816
1,[1],248.706859708
2,[2],0.0
