,task,distance
0,[0],0.0
1,[1],3384.834294633
2,[2],859.6674833518
3,[3],0.0
