,customer,weight,round,length
0,"[40, 115, 24, 7, 12]","[2, 1, 1, 1, 10]",0,1287.266791741
1,"[136, 20, 118, 68, 75, 80]","[1, 1, 1, 3, 2, 2]",1,4536.548564299001
