,task,distance
0,[0],4835.426913788
1,[1],17161.701916537997
2,[2],0.0
3,[3],0.0
4,[4],5183.771678036699
