,customer,weight,round,length
0,"[23, 27, 18]","[1, 13, 1]",0,5049.989002803
1,[],[],0,0.0
2,[27],[13],0,4512.10082042
