,customer,weight,round,length
0,[27],[12],0,320.457493508
1,[27],[15],0,320.457493508
2,"[26, 17]","[3, 1]",0,5698.162887140001
