,task,distance
0,[0],892.8628965190001
1,[1],1405.06533165
2,[2],0.0
