,customer,weight,round,length
0,"[11, 56]","[1, 1]",0,526.43891574
1,[],[],0,0.0
2,"[20, 35, 24, 67, 51, 16, 18, 29, 57, 59]","[1, 1, 6, 1, 1, 1, 1, 1, 1, 1]",0,4076.9726939394004
3,[],[],0,0.0
