,task,distance
0,[0],526.43891574
1,[1],0.0
2,[2],4076.9726939394
3,[3],0.0
