,customer,weight,round,length
0,"[31, 85, 63, 81]","[5, 7, 2, 1]",0,1557.5240049802
1,"[25, 26, 20, 29, 39, 38, 87, 46, 52, 95]","[4, 1, 2, 1, 1, 2, 1, 1, 1, 1]",0,4494.667020481001
2,"[82, 24, 61, 93, 65, 48]","[3, 2, 1, 1, 2, 1]",1,3415.6767286589998
3,[],[],1,0.0
