,customer,weight,round,length
0,"[96, 31, 81]","[7, 7, 1]",0,556.0518675000001
1,"[85, 72, 82, 64, 63]","[7, 2, 3, 1, 2]",0,1965.3557265979998
2,"[54, 78, 95, 62, 97]","[1, 3, 1, 1, 7]",1,2341.0041583
3,"[48, 65, 66, 83, 24, 73]","[1, 2, 1, 1, 2, 3]",1,2969.5977892289998
