,customer,weight,round,length
0,"[70, 6, 7, 8, 39, 42]","[2, 1, 1, 7, 1, 3]",0,4269.138152076
1,"[68, 60, 61, 72, 71, 14, 13, 75, 12, 43, 65, 66, 67]","[1, 1, 1, 2, 2, 1, 1, 1, 1, 1, 1, 1, 1]",0,1949.4210937480002
2,"[33, 18, 23, 35, 5, 16, 22, 15, 31, 47]","[2, 1, 1, 1, 3, 1, 1, 1, 3, 1]",0,2684.8827358854996
3,"[10, 11, 29, 59, 24, 25, 26, 34, 30]","[1, 1, 1, 5, 1, 1, 2, 2, 1]",0,2548.4970954625
4,"[0, 74, 3, 20, 58, 56]","[4, 1, 1, 3, 1, 4]",1,5513.033730988
5,[],[],1,0.0
6,"[55, 54, 41, 39]","[4, 1, 1, 1]",1,3885.755764877
7,[],[],1,0.0
