,customer,weight,round,length
0,"[0, 23, 122, 65]","[1, 2, 1, 4]",0,2518.0699079839997
1,"[81, 110, 95, 106, 49, 112, 126, 124, 123, 119]","[1, 1, 4, 1, 1, 1, 1, 1, 1, 1]",0,5576.759549156201
