,task,distance
0,[0],8389.054986687
1,[1],1540.2763182645
