,task,distance
0,[0],2326.7730796835
1,[1],0.0
2,[2],0.0
3,[3],0.0
4,[4],1888.543404188
