,customer,weight,round,length
0,"[294, 154, 159, 304, 138, 263, 273, 67, 129, 10, 227, 232, 61]","[1, 1, 1, 1, 1, 1, 1, 1, 2, 1, 1, 2, 1]",0,26760.953138072004
1,"[190, 281, 78, 196, 15, 142, 23, 238, 35, 53, 51]","[1, 1, 1, 1, 1, 1, 2, 2, 1, 2, 2]",1,22751.179129421602
2,"[198, 210, 220, 280, 87, 162, 113]","[5, 1, 1, 1, 1, 1, 5]",2,23439.546613875995
3,"[312, 285]","[1, 2]",3,21009.272500557003
