,task,distance
0,[0],631.4831389982
1,[1],0.0
2,[2],0.0
3,[3],174.862312682
