,customer,weight,round,length
0,[179],[1],0,257.484514994
1,[],[],0,0.0
2,"[149, 151, 103, 126, 154, 39, 142, 114, 25, 47, 115, 45]","[1, 1, 1, 2, 2, 1, 1, 1, 2, 1, 1, 1]",0,7636.910600239
3,[],[],0,0.0
4,"[182, 129, 19, 18, 110, 77, 3, 29, 76, 30]","[2, 1, 2, 1, 2, 2, 2, 1, 1, 1]",0,6778.350754748
