,task,distance
0,[0],6575.808632189201
1,[1],0.0
2,[2],3508.884468341
3,[3],0.0
4,[4],80.5271607638
