,task,distance
0,[0],257.484514994
1,[1],0.0
2,[2],7636.910600239
3,[3],0.0
4,[4],6778.350754748
