,customer,weight,round,length
0,"[140, 28, 180, 21, 6, 64, 33, 88, 58, 132, 62, 162, 68, 188, 161]","[1, 1, 1, 1, 1, 1, 1, 1, 1, 1, 1, 1, 1, 1, 1]",0,7685.013440806998
1,"[159, 157, 14, 56, 31, 32, 136, 137, 124, 22, 109]","[1, 2, 2, 2, 1, 1, 1, 1, 2, 1, 1]",1,7684.176133875
2,"[145, 71, 123, 151, 139, 142, 135, 24, 122, 29, 94, 174]","[1, 1, 1, 1, 2, 2, 1, 1, 2, 1, 1, 1]",2,8008.439388663
3,"[117, 13, 126, 125, 182, 134, 133, 53, 120, 114]","[1, 3, 1, 1, 1, 1, 2, 1, 2, 2]",3,4801.563717059
4,"[26, 186, 185, 102, 101, 81, 111, 149, 113, 19, 172]","[3, 2, 1, 1, 1, 1, 1, 1, 2, 1, 1]",4,3335.207874391
5,"[48, 49, 85, 39, 40, 153, 51, 146, 147, 15, 148, 95]","[1, 1, 1, 1, 1, 2, 2, 1, 2, 1, 1, 1]",5,5392.7337441402005
6,[153],[15],6,2331.72064238
7,"[38, 44, 130, 173, 18, 129, 153]","[2, 1, 1, 1, 1, 1, 3]",7,5186.41985697
