,customer,weight,round,length
0,"[65, 32, 62, 63, 138, 137, 103, 104, 85, 39, 81, 125]","[3, 1, 1, 1, 1, 1, 1, 1, 1, 1, 1, 2]",0,2876.1280142411
1,[],[],0,0.0
2,"[121, 67, 20, 21, 23, 46, 11, 12, 13]","[1, 1, 1, 1, 1, 3, 1, 2, 1]",0,2381.7686740077006
3,[9],[4],0,84.9834179752
4,[],[],0,0.0
