,task,distance
0,[0],4483.3674250329
1,[1],2621.6321054909
2,[2],828.5838958085999
3,[3],0.0
4,[4],0.0
