,task,distance
0,[0],0.0
1,[1],4885.863258469
2,[2],4416.541675357
3,[3],2867.100880893
4,[4],3196.1081795920004
