,customer,weight,round,length
0,"[89, 7, 62, 9, 32, 25, 34]","[1, 1, 1, 3, 1, 6, 2]",0,4255.6234464916
1,[],[],0,0.0
2,[23],[4],0,252.658315248
3,"[88, 91, 89]","[4, 3, 3]",0,449.4696138803
