,task,distance
0,[0],0.0
1,[1],1793.3126696902
2,[2],241.521529762
3,[3],3600.7327411280003
