,task,distance
0,[0],0.0
1,[1],0.0
2,[2],1372.8776102805998
3,[3],1057.182461582
