,task,distance
0,[0],0.0
1,[1],5446.298047028001
2,[2],1746.8320211511002
3,[3],0.0
