,customer,weight,round,length
0,"[58, 104, 62, 89]","[2, 1, 4, 2]",0,1420.2244789853999
1,"[60, 44, 49, 68, 24, 94, 100, 27]","[1, 4, 4, 1, 1, 1, 1, 2]",0,4543.789307205
