,customer,weight,round,length
0,"[60, 41, 3, 62, 63, 103, 104, 57, 58]","[1, 2, 1, 1, 1, 1, 1, 3, 2]",0,1555.3962757236002
1,"[59, 42, 106, 5]","[1, 1, 3, 1]",0,517.194080317
