,task,distance
0,[0],566.737537065
1,[1],3266.360189884
