,customer,weight,round,length
0,"[132, 46, 131, 6, 41, 1, 96, 97, 111]","[2, 1, 2, 1, 1, 1, 1, 1, 1]",0,3639.8633853730003
1,[],[],0,0.0
2,[],[],0,0.0
3,"[99, 128, 103, 100, 101, 105, 144, 104, 67, 145]","[1, 1, 2, 1, 1, 1, 2, 1, 2, 3]",0,1571.7714510895
4,[],[],0,0.0
