,customer,weight,round,length
0,"[114, 113, 31, 34, 115, 87, 71, 70]","[1, 1, 1, 1, 1, 1, 2, 2]",0,1841.799801081
1,"[62, 61]","[3, 1]",0,572.0142787350001
2,[],[],0,0.0
3,[],[],0,0.0
4,"[60, 173, 5, 137, 55, 68, 147, 119, 53]","[1, 4, 1, 1, 2, 3, 1, 1, 1]",0,15068.258679925997
