,task,distance
0,[0],0.0
1,[1],12670.071075002
2,[2],18255.124250235
3,[3],0.0
4,[4],0.0
