,task,distance
0,[0],3639.863385373
1,[1],0.0
2,[2],0.0
3,[3],1571.7714510895
4,[4],0.0
