,customer,weight,round,length
0,[],[],0,0.0
1,"[115, 116, 110, 72, 73, 26]","[7, 1, 1, 1, 2, 3]",0,2462.8652704547003
2,[],[],0,0.0
3,"[63, 71, 44, 24, 86, 55, 111, 98, 29, 91, 114]","[1, 1, 3, 2, 1, 2, 1, 1, 1, 1, 1]",0,5200.478011314801
