,customer,weight,round,length
0,"[52, 38, 13, 3, 55, 5, 62, 63, 54]","[2, 1, 2, 3, 1, 3, 1, 1, 1]",0,2679.651245663
1,"[25, 50, 21, 20, 22, 8, 9, 10, 11, 24]","[1, 2, 1, 1, 2, 1, 3, 1, 1, 2]",0,2450.9625372234
2,"[33, 0, 25]","[1, 5, 8]",0,1216.260696268
3,"[23, 34, 51]","[7, 1, 2]",0,978.148384308
4,"[53, 59, 60, 64, 47, 6, 7, 43, 45, 41, 17, 30, 44, 28]","[1, 1, 1, 1, 2, 1, 1, 1, 1, 1, 1, 1, 1, 1]",0,4154.9076044478
