,customer,weight,round,length
0,"[14, 8, 30, 34, 36, 23, 37, 31]","[7, 1, 1, 1, 1, 1, 1, 1]",0,2564.84620897
1,"[3, 26, 4, 18, 13, 32, 25, 11, 24, 27, 35, 19]","[1, 2, 1, 1, 2, 1, 1, 1, 1, 2, 1, 1]",0,1547.917825979
2,"[20, 22, 16]","[1, 1, 8]",0,2177.472553621
3,"[33, 1, 2, 10, 5, 29, 9, 28]","[1, 3, 3, 1, 1, 2, 2, 2]",0,695.177303869
4,"[21, 7, 17, 12, 6, 15, 0]","[1, 1, 1, 1, 3, 2, 5]",0,1109.012354016
