,task,distance
0,[0],6920.782639229999
1,[1],469.6149740582
