,task,distance
0,[0],3763.0411957024
1,[1],1074.25064241
