,customer,weight,round,length
0,"[33, 23, 44, 30, 6, 54, 3]","[1, 7, 1, 1, 1, 1, 3]",0,4117.999895523
1,"[21, 24, 11]","[1, 2, 1]",1,841.3590066938
