,task,distance
0,"[0, 2, 5]",19944.2108887221
1,"[1, 3, 4]",27762.408544816997
