,customer,weight,round,length
0,"[43, 23, 29, 31, 48, 33, 1, 42, 47, 30, 32, 41]","[1, 1, 1, 2, 1, 1, 1, 1, 2, 2, 1, 1]",0,637.9350701010001
1,"[24, 44, 46, 11, 75, 72, 6, 26, 29]","[1, 1, 2, 1, 1, 2, 1, 2, 4]",1,1211.849787957
2,"[74, 12, 19, 70, 0, 36, 5, 56, 38, 27, 45, 28]","[1, 1, 1, 1, 1, 2, 1, 1, 2, 2, 1, 1]",2,941.165926247
3,"[59, 68, 35, 4, 20, 34, 10, 51, 55]","[2, 1, 1, 1, 2, 1, 1, 4, 2]",3,1104.1979081210002
4,"[17, 57, 66, 3, 73, 7, 13, 21]","[1, 2, 2, 2, 2, 2, 1, 3]",4,665.0024785759999
5,"[21, 65, 15, 37, 49, 61, 52, 8, 40, 14, 2, 67]","[1, 1, 1, 1, 1, 1, 1, 3, 2, 1, 1, 1]",5,652.00013936
6,"[18, 50, 60, 22, 54, 39, 69, 64, 53, 62, 63, 16]","[2, 1, 1, 1, 1, 1, 1, 1, 1, 1, 1, 3]",6,1219.940783126
7,"[60, 71, 58, 9, 25]","[2, 1, 2, 1, 2]",7,971.9826482850001
