,customer,weight,round,length
0,"[38, 59, 60, 57, 79, 86, 26, 49, 22, 83, 13]","[2, 1, 1, 2, 1, 1, 1, 1, 1, 1, 1]",0,3089.3783344448
1,[],[],0,0.0
2,"[11, 10, 8, 9]","[1, 1, 2, 1]",0,999.0224534969999
