,task,distance
0,[0],3089.3783344448
1,[1],0.0
2,[2],999.022453497
