,customer,weight,round,length
0,"[110, 139, 101]","[2, 2, 4]",0,1126.090214352
1,"[118, 11, 137, 51, 97, 18, 9, 60, 36]","[2, 1, 2, 1, 1, 1, 5, 1, 1]",0,4632.272641831
2,"[3, 20, 44, 47, 64, 89, 22, 138, 15, 74, 58, 27, 96]","[1, 1, 1, 1, 2, 1, 2, 1, 1, 1, 1, 1, 1]",0,7909.675843145001
3,[61],[12],0,797.488736022
