,task,distance
0,"[0, 6, 8]",13071.360289471202
1,"[1, 5, 11]",18413.9898806073
2,"[2, 4, 9]",31275.255491884003
3,"[3, 7, 10]",12670.7396585089
