,task,distance
0,[0],1597.0458727833998
1,[1],0.0
2,[2],2020.7832079828
