,task,distance
0,[0],3294.020385972
1,[1],556.403081002
2,[2],0.0
