,customer,weight,round,length
0,"[91, 62, 4, 61, 21, 75, 95, 96, 30, 156, 157, 6]","[1, 1, 1, 2, 1, 2, 1, 2, 1, 1, 1, 1]",0,1709.3428410435001
1,"[97, 63, 32, 146, 71, 64, 65]","[2, 5, 1, 1, 2, 2, 2]",0,1323.0222947505
2,"[93, 90, 12, 148, 69, 70, 48, 47, 60, 67, 56, 51, 66]","[1, 1, 1, 1, 1, 1, 2, 1, 2, 1, 1, 1, 1]",0,1782.0545588919997
3,"[154, 123, 103, 10, 126, 121, 11, 94, 98]","[2, 1, 4, 1, 2, 2, 1, 1, 1]",0,1442.249522078
4,"[44, 83, 127, 13, 14, 58, 124]","[1, 2, 3, 2, 3, 2, 2]",1,3361.468547393
5,"[37, 38, 72, 39, 40, 46, 50, 49]","[1, 1, 1, 1, 3, 2, 1, 4]",1,2369.7698427229
6,"[100, 104, 82, 105, 18, 152, 106, 125, 147, 143, 8, 9]","[1, 1, 1, 1, 1, 1, 1, 2, 1, 1, 1, 2]",1,3057.3560787272
7,"[155, 137, 136, 129, 101, 133, 132, 128]","[2, 2, 1, 1, 1, 1, 1, 1]",1,2668.6367129749997
