,customer,weight,round,length
0,"[47, 48, 70, 69, 127, 56, 51, 66, 65, 64]","[1, 2, 1, 1, 3, 1, 1, 1, 2, 2]",0,2178.4110600746
1,"[10, 9, 8, 143, 147, 14, 13, 148, 60, 67]","[1, 2, 1, 1, 1, 3, 2, 1, 2, 1]",0,1842.5380560076
2,"[71, 49, 46, 40, 50, 83, 44]","[2, 4, 2, 3, 1, 2, 1]",0,2532.1670770580004
3,"[93, 90, 12, 94, 11, 126, 121, 123, 103, 98]","[1, 1, 1, 1, 1, 2, 2, 1, 4, 1]",0,1374.1317666107
4,"[63, 62, 4, 61, 37, 39, 72, 38, 146, 32]","[5, 1, 1, 2, 1, 1, 1, 1, 1, 1]",1,1555.0716715516003
5,"[6, 157, 137, 100, 132, 133, 101, 129, 136, 155, 156, 30]","[1, 1, 2, 1, 1, 1, 1, 1, 1, 2, 1, 1]",1,2569.344824753
6,"[154, 124, 58, 125, 106, 152, 18, 105, 82, 104, 128]","[2, 2, 2, 2, 1, 1, 1, 1, 1, 1, 1]",1,3472.9647428839994
7,"[97, 96, 95, 21, 75, 91]","[2, 2, 1, 1, 2, 1]",1,1094.0928533009999
