,customer,weight,round,length
0,[],[],0,0.0
1,"[23, 16, 18, 13]","[2, 3, 2, 3]",0,2074.3518963439997
2,[],[],0,0.0
3,[31],[15],0,1612.761065442
