,customer,weight,round,length
0,"[28, 8, 6, 36, 52, 51, 14]","[5, 1, 1, 1, 1, 1, 5]",0,8057.4984327229995
1,"[47, 18, 44, 32]","[1, 1, 1, 1]",1,9277.86909571
