,task,distance
0,[0],276.53584516850003
1,[1],3905.04886698
2,[2],7191.351228203
