,customer,weight,round,length
0,"[31, 72, 75, 13, 23]","[3, 2, 1, 1, 1]",0,1795.560713096
1,"[8, 56, 3, 11, 26]","[7, 4, 1, 1, 2]",0,6500.7356621359995
