,task,distance
0,[0],0.0
1,[1],57.4602396174
2,[2],2765.5207526819995
3,[3],0.0
