,customer,weight,round,length
0,"[59, 101, 94, 24, 85, 96, 49, 55]","[1, 1, 1, 1, 1, 1, 4, 5]",0,4369.870893505
1,"[38, 99, 86]","[6, 1, 1]",1,3423.4155571539995
