,customer,weight,round,length
0,"[72, 38, 70, 78, 100, 101, 80]","[1, 8, 1, 1, 1, 1, 2]",0,1116.5769060673
1,"[94, 81, 99]","[1, 1, 1]",1,1200.568358251
