,task,distance
0,[0],407.267957014
1,[1],0.0
2,[2],0.0
3,[3],228.748060352
4,[4],0.0
