,customer,weight,round,length
0,"[306, 102, 241, 124, 296, 260, 267, 263, 46, 143, 12]","[1, 1, 1, 1, 1, 1, 2, 1, 1, 1, 3]",0,4177.0557931645
1,"[93, 297, 289, 288, 190, 277, 314, 208, 235, 14, 15]","[2, 1, 2, 2, 1, 1, 2, 1, 1, 1, 1]",0,6313.329776719
2,"[22, 165, 164, 98, 97, 52, 113, 169, 238]","[1, 1, 1, 1, 1, 2, 5, 1, 2]",0,2243.7111266754
3,"[281, 79, 20, 210, 309, 219, 252, 220, 209, 282]","[1, 1, 2, 1, 1, 1, 2, 1, 3, 2]",0,6082.353820645
4,"[145, 108, 28, 107, 63, 308, 294, 159, 160, 211, 64, 70]","[2, 1, 1, 1, 1, 2, 1, 1, 1, 1, 2, 1]",0,25604.095762461904
