,task,distance
0,[0],1626.6308732494
1,[1],3523.8536775592
2,[2],26365.888870947994
3,[3],5945.2530145233
4,[4],5654.701622234801
