,task,distance
0,[0],5017.253546233999
1,[1],3824.322790949
2,[2],4047.371911677
3,[3],2821.5141178202
4,[4],0.0
