,task,distance
0,[0],0.0
1,[1],8802.079620002998
2,[2],2909.636993003
3,[3],0.0
4,[4],0.0
