,customer,weight,round,length
0,"[190, 138, 144, 171, 126, 187, 94, 163, 125, 124, 39, 71, 103]","[1, 2, 1, 1, 1, 1, 1, 1, 1, 1, 1, 1, 1]",0,5749.868374696001
1,[158],[5],0,101.549289855
2,"[100, 122, 33]","[3, 1, 8]",0,1570.4401129710002
