,task,distance
0,[0],1899.704896695
1,[1],1212.0337072937
2,[2],2012.465366987
