,customer,weight,round,length
0,[],[],0,0.0
1,"[22, 124, 74, 24, 25, 76, 23, 123, 126, 97, 98]","[1, 1, 1, 1, 2, 1, 1, 1, 1, 1, 2]",0,6434.530612842998
2,"[92, 86, 11, 36, 63]","[1, 1, 1, 1, 1]",0,11076.335089565999
