,customer,weight,round,length
0,"[35, 4, 39, 34, 3, 38, 37, 36, 54, 60, 59, 41, 55]","[2, 2, 1, 1, 1, 1, 1, 1, 1, 1, 1, 1, 1]",0,1223.643700341
1,"[1, 5, 52, 21, 19, 10, 56, 42, 40, 33, 32, 30, 22, 0]","[1, 1, 1, 1, 1, 2, 1, 1, 1, 1, 1, 1, 1, 1]",1,1031.272875302
2,"[2, 23, 14, 11, 20, 52]","[5, 3, 1, 2, 2, 2]",2,2374.666849022
