,customer,weight,round,length
0,"[98, 99, 123, 102, 105, 103, 124, 100, 136, 135, 37, 94, 35]","[2, 1, 1, 1, 1, 1, 1, 1, 1, 1, 2, 1, 1]",0,3282.0793790802
1,"[0, 121, 3, 92, 93, 66, 88, 38, 53, 125, 104, 69, 68, 106]","[1, 1, 1, 1, 1, 1, 1, 1, 2, 1, 1, 1, 1, 1]",1,4082.9133359579996
2,"[61, 31, 70, 54, 121, 67]","[1, 5, 3, 2, 2, 2]",2,6072.101821288999
3,[61],[2],3,2742.04023196
