,customer,weight,round,length
0,"[20, 4, 23, 30, 27]","[1, 1, 1, 2, 10]",0,6945.981039597999
1,[44],[1],1,390.465029014
