,customer,weight,round,length
0,[],[],0,0.0
1,[],[],0,0.0
2,"[91, 14, 13, 12, 11, 94]","[1, 1, 1, 1, 1, 1]",0,3104.9849922369995
3,"[75, 124, 5, 51, 105, 129, 8, 7, 115, 57]","[1, 1, 1, 2, 2, 2, 1, 1, 1, 2]",0,2000007352.606936
4,[],[],0,0.0
