,customer,weight,round,length
0,[],[],0,0.0
1,"[130, 14, 41, 13, 12, 11, 44, 79, 100, 94, 16]","[1, 1, 1, 1, 1, 1, 1, 1, 1, 1, 1]",0,4105.431344244999
2,"[40, 91, 92, 75, 1, 114, 66, 36]","[1, 1, 1, 1, 2, 1, 1, 1]",0,6884.108698006599
3,"[103, 117]","[2, 4]",0,821.325204396
4,[],[],0,0.0
