,customer,weight,round,length
0,"[60, 61, 57, 59, 65, 115, 7, 8, 63, 64]","[1, 1, 2, 1, 1, 1, 1, 1, 1, 1]",0,1934.3325262417004
1,"[42, 148, 142, 6, 145, 43]","[1, 1, 1, 1, 1, 1]",0,1025.226045479
2,[],[],0,0.0
3,[],[],0,0.0
4,[],[],0,0.0
