,customer,weight,round,length
0,[],[],0,0.0
1,"[79, 117, 1, 31, 59, 64, 43, 148, 143]","[1, 4, 2, 1, 1, 1, 1, 1, 2]",0,2000006831.0673437
2,"[71, 109, 87, 46, 22, 106, 122]","[1, 1, 1, 1, 1, 1, 2]",0,2000004455.5458732
3,[],[],0,0.0
4,[],[],0,0.0
