,customer,weight,round,length
0,"[22, 23, 24, 46, 47, 48, 124, 4, 71, 5, 51]","[1, 1, 1, 1, 1, 1, 1, 2, 1, 1, 2]",0,5952.141330109999
1,[],[],0,0.0
2,[],[],0,0.0
3,[],[],0,0.0
4,"[122, 123, 121, 54]","[2, 1, 2, 1]",0,1063.2340899417
