,task,distance
0,[0],854.563282904
1,[1],5198.947708719
2,[2],1558.2576214101
3,[3],1969.4381587257003
4,[4],0.0
