,task,distance
0,[0],2993.958874934
1,[1],0.0
2,[2],1584.829155043
3,[3],5306.909010425
4,[4],1510.9152237457
