,customer,weight,round,length
0,"[29, 114, 49, 115, 103, 123, 39, 69, 30]","[1, 2, 1, 1, 1, 1, 1, 1, 6]",0,5215.2910925569995
1,"[68, 45]","[1, 1]",1,3304.8390582439997
