,customer,weight,round,length
0,"[166, 168, 161, 54, 122, 118, 149, 120, 22, 119]","[1, 2, 1, 1, 1, 1, 2, 4, 1, 1]",0,3306.631621523
1,"[145, 146, 147, 143, 124, 84, 126, 125, 86, 129, 172, 116, 140]","[1, 1, 1, 2, 1, 2, 1, 1, 1, 1, 1, 1, 1]",0,2262.6094863415997
2,"[81, 63, 123, 60, 59, 19, 42, 101, 103, 52]","[1, 1, 1, 1, 1, 1, 1, 1, 1, 3]",1,4498.429815737
3,[],[],1,0.0
