,customer,weight,round,length
0,"[68, 12, 6, 29]","[1, 8, 1, 2]",0,6146.589027624001
1,[],[],0,0.0
2,[],[],0,0.0
3,[],[],0,0.0
4,[48],[1],0,277.507872618
