,task,distance
0,[0],1898.145102957
1,[1],3344.770460791
2,[2],9089.6498182362
