,customer,weight,round,length
0,"[62, 10, 13, 49, 279, 231, 46, 122, 126]","[1, 1, 1, 2, 2, 1, 1, 3, 3]",0,7867.818945989
1,"[19, 76, 110, 79, 75, 227, 181, 258, 257, 61, 230]","[1, 1, 2, 1, 1, 1, 3, 1, 2, 1, 1]",1,6897.441942888
2,"[209, 157, 132, 121, 147, 148, 197, 144, 153, 260]","[2, 1, 2, 3, 1, 1, 1, 2, 1, 1]",2,7565.2337724443
3,"[33, 31, 170, 196, 207, 152, 237, 236, 92, 88, 84, 255, 254]","[1, 1, 1, 1, 1, 1, 1, 1, 2, 1, 1, 2, 1]",3,6364.164137344999
4,"[22, 69, 70, 172, 263, 222, 188, 23, 66, 18, 81, 185]","[1, 1, 3, 1, 1, 1, 1, 1, 1, 2, 1, 1]",4,6391.017698504999
5,"[250, 217, 216, 168, 202, 240, 242, 203, 50, 211, 112]","[2, 1, 2, 1, 1, 1, 3, 1, 1, 1, 1]",5,6591.107598582499
6,"[219, 221]","[1, 1]",6,2055.208971823
