,customer,weight,round,length
0,"[125, 137, 138, 149, 281, 99, 243, 63, 279, 28, 166]","[1, 1, 1, 3, 1, 1, 2, 2, 1, 1, 1]",0,5320.697946801
1,"[229, 214, 146, 200, 163, 142, 174, 141, 234, 235, 251, 77, 226]","[1, 1, 1, 1, 1, 1, 1, 1, 1, 1, 2, 2, 1]",1,5492.7705550944
2,"[145, 198, 57, 274, 236, 91, 131, 157, 38, 232]","[1, 1, 2, 2, 1, 2, 2, 1, 1, 2]",2,6195.769763542999
3,"[55, 4, 253, 178, 27, 259, 169, 71, 208, 275]","[2, 1, 1, 1, 1, 1, 2, 2, 1, 3]",3,7192.646848504001
4,"[266, 133, 264, 190, 29, 160, 187, 22, 150, 85, 113, 129]","[2, 1, 1, 1, 1, 2, 1, 1, 1, 1, 1, 2]",4,6988.273720452
5,"[182, 238, 271, 159, 242, 241, 176, 177, 213, 212]","[3, 1, 1, 1, 1, 2, 1, 1, 3, 1]",5,7191.298584426
6,"[171, 218]","[6, 1]",6,5645.186928548999
