,customer,weight,round,length
0,[103],[2],0,206.986305048
1,"[121, 109, 54, 99, 52, 118, 37, 59, 101, 120]","[3, 2, 1, 1, 1, 1, 1, 1, 1, 3]",0,3376.662577431
2,[],[],0,0.0
3,"[113, 43, 15, 75, 5, 1, 0, 87, 39, 102]","[1, 1, 1, 1, 1, 2, 1, 1, 2, 4]",0,2851.4943885640005
4,[],[],0,0.0
