,task,distance
0,[0],5058.3876225813
1,[1],0.0
2,[2],0.0
3,[3],1464.4953212164
4,[4],0.0
