,task,distance
0,[0],0.0
1,[1],3597.852228746
2,[2],3336.848349727
3,[3],0.0
4,[4],0.0
