,task,distance
0,[0],206.986305048
1,[1],3376.662577431
2,[2],0.0
3,[3],2851.4943885640005
4,[4],0.0
