,task,distance
0,[0],2087.1718469385
1,[1],5233.074004465
