,customer,weight,round,length
0,"[114, 116, 103, 20, 120, 149, 159, 45, 23, 132, 182]","[1, 1, 1, 1, 1, 1, 1, 1, 1, 4, 2]",0,59564.43601563099
1,"[122, 202, 146, 148, 9, 190, 14, 188]","[1, 1, 1, 1, 1, 1, 1, 1]",1,10683.620948859998
