,task,distance
0,[0],2008.556362768
1,[1],2490.040244188
2,[2],0.0
3,[3],0.0
