,customer,weight,round,length
0,"[107, 173, 175, 3, 143]","[4, 4, 1, 3, 3]",0,4795.577926899499
1,"[175, 150, 149, 46, 131, 55, 54, 2, 43, 41, 4]","[1, 1, 1, 1, 2, 2, 1, 1, 1, 1, 1]",1,12152.084480491001
