,customer,weight,round,length
0,"[99, 105, 175, 85, 38, 161, 162, 70, 69, 74, 53, 147]","[1, 1, 2, 1, 1, 2, 1, 2, 1, 1, 1, 1]",0,13133.7048871308
1,"[4, 41, 43, 97]","[1, 1, 1, 1]",1,7376.025394094
