,customer,weight,round,length
0,"[161, 57]","[2, 13]",0,338.254675308
1,"[29, 126, 58, 74, 31, 86, 182, 162, 23, 94, 57]","[4, 1, 1, 1, 1, 1, 1, 1, 1, 1, 2]",1,11715.104339264999
2,"[65, 137]","[1, 1]",2,12703.88179075
