,customer,weight,round,length
0,"[61, 60, 62, 71, 87, 115, 34, 114, 51, 52, 70]","[1, 1, 3, 2, 1, 1, 1, 1, 1, 1, 2]",0,2242.079689246
1,"[119, 68, 6, 73]","[1, 3, 1, 3]",1,7520.730205325
