,task,distance
0,[0],0.0
1,[1],3166.837898737
2,[2],0.0
3,[3],1614.624834238
4,[4],2351.1247809582
