,task,distance
0,[0],0.0
1,[1],0.0
2,[2],2736.7674635810004
3,[3],2272.1329612318
4,[4],2353.5643144960004
