,customer,weight,round,length
0,"[25, 26, 13]","[2, 3, 3]",0,7730.4888937099995
1,"[57, 71, 32, 70, 44, 33]","[3, 1, 1, 1, 2, 2]",0,1372.8752793052
