,customer,weight,round,length
0,[],[],0,0.0
1,[19],[2],0,763.835522696
2,[17],[1],0,304.817562464
3,[0],[2],0,629.910131958
