,task,distance
0,"[0, 3, 5]",9707.648439729699
1,"[1, 2, 4]",14944.367524787998
