,customer,weight,round,length
0,"[10, 16, 17]","[5, 8, 2]",0,3051.563139592
1,"[8, 10]","[8, 7]",0,579.147660266
