,customer,weight,round,length
0,"[2, 10]","[6, 9]",0,641.745421153
1,"[10, 8]","[6, 2]",1,749.9266615500001
