,task,distance
0,[0],1364.49637093
1,[1],129.3777604514
2,[2],3268.206885207
3,[3],0.0
4,[4],5521.952383046
