,customer,weight,round,length
0,"[3, 2, 65, 0, 1, 139, 138, 181, 17, 144, 142, 176]","[2, 1, 3, 1, 1, 1, 1, 1, 1, 1, 1, 1]",0,2214.2927471400003
1,"[117, 118, 67, 119, 98, 97, 59, 175, 123, 125, 192]","[1, 1, 1, 1, 1, 2, 2, 2, 1, 1, 2]",0,2939.671472291
2,"[141, 145, 182, 58, 109, 110, 108, 124, 191]","[1, 2, 2, 3, 1, 1, 1, 1, 3]",1,2859.3292723166996
3,"[120, 105, 68, 19, 18, 113, 146, 114, 115, 183]","[1, 1, 1, 1, 3, 2, 2, 1, 2, 1]",1,4434.040059152
4,"[14, 52]","[2, 2]",2,3942.9173360279997
5,"[16, 186, 91, 90, 185, 78, 12, 131, 38, 171, 129]","[2, 1, 1, 2, 2, 1, 1, 2, 1, 1, 1]",2,21148.112814854398
