,customer,weight,round,length
0,"[188, 46, 27, 28, 60, 23, 55, 100, 153, 152, 150]","[2, 1, 2, 2, 1, 1, 2, 1, 1, 1, 1]",0,4862.921857501799
1,"[168, 169, 171, 12, 6, 164, 163, 111, 76, 133]","[2, 1, 1, 1, 1, 1, 2, 2, 3, 1]",0,12042.490596898997
2,"[86, 79, 148, 122, 154, 102, 19, 139, 2, 3, 65]","[1, 1, 1, 2, 1, 1, 1, 1, 1, 2, 3]",1,15321.2547599261
3,"[129, 120, 68, 117, 97, 123, 58, 142, 144, 17, 113]","[1, 1, 1, 1, 2, 1, 3, 1, 1, 1, 2]",1,15460.298170900995
4,"[187, 92, 91, 89, 78]","[1, 3, 1, 1, 1]",2,23550.0866077238
5,"[14, 141, 115, 114, 183, 109, 124]","[2, 1, 2, 1, 1, 1, 1]",2,17417.204829035098
