,task,distance
0,"[0, 3, 4]",43873.306636126596
1,"[1, 2, 5]",44780.95018586019
