,task,distance
0,[0],4976.310166273
1,[1],0.0
2,[2],989.26758813
3,[3],0.0
4,[4],416.397057014
