,task,distance
0,[0],428.08437389
1,[1],0.0
2,[2],2818.352322286
3,[3],0.0
4,[4],0.0
