,task,distance
0,[0],435.6814103465
1,[1],936.0096449069
2,[2],0.0
3,[3],0.0
