,customer,weight,round,length
0,"[80, 79]","[1, 1]",0,905.514335656
1,"[17, 72]","[1, 2]",0,828.923634954
