,customer,weight,round,length
0,"[147, 149, 181, 182, 53, 150, 29]","[8, 1, 1, 2, 1, 1, 1]",0,2723.3986456760003
1,"[96, 93, 104, 35, 154, 126, 103, 102, 156, 101, 109]","[1, 1, 3, 1, 1, 2, 1, 1, 2, 1, 1]",0,3790.2741554990007
2,"[77, 119, 152, 171, 134, 110, 127, 95, 151, 3]","[2, 1, 2, 2, 1, 2, 1, 1, 1, 2]",0,3636.6897096458
3,"[11, 76, 30, 122, 121, 120, 68, 128, 62, 148, 177, 178, 179]","[1, 1, 1, 1, 1, 1, 1, 1, 1, 1, 2, 2, 1]",0,5878.355299896
4,"[154, 0, 139, 41, 39, 125]","[1, 1, 1, 1, 1, 3]",1,4187.7952368334
5,[],[],1,0.0
6,[],[],1,0.0
7,[],[],1,0.0
