,customer,weight,round,length
0,"[25, 0, 142, 52, 93, 92, 28, 50, 75, 76, 56]","[1, 1, 1, 2, 2, 1, 1, 1, 2, 1, 1]",0,9038.887762985
1,[],[],0,0.0
2,"[26, 47, 45, 143, 144, 124, 1, 73, 13, 14, 17, 91]","[2, 1, 1, 1, 1, 2, 1, 1, 1, 1, 2, 1]",0,12020.580172187
3,"[128, 146, 34, 153, 148, 150, 140, 151, 152, 138, 149, 87, 72, 85]","[2, 1, 1, 1, 1, 1, 1, 1, 1, 1, 1, 1, 1, 1]",0,3375.3560646710002
