,task,distance
0,[0],2750.3910834535
1,[1],3090.9270049514
2,[2],4849.832793394
3,[3],536.2795323225
