,customer,weight,round,length
0,[],[],0,0.0
1,"[34, 33, 32, 16]","[1, 1, 1, 1]",0,789.9466336539
2,[],[],0,0.0
3,[],[],0,0.0
4,"[18, 17, 21, 35, 19, 36, 25, 29, 28, 20]","[3, 1, 1, 1, 2, 1, 2, 1, 1, 2]",0,1945.1265295834003
