,customer,weight,round,length
0,[],[],0,0.0
1,[4],[6],0,286.623855954
2,[],[],0,0.0
3,"[22, 12, 0, 10, 27, 30, 15, 14, 37, 13, 7]","[1, 1, 1, 2, 3, 1, 1, 2, 1, 1, 1]",0,3930.1894197838
4,[24],[2],0,148.206117878
