,task,distance
0,[0],2117.9277691075
1,[1],0.0
2,[2],0.0
3,[3],0.0
4,[4],3088.5991340160003
