,task,distance
0,[0],244.674852098
1,[1],0.0
2,[2],5723.0049174802
