,task,distance
0,[0],0.0
1,[1],272.468710798
2,[2],1789.645691696
