,customer,weight,round,length
0,"[27, 15, 16]","[1, 1, 1]",0,1046.589688632
1,[25],[1],0,97.4838871138
2,[],[],0,0.0
3,[24],[1],0,260.993680116
