,task,distance
0,[0],1046.589688632
1,[1],97.4838871138
2,[2],0.0
3,[3],260.993680116
