,customer,weight,round,length
0,"[34, 110, 30, 26, 106, 126, 41, 23, 22]","[3, 1, 1, 1, 1, 2, 1, 1, 1]",0,4930.766730783
1,[],[],0,0.0
2,[],[],0,0.0
3,"[172, 11, 9, 8, 64, 13, 164, 66]","[1, 1, 2, 1, 2, 3, 2, 2]",0,4577.281543880999
