,customer,weight,round,length
0,"[123, 102, 31, 69, 103, 125, 53, 37, 100]","[1, 1, 5, 1, 1, 1, 2, 2, 1]",0,3352.796494719
1,"[94, 65, 92, 90, 110, 50, 55, 88, 35]","[1, 2, 1, 1, 2, 2, 3, 1, 1]",0,4351.551070189001
2,"[67, 122, 121, 98]","[2, 2, 3, 2]",0,2367.1790204500003
3,"[116, 64, 139, 137, 63, 62, 120, 44, 129, 56]","[1, 2, 2, 2, 2, 1, 1, 2, 1, 1]",0,7147.830871113
