,task,distance
0,[0],9300.905198441
1,[1],12097.610344401
2,[2],9744.779408005998
