,task,distance
0,[0],2466.292081951
1,[1],3553.7452225621
2,[2],1692.344881432
3,[3],2262.882868895
