,customer,weight,round,length
0,"[4, 61, 89, 130, 92, 69, 67, 7, 55, 46, 38, 101]","[1, 1, 2, 1, 1, 1, 1, 1, 1, 1, 1, 1]",0,16966.3084010886
1,[4],[6],0,1693.827998994
2,[],[],0,0.0
3,[],[],0,0.0
