,customer,weight,round,length
0,"[71, 4, 45, 86, 81, 102, 101, 85, 90, 76, 100, 77, 78, 10, 109]","[1, 1, 1, 1, 1, 1, 1, 1, 1, 1, 1, 1, 1, 1, 1]",0,3597.032812771799
1,"[79, 46, 45, 1, 7, 2, 0, 11, 117, 119, 80]","[2, 1, 1, 2, 1, 1, 1, 1, 1, 1, 3]",1,4565.7827267679995
2,"[93, 91, 3, 94, 95, 89, 61, 120]","[1, 2, 1, 1, 1, 2, 1, 1]",2,8505.761318446699
