,customer,weight,round,length
0,"[37, 51, 16, 15, 69, 18, 13, 31, 22]","[3, 1, 1, 3, 1, 1, 1, 3, 1]",0,2429.6383612662003
1,"[52, 97, 42, 106, 17, 103, 104, 44, 36, 122]","[1, 1, 1, 2, 2, 2, 1, 1, 1, 3]",1,4183.9845820011
2,"[108, 40, 24, 25, 64, 99, 59, 19, 27, 105, 30]","[1, 1, 1, 1, 1, 2, 1, 1, 1, 4, 1]",2,6804.9150160293
3,"[98, 60, 62, 63]","[2, 1, 1, 1]",3,2500.9197767524
