,customer,weight,round,length
0,"[87, 48, 115, 45, 22, 21, 26, 89, 37, 176, 145, 146, 111]","[1, 2, 1, 1, 1, 1, 1, 1, 1, 1, 1, 1, 2]",0,2709.3468148858
1,"[28, 23, 144, 18, 172, 17, 72, 52]","[3, 2, 4, 1, 1, 1, 1, 2]",1,3805.909519859
2,"[24, 25, 50]","[2, 2, 11]",2,1883.1451767029998
