,customer,weight,round,length
0,"[50, 25, 114, 142, 39, 154, 126, 103]","[5, 2, 1, 1, 1, 2, 2, 1]",0,7121.237997942001
1,"[129, 47, 115, 45, 18, 19, 110, 101, 77, 3, 29]","[1, 1, 1, 1, 1, 2, 2, 1, 2, 2, 1]",1,7053.111889376001
2,"[30, 76, 149, 179, 182]","[1, 1, 1, 1, 2]",2,3594.353800184
