,customer,weight,round,length
0,"[142, 143, 42, 141, 114, 27, 140, 33, 35, 34, 135]","[1, 1, 2, 1, 1, 1, 2, 1, 1, 1, 3]",0,2046.0505348412
1,"[157, 113, 71, 143, 40, 20, 39, 104]","[2, 4, 2, 1, 1, 1, 1, 3]",1,3071.6947603480003
2,"[156, 154, 0, 41, 70]","[2, 2, 1, 1, 1]",2,2006.0949614212002
