,customer,weight,round,length
0,"[140, 27, 144, 96, 50, 143, 139, 70, 42, 141]","[2, 1, 3, 1, 1, 2, 1, 1, 2, 1]",0,4689.120967397099
1,"[22, 26, 87, 52, 55, 145, 128, 120, 62, 181, 152, 127, 134]","[1, 1, 1, 2, 1, 1, 1, 1, 1, 1, 2, 1, 1]",1,7964.5779667120005
2,[178],[2],2,4751.27137216
