,customer,weight,round,length
0,[],[],0,0.0
1,"[9, 20, 3, 2, 19, 22, 18, 25, 17, 24]","[2, 1, 3, 2, 1, 1, 1, 2, 1, 1]",0,6960.170137068701
2,[],[],0,0.0
3,"[5, 23]","[1, 1]",0,371.1200017091
