,task,distance
0,[0],6960.170137068701
1,[1],0.0
2,[2],0.0
3,[3],371.1200017091
