,customer,weight,round,length
0,"[154, 155, 41, 146, 22, 37, 144, 33, 122, 121, 120, 119, 27]","[1, 1, 1, 1, 2, 1, 1, 1, 1, 1, 1, 1, 2]",0,3766.1846256340004
1,"[110, 115, 112, 81, 80, 13]","[8, 1, 1, 2, 1, 2]",0,2129.565141908
2,"[100, 99, 31, 151, 177, 19, 18, 34]","[1, 1, 1, 1, 1, 2, 1, 1]",1,6472.430589233999
3,[],[],1,0.0
