,customer,weight,round,length
0,[57],[15],0,448.4301488
1,"[159, 160, 138, 57, 104, 4]","[1, 3, 2, 5, 2, 2]",0,2792.777889079
2,"[59, 56, 43, 45, 26, 75, 139, 140, 98, 76]","[1, 3, 3, 1, 1, 1, 1, 2, 1, 1]",1,4347.192770264999
3,"[159, 142, 109, 29, 78, 85, 84, 87, 3]","[2, 3, 3, 2, 1, 1, 1, 1, 1]",1,4408.677155757001
4,[],[],2,0.0
5,"[2, 32]","[2, 1]",2,5487.270978710001
