,customer,weight,round,length
0,"[151, 88, 20, 92, 18]","[1, 1, 2, 1, 1]",0,1670.7118753155
1,"[103, 117, 83, 95, 99, 37, 62]","[2, 1, 1, 1, 1, 1, 5]",0,5638.317962519
2,[],[],0,0.0
3,"[34, 104, 46, 9, 58, 77, 132, 70, 71, 12, 33]","[1, 1, 1, 4, 1, 1, 1, 1, 1, 1, 2]",0,12465.906539898
