,task,distance
0,[0],1880.2657909206
1,[1],8604.6153215131
2,[2],0.0
3,[3],1317.300472505
