,customer,weight,round,length
0,"[83, 20, 84, 61, 62]","[1, 1, 1, 1, 2]",0,1788.027726844
1,[],[],0,0.0
2,[],[],0,0.0
3,[],[],0,0.0
4,"[29, 79]","[1, 1]",0,772.731274536
