,customer,weight,round,length
0,"[54, 27]","[1, 2]",0,785.361947139
1,[],[],0,0.0
2,"[3, 51, 22, 15, 41, 67]","[4, 1, 1, 1, 2, 1]",0,4434.8409618543
3,[],[],0,0.0
4,[],[],0,0.0
