,customer,weight,round,length
0,[],[],0,0.0
1,"[35, 86, 63, 64, 19, 42]","[1, 1, 1, 1, 1, 1]",0,3937.340735996
2,[],[],0,0.0
3,[],[],0,0.0
4,[24],[6],0,176.7278863438
