,task,distance
0,[0],1968.0996246456
1,[1],61.539368473
2,[2],0.0
3,[3],0.0
4,[4],0.0
