,task,distance
0,[0],0.0
1,[1],3937.340735996
2,[2],0.0
3,[3],0.0
4,[4],176.7278863438
