,customer,weight,round,length
0,"[54, 25, 24, 36, 39, 42]","[3, 4, 1, 1, 1, 1]",0,9650.269655791
1,"[37, 9]","[3, 1]",0,2300.090395595
