,task,distance
0,[0],2192.237080223
1,[1],0.0
2,[2],0.0
3,[3],276.94715496
4,[4],0.0
