,task,distance
0,"[0, 5]",3069.576933083
1,"[1, 6]",2841.750444324
2,"[2, 7]",3173.3770600529997
3,"[3, 4]",3377.325855899
