,task,distance
0,[0],6787.924430441
1,[1],622.8237676655
2,[2],2329.880634916
3,[3],1846.43152026
4,[4],2246.1593455177003
