,customer,weight,round,length
0,"[81, 80, 94, 102, 104]","[6, 5, 1, 1, 2]",0,845.8656679267
1,"[105, 106, 18, 104]","[4, 1, 2, 4]",0,1741.2444881099
2,"[15, 14, 46, 44, 5, 3, 35, 19, 11, 10, 122, 33, 118, 95]","[1, 1, 1, 1, 1, 1, 2, 1, 1, 1, 1, 1, 1, 1]",0,6587.677275179999
