,task,distance
0,[0],5276.727013972
1,[1],713.556997465
2,[2],4231.7527569
3,[3],0.0
4,[4],0.0
