,task,distance
0,"[0, 6]",8854.854741198
1,"[1, 5]",1574.274252306
2,"[2, 7]",744.255163018
3,"[3, 4]",9211.636940657
