,task,distance
0,[0],0.0
1,[1],5020.436730063001
2,[2],0.0
3,[3],290.225132712
4,[4],1628.80822798
