,customer,weight,round,length
0,"[20, 19, 2, 1, 39, 37]","[1, 3, 1, 3, 1, 1]",0,1195.491570701
1,[],[],0,0.0
2,[],[],0,0.0
3,"[61, 29, 47]","[3, 2, 3]",0,1038.098549535
4,[],[],0,0.0
