,customer,weight,round,length
0,[50],[1],0,244.143535798
1,[],[],0,0.0
2,[],[],0,0.0
3,[],[],0,0.0
4,"[51, 17, 23, 24, 9, 59, 46, 55]","[1, 1, 1, 1, 1, 4, 1, 1]",0,15427.1097609598
