,customer,weight,round,length
0,[],[],0,0.0
1,[49],[1],0,712.187499292
2,[],[],0,0.0
3,[],[],0,0.0
4,"[17, 9, 54, 13]","[1, 1, 2, 1]",0,46742.125389674
