,customer,weight,round,length
0,"[22, 6, 12, 7, 11, 49, 21]","[1, 1, 9, 1, 1, 1, 1]",0,3307.4070787219994
1,"[33, 31, 42, 37, 43, 41, 32, 34, 35]","[1, 1, 1, 2, 1, 1, 2, 2, 4]",0,2322.4968712354994
2,"[29, 14, 45, 50, 47, 23]","[3, 2, 1, 6, 1, 2]",0,5172.580430688
3,[],[],1,0.0
4,[],[],1,0.0
5,"[1, 2, 10, 9, 8, 48, 5, 24]","[1, 1, 1, 1, 1, 1, 1, 5]",1,3699.8249448795004
