,task,distance
0,"[0, 4]",1589.662025578
1,"[1, 3]",3683.985398449
2,"[2, 4]",1672.149951177
