,task,distance
0,"[0, 5]",2989.9785043705
1,"[1, 4]",7432.184450705101
2,"[2, 3]",4683.798235202599
