,task,distance
0,[0],2981.4165749672
1,[1],0.0
2,[2],338.762297634
3,[3],0.0
