,task,distance
0,[0],13456.023554707
1,[1],13293.100865905
2,[2],0.0
