,customer,weight,round,length
0,"[115, 39, 106, 38]","[1, 2, 1, 2]",0,1907.8911014833
1,"[27, 99, 118, 74, 49, 45, 5, 93, 69]","[1, 1, 3, 1, 1, 2, 3, 2, 1]",0,6572.519730233
