,customer,weight,round,length
0,"[95, 113, 60]","[2, 11, 2]",0,2696.6317969210004
1,"[45, 88, 96, 98, 128, 94, 53]","[1, 1, 2, 2, 1, 7, 1]",0,4147.33904598
2,"[25, 28, 123]","[1, 1, 1]",1,2531.366303634
3,[],[],1,0.0
