,customer,weight,round,length
0,[37],[2],0,229.058268138
1,"[19, 44, 23, 41, 40, 124, 90, 50, 73, 11, 116]","[1, 1, 1, 1, 3, 1, 1, 1, 1, 3, 1]",0,6038.338858178001
