,customer,weight,round,length
0,"[15, 60, 52, 4, 63, 11, 33, 44, 32, 80, 23]","[2, 4, 1, 1, 1, 1, 1, 1, 1, 1, 1]",0,6052.026907554
1,"[90, 7, 6, 25, 68, 67]","[1, 1, 1, 3, 3, 3]",0,4890.2238316170005
2,[],[],0,0.0
3,[99],[5],0,191.7857664644
