,customer,weight,round,length
0,"[62, 65, 7, 150, 98, 147, 6, 145, 15, 194, 195, 48]","[1, 3, 1, 1, 1, 1, 1, 1, 1, 1, 1, 1]",0,2730.2876963846
1,"[142, 10, 31, 17, 128, 143, 115, 117, 205]","[1, 1, 1, 1, 1, 1, 1, 2, 6]",0,2424.009537108
2,[],[],0,0.0
3,[],[],0,0.0
