,customer,weight,round,length
0,[62],[1],0,192.7883593992
1,"[69, 39, 155, 1, 56, 163]","[1, 1, 2, 4, 2, 1]",0,4624.587772814
2,"[128, 126, 33, 171, 123, 145, 194]","[1, 1, 8, 1, 2, 1, 1]",0,4010.724113693
3,"[137, 92, 197, 131, 174, 161, 144]","[1, 4, 1, 2, 2, 4, 1]",0,5150.277334640001
