,task,distance
0,[0],2730.2876963846
1,[1],2424.009537108
2,[2],0.0
3,[3],0.0
