,task,distance
0,[0],5652.4057448230005
1,[1],1641.592707853
