,customer,weight,round,length
0,[],[],0,0.0
1,"[105, 20, 115, 21, 114, 112, 85, 62, 77, 76, 75]","[2, 1, 2, 1, 2, 1, 1, 1, 2, 1, 1]",0,2737.3896144852
2,"[74, 73, 95, 72, 116, 106, 100, 63]","[1, 1, 2, 1, 2, 1, 1, 3]",0,2560.295209211
