,customer,weight,round,length
0,"[21, 112, 23, 92, 109, 34, 5, 6, 25, 97, 65, 61]","[1, 1, 1, 1, 1, 1, 3, 2, 1, 1, 1, 1]",0,6740.673246572001
1,"[62, 57, 84, 49, 117, 116, 72]","[1, 2, 1, 1, 2, 2, 1]",0,3277.412019287
2,[],[],0,0.0
