,task,distance
0,[0],0.0
1,[1],3975.733827289
2,[2],2200.12184055
