,task,distance
0,[0],6740.673246572001
1,[1],3277.412019287
2,[2],0.0
