,customer,weight,round,length
0,"[23, 39, 119, 122, 74, 75, 68, 116, 73]","[1, 1, 1, 2, 1, 6, 1, 1, 1]",0,6234.349352134001
1,[114],[2],0,1148.428912032
2,[],[],0,0.0
3,[],[],0,0.0
