,task,distance
0,[0],0.0
1,[1],3376.2623777
2,[2],0.0
3,[3],4359.488875066
