,task,distance
0,[0],0.0
1,[1],0.0
2,[2],3360.727257127
3,[3],1246.973730743
