,customer,weight,round,length
0,"[96, 98, 17, 86, 53, 1, 2, 101]","[1, 1, 1, 5, 4, 1, 1, 1]",0,4589.381767268
1,"[55, 103, 76, 57, 77]","[1, 2, 1, 10, 1]",0,1986.9859054449998
2,"[95, 5, 79, 80, 29, 50, 49, 54, 56]","[1, 1, 1, 3, 1, 1, 2, 3, 2]",0,3228.9899025937
3,"[102, 87, 88, 16, 7, 6, 66, 64, 83, 48, 75, 94]","[1, 2, 2, 1, 2, 1, 1, 1, 1, 1, 1, 1]",0,4622.7182217385
4,[],[],1,0.0
5,[],[],1,0.0
6,"[24, 20, 7]","[1, 1, 4]",1,3781.916968095
7,[],[],1,0.0
