,customer,weight,round,length
0,[],[],0,0.0
1,"[50, 34, 78, 79, 68, 36, 38, 49, 3, 1, 53]","[1, 1, 1, 1, 1, 1, 1, 2, 2, 1, 1]",0,2373.9212915918006
2,"[126, 44, 55, 76]","[1, 1, 3, 2]",0,1389.8023513465
3,[],[],0,0.0
4,[],[],0,0.0
