,task,distance
0,[0],2000001922.5582173
1,[1],0.0
2,[2],3218.3993448117003
3,[3],0.0
4,[4],0.0
