,customer,weight,round,length
0,[],[],0,0.0
1,[],[],0,0.0
2,"[67, 103, 112, 156, 95, 145, 116, 54, 184, 35, 21, 50, 98, 23]","[1, 1, 1, 1, 1, 1, 2, 1, 1, 1, 1, 1, 1, 1]",0,8111.379944757
3,[],[],0,0.0
4,"[117, 158]","[2, 1]",0,1293.724934873
