,task,distance
0,[0],0.0
1,[1],3790.253104427
2,[2],0.0
3,[3],4439.041213056
4,[4],0.0
