,task,distance
0,[0],2599.341220747
1,[1],370.612554768
2,[2],0.0
3,[3],803.7503820047
4,[4],0.0
