,customer,weight,round,length
0,"[128, 94, 106, 52, 81, 79, 15, 5, 114]","[1, 1, 1, 2, 6, 1, 1, 1, 1]",0,3552.722672371
1,[83],[1],0,1184.234724234
2,[],[],0,0.0
3,[],[],0,0.0
4,"[55, 10, 33, 113]","[1, 1, 1, 1]",0,1833.16112042
