,task,distance
0,[0],3552.722672371
1,[1],1184.234724234
2,[2],0.0
3,[3],0.0
4,[4],1833.16112042
