,task,distance
0,[0],2175.5532925718
1,[1],8449.392035879
2,[2],0.0
3,[3],0.0
4,[4],0.0
