,task,distance
0,[0],4093.8733006862
1,[1],8320.898923397901
