,customer,weight,round,length
0,"[100, 67, 49]","[1, 8, 6]",0,1642.0190326043999
1,"[18, 38, 71, 93, 53, 50, 76]","[1, 9, 1, 1, 1, 1, 1]",0,2812.9858754506
2,"[7, 0, 77, 92, 78, 33, 39, 40, 42]","[4, 1, 3, 1, 1, 1, 2, 1, 1]",1,5385.356969499
3,"[59, 57, 8, 100]","[2, 1, 5, 7]",1,4130.466030114
4,[],[],2,0.0
5,"[37, 91]","[1, 1]",2,3197.7836914
