,task,distance
0,"[0, 2]",3858.3035174536
1,"[1, 3]",3818.6063648565
