,customer,weight,round,length
0,"[13, 15, 46, 44, 23, 12]","[1, 2, 1, 1, 1, 2]",0,3483.03726785
1,[64],[3],0,361.47269062
