,task,distance
0,[0],830.35396229
1,[1],3887.9278892028
