,customer,weight,round,length
0,"[51, 47, 61, 30]","[4, 1, 6, 4]",0,1693.6696653975
1,"[60, 9, 17, 14, 76, 22, 64]","[6, 1, 1, 4, 1, 1, 1]",0,5350.650152505
2,"[0, 72, 68, 49, 27, 28, 78, 54, 56]","[4, 1, 3, 1, 2, 1, 1, 1, 1]",1,7244.692638437001
3,"[3, 1]","[1, 10]",1,3378.1631638420004
