,customer,weight,round,length
0,"[46, 143, 142, 281, 288, 289, 298, 73]","[1, 1, 1, 1, 2, 2, 1, 1]",0,4629.507355446401
1,"[238, 162, 57, 95, 98, 35, 240, 241, 213, 101]","[2, 1, 2, 1, 1, 3, 1, 1, 1, 2]",0,2443.3456455914
2,"[138, 39, 246, 309, 285, 20, 198, 196, 25]","[1, 1, 1, 1, 2, 2, 5, 1, 1]",0,6587.5276739166
3,"[67, 259, 295, 227, 145, 222, 63, 60, 293, 294, 153, 48, 124]","[1, 1, 1, 1, 2, 1, 1, 1, 2, 1, 1, 1, 1]",0,25624.456547322
