,task,distance
0,[0],4238.156168092
1,[1],28704.626339781105
2,[2],5937.6376994077
3,[3],3458.71342101
