,customer,weight,round,length
0,[2],[1],0,189.5466690486
1,[],[],0,0.0
2,[],[],0,0.0
3,"[22, 21]","[1, 1]",0,3784.4790326679995
