,customer,weight,round,length
0,"[142, 60, 36]","[6, 1, 8]",0,2088.11046639
1,[],[],0,0.0
2,"[98, 11, 12, 110, 111, 3]","[1, 1, 1, 2, 4, 1]",0,3362.7497986227995
3,"[47, 71, 64, 24, 58, 74, 14, 76]","[1, 1, 2, 2, 1, 1, 6, 1]",0,6111.837722374
4,[],[],0,0.0
