,customer,weight,round,length
0,[],[],0,0.0
1,"[27, 215, 93, 209, 223, 71, 110, 185, 184, 186, 62, 180]","[1, 1, 1, 1, 1, 1, 1, 1, 2, 1, 2, 1]",0,9440.935175999
2,"[105, 106, 228, 77, 148]","[3, 2, 1, 1, 7]",0,3557.729928343
3,"[144, 220, 150, 163, 145, 193]","[4, 2, 1, 1, 1, 2]",0,8656.560936498001
4,"[211, 6, 10, 5, 188, 69, 129, 201, 119, 56, 57, 116, 175]","[1, 2, 1, 1, 1, 1, 1, 2, 1, 1, 1, 1, 1]",0,10765.7902081184
