,customer,weight,round,length
0,"[120, 26, 53, 51, 85, 49, 48, 19, 172, 114]","[2, 3, 1, 2, 1, 1, 1, 1, 1, 2]",0,3152.65259133
1,"[182, 174, 94, 29, 151, 123, 28, 180, 21, 22, 109, 13, 117]","[1, 1, 1, 1, 1, 1, 1, 1, 1, 1, 1, 3, 1]",0,3566.2474002330005
2,"[113, 186, 185, 111, 81, 102, 146, 149, 95, 148, 15, 125, 126]","[2, 2, 1, 1, 1, 1, 1, 1, 1, 1, 1, 1, 1]",0,3728.6391266966
3,"[40, 39, 173, 153, 101, 147, 133, 142]","[1, 1, 1, 5, 1, 2, 2, 2]",1,7003.775619397999
4,[153],[15],1,2331.72064238
5,"[6, 62, 132, 58, 56, 64, 33, 88, 124, 122, 32, 31]","[1, 1, 1, 1, 2, 1, 1, 1, 2, 2, 1, 1]",1,5053.209641962
6,"[38, 44, 130, 18, 129, 139, 140, 137, 136, 24, 135, 134]","[2, 1, 1, 1, 1, 2, 1, 1, 1, 1, 1, 1]",2,8491.764490996999
7,[],[],2,0.0
8,"[159, 145, 71, 157, 14, 68, 188, 162, 161]","[1, 1, 1, 2, 2, 1, 1, 1, 1]",2,4608.149029797
