,task,distance
0,"[0, 3, 6]",9072.3195878736
1,"[1, 5, 8]",11401.737903382998
2,"[2, 4, 7]",14047.676736942
