,task,distance
0,[0],3783.2374669
1,[1],432.568472132
2,[2],15016.327609048
3,[3],7154.104333612001
