,CID,TTDDemd
0,24873,23.3421993256
1,48229,26.564699173
