,task,distance
0,[0],5623.36385579
1,[1],3976.717225995
2,[2],5517.495757113999
