,task,distance
0,[0],9967.882919863
1,[1],1683.8662667887
2,[2],0.0
