,task,distance
0,[0],2658.7160439764
1,[1],7313.9592620426
2,[2],190.7753864736
3,[3],0.0
