,customer,weight,round,length
0,"[21, 40, 11, 61, 24, 68, 23]","[2, 1, 1, 1, 2, 1, 1]",0,2083.2596357006996
1,[],[],0,0.0
2,"[6, 62, 58, 38, 65, 28, 27, 43, 34]","[1, 2, 1, 1, 3, 1, 1, 3, 1]",0,2878.168693138
3,[],[],0,0.0
