,customer,weight,round,length
0,"[19, 24, 1, 2, 60, 20]","[3, 1, 3, 1, 3, 1]",0,1609.9270594500001
1,[],[],0,0.0
2,[],[],0,0.0
3,"[47, 32, 13, 50, 46, 59, 17, 29]","[3, 1, 1, 1, 1, 4, 1, 2]",0,2000023878.6978967
4,[],[],0,0.0
