,customer,weight,round,length
0,"[29, 17, 26, 59, 10, 9, 47]","[2, 1, 1, 4, 1, 1, 3]",0,5464.1517723895995
1,[],[],0,0.0
2,[],[],0,0.0
3,[],[],0,0.0
4,"[19, 23, 24, 1, 60, 20, 61]","[3, 1, 1, 3, 3, 1, 3]",0,1847.3125012628
