,task,distance
0,[0],2000004218.6408665
1,[1],2000018938.869503
2,[2],0.0
3,[3],0.0
4,[4],0.0
