,customer,weight,round,length
0,"[63, 138, 137, 104, 81, 39, 85, 103, 102, 108, 112]","[1, 1, 1, 1, 1, 1, 1, 1, 2, 2, 3]",0,2686.9887868878
1,"[112, 101, 95, 9, 125]","[7, 1, 3, 2, 2]",1,2845.4428215450002
2,"[61, 93, 141, 62, 65, 9, 13, 23, 21, 121, 20, 32]","[1, 1, 1, 1, 3, 2, 1, 1, 1, 1, 1, 1]",2,3084.6235221510005
3,"[49, 5, 4, 68, 28, 8, 12, 11, 67]","[1, 6, 1, 1, 1, 1, 2, 1, 1]",3,6035.306118195999
4,"[126, 53, 48, 146, 129, 143, 33, 5, 3]","[1, 1, 3, 2, 1, 1, 1, 4, 1]",4,4786.5050742250005
5,"[46, 44, 57, 58, 51, 52, 136, 147, 36, 35, 123]","[3, 3, 1, 1, 1, 1, 1, 1, 1, 1, 1]",5,6053.249280564
6,"[134, 135, 131, 100, 72, 42, 56, 55, 127]","[2, 1, 4, 1, 1, 1, 1, 2, 2]",6,4316.5724582248995
7,"[127, 98, 99, 97, 54]","[1, 1, 1, 4, 1]",7,2881.0524212067003
