,customer,weight,round,length
0,"[49, 26, 64, 63, 65, 28, 32, 62, 30, 27, 24, 25]","[1, 1, 1, 1, 1, 2, 2, 1, 1, 1, 2, 1]",0,4489.537947309
1,"[23, 22, 48, 40, 50, 54, 53, 18, 51, 34, 41, 47, 42, 44, 33]","[1, 1, 1, 1, 1, 1, 1, 1, 1, 1, 1, 1, 1, 1, 1]",0,4498.1169889871
2,[36],[1],1,2528.60454728
3,"[60, 38, 37]","[2, 1, 2]",1,1856.3906060549998
