,task,distance
0,[0],0.0
1,[1],0.0
2,[2],2934.1327859410003
3,[3],3209.0594883198
