,customer,weight,round,length
0,"[213, 84, 97, 152, 149, 159, 158, 156, 23, 157, 45]","[1, 1, 2, 1, 1, 1, 1, 2, 1, 1, 1]",0,2394.38218932
1,"[93, 33, 94, 35, 184, 186, 182, 132]","[2, 1, 1, 1, 1, 2, 2, 4]",0,50690.267745289
