,task,distance
0,[0],2394.38218932
1,[1],50690.267745289
