,customer,weight,round,length
0,"[35, 4, 40, 11, 12, 2, 22]","[1, 1, 2, 1, 1, 2, 2]",0,8170.351126153
1,[5],[13],0,1371.493127086
2,[],[],0,0.0
3,[],[],0,0.0
4,[5],[8],0,1371.493127086
