,task,distance
0,[0],2000002936.789277
1,[1],5326.4649956797
2,[2],2000000000.0
3,[3],0.0
4,[4],2672.229261362
