,customer,weight,round,length
0,"[18, 10, 60, 49, 47, 25, 78, 64, 9, 4]","[1, 1, 1, 1, 1, 3, 2, 1, 3, 1]",0,3658.9316943811
1,"[67, 70, 44, 50, 36, 15, 1, 8, 41]","[1, 1, 1, 1, 1, 3, 1, 1, 3]",1,4314.574169881
