,customer,weight,round,length
0,"[93, 53, 100, 26, 8, 120, 10, 4, 41]","[1, 2, 2, 3, 1, 1, 2, 1, 2]",0,4820.967715600999
1,"[29, 155, 20, 45, 47, 65, 134, 32, 110]","[1, 3, 1, 4, 1, 1, 2, 1, 1]",1,6392.663671562999
2,[37],[4],2,3602.51576742
