,task,distance
0,[0],3827.5282617624
1,[1],274.953995092
2,[2],0.0
