,customer,weight,round,length
0,"[79, 80, 81, 57, 38, 60, 45, 50, 28]","[1, 1, 1, 1, 1, 1, 1, 3, 2]",0,3849.4617312506
1,"[98, 14, 25, 64, 115, 76, 30, 31, 80, 79]","[1, 1, 1, 3, 1, 1, 1, 1, 1, 1]",0,4084.3542410516993
