,task,distance
0,[0],4380.5123653674
1,[1],567.9296759484
