,task,distance
0,"[0, 3]",2973.7428343666998
1,"[1, 2]",1780.4777975249997
