,task,distance
0,[0],1639.9308666981
1,[1],1367.8036586895
