,customer,weight,round,length
0,[87],[4],0,916.86039365
1,[33],[15],0,241.521529762
2,[],[],0,0.0
3,"[31, 77, 3, 0, 10, 46, 42, 21, 73, 48, 14, 33]","[1, 2, 1, 2, 1, 1, 1, 1, 1, 2, 1, 1]",0,6030.4301648559995
