,task,distance
0,[0],2077.5311273186
1,[1],967.7558469744
2,[2],0.0
3,[3],0.0
