,customer,weight,round,length
0,"[61, 75, 26, 10, 100, 88, 86]","[1, 2, 2, 2, 3, 3, 2]",0,3599.728100746
1,[96],[15],0,4390.02449024
2,"[56, 65, 29, 54, 55, 96]","[1, 3, 3, 1, 1, 6]",0,5519.5522462695
3,"[15, 4, 58, 7, 8, 2, 57, 44, 102]","[1, 1, 4, 1, 1, 1, 3, 1, 2]",1,7069.089897534001
4,"[46, 45, 47, 37, 28, 13, 30, 39, 38, 53]","[1, 1, 1, 2, 1, 2, 1, 1, 2, 3]",1,3442.5152901558004
5,"[52, 108, 66, 97, 69, 68, 82, 19, 49, 50, 51]","[1, 2, 2, 3, 1, 1, 1, 1, 1, 1, 1]",1,3078.7208549469005
6,"[82, 98, 23, 24, 17, 18, 41, 42, 35, 109, 34, 81]","[3, 1, 1, 1, 1, 2, 1, 1, 1, 1, 1, 1]",2,3897.660488810599
7,"[67, 104, 40, 106, 105, 89, 14, 3]","[2, 1, 1, 1, 1, 1, 2, 5]",2,4914.147884739899
8,[],[],2,0.0
