,customer,weight,round,length
0,[],[],0,0.0
1,[13],[1],0,122.0630011118
2,[5],[1],0,97.4875533136
