,customer,weight,round,length
0,"[115, 3, 213, 188, 101, 204, 175, 87, 218, 58, 196, 261, 134, 154]","[1, 1, 2, 1, 1, 1, 1, 1, 1, 1, 1, 1, 1, 1]",0,8511.909790792999
1,[],[],0,0.0
2,"[160, 153, 80, 43, 207]","[1, 1, 1, 9, 1]",0,3117.2959431830004
