,task,distance
0,[0],2940.176700877
1,[1],3719.5095222587993
2,[2],0.0
