,task,distance
0,"[0, 2]",9483.464036919999
1,"[1, 3]",9058.067830218
