,customer,weight,round,length
0,"[40, 38, 64, 63, 21, 62, 54, 66, 67]","[2, 1, 2, 1, 1, 3, 1, 1, 3]",0,3560.911321987
1,"[34, 9, 0, 83, 89, 90, 92, 11, 91, 29, 26, 39]","[1, 1, 1, 4, 1, 1, 1, 1, 1, 1, 1, 1]",0,6778.0757351456
2,"[49, 35, 87, 46, 60, 47, 43, 41, 48, 42, 37]","[2, 1, 2, 1, 2, 1, 2, 1, 1, 1, 1]",0,1585.0408876696997
3,[44],[2],1,880.398948738
4,"[14, 76, 74, 4, 3, 52, 1, 79, 13]","[4, 1, 1, 1, 2, 1, 1, 2, 2]",1,3660.3773076469997
5,"[22, 23, 96, 31, 50, 81, 19, 8, 16, 5, 51, 71, 72, 34]","[1, 1, 1, 1, 1, 1, 1, 1, 1, 1, 1, 1, 1, 1]",1,8961.779263131699
