,customer,weight,round,length
0,[50],[15],0,357.913346846
1,"[5, 28, 27, 50]","[6, 2, 1, 6]",0,5180.798838074
2,"[52, 2, 24, 20, 25, 23, 13, 22, 21, 29]","[2, 2, 1, 2, 1, 1, 2, 2, 1, 1]",0,5931.649541044501
3,[5],[15],0,1218.059893452
4,[],[],1,0.0
5,"[20, 10, 44, 11, 57, 12]","[1, 1, 1, 1, 1, 1]",1,8016.5214519950005
6,[],[],1,0.0
7,[],[],1,0.0
