,task,distance
0,[0],677.110486235
1,[1],0.0
2,[2],2180.94700993
3,[3],1633.040214121
