,task,distance
0,[0],2000000592.9767296
1,[1],2000000910.8923168
2,[2],0.0
3,[3],180.8016115202
