,task,distance
0,[0],1610.640862454
1,[1],1046.968503932
