,customer,weight,round,length
0,"[57, 138, 160, 4, 3, 104]","[5, 2, 3, 2, 1, 2]",0,2434.1854237297002
1,"[87, 59, 144, 131, 171, 42, 82, 45, 43, 56]","[1, 1, 1, 2, 1, 1, 1, 1, 3, 3]",0,8747.515419506
2,[57],[15],0,90.7560685774
3,[],[],1,0.0
4,[31],[1],1,5784.84640414
5,[],[],1,0.0
