,task,distance
0,"[0, 5]",2434.1854237297
1,"[1, 3]",8747.515419506
2,"[2, 4]",5875.6024727174
