,task,distance
0,[0],3043.590229867
1,[1],471.363586034
2,[2],0.0
3,[3],0.0
4,[4],0.0
