,customer,weight,round,length
0,"[125, 129, 168, 70, 164, 5, 0, 83, 132, 103]","[1, 1, 1, 1, 5, 1, 1, 2, 1, 1]",0,4021.214429385
1,"[102, 135, 131, 178, 133, 136, 134, 21, 20, 130, 163, 16]","[1, 1, 2, 1, 1, 1, 1, 2, 1, 2, 1, 1]",1,4922.803698115999
2,"[177, 137, 31, 171, 42, 82]","[1, 1, 1, 2, 1, 1]",2,5060.474654629
