,task,distance
0,"[0, 5]",3698.903045206
1,"[1, 4]",3847.468879232
2,"[2, 3]",3538.033098724
