,customer,weight,round,length
0,"[51, 21, 36, 29, 17, 20, 10, 33, 1, 18, 11, 14]","[1, 2, 1, 1, 1, 1, 1, 2, 1, 2, 1, 1]",0,1592.751066326
1,"[16, 43, 57, 55, 28, 2, 34, 8, 46, 12, 42]","[2, 1, 1, 1, 1, 2, 1, 1, 2, 1, 2]",0,1676.735276546
2,"[48, 32, 0, 4, 53, 56, 3]","[1, 2, 7, 1, 2, 1, 1]",0,2910.5928142073003
3,"[50, 26, 39, 38, 9, 52, 7, 47, 27, 58, 15, 35, 49]","[1, 1, 1, 1, 1, 1, 2, 1, 1, 1, 2, 1, 1]",0,1001.619430127
4,"[59, 44, 23, 41, 40, 30, 5, 6, 45]","[2, 1, 1, 1, 2, 1, 1, 1, 2]",1,924.059145119
5,"[37, 13, 19, 24, 54, 25, 31, 22]","[1, 3, 1, 1, 1, 1, 1, 5]",1,1003.138898526
6,[],[],1,0.0
7,[],[],1,0.0
