,customer,weight,round,length
0,"[116, 86, 85, 84, 21, 118, 41, 101, 100, 69, 26, 64, 36]","[1, 1, 1, 1, 1, 1, 1, 1, 1, 1, 1, 2, 2]",0,3051.0879390147
1,"[83, 58, 59, 130, 131, 63, 45, 71, 132, 61, 91]","[1, 1, 2, 1, 1, 1, 1, 2, 1, 2, 2]",0,3346.4648832277
2,"[104, 114, 8, 51, 133, 105, 38, 39, 92, 96, 112, 94, 115]","[2, 1, 1, 1, 1, 1, 1, 1, 2, 1, 1, 1, 1]",0,5651.45520463
3,"[93, 111, 14, 5, 120, 117]","[1, 2, 2, 7, 2, 1]",0,2435.401200609
4,"[54, 108, 107, 103, 89, 102, 35, 90]","[3, 2, 1, 1, 1, 2, 1, 1]",1,4309.880818016
5,"[78, 126, 77, 66, 31, 135, 79, 97, 72]","[1, 1, 1, 1, 1, 2, 1, 1, 5]",1,8322.552967159
6,[],[],1,0.0
7,[],[],1,0.0
