,task,distance
0,"[0, 7]",6659.3529222239995
1,"[1, 6]",7106.674793845101
2,"[2, 5]",4364.537878337
3,"[3, 4]",5750.133290917999
