,customer,weight,round,length
0,[21],[11],0,404.790363764
1,"[5, 20, 21]","[1, 1, 7]",0,2000001427.1435175
