,customer,weight,round,length
0,"[26, 38, 6, 46, 2, 66, 67, 9, 34, 20, 16, 71, 28]","[1, 1, 1, 2, 1, 1, 2, 1, 1, 1, 1, 1, 1]",0,11323.320444676998
1,"[51, 15, 25, 59]","[5, 2, 1, 7]",1,3378.6286572106
