,customer,weight,round,length
0,[],[],0,0.0
1,"[78, 17, 62, 84, 82, 14, 53, 5]","[1, 1, 3, 2, 5, 1, 1, 1]",0,9280.749725189999
2,[],[],0,0.0
3,"[67, 68, 44, 47]","[1, 1, 1, 2]",0,8324.3372396292
4,[],[],0,0.0
