,customer,weight,round,length
0,"[91, 142, 110, 99, 94, 106, 87, 146, 138, 75]","[1, 1, 1, 2, 1, 1, 3, 2, 2, 1]",0,2000006670.1146152
1,"[20, 4, 13, 117, 10, 29, 67, 17, 24]","[1, 2, 1, 1, 1, 1, 3, 1, 4]",1,2000005131.2110472
2,[43],[1],2,2000000000.0
