,customer,weight,round,length
0,"[61, 31, 46, 53, 69, 71, 74, 72, 57, 144, 137]","[1, 1, 1, 1, 1, 1, 1, 1, 1, 3, 3]",0,2635.0577600941
1,"[37, 68, 70, 45, 47, 41, 48, 38]","[1, 1, 1, 1, 3, 1, 1, 1]",1,3368.723377478
