,task,distance
0,[0],3339.588222998
1,[1],3033.151211006
