,task,distance
0,[0],110.0514104814
1,[1],5154.1470172360005
