,customer,weight,round,length
0,"[202, 203, 201, 17, 192, 164]","[6, 1, 5, 1, 1, 1]",0,1314.1230623858
1,"[144, 160, 168, 169, 193, 125, 42, 50, 63, 191, 143]","[1, 1, 1, 1, 1, 1, 1, 2, 2, 3, 1]",1,3482.37815859
2,"[23, 167, 188, 189, 141, 64, 51, 104, 106, 200]","[1, 1, 1, 1, 1, 1, 1, 1, 1, 6]",2,3656.4063136170003
3,"[139, 33, 187]","[1, 1, 1]",3,1946.611249837
