,task,distance
0,[0],0.0
1,[1],0.0
2,[2],0.0
3,[3],2372.4406184939
4,[4],217.460035836
