,customer,weight,round,length
0,[],[],0,0.0
1,"[122, 121, 123, 105, 106, 54]","[2, 2, 1, 2, 1, 1]",0,1406.2415299007
2,[],[],0,0.0
3,[],[],0,0.0
4,"[22, 23, 24, 46, 47, 130, 31, 21, 51]","[1, 1, 1, 1, 1, 1, 1, 1, 2]",0,9645.263422393
