,task,distance
0,[0],1775.1765417330002
1,[1],2698.6716343486
2,[2],0.0
3,[3],0.0
4,[4],0.0
