,task,distance
0,[0],0.0
1,[1],0.0
2,[2],0.0
3,[3],2000001410.690111
4,[4],2000006694.0478425
