,customer,weight,round,length
0,"[46, 40, 49, 44, 127, 70, 12, 67]","[2, 2, 4, 1, 3, 1, 1, 1]",0,4750.429033099
1,"[30, 64, 32, 62, 97, 103, 124, 125, 106]","[1, 2, 1, 1, 2, 3, 2, 2, 1]",1,3173.2607806488004
2,"[129, 137, 100]","[1, 2, 1]",2,923.244819194
