,task,distance
0,"[0, 3, 5]",6379.0352594193
1,"[1, 2, 4]",8171.248662042
