,customer,weight,round,length
0,"[88, 96, 119, 25, 118]","[1, 1, 5, 5, 3]",0,1125.9898805948
1,"[97, 89, 49, 8, 36, 21, 0]","[1, 1, 1, 1, 1, 1, 2]",1,4213.396913539
