,customer,weight,round,length
0,"[25, 34, 112, 37]","[1, 2, 1, 1]",0,1719.263303584
1,"[99, 188, 187, 130, 29, 167]","[1, 1, 1, 1, 1, 1]",0,2073.667030632
