,customer,weight,round,length
0,"[77, 133, 112, 37]","[1, 12, 1, 1]",0,16232.778031491
1,"[8, 131, 135, 88, 133]","[1, 1, 4, 1, 8]",0,19484.045296939003
2,[95],[1],1,21602.5572862
3,[29],[1],1,855.324073712
