,task,distance
0,[0],1719.263303584
1,[1],2073.667030632
