,customer,weight,round,length
0,[],[],0,0.0
1,"[126, 100, 99, 148, 59, 73, 90, 118, 68, 62, 149, 125]","[1, 1, 1, 2, 2, 1, 1, 1, 2, 1, 1, 1]",0,4620.628090349
2,"[108, 104, 128, 142, 85, 139, 95, 132]","[1, 1, 1, 1, 3, 2, 2, 1]",0,2476.0748405331997
