,customer,weight,round,length
0,"[2, 1, 0]","[1, 11, 3]",0,5898.8230362025
1,"[0, 3]","[11, 4]",1,435.41898394550003
2,"[3, 4]","[8, 7]",2,1278.78566065
3,[4],[6],3,956.010512394
