,customer,weight,round,length
0,"[20, 160, 44]","[12, 1, 1]",0,2732.836316241
1,"[20, 140]","[12, 1]",0,376.7363853965
2,"[96, 155, 25, 130, 131, 132, 134, 48, 56, 51, 52]","[1, 1, 1, 1, 1, 1, 2, 1, 3, 2, 1]",0,8981.298355563
3,[],[],0,0.0
