,task,distance
0,[0],5332.398950442
1,[1],0.0
2,[2],0.0
3,[3],3667.193577885
