,customer,weight,round,length
0,[25],[4],0,1541.644547718
1,[],[],0,0.0
2,[37],[4],0,859.804476314
