,task,distance
0,[0],1541.644547718
1,[1],0.0
2,[2],859.804476314
