,customer,weight,round,length
0,"[49, 44, 127, 69, 70, 148, 126, 94, 12, 60, 67]","[1, 1, 3, 1, 1, 1, 2, 1, 1, 2, 1]",0,3144.5202382007
1,"[71, 64, 65, 66, 121, 103, 9, 147, 8, 124]","[2, 2, 2, 1, 2, 1, 2, 1, 1, 1]",1,2939.8098452084996
2,"[32, 91, 30, 58, 97, 63, 61, 4, 62]","[1, 1, 1, 2, 2, 5, 1, 1, 1]",2,2975.9604287489
3,"[75, 21, 95, 155, 136, 133, 132, 104, 152, 128]","[2, 1, 1, 2, 1, 1, 1, 1, 1, 1]",3,3322.2366036850003
