,task,distance
0,"[0, 4]",3139.41147438
1,"[1, 7]",2971.4953397336
2,"[2, 5]",5747.5417558473
3,"[3, 6]",4623.943359122
