,customer,weight,round,length
0,"[9, 14, 15, 11, 2]","[1, 1, 1, 1, 10]",0,1854.7580692309998
1,[2],[10],0,162.20905308
