,task,distance
0,[0],1150.79093961
1,[1],3543.2367140960005
