,CID,TTDDemd
0,1369,0.0
1,5109,1.13078999519
2,5113,0.937153995037
3,6211,0.227868005633
4,6212,0.609232008457
5,6213,0.0476691015065
6,6214,0.304753988981
7,6541,2.47881007195
8,6543,0.0207941997796
9,11830,0.441540002823
10,25768,0.71044999361
11,25769,0.548556983471
12,46470,1.80667996407
13,48028,0.836495995522
14,48029,0.965453028679
15,54888,0.99279499054
16,61755,1.91830003262
