,customer,weight,round,length
0,[],[],0,0.0
1,"[29, 30, 65, 64, 25, 22, 52, 51, 28]","[1, 1, 2, 1, 2, 1, 1, 1, 2]",0,11571.7686617939
2,[],[],0,0.0
3,"[26, 66, 11, 31, 41, 10, 9, 27]","[3, 2, 2, 1, 1, 3, 2, 1]",0,3181.3839452949996
