,task,distance
0,[0],0.0
1,[1],6134.2842654920005
2,[2],0.0
3,[3],0.0
4,[4],356.4085879725
