,task,distance
0,[0],4126.1183402995
1,[1],0.0
2,[2],1861.858450218
3,[3],0.0
4,[4],0.0
