,customer,weight,round,length
0,"[109, 79, 89, 140, 31, 146, 95, 50, 67, 122]","[1, 1, 2, 2, 2, 2, 2, 1, 1, 1]",0,6026.530610813001
1,"[108, 128, 127, 138]","[1, 1, 1, 1]",1,1838.595858246
