,customer,weight,round,length
0,"[131, 120, 26, 121, 132, 97, 130, 86, 110, 111]","[4, 2, 1, 1, 1, 1, 1, 1, 2, 1]",0,5679.171438943
1,"[85, 81, 87, 107, 117]","[1, 1, 1, 1, 3]",1,6091.385741823
