,customer,weight,round,length
0,"[146, 131, 51, 35, 94, 95, 139]","[2, 4, 2, 2, 1, 2, 2]",0,1723.985746269
1,"[50, 40, 114, 140, 129, 127, 90, 111]","[1, 1, 2, 1, 1, 1, 1, 1]",1,5706.043710636
