,task,distance
0,[0],0.0
1,[1],484.2372434509999
2,[2],0.0
3,[3],174.862312682
4,[4],136.0090647204
