,customer,weight,round,length
0,[4],[8],0,369.269249284
1,[],[],0,0.0
2,"[7, 6, 13, 2, 12, 11, 24]","[1, 1, 3, 1, 1, 2, 2]",0,5518.015530843
