,customer,weight,round,length
0,[79],[14],0,895.904650422
1,[],[],0,0.0
2,"[54, 60, 57, 95, 77, 11, 49, 2, 87, 20, 24, 19, 43, 36]","[1, 1, 1, 1, 1, 1, 1, 1, 1, 1, 2, 1, 1, 1]",0,5259.967069035601
3,[44],[14],0,106.5337193312
4,"[83, 29, 79]","[1, 1, 13]",0,1672.080486339
