,task,distance
0,[0],0.0
1,[1],0.0
2,[2],4369.2728659282
3,[3],148.206117878
4,[4],0.0
