,task,distance
0,[0],0.0
1,[1],191.7857664644
2,[2],6055.571488273
3,[3],0.0
4,[4],0.0
