,customer,weight,round,length
0,[15],[15],0,180.4569630156
1,[31],[15],0,471.974235486
2,"[15, 13, 14, 32]","[3, 3, 2, 1]",0,2653.6596559468003
