,customer,weight,round,length
0,[24],[11],0,113.844726223
1,[],[],0,0.0
2,"[24, 18, 19, 33, 22]","[6, 2, 2, 1, 2]",0,1442.6734316335
