,task,distance
0,[0],180.4569630156
1,[1],471.974235486
2,[2],2653.6596559468003
