,task,distance
0,[0],280.977354402
1,[1],731.617003784
2,[2],270.055264266
