,customer,weight,round,length
0,[],[],0,0.0
1,"[19, 38, 20, 36]","[3, 1, 2, 1]",0,991.4125909454999
2,[],[],0,0.0
3,"[18, 39, 45, 34, 35]","[2, 1, 2, 1, 1]",0,3110.7218542365
