,customer,weight,round,length
0,"[2, 21, 38, 36, 35, 34, 18]","[3, 3, 1, 1, 1, 1, 2]",0,4267.234980947001
1,[],[],0,0.0
2,[],[],0,0.0
3,"[42, 17]","[1, 3]",0,1774.808224423
