,task,distance
0,[0],4267.234980947001
1,[1],0.0
2,[2],0.0
3,[3],1774.808224423
