,task,distance
0,[0],2828.455319367
1,[1],1231.313668701
2,[2],0.0
3,[3],0.0
