,task,distance
0,"[0, 5]",1253.622089779
1,"[1, 9]",4055.458871237
2,"[2, 5]",3832.21083953
3,"[3, 5]",1206.473734982
4,"[4, 5]",4214.582366189999
