,task,distance
0,[0],0.0
1,[1],1315.26290862
2,[2],2951.753767473
3,[3],0.0
