,task,distance
0,[0],0.0
1,[1],497.744881312
2,[2],0.0
3,[3],2633.871843882
