,customer,weight,round,length
0,"[55, 56, 47, 48, 57, 61, 29, 23, 72]","[5, 1, 1, 1, 2, 1, 1, 2, 1]",0,3461.5605059413
1,[15],[1],1,2464.80816054
