,customer,weight,round,length
0,"[53, 103, 0, 1, 3, 64, 31, 101, 65, 68]","[1, 2, 2, 1, 2, 2, 1, 1, 2, 1]",0,2958.2800989427997
1,"[50, 91, 55, 92, 82, 47, 48, 44, 125, 126]","[1, 1, 3, 1, 4, 1, 1, 1, 1, 1]",1,3885.1238490093006
2,"[83, 56, 69, 88, 72, 84, 60, 117, 119, 130]","[2, 2, 1, 2, 2, 1, 1, 1, 2, 1]",2,2000003070.7597377
3,[18],[1],3,2000000000.0
