,customer,weight,round,length
0,"[103, 100, 157, 101, 56, 39, 71, 162, 93, 94, 187, 69]","[1, 3, 1, 1, 2, 1, 1, 1, 1, 1, 1, 1]",0,3402.1967922721997
1,"[33, 158, 124, 125]","[8, 5, 1, 1]",0,1896.0087712589998
2,"[126, 128, 106, 141, 143, 205, 117, 115, 163]","[1, 1, 1, 1, 1, 6, 2, 1, 1]",0,2424.5446707244996
3,"[122, 75, 74, 1, 72, 77, 180, 155]","[1, 1, 1, 4, 2, 1, 1, 2]",1,3909.796773819
4,[],[],1,0.0
5,"[17, 10, 137, 47, 48, 195, 194, 62, 142]","[1, 1, 1, 2, 1, 1, 1, 1, 1]",1,4391.09370266
