,task,distance
0,"[0, 4]",5463.8737842882
1,"[1, 3]",3777.658450392
2,"[2, 5]",5494.4122719980005
