,customer,weight,round,length
0,[],[],0,0.0
1,[],[],0,0.0
2,[],[],0,0.0
3,"[62, 55, 53, 82, 102, 49, 89, 105, 106, 17]","[1, 1, 1, 2, 1, 3, 2, 2, 1, 1]",0,2757.592555342
4,"[108, 107, 5, 137]","[1, 1, 1, 1]",0,11988.894776709902
