,task,distance
0,[0],0.0
1,[1],371.639662332
2,[2],20494.444090765
3,[3],4752.161301294
4,[4],371.639662332
