,task,distance
0,[0],0.0
1,[1],0.0
2,[2],590.475899352
3,[3],15710.258658706
4,[4],3971.6850981000007
