,customer,weight,round,length
0,[10],[15],0,273.68073748
1,"[18, 40, 11, 28, 31, 34, 37, 4, 2]","[1, 1, 2, 2, 3, 1, 3, 1, 1]",1,14086.973208618
2,[41],[1],2,11381.55073368
