,task,distance
0,[0],4955.19913078
1,[1],0.0
2,[2],7788.021323707
