,customer,weight,round,length
0,[],[],0,0.0
1,"[81, 1, 65]","[3, 1, 3]",0,1018.562223531
2,"[54, 31, 42, 33, 36, 46, 57, 63, 62, 64, 85]","[1, 2, 2, 1, 1, 2, 2, 1, 1, 1, 1]",0,2604.1308111318003
3,"[73, 50, 24, 26, 12, 13, 56, 47, 48, 49, 67]","[3, 1, 1, 1, 1, 1, 1, 1, 1, 1, 3]",0,2059.1662844533
