,task,distance
0,[0],0.0
1,[1],1018.562223531
2,[2],2604.1308111318003
3,[3],2059.1662844533
