,task,distance
0,[0],3495.4463344650003
1,[1],0.0
2,[2],3209.2987049769995
3,[3],1064.1556837489
