,customer,weight,round,length
0,"[71, 72, 10, 74, 76, 109, 60, 2, 113, 23, 97]","[2, 1, 1, 1, 1, 2, 1, 1, 1, 1, 1]",0,9239.474264902
1,[69],[13],0,635.910661568
2,"[28, 120]","[2, 1]",0,5934.760021458
3,[69],[9],0,635.910661568
