,customer,weight,round,length
0,[19],[14],0,236.418100712
1,"[11, 18, 9, 19]","[1, 1, 1, 12]",0,3684.450160227
2,[],[],0,0.0
