,customer,weight,round,length
0,[],[],0,0.0
1,"[23, 15, 40]","[1, 3, 8]",0,4832.320702668
2,[40],[15],0,89.108757036
