,customer,weight,round,length
0,[],[],0,0.0
1,[],[],0,0.0
2,"[63, 76, 44, 9, 79, 13, 33, 27, 82]","[1, 1, 1, 1, 2, 1, 6, 1, 1]",0,3927.32515355
3,"[30, 29, 91, 16, 19, 67, 20, 23, 24, 25, 95]","[1, 2, 1, 1, 1, 1, 1, 1, 1, 1, 1]",0,2679.0068357777
