,task,distance
0,[0],0.0
1,[1],0.0
2,[2],3927.32515355
3,[3],2679.0068357777
