,task,distance
0,[0],1387.966763594
1,[1],1492.607913663
2,[2],0.0
3,[3],5198.191651513001
