,customer,weight,round,length
0,"[26, 33, 40, 18, 34, 4, 2, 56, 31, 9, 43]","[2, 1, 3, 1, 1, 1, 1, 1, 2, 1, 1]",0,4364.719960684
1,"[39, 47, 37, 24, 32, 23, 16, 17, 29, 55]","[1, 1, 1, 1, 1, 1, 1, 1, 1, 6]",1,4351.799474681
2,[62],[1],2,2672.96496662
