,customer,weight,round,length
0,[],[],0,0.0
1,"[10, 18, 23, 14, 71, 75, 12, 43, 65]","[1, 1, 1, 1, 2, 1, 1, 1, 1]",0,2000002157.955195
2,[],[],0,0.0
3,[],[],0,0.0
4,"[74, 3, 0, 56, 54, 41, 7]","[1, 1, 4, 4, 1, 1, 1]",0,2000001730.4812448
