,customer,weight,round,length
0,"[43, 242, 63, 62, 46]","[1, 2, 1, 1, 2]",0,2597.3533539530004
1,"[86, 0, 65, 256, 226, 97, 224, 87, 89, 201, 187, 186, 144, 143]","[1, 1, 1, 1, 1, 1, 1, 1, 1, 1, 1, 1, 2, 1]",0,11213.598491721998
2,[48],[1],0,439.075417768
