,customer,weight,round,length
0,[],[],0,0.0
1,"[2, 32, 119, 118, 38, 41, 248, 243]","[1, 1, 1, 1, 1, 3, 1, 2]",0,3246.287106323
2,"[81, 77, 208, 157, 153, 194, 190, 116, 117, 44, 7]","[1, 1, 1, 1, 1, 1, 1, 2, 1, 1, 1]",0,6103.971056117
