,task,distance
0,[0],0.0
1,[1],3246.287106323
2,[2],6103.971056117
