,task,distance
0,"[0, 2]",5694.367662495
1,"[1, 3]",22362.492935449
