,customer,weight,round,length
0,"[63, 28, 62, 46, 61, 24, 45, 64]","[1, 1, 4, 1, 5, 1, 1, 1]",0,2367.8661415389
1,"[7, 50, 27, 26, 4, 2, 3, 14, 43, 44]","[6, 1, 1, 1, 1, 1, 1, 1, 1, 1]",0,2576.7652194446
2,"[12, 68, 30, 22, 34, 53, 0, 1, 32, 47]","[3, 1, 1, 1, 1, 1, 2, 2, 1, 2]",1,5381.552652528001
3,"[42, 5, 6, 35, 54, 38, 21, 19, 17, 66]","[3, 1, 1, 2, 1, 1, 2, 2, 1, 1]",1,4037.1590090821996
