,customer,weight,round,length
0,[],[],0,0.0
1,"[31, 29, 26]","[1, 2, 12]",0,6476.732047645
2,"[8, 26, 48, 46, 53]","[2, 5, 1, 2, 2]",0,6644.6234355510005
3,[],[],0,0.0
