,task,distance
0,[0],1651.7894444141998
1,[1],144.9308164316
2,[2],0.0
3,[3],0.0
