,customer,weight,round,length
0,"[62, 7, 54, 8, 10, 156, 115, 16, 27, 94, 46, 106, 129, 38]","[1, 1, 1, 1, 1, 1, 1, 1, 1, 1, 1, 1, 1, 2]",0,7324.655253623
1,"[124, 126, 96, 142]","[1, 1, 1, 1]",0,2112.466270554
2,"[40, 136, 78, 99]","[2, 2, 7, 2]",0,3500.745680664
