,task,distance
0,[0],6419.69511153
1,[1],757.109900466
2,[2],4605.813453721001
