,task,distance
0,[0],941.6923753580002
1,[1],4260.81989048
2,[2],3053.9304074218003
