,task,distance
0,[0],1252.8298523399
1,[1],1575.148995705
2,[2],1925.3238517912
