,task,distance
0,[0],0.0
1,[1],7904.953861530799
2,[2],3697.667929259
