,task,distance
0,[0],2081.2940122769
1,[1],5999.386738770001
2,[2],5554.810055633
