,task,distance
0,[0],1888.543404188
1,[1],2326.7730796835
