,customer,weight,round,length
0,[10],[15],0,521.295021006
1,"[8, 2, 7]","[6, 6, 3]",1,950.9131178279999
2,"[1, 6, 5, 8]","[6, 5, 2, 2]",2,1858.311671082
3,"[9, 3, 12, 5]","[2, 5, 5, 3]",3,1884.220857801
4,"[9, 11, 4]","[3, 5, 5]",4,2165.362028699
