,customer,weight,round,length
0,"[53, 46, 45, 3, 1, 54, 21, 68, 39, 15, 4, 5]","[1, 1, 3, 1, 1, 1, 1, 1, 1, 2, 1, 1]",0,3341.1970242692996
1,"[23, 59, 8]","[1, 2, 1]",0,1005.835418148
2,[],[],0,0.0
3,[],[],0,0.0
