,task,distance
0,[0],406.0363997817
1,[1],301.504447166
2,[2],0.0
3,[3],5761.7025540530985
