,task,distance
0,"[0, 3]",16553.018297424
1,"[1, 2]",40439.977622102306
