,task,distance
0,"[0, 3]",12781.571737732
1,"[1, 2]",12286.667182989
