,task,distance
0,[0],959.778621962
1,[1],0.0
2,[2],1027.86685747
3,[3],1232.764600298
4,[4],1580.425530085
