,customer,weight,round,length
0,"[174, 89, 92, 91, 90, 185, 16, 186]","[3, 1, 3, 1, 2, 2, 2, 1]",0,2661.2862326713994
1,"[187, 68, 120, 105, 129, 171, 38, 168, 6, 11, 12, 78, 13]","[1, 1, 1, 1, 1, 1, 1, 2, 1, 1, 1, 1, 2]",0,20968.71239837
2,"[65, 19, 0, 1, 110, 125, 97, 98, 119, 67, 118, 117]","[3, 1, 1, 1, 1, 1, 2, 1, 1, 1, 1, 1]",0,14734.9125960615
3,"[37, 111, 160, 122]","[1, 2, 1, 2]",1,25840.665807833004
4,[],[],1,0.0
5,[],[],1,0.0
