,task,distance
0,"[0, 4]",4406.009231934001
1,"[1, 3]",6468.7061692844
2,"[2, 5]",3710.7076938768
