,task,distance
0,"[0, 4, 10, 14]",21633.721691628
1,"[1, 5, 8, 15]",27251.560993657004
2,"[2, 7, 9, 13]",20516.341533111
3,"[3, 6, 11, 12]",20857.025051279
