,customer,weight,round,length
0,[],[],0,0.0
1,"[11, 1, 4, 10, 6, 12, 3, 0]","[2, 1, 1, 1, 1, 2, 1, 1]",0,8272.06876184
2,[],[],0,0.0
3,[],[],0,0.0
4,"[2, 7, 5, 9, 8]","[1, 1, 1, 3, 1]",0,13887.05883713
