,task,distance
0,[0],812.7172721331999
1,[1],643.5309326703
