,customer,weight,round,length
0,[],[],0,0.0
1,"[27, 28, 189, 60, 61, 76, 121]","[2, 2, 2, 1, 1, 3, 2]",0,2010.4010543969998
2,"[46, 54, 55, 23, 101, 100, 0, 110, 125, 72, 50]","[1, 1, 2, 1, 2, 1, 1, 1, 1, 1, 2]",0,16609.7972699036
3,"[188, 107, 133, 134]","[2, 2, 1, 3]",0,1301.336233857
4,[],[],0,0.0
