,customer,weight,round,length
0,"[49, 86, 84, 79, 148, 122, 149, 155, 147, 154, 153, 102]","[3, 1, 1, 1, 1, 2, 1, 1, 1, 1, 1, 1]",0,2069.169069949
1,"[51, 19, 18, 124, 14, 151, 152, 103, 80]","[2, 1, 3, 1, 2, 2, 1, 1, 1]",0,17736.5874465851
2,[],[],0,0.0
3,[87],[2],0,197.9695322002
4,[],[],0,0.0
