,task,distance
0,[0],0.0
1,[1],2010.401054397
2,[2],16609.7972699036
3,[3],1301.336233857
4,[4],0.0
