,customer,weight,round,length
0,"[9, 33]","[1, 4]",0,1695.5458071040002
1,[],[],0,0.0
2,[],[],0,0.0
3,"[8, 37]","[12, 1]",0,3735.1530235640003
4,[],[],0,0.0
