,task,distance
0,[0],0.0
1,[1],7261.557293114
2,[2],0.0
3,[3],0.0
4,[4],1549.95848163
