,task,distance
0,[0],0.0
1,[1],0.0
2,[2],0.0
3,[3],2180.13776522
4,[4],836.381471692
