,task,distance
0,[0],846.417002412
1,[1],0.0
2,[2],0.0
3,[3],650.133231864
4,[4],0.0
