,task,distance
0,[0],5237.2417284680005
1,[1],0.0
2,[2],3340.193562501
3,[3],1078.3637460968
4,[4],0.0
