,task,distance
0,[0],5223.879527986
1,[1],2174.4029891616
2,[2],0.0
3,[3],0.0
4,[4],2350.6503108340003
