,customer,weight,round,length
0,"[141, 140, 114, 157, 113, 27, 144]","[1, 2, 1, 2, 4, 1, 4]",0,1559.5761685899001
1,"[135, 93, 104, 154, 0, 143, 71, 142]","[3, 1, 3, 2, 1, 2, 2, 1]",0,2389.2491557330004
2,"[33, 34, 35, 156, 125, 41, 70, 40, 20, 39, 42]","[1, 1, 1, 2, 3, 1, 1, 1, 1, 1, 2]",0,1969.106424418
3,[],[],1,0.0
4,"[50, 139]","[12, 1]",1,2551.670691121
5,"[182, 103, 126]","[2, 1, 2]",1,5331.662358118
