,customer,weight,round,length
0,"[11, 76, 30, 68, 120, 121, 122, 119, 77, 3, 29]","[1, 1, 1, 1, 1, 1, 1, 1, 2, 2, 1]",0,4127.887880782
1,"[150, 53, 181, 179, 178, 148, 149, 147]","[1, 1, 1, 1, 2, 1, 1, 7]",0,2930.921057781
2,"[109, 101, 102, 110, 134, 171, 127, 96, 95, 151, 152, 147]","[1, 1, 1, 2, 1, 2, 1, 1, 1, 1, 2, 1]",0,4566.7382312763
