,customer,weight,round,length
0,"[115, 116, 110]","[7, 1, 1]",0,674.6094929273
1,"[26, 72, 73, 69, 44, 71, 63, 98, 91, 114]","[3, 1, 2, 1, 3, 1, 1, 1, 1, 1]",0,5680.874926817201
