,customer,weight,round,length
0,"[44, 53, 55, 70, 86, 34, 102, 30, 98, 116]","[3, 1, 2, 1, 1, 1, 1, 1, 1, 1]",0,4841.8034675062
1,"[59, 78, 112]","[1, 2, 1]",0,3128.033744494
