,task,distance
0,[0],674.6094929273
1,[1],5680.874926817201
