,customer,weight,round,length
0,"[18, 6, 11, 0, 23, 3, 24, 16, 20]","[2, 2, 2, 1, 4, 1, 1, 1, 1]",0,1335.410728891
1,"[25, 26, 13, 39, 9, 31, 10, 32]","[2, 1, 2, 1, 1, 1, 2, 3]",0,808.3540044378
2,"[1, 40, 34, 4, 28, 22, 30, 2]","[1, 2, 2, 1, 3, 3, 2, 1]",0,457.53797825699996
3,"[35, 14, 29, 21, 27, 12, 15, 17]","[2, 3, 2, 2, 1, 2, 2, 1]",0,1543.9953916949999
4,"[19, 7, 8, 33, 37, 38, 36, 5]","[3, 2, 3, 1, 1, 1, 2, 1]",0,834.2345829390001
