,customer,weight,round,length
0,"[2, 0, 64, 18, 20, 46, 66, 65]","[1, 1, 2, 3, 2, 1, 2, 2]",0,2825.953922064
1,"[63, 36, 22, 33, 73, 68, 69, 72, 3, 10]","[1, 3, 2, 2, 2, 1, 1, 1, 1, 1]",0,3340.4442953339994
2,"[30, 29, 25, 42, 45, 44, 1, 31]","[2, 1, 2, 1, 1, 2, 1, 3]",0,2454.656042405
3,"[32, 9, 41, 21, 54, 59, 62]","[1, 1, 4, 2, 3, 1, 3]",0,2818.6414219748
4,"[19, 28, 26, 17, 58, 57, 16, 27]","[1, 1, 3, 2, 2, 2, 2, 2]",0,4011.8643573550007
