,customer,weight,round,length
0,"[14, 75, 23, 89, 87, 33, 67]","[1, 1, 4, 3, 4, 1, 1]",0,4350.738323947
1,[33],[15],0,3091.77192324
2,[],[],0,0.0
3,"[73, 21, 42, 44, 46, 79, 28, 3, 0, 10, 58, 24, 59]","[1, 1, 1, 1, 1, 1, 1, 1, 2, 1, 1, 1, 2]",0,4807.283606427502
4,"[85, 65, 9, 77, 31, 48]","[5, 2, 3, 2, 1, 2]",0,4094.6937051199993
