,customer,weight,round,length
0,[92],[1],0,273.009664624
1,[],[],0,0.0
2,"[56, 88, 13, 17, 72, 87, 150, 148, 34, 26, 142, 52]","[1, 1, 1, 2, 1, 1, 1, 1, 1, 2, 1, 2]",0,12858.188867795001
3,"[40, 155, 68, 69, 61, 59, 135, 144, 145, 124, 4, 6]","[1, 1, 3, 1, 1, 1, 1, 1, 1, 2, 1, 1]",0,10181.762032425999
