,customer,weight,round,length
0,"[105, 128, 63, 41, 55, 125, 103, 174, 251, 45, 257]","[2, 1, 1, 1, 1, 1, 1, 1, 1, 1, 1]",0,6880.662524701501
1,"[13, 27, 84, 214, 143, 81, 150, 263, 137, 258]","[1, 1, 1, 1, 2, 1, 1, 1, 1, 1]",0,3282.6807539712004
2,[],[],0,0.0
