,customer,weight,round,length
0,"[33, 72, 155, 126, 124, 125, 76, 8, 3, 97, 96, 154]","[1, 2, 2, 1, 1, 1, 1, 1, 1, 1, 1, 2]",0,6517.3746705107
1,"[32, 147, 146, 25, 144, 134, 143, 145, 160, 142]","[1, 3, 3, 2, 1, 1, 1, 1, 1, 1]",0,1925.5820588651002
