,customer,weight,round,length
0,"[96, 142, 78, 99, 136, 40]","[1, 1, 7, 2, 2, 2]",0,4866.292379748001
1,"[62, 7, 54, 8, 10, 156, 16, 115, 27, 94, 129, 38, 124, 126]","[1, 1, 1, 1, 1, 1, 1, 1, 1, 1, 1, 2, 1, 1]",0,5612.08660407
2,[],[],1,0.0
3,"[106, 46]","[1, 1]",1,3428.929802855
