,customer,weight,round,length
0,"[69, 78, 68]","[5, 7, 3]",0,941.6923753580002
1,"[79, 63, 99, 75, 120, 119, 121, 122, 123]","[4, 1, 2, 2, 1, 1, 1, 2, 1]",0,2734.872436827
2,"[135, 71, 127, 136, 140, 159, 63, 29, 56, 54, 55]","[1, 1, 1, 2, 1, 1, 2, 3, 1, 1, 1]",1,6249.628696955
3,[],[],1,0.0
