,task,distance
0,"[0, 2]",2564.057368203
1,"[1, 3]",4478.1899153176
