,task,distance
0,"[0, 3]",4960.205294700199
1,"[1, 2]",2210.1406200237
