,task,distance
0,"[0, 3]",6687.5146951609995
1,"[1, 2]",8095.5464242454
