,task,distance
0,[0],6517.3746705107
1,[1],1925.5820588651
