,task,distance
0,[0],6059.2693590188
1,[1],3697.667929259
