,customer,weight,round,length
0,"[53, 22, 163, 165, 59, 108, 170, 143, 141, 34]","[1, 1, 3, 1, 1, 1, 1, 3, 2, 1]",0,6971.0517383761
1,"[157, 146, 89, 129, 48, 71, 122, 125, 173, 172, 74, 51, 99, 97]","[1, 1, 1, 1, 1, 1, 1, 1, 2, 1, 1, 1, 1, 1]",0,7397.1480123158
2,"[174, 135, 153, 156, 150, 94, 57, 103, 45, 14, 160, 6, 8]","[1, 1, 1, 1, 1, 1, 1, 1, 2, 2, 1, 1, 1]",0,13727.796064449998
