,customer,weight,round,length
0,"[13, 38, 118]","[1, 5, 1]",0,1417.808652252
1,[],[],0,0.0
2,[],[],0,0.0
3,[],[],0,0.0
4,"[14, 144, 48, 130, 80, 29, 105, 40, 109]","[3, 2, 1, 1, 2, 1, 1, 1, 1]",0,6083.210248993999
