,customer,weight,round,length
0,"[9, 5, 11, 42, 16, 41, 40, 44, 46]","[1, 1, 1, 2, 1, 1, 1, 4, 1]",0,2467.400817902
1,"[47, 26, 25]","[1, 1, 1]",0,667.362809592
2,[],[],0,0.0
3,[],[],0,0.0
