,task,distance
0,[0],2467.400817902
1,[1],667.362809592
2,[2],0.0
3,[3],0.0
