,customer,weight,round,length
0,"[31, 15, 6, 45, 44, 0, 11, 27, 22, 38]","[1, 1, 1, 1, 1, 1, 2, 1, 2, 2]",0,3309.6683924741
1,[32],[1],0,155.6301200534
2,[],[],0,0.0
3,[],[],0,0.0
