,task,distance
0,"[0, 3, 4]",61360.829279406
1,"[1, 2, 5]",74500.04078221731
