,customer,weight,round,length
0,[],[],0,0.0
1,"[74, 3, 51, 72, 13, 8, 19, 81]","[1, 2, 1, 1, 2, 1, 1, 1]",0,2000004443.707552
2,[],[],0,0.0
3,"[63, 43, 46, 47, 48, 37, 39, 66, 67, 90]","[1, 2, 1, 1, 1, 1, 1, 1, 3, 1]",0,2000002535.857497
