,task,distance
0,[0],0.0
1,[1],2000004385.927472
2,[2],0.0
3,[3],3157.417557449
