,task,distance
0,[0],2513.820344541
1,[1],1307.5421898047
2,[2],2072.9257680170003
