,customer,weight,round,length
0,"[67, 17, 19, 16, 39, 43, 68, 58]","[1, 1, 1, 1, 2, 3, 3, 3]",0,2774.3477879429997
1,[56],[2],1,2254.4141173
