,task,distance
0,"[0, 6, 10]",8171.765815506
1,"[1, 5, 9]",8905.743514615002
2,"[2, 7, 8]",9454.645773783
3,"[3, 4, 11]",6292.781872123
