,task,distance
0,"[0, 3]",5324.2582738190995
1,"[1, 2]",4141.434412529899
