,task,distance
0,[0],2000000325.4489584
1,[1],0.0
2,[2],3000003004.0425053
3,[3],0.0
