,customer,weight,round,length
0,"[5, 23]","[1, 2]",0,731.617003784
1,[1],[2],0,280.977354402
2,[],[],0,0.0
3,[25],[14],0,270.055264266
4,[],[],0,0.0
