,customer,weight,round,length
0,[],[],0,0.0
1,"[11, 10, 9, 20]","[2, 1, 1, 2]",0,2154.1771712751
2,[],[],0,0.0
3,[20],[15],0,56.8270419942
4,[],[],0,0.0
