,task,distance
0,[0],0.0
1,[1],113.844726223
2,[2],0.0
3,[3],0.0
4,[4],1442.6734316335
