,task,distance
0,[0],0.0
1,[1],471.974235486
2,[2],0.0
3,[3],2653.6596559468003
4,[4],180.4569630156
