,task,distance
0,[0],0.0
1,[1],0.0
2,[2],180.4569630156
3,[3],2848.0021901778
4,[4],0.0
