,customer,weight,round,length
0,[],[],0,0.0
1,"[18, 79, 22, 11, 15, 29, 59]","[1, 2, 1, 1, 1, 1, 1]",0,1712.7910652699
2,"[85, 73, 50, 48, 12, 72, 23, 55]","[1, 3, 1, 1, 1, 1, 2, 5]",0,3880.8192732790003
3,"[61, 65, 1, 46, 5, 42, 33, 45, 63, 62]","[1, 3, 1, 2, 1, 2, 1, 2, 1, 1]",0,3312.2873120388
