,customer,weight,round,length
0,"[36, 71, 33, 90, 30, 52, 8, 89, 95, 42]","[1, 1, 1, 1, 1, 2, 4, 1, 2, 1]",0,11773.12180702
1,"[79, 59, 24, 84, 81, 80, 34]","[3, 1, 1, 1, 1, 1, 7]",1,7355.2354225809995
