,customer,weight,round,length
0,"[166, 94, 95, 47, 167, 30, 164, 48, 124, 92, 155]","[2, 1, 1, 2, 1, 1, 2, 2, 1, 1, 1]",0,2500.4349602340003
1,"[126, 125, 33, 147, 35, 191, 74, 59, 96]","[1, 2, 1, 1, 1, 1, 1, 1, 1]",1,5076.69792335
