,customer,weight,round,length
0,"[85, 84, 192, 129, 50, 128, 51, 109, 108, 13]","[1, 1, 1, 2, 1, 1, 2, 3, 1, 2]",0,2227.3160898997
1,"[192, 130, 172, 114, 81, 73, 21, 104, 24, 14]","[1, 1, 1, 1, 2, 1, 1, 2, 1, 4]",1,6570.989716748999
