,customer,weight,round,length
0,"[187, 18, 19, 3, 4, 78, 117, 170, 16, 113, 116]","[2, 1, 2, 1, 1, 1, 1, 2, 1, 2, 1]",0,2266.0981308265
1,"[0, 174, 2, 80, 5, 121, 112]","[1, 3, 2, 1, 1, 3, 4]",1,4063.132503054
2,"[75, 160]","[1, 1]",2,4301.7143123999995
