,task,distance
0,"[0, 3]",19233.199111101
1,"[1, 2]",34750.910974248996
