,customer,weight,round,length
0,"[179, 35, 77, 42, 44, 21, 75, 80, 0, 139, 163, 191, 182]","[2, 1, 2, 1, 1, 1, 1, 1, 1, 1, 1, 1, 1]",0,5282.936411414001
1,"[156, 143, 64, 95, 94, 166, 113, 116, 117, 187, 78, 19]","[1, 1, 1, 1, 1, 2, 1, 1, 1, 2, 1, 2]",1,6061.827098074
2,"[30, 164, 125, 108, 192, 84, 128, 112]","[1, 2, 2, 1, 2, 1, 1, 4]",2,5480.603434295999
