,task,distance
0,"[0, 8]",8105.571374064
1,"[1, 5]",6203.337123069
2,"[2, 6]",4226.531102458
3,"[3, 7]",7220.51345937
4,"[4, 9]",4271.033419031
