,customer,weight,round,length
0,[24],[15],0,590.475899352
1,[60],[15],0,1520.294457224
2,"[24, 60]","[10, 5]",0,2110.7703565780002
3,"[106, 53, 57, 56, 31, 79, 120, 121, 66]","[1, 1, 5, 1, 1, 1, 1, 3, 1]",1,14622.91905527
4,"[72, 7, 9, 84, 77, 75, 26, 27, 95, 96, 144, 143, 116]","[1, 1, 1, 1, 2, 1, 1, 1, 2, 1, 1, 1, 1]",1,15307.621960002001
5,"[132, 133, 130, 134, 88, 149, 64, 101, 123, 60]","[1, 1, 1, 1, 1, 2, 1, 1, 1, 5]",1,19632.685338069998
6,[],[],2,0.0
7,[37],[1],2,17954.99198586
8,[],[],2,0.0
