,customer,weight,round,length
0,"[11, 108, 107, 89, 49, 17, 137, 93, 94, 81, 141]","[1, 1, 1, 2, 3, 1, 1, 1, 1, 1, 2]",0,5096.487717574
1,"[1, 111, 15, 51, 50, 12, 13, 18, 5, 70, 29]","[1, 1, 1, 2, 1, 1, 3, 1, 1, 1, 2]",0,27387.754633264998
2,"[62, 55, 35, 54, 82, 52, 122, 102, 105]","[1, 1, 1, 1, 2, 1, 5, 1, 2]",0,5052.724938957
3,[],[],1,0.0
4,[],[],1,0.0
5,"[124, 100, 3, 4]","[1, 1, 1, 1]",1,25668.423693651
