,task,distance
0,"[0, 5, 6]",20223.161237422002
1,"[1, 4, 8]",16827.916417226
2,"[2, 3, 7]",34688.681397708
