,customer,weight,round,length
0,[3],[2],0,353.70087373
1,"[16, 11, 5, 18, 7, 8, 1, 17]","[1, 1, 1, 1, 2, 4, 4, 1]",0,903.438919716
2,"[0, 9, 4, 14, 6, 2, 13, 15, 10, 3]","[1, 1, 1, 1, 1, 3, 2, 1, 1, 3]",0,297.671863973
3,[12],[3],0,475.750657404
