,customer,weight,round,length
0,"[65, 222, 221, 91, 51, 84, 82, 88, 80, 85, 301, 83, 81]","[1, 1, 1, 2, 1, 2, 1, 1, 1, 1, 1, 1, 1]",0,3790.3530749033
1,"[146, 149, 147, 59, 58, 206, 209, 150, 208, 171, 151, 25]","[1, 2, 1, 1, 1, 1, 2, 1, 1, 1, 1, 1]",0,2630.0635868163
2,[],[],0,0.0
3,"[166, 99, 98, 262, 106, 201, 257]","[1, 2, 1, 1, 1, 1, 1]",0,4062.8297213769997
