,task,distance
0,[0],2173.167516087
1,[1],2000007778.3614
2,[2],0.0
3,[3],8841.913603722001
