,task,distance
0,[0],10135.009621924
1,[1],0.0
2,[2],1375.3041266070002
3,[3],5922.738427613302
