,task,distance
0,[0],2000005677.978173
1,[1],0.0
2,[2],2000005142.3785896
3,[3],315.88781406
