,task,distance
0,[0],7380.970464187001
1,[1],3088.9341637606
2,[2],242.74331106
3,[3],2599.1963470836
