,customer,weight,round,length
0,"[72, 7, 5, 24, 9, 8, 47, 76, 13, 43]","[1, 5, 1, 1, 1, 1, 1, 1, 2, 1]",0,2273.143509314
1,"[22, 59, 50, 55, 44, 64, 0]","[1, 2, 3, 3, 3, 2, 1]",1,4602.013661920999
2,"[48, 17]","[1, 1]",2,2914.778230701
