,customer,weight,round,length
0,"[3, 32, 13, 6, 33, 4, 2, 1, 16, 18]","[1, 1, 1, 2, 1, 1, 5, 1, 1, 1]",0,2066.349589768
1,"[28, 0, 26, 17, 24, 12, 20]","[2, 1, 2, 3, 3, 1, 3]",1,1795.576772817
