,customer,weight,round,length
0,"[129, 95, 96, 97, 99, 49, 108, 52, 53]","[2, 1, 1, 1, 2, 1, 1, 3, 3]",0,5851.327878610201
1,"[10, 28, 66, 43, 105, 0, 138, 57, 41, 40]","[2, 1, 1, 1, 1, 1, 2, 1, 1, 2]",1,5449.439977519
