,customer,weight,round,length
0,"[36, 9, 51, 50, 20, 21, 101, 89, 132, 79]","[5, 1, 1, 1, 2, 1, 1, 1, 1, 1]",0,6367.4967917325
1,"[80, 27, 82, 141, 63, 76, 60, 107]","[1, 1, 1, 1, 1, 3, 1, 1]",1,3700.0366319492996
