,task,distance
0,"[0, 2]",15723.554317083
1,"[1, 3]",21943.394660608
