,task,distance
0,[0],0.0
1,[1],0.0
2,[2],0.0
3,[3],4930.766730783
4,[4],4577.281543880999
