,customer,weight,round,length
0,"[91, 8, 158, 98, 29, 55, 61, 59]","[3, 1, 2, 3, 3, 1, 1, 1]",0,4154.623903374
1,"[66, 79, 69, 156, 77, 82]","[1, 3, 5, 1, 4, 1]",1,4680.9625479228
2,"[26, 27, 17, 14, 85, 119, 120, 75, 140, 65, 22]","[1, 1, 1, 1, 1, 1, 1, 2, 1, 2, 3]",2,4663.7229828566
3,"[64, 42, 49, 126, 134, 71, 135, 40, 39, 111, 15, 76, 115]","[1, 1, 2, 1, 1, 1, 1, 2, 1, 1, 1, 1, 1]",3,5071.535061368799
4,"[48, 36, 155, 143, 160, 33, 38, 129, 131, 109, 93, 94]","[2, 1, 2, 1, 1, 1, 2, 1, 1, 1, 1, 1]",4,4796.9272965662
5,"[97, 154, 146, 107, 104, 46, 105, 44]","[1, 2, 3, 1, 1, 1, 1, 2]",5,6119.922567055999
