,CID,TTDDemd
0,10333,0.0552688986063
1,12259,0.0706768035889
2,16992,0.110537998378
3,16993,0.442151010036
4,16996,0.122697003186
5,17621,0.773764014244
6,30779,0.176535993814
7,30784,0.395074993372
8,33341,0.186639994383
9,40405,0.120347999036
10,40673,0.186639994383
11,53386,0.554713010788
12,53756,0.0614315010607
13,53757,0.122863002121
14,61483,0.279958993196
15,61485,0.0933198034763
16,61486,0.0933198034763
17,61601,0.0706768035889
