,customer,weight,round,length
0,"[143, 83, 13, 140, 4, 178, 116, 93, 119, 48, 17, 165, 222, 141]","[1, 1, 1, 1, 1, 1, 1, 1, 1, 1, 1, 1, 1, 2]",0,15042.656555937
1,"[127, 96, 216, 24, 75]","[1, 2, 1, 1, 1]",1,2000002963.6469045
