,customer,weight,round,length
0,"[82, 83, 28, 206, 136, 53, 68, 69, 222, 85, 86, 72, 13]","[1, 1, 1, 1, 1, 2, 1, 1, 1, 1, 2, 1, 1]",0,7444.2923420468
1,"[71, 194, 193, 96, 101, 168, 218]","[3, 1, 3, 2, 1, 3, 2]",1,8124.775391617
