,customer,weight,round,length
0,"[53, 197, 179, 166, 193, 192, 69, 68, 147, 72]","[2, 1, 1, 2, 3, 1, 1, 1, 2, 1]",0,16516.5211911389
1,"[128, 91, 15, 94, 152, 149, 108, 101, 168, 219]","[1, 1, 1, 1, 3, 1, 2, 1, 3, 1]",1,2000005975.650659
