,customer,weight,round,length
0,"[206, 82, 87, 163, 67, 186, 180]","[1, 1, 1, 8, 1, 2, 1]",0,2000007942.6709976
1,"[223, 114, 95, 214, 112, 16, 148, 98, 217, 167]","[1, 1, 1, 2, 1, 2, 2, 1, 1, 3]",1,2000005488.1884315
2,"[115, 81]","[2, 3]",2,2000000966.6032495
