,customer,weight,round,length
0,[],[],0,0.0
1,"[143, 176, 20, 131, 105, 10, 114, 191, 189]","[2, 2, 1, 1, 1, 2, 1, 1, 1]",0,5849.109650704
2,[],[],0,0.0
3,"[117, 76, 186, 3, 195, 0, 148]","[2, 2, 2, 1, 2, 2, 2]",0,10885.922013936
