,customer,weight,round,length
0,"[138, 11, 10, 146, 114, 191]","[1, 1, 2, 1, 1, 1]",0,1657.8489906169998
1,[],[],0,0.0
2,[],[],0,0.0
3,"[185, 183, 182, 157, 105, 133, 85, 156, 139]","[1, 1, 1, 2, 1, 1, 2, 2, 2]",0,3443.3489403067
