,task,distance
0,[0],4020.440484066
1,[1],0.0
2,[2],864.074919864
3,[3],9058.742605065
