,customer,weight,round,length
0,"[17, 27, 36, 37, 4, 5, 94, 89, 34, 33, 28, 29]","[2, 2, 2, 1, 1, 1, 1, 1, 1, 1, 1, 1]",0,3265.2677598891005
1,[],[],0,0.0
2,"[51, 56, 77]","[1, 1, 1]",0,11343.501012112
