,customer,weight,round,length
0,[],[],0,0.0
1,"[7, 75, 56, 113, 24, 54, 49]","[1, 1, 1, 1, 1, 1, 1]",0,2000011092.2620606
2,"[33, 28, 62, 102, 103, 5, 94, 79]","[1, 1, 1, 1, 3, 1, 1, 2]",0,2000002266.741573
