,task,distance
0,[0],0.0
1,[1],2000002135.0773635
2,[2],2000009329.2223225
