,customer,weight,round,length
0,"[2, 7, 9, 8, 0, 3, 12, 6, 10, 11, 1]","[1, 1, 3, 1, 1, 1, 2, 1, 1, 2, 1]",0,12106.88239869
1,"[4, 5]","[1, 1]",1,12665.71363769
