,task,distance
0,[0],5415.344327379999
1,[1],3682.5041290451
2,[2],0.0
3,[3],0.0
4,[4],0.0
