,customer,weight,round,length
0,"[13, 26, 25, 24, 2]","[5, 1, 1, 1, 1]",0,703.7152240861001
1,"[22, 1]","[5, 4]",0,694.448483411
2,[],[],0,0.0
3,[],[],0,0.0
