,customer,weight,round,length
0,[24],[15],0,653.955419356
1,"[23, 11, 22, 24]","[2, 2, 2, 2]",0,2109.088103385
