,customer,weight,round,length
0,[15],[15],0,180.4569630156
1,"[15, 13, 14, 12, 32]","[7, 3, 2, 2, 1]",0,2848.0021901778005
