,customer,weight,round,length
0,[31],[15],0,471.974235486
1,[15],[15],0,180.4569630156
2,[],[],1,0.0
3,"[32, 14, 13]","[1, 2, 3]",1,2653.659655947
