,task,distance
0,[0],2130.35383266
1,[1],936.0405348925
