,customer,weight,round,length
0,"[72, 74, 1, 77]","[2, 1, 4, 1]",0,1086.971100264
1,[],[],0,0.0
2,[],[],0,0.0
3,"[180, 75, 79, 123, 44, 69, 93, 162, 56, 101, 157, 155]","[1, 1, 1, 2, 1, 1, 1, 1, 2, 1, 1, 2]",0,7665.9991968643
