,task,distance
0,[0],1086.971100264
1,[1],0.0
2,[2],0.0
3,[3],7665.9991968643
