,task,distance
0,[0],1570.4401129710002
1,[1],0.0
2,[2],101.549289855
3,[3],5749.868374696
