,customer,weight,round,length
0,"[128, 108, 26, 126, 139, 186, 52, 94, 142, 49, 183, 185]","[1, 2, 1, 1, 1, 1, 1, 2, 1, 1, 1, 2]",0,4436.733015614999
1,"[137, 134, 133, 25, 28, 29, 31, 7, 168, 143, 95, 96, 55, 131, 146]","[1, 1, 1, 1, 1, 1, 1, 1, 1, 1, 1, 1, 1, 1, 1]",0,3881.1065361197
2,"[54, 175, 107, 176, 169, 173, 2, 153, 184]","[1, 1, 1, 1, 1, 1, 1, 7, 1]",1,4737.620592077001
3,"[10, 60, 118, 115, 63, 51, 92, 90, 88, 79, 78, 77, 179]","[1, 1, 1, 1, 1, 1, 2, 1, 1, 1, 1, 1, 2]",1,8865.632765737999
4,"[182, 46, 164, 86, 19, 97, 9, 159, 17, 33, 196]","[1, 1, 4, 1, 1, 1, 1, 1, 1, 1, 2]",2,9855.497361179001
5,"[99, 120, 5, 4, 59, 57, 122, 102, 53]","[1, 1, 1, 1, 1, 1, 1, 2, 5]",2,11058.944765365999
