,customer,weight,round,length
0,"[133, 134, 136, 140, 151, 123, 88, 68, 159, 40, 44, 172, 51]","[2, 1, 1, 1, 1, 1, 1, 1, 1, 1, 1, 1, 2]",0,8991.359191166
1,"[102, 147]","[1, 2]",0,1256.601828163
