,customer,weight,round,length
0,"[16, 62, 84, 19, 81, 17]","[1, 3, 2, 1, 4, 1]",0,1767.790516154
1,"[73, 14, 72]","[4, 1, 4]",0,1278.6188816109998
2,"[18, 0, 58, 1, 53, 27, 78, 77]","[4, 1, 1, 1, 1, 2, 1, 2]",0,4812.586045314
3,[],[],0,0.0
4,[79],[9],0,831.369220088
