,customer,weight,round,length
0,"[124, 64, 4, 24, 66]","[1, 1, 1, 11, 1]",0,27599.409259646996
1,"[144, 24]","[1, 14]",0,10324.722325779
2,"[130, 132, 120, 72, 27, 29, 70, 9]","[1, 1, 1, 1, 1, 2, 1, 1]",0,10971.741739729001
3,"[62, 35, 52, 122, 17, 107, 93, 51, 50]","[1, 1, 1, 5, 1, 1, 1, 2, 1]",0,12360.733226228
