,customer,weight,round,length
0,[],[],0,0.0
1,"[31, 79, 122, 4, 64, 124, 57]","[1, 1, 5, 1, 1, 1, 5]",0,34394.811616445004
2,"[96, 144, 143, 116]","[1, 1, 1, 1]",0,2487.061573243
3,"[72, 7, 77, 70, 9, 84, 5, 29, 75, 26, 27, 95]","[1, 1, 2, 1, 1, 1, 1, 2, 1, 1, 1, 2]",0,5485.716948681598
