,task,distance
0,[0],27599.409259647
1,[1],10324.722325779
2,[2],10971.741739729
3,[3],12360.733226228
