,customer,weight,round,length
0,"[16, 9, 15, 13, 0, 5, 11, 17, 1, 10, 4, 2, 7, 3]","[1, 1, 1, 1, 1, 2, 1, 1, 1, 1, 1, 1, 1, 1]",0,2058.2434528149997
1,"[8, 12, 5, 6]","[1, 1, 5, 8]",1,1934.412909398
2,"[12, 14]","[1, 1]",2,3805.22233714
