,customer,weight,round,length
0,"[51, 56, 65, 66]","[1, 1, 1, 10]",0,1242.5426919679999
1,"[54, 53, 50, 67]","[6, 1, 3, 3]",0,1569.454552032
