,task,distance
0,[0],2797.536125019
1,[1],143.196378053
