,task,distance
0,[0],1242.542691968
1,[1],1569.454552032
