,customer,weight,round,length
0,[],[],0,0.0
1,[4],[9],0,142.6452745412
2,"[6, 3]","[1, 1]",0,2243.9142349539998
