,customer,weight,round,length
0,"[143, 145, 148, 142, 115, 93, 94, 100, 79, 103, 109]","[2, 1, 1, 1, 1, 3, 1, 1, 1, 2, 1]",0,2000007570.0071452
1,"[129, 121, 123, 122, 106, 105, 22, 23, 87, 86, 114]","[2, 2, 1, 2, 1, 2, 1, 1, 1, 1, 1]",0,2000004349.6039405
2,"[6, 61, 7, 8, 63, 66, 54, 46, 24]","[1, 1, 1, 1, 1, 1, 1, 1, 1]",1,2000008622.0172315
3,[],[],1,0.0
