,task,distance
0,"[0, 3]",2000007570.0071447
1,"[1, 2]",4000012971.621172
