,customer,weight,round,length
0,"[64, 40, 59, 27, 29]","[4, 2, 1, 1, 7]",0,3264.8012940069993
1,"[42, 68, 57]","[2, 1, 1]",1,2047.7544129070002
