,customer,weight,round,length
0,[130],[8],0,281.4071299
1,"[51, 94, 93, 92, 66, 64, 88, 89, 34, 141]","[2, 1, 1, 1, 2, 1, 1, 2, 2, 1]",0,4633.648257745
2,"[44, 47, 25, 27, 133, 46, 63]","[1, 2, 3, 3, 2, 1, 1]",0,2938.033892725
