,task,distance
0,[0],1312.473518267
1,[1],322.56765989
2,[2],3877.188613164
