,task,distance
0,[0],281.4071299
1,[1],4633.648257745
2,[2],2938.033892725
