,customer,weight,round,length
0,"[69, 48, 17, 18, 15, 70, 79, 56, 84, 91]","[5, 1, 2, 1, 1, 1, 1, 1, 1, 1]",0,2337.674644688
1,"[4, 57]","[1, 1]",1,992.792731442
