,customer,weight,round,length
0,"[50, 26, 35, 70, 18, 45, 38, 39, 87, 4, 84]","[1, 1, 1, 1, 1, 1, 4, 2, 1, 1, 1]",0,4744.711224063999
1,[24],[9],1,3564.47448988
