,customer,weight,round,length
0,"[91, 112, 61, 60, 103, 9, 15, 25, 26, 86, 27, 64]","[1, 2, 1, 2, 1, 1, 1, 1, 1, 1, 1, 1]",0,3212.103300757
1,"[8, 66, 89, 38, 69, 68, 67, 17, 19]","[2, 1, 1, 1, 1, 1, 1, 1, 1]",0,2432.330116386
