,task,distance
0,"[0, 2]",3681.754776231999
1,"[1, 3]",4362.950827577
