,customer,weight,round,length
0,"[145, 147, 68, 67, 104, 144, 105, 101, 100]","[3, 1, 3, 2, 1, 2, 1, 1, 1]",0,1850.4355443466002
1,"[99, 128, 103, 149, 46, 132]","[1, 1, 2, 1, 1, 2]",0,973.9854493948999
2,"[111, 97, 96, 1, 2, 137, 121, 54, 55, 131]","[1, 1, 1, 1, 1, 1, 1, 1, 2, 2]",0,3828.286492855
