,customer,weight,round,length
0,"[74, 175, 173, 150, 41, 146, 177, 182, 162, 23, 94]","[1, 2, 4, 1, 1, 1, 1, 1, 1, 1, 1]",0,11905.588752038999
1,"[30, 158, 38, 85, 83, 15, 141, 117, 125, 29, 161]","[1, 1, 1, 1, 1, 1, 1, 1, 1, 4, 2]",0,5528.972438792
2,[57],[15],0,842.21978025
3,[],[],1,0.0
4,[],[],1,0.0
5,"[5, 107, 143]","[1, 4, 3]",1,21190.759133716
