,task,distance
0,[0],1734.898164029
1,[1],13345.624875299998
2,[2],812.901879917
