,customer,weight,round,length
0,[],[],0,0.0
1,[],[],0,0.0
2,"[110, 111, 57, 81, 58, 84, 91, 92, 94, 31, 109, 47]","[2, 1, 2, 2, 1, 1, 1, 1, 1, 1, 1, 1]",0,4163.413438752
3,"[29, 34, 11]","[1, 1, 1]",0,1209.385302427
4,[],[],0,0.0
