,customer,weight,round,length
0,[],[],0,0.0
1,"[94, 115, 105, 100, 117, 97, 10, 108, 5]","[1, 2, 2, 1, 2, 1, 1, 2, 3]",0,5727.787193239001
2,[],[],0,0.0
3,"[110, 57, 77, 16, 87, 34]","[2, 2, 2, 1, 1, 1]",0,3237.0761906039997
4,[],[],0,0.0
