,customer,weight,round,length
0,"[114, 21, 20, 115, 77, 78, 16, 62, 17, 85]","[2, 1, 1, 2, 2, 1, 1, 1, 1, 1]",0,2040.0097111276
1,[],[],0,0.0
2,"[112, 87, 23, 103]","[1, 1, 1, 1]",0,2141.783262956
3,[],[],0,0.0
4,[],[],0,0.0
