,task,distance
0,[0],0.0
1,[1],0.0
2,[2],4163.413438752
3,[3],1209.385302427
4,[4],0.0
