,customer,weight,round,length
0,[],[],0,0.0
1,"[143, 134, 156, 157, 191, 179, 36, 144, 105, 145, 150]","[1, 1, 1, 1, 1, 2, 1, 1, 2, 1, 1]",0,2546.813355313
2,"[68, 60, 41, 67, 65, 64, 62, 61, 149]","[1, 1, 1, 1, 1, 1, 1, 1, 2]",0,1407.9534952336
