,task,distance
0,[0],5989.033161085
1,[1],1119.0056767997
2,[2],1309.7134847375
