,task,distance
0,"[0, 3]",5515.801237902
1,"[1, 2]",3759.79932946
