,customer,weight,round,length
0,"[16, 78, 87, 80, 12, 55, 30]","[1, 1, 2, 3, 2, 1, 3]",0,5168.972324394
1,"[84, 71, 59, 62, 54, 95, 51, 154, 152, 153, 121]","[1, 3, 2, 1, 1, 1, 1, 2, 1, 1, 1]",0,6216.529248887
2,"[147, 149, 101, 23, 66, 146, 144, 141]","[1, 1, 2, 3, 2, 1, 1, 2]",0,3340.018386443
