,task,distance
0,[0],0.0
1,[1],0.0
2,[2],3684.450160227
3,[3],0.0
4,[4],236.418100712
