,customer,weight,round,length
0,"[112, 113, 78, 129, 44]","[4, 3, 4, 1, 2]",0,1418.724379635
1,"[114, 119]","[2, 1]",0,685.832430458
2,"[62, 63, 139, 108, 137, 77, 116, 64, 120]","[1, 2, 2, 3, 2, 1, 1, 2, 1]",0,5415.880099987
