,customer,weight,round,length
0,[],[],0,0.0
1,"[62, 22, 86, 35, 162, 106, 230, 82]","[2, 2, 1, 1, 1, 2, 1, 3]",0,11626.750305174999
2,"[175, 56, 13, 121, 46, 0, 94, 10, 174, 93, 152, 138, 27]","[1, 1, 1, 1, 1, 1, 1, 1, 1, 1, 1, 1, 1]",0,10843.069729516
