,customer,weight,round,length
0,"[70, 63, 48, 37, 85, 87, 36, 88, 129, 89, 100, 102, 71]","[1, 2, 1, 1, 1, 1, 1, 1, 1, 1, 1, 2, 1]",0,1583.4417732549
1,"[49, 100, 50, 64, 69, 73, 62, 6, 5, 0]","[1, 2, 1, 1, 1, 1, 5, 1, 1, 1]",1,2906.4959100449005
2,"[101, 64, 104, 75, 74]","[1, 1, 3, 2, 1]",2,2371.0482537089997
