,task,distance
0,"[0, 8]",5277.8669138004
1,"[1, 5]",6679.3230468335
2,"[2, 7]",5627.086440285101
3,"[3, 6]",6279.083003109
4,"[4, 9]",17531.365921061
