,customer,weight,round,length
0,"[1, 25, 9, 24, 6, 7, 17, 10, 28, 29, 0, 22]","[1, 1, 1, 1, 1, 1, 1, 1, 3, 2, 1, 1]",0,2110.3120998557
1,"[28, 55, 56]","[1, 1, 3]",1,5362.259000901
