,customer,weight,round,length
0,"[68, 63, 47, 60, 50, 33, 12]","[1, 1, 1, 1, 1, 2, 8]",0,3338.9311515938
1,"[62, 66, 33, 42, 56, 5, 13]","[3, 3, 1, 1, 3, 1, 3]",1,6271.634065753
2,[48],[1],2,2778.8980438
