,customer,weight,round,length
0,"[5, 2, 55, 56, 24]","[2, 1, 1, 1, 10]",0,3708.275731186
1,[24],[13],0,1819.176081632
