,customer,weight,round,length
0,[],[],0,0.0
1,"[77, 42, 79, 45, 101, 103, 162, 189, 54, 56, 82, 160, 191]","[2, 1, 1, 1, 1, 2, 1, 1, 1, 1, 1, 1, 1]",0,2577.6861632756
2,"[134, 143, 150, 145, 144, 105]","[1, 1, 1, 1, 1, 2]",0,1161.9477275611998
3,[],[],0,0.0
4,"[55, 182, 158, 157, 156, 60, 67, 65, 149, 61, 35, 36, 179]","[1, 1, 1, 1, 1, 1, 1, 1, 2, 1, 1, 1, 2]",0,2482.1664184314
