,customer,weight,round,length
0,"[3, 9, 15]","[13, 1, 1]",0,2109.0556998029997
1,"[23, 38, 11]","[1, 2, 1]",1,2227.45036826
