,customer,weight,round,length
0,"[47, 62, 63, 59, 12, 32, 64, 38]","[3, 1, 1, 3, 2, 1, 3, 1]",0,2849.2452597869997
1,"[18, 53, 67, 50, 68, 27, 58, 30, 57, 25, 23]","[2, 1, 1, 1, 1, 1, 2, 2, 2, 1, 1]",0,3805.3434096329997
2,[41],[3],0,612.760114058
3,"[7, 44, 46, 45, 65, 13, 4, 43, 3, 15, 2]","[2, 1, 1, 1, 3, 1, 1, 1, 1, 2, 1]",0,2379.7371948216
4,[37],[1],0,94.7338973016
