,task,distance
0,[0],0.0
1,[1],3038.139311705
2,[2],453.348848604
3,[3],453.348848604
