,task,distance
0,[0],0.0
1,[1],3761.85428143
2,[2],529.1498962229999
3,[3],0.0
