,task,distance
0,[0],2991.215039368
1,[1],1420.4421069969
2,[2],114.8294386178
3,[3],3020.408815832
