,task,distance
0,[0],458.977817886
1,[1],3078.977273247
