,task,distance
0,[0],458.977817886
1,[1],1638.5569154819998
