,task,distance
0,[0],202.216894374
1,[1],2672.66414792
