,task,distance
0,[0],111.2543393954
1,[1],2631.322774594
