,task,distance
0,"[0, 2, 4]",7254.335400516698
1,"[1, 3, 5]",10051.638217831702
