,customer,weight,round,length
0,"[31, 23, 30, 41, 38, 39, 37, 26, 27, 17, 21]","[1, 1, 1, 2, 1, 3, 1, 2, 1, 1, 1]",0,5065.632053176999
1,"[3, 5, 50, 49, 14, 13, 19, 31, 43, 52, 46, 45, 10]","[1, 1, 1, 1, 1, 1, 1, 1, 1, 3, 1, 1, 1]",1,4190.5087709762
2,"[58, 57, 12, 24, 9, 25, 29, 48]","[1, 1, 1, 1, 1, 3, 3, 4]",2,5976.9506572892
3,"[25, 42]","[11, 4]",3,3445.331235148
4,[42],[10],4,2994.04994866
