,task,distance
0,"[0, 3]",8216.991049405
1,"[1, 2]",5911.9881213332
