,customer,weight,round,length
0,"[26, 24, 40, 22, 42, 1, 29, 2, 15, 16, 52, 5]","[1, 1, 1, 1, 1, 1, 3, 1, 1, 1, 2, 1]",0,2431.9143870424
1,"[47, 46, 44, 34]","[1, 1, 1, 1]",1,1421.490530347
