,task,distance
0,"[0, 6]",4601.6921567316
1,"[1, 7]",4346.493865391
2,"[2, 4]",4313.022140497401
3,"[3, 5]",4157.5624485293
