,task,distance
0,[0],553.220150506
1,[1],1155.8845214859998
