,customer,weight,round,length
0,[8],[1],0,520.456717754
1,"[15, 25, 18, 4]","[1, 1, 1, 1]",0,3260.916167317
2,[],[],0,0.0
