,customer,weight,round,length
0,"[157, 69, 153, 26, 95, 156, 54, 51, 119, 135, 126, 125, 50]","[1, 1, 2, 1, 1, 1, 1, 1, 1, 1, 1, 1, 1]",0,5421.620915103201
1,"[142, 133, 48]","[1, 1, 1]",0,796.6337007129999
