,customer,weight,round,length
0,[],[],0,0.0
1,[24],[14],0,993.487508298
2,[24],[13],0,993.487508298
3,"[11, 9, 2, 3, 47, 45, 5]","[1, 1, 1, 2, 1, 1, 1]",0,4654.353277368001
