,task,distance
0,[0],30.4994597002
1,[1],6190.698782779
2,[2],30.4994597002
3,[3],0.0
