,CID,TTDDemd
0,4200,7.43970012665
1,22910,7.43970012665
