,customer,weight,round,length
0,"[108, 107, 19, 18, 163, 75, 125, 173, 27]","[1, 1, 2, 1, 3, 2, 1, 2, 1]",0,2396.4058795443
1,"[170, 143, 120, 145, 142, 141, 80, 55, 34, 33]","[1, 3, 1, 2, 1, 2, 1, 2, 1, 1]",0,1855.7950697652002
2,"[59, 165, 54, 164, 22, 21, 83, 81, 52, 53]","[1, 1, 1, 1, 1, 1, 1, 1, 1, 1]",0,1304.5761911231
3,"[169, 168, 117, 106, 79, 35, 118]","[2, 1, 1, 1, 1, 2, 2]",0,16948.691629245
