,task,distance
0,[0],2080.1905438399
1,[1],1160.6849533435
2,[2],13797.8532868402
3,[3],1034.4972536967998
