,task,distance
0,[0],2649.7778023190003
1,[1],633.980732631
2,[2],0.0
