,task,distance
0,[0],0.0
1,[1],2877.18390782
2,[2],2100.4635528628
