,task,distance
0,[0],6664.36247276
1,[1],0.0
2,[2],158.978472868
