,customer,weight,round,length
0,[5],[11],0,1679.165537828
1,[],[],0,0.0
2,[1],[7],0,297.795400196
