,customer,weight,round,length
0,[59],[15],0,2452.01523016
1,"[38, 47, 66, 64, 46, 22, 71]","[1, 1, 1, 1, 2, 1, 1]",0,6698.939252337
2,"[59, 28, 25]","[11, 3, 1]",0,3479.0536475869994
3,[],[],0,0.0
4,[],[],0,0.0
