,customer,weight,round,length
0,[],[],0,0.0
1,"[114, 126, 115, 113, 175, 128, 150, 151, 193, 42, 83, 81, 135, 26]","[1, 1, 2, 1, 1, 1, 1, 1, 1, 1, 1, 1, 1, 1]",0,8300.760021334
2,"[27, 186, 16]","[1, 8, 5]",0,7339.8806598746005
3,[],[],0,0.0
4,"[186, 85, 17]","[12, 1, 1]",0,1063.256829687
