,customer,weight,round,length
0,"[182, 140, 148, 174, 79, 45, 60, 46, 64]","[1, 2, 1, 1, 1, 1, 1, 1, 1]",0,3173.264499358
1,[],[],0,0.0
2,[],[],0,0.0
3,[],[],0,0.0
4,"[149, 58, 101, 120, 125, 31, 211, 44, 1, 0]","[1, 1, 1, 1, 2, 2, 3, 1, 2, 1]",0,13828.867523042001
