,customer,weight,round,length
0,[],[],0,0.0
1,"[82, 121, 123, 100, 24, 172, 25, 171, 9, 10]","[1, 2, 2, 2, 2, 1, 1, 1, 1, 1]",0,3902.758979392
2,[],[],0,0.0
3,[],[],0,0.0
4,"[106, 57, 184, 32, 56, 54, 53, 21, 112]","[2, 1, 1, 2, 1, 2, 2, 1, 2]",0,5953.226934664
