,task,distance
0,[0],407.267957014
1,[1],228.748060352
