,customer,weight,round,length
0,"[97, 37]","[2, 3]",0,418.0556618385
1,"[96, 95, 38, 99, 39, 109, 69, 35, 36]","[1, 2, 1, 1, 1, 1, 1, 2, 2]",0,1633.8813086373002
2,[],[],0,0.0
3,[],[],0,0.0
