,task,distance
0,[0],418.0556618385
1,[1],1633.8813086373002
2,[2],0.0
3,[3],0.0
