,customer,weight,round,length
0,"[32, 54, 50, 55, 46, 58, 43, 39, 37, 36, 51]","[1, 2, 1, 1, 1, 1, 4, 1, 1, 1, 1]",0,2000010640.588517
1,"[58, 2, 13, 49]","[1, 1, 1, 1]",1,2000025701.7933257
