,customer,weight,round,length
0,"[129, 2, 0, 98, 10, 30]","[1, 1, 1, 2, 2, 1]",0,3944.4657262689993
1,[],[],0,0.0
2,"[166, 165, 163, 52, 43, 113, 131, 132, 135, 133, 75]","[1, 1, 1, 1, 1, 1, 1, 1, 1, 1, 1]",0,2942.5586115489
3,"[106, 105, 104, 103, 22, 23, 5, 63, 64]","[2, 1, 1, 1, 3, 1, 3, 1, 2]",0,2249.6048155521003
