,task,distance
0,[0],1559.338544153
1,[1],4882.369555391
2,[2],6159.1943850861
3,[3],0.0
