,task,distance
0,[0],3944.4657262689993
1,[1],0.0
2,[2],2942.5586115489
3,[3],2249.6048155521003
