,task,distance
0,[0],142.6452745412
1,[1],2896.59480718
