,task,distance
0,[0],4928.081705178
1,[1],0.0
2,[2],4118.947886773
3,[3],0.0
4,[4],0.0
