,task,distance
0,[0],0.0
1,[1],2435.8913538988
2,[2],5459.897273311701
3,[3],346.1047126527
4,[4],0.0
