,customer,weight,round,length
0,"[11, 80, 33, 95, 19]","[1, 1, 1, 1, 1]",0,3780.1569813230003
1,"[3, 50, 68, 109, 36]","[1, 1, 2, 10, 1]",0,3563.816426276
