,customer,weight,round,length
0,"[36, 82, 23, 55, 53, 62, 78, 42, 77]","[1, 2, 1, 1, 1, 1, 1, 5, 2]",0,4992.282126121999
1,"[26, 38, 9, 30, 1, 5]","[2, 1, 1, 1, 1, 1]",0,2917.0086693109997
2,[],[],0,0.0
