,task,distance
0,[0],329.582500018
1,[1],4994.898876984
2,[2],0.0
3,[3],4161.402909973
4,[4],0.0
