,task,distance
0,"[0, 5]",5809.2271561129
1,"[1, 7]",3054.8455178887
2,"[2, 9]",4703.9595923305005
3,"[3, 6]",4171.8353333615005
4,"[4, 8]",5071.0919861487
