,customer,weight,round,length
0,"[24, 33, 27, 11, 13, 19, 29, 18, 10, 20, 21]","[1, 1, 1, 1, 1, 1, 1, 1, 3, 2, 2]",0,3155.9769637445997
1,[],[],0,0.0
2,"[23, 36]","[1, 1]",0,173.071456592
3,"[2, 1, 7, 0, 4, 30, 25, 26, 31, 6, 32]","[2, 1, 1, 1, 1, 2, 2, 1, 2, 1, 1]",0,2045.7471830091001
4,"[9, 8, 34, 22]","[2, 4, 6, 3]",0,1438.556414881
