,customer,weight,round,length
0,"[103, 158, 166, 246, 175, 108, 154, 263]","[1, 1, 1, 1, 1, 1, 1, 1]",0,5432.954660605
1,"[27, 212, 77, 45, 14, 66, 68, 71, 30]","[1, 1, 1, 1, 2, 1, 1, 1, 2]",0,3187.1986924740004
