,customer,weight,round,length
0,"[30, 239, 260, 237, 245, 84, 212, 27]","[2, 1, 1, 2, 1, 1, 1, 1]",0,3044.969704406
1,"[129, 34, 13, 132, 45, 234, 38, 257, 258]","[1, 1, 1, 1, 1, 1, 1, 1, 1]",0,2062.9964453817
