,customer,weight,round,length
0,"[246, 240, 175, 108, 88, 181, 63, 193]","[1, 2, 1, 1, 1, 1, 1, 1]",0,3170.4971220855
1,"[195, 41, 97, 100, 55, 54, 166, 114, 125]","[1, 1, 3, 1, 1, 1, 1, 2, 1]",0,2728.299994563
