,customer,weight,round,length
0,"[182, 199, 103]","[1, 1, 1]",0,729.3128046372999
1,"[110, 111, 112, 158, 231, 174, 207, 225, 134, 137, 262, 105, 128, 200]","[1, 1, 1, 1, 1, 1, 1, 1, 1, 1, 1, 2, 1, 1]",0,5144.491238508001
