,task,distance
0,[0],729.3128046372999
1,[1],5144.491238508001
