,task,distance
0,[0],5432.954660605
1,[1],3187.1986924740004
