,task,distance
0,[0],0.0
1,[1],0.0
2,[2],2377.207301296
3,[3],5351.931198301
