,task,distance
0,[0],4977.808993002999
1,[1],3579.9756011030004
2,[2],2994.04994866
3,[3],2231.37686866
4,[4],2626.5729708380004
