,customer,weight,round,length
0,[8],[12],0,1215.26557037
1,"[24, 38, 44, 32, 51, 53, 34, 54]","[2, 1, 2, 2, 2, 1, 2, 1]",0,4005.484067632
2,[],[],0,0.0
3,"[36, 19, 41, 11, 35, 33]","[1, 3, 1, 1, 3, 1]",0,4027.4789776750004
