,customer,weight,round,length
0,"[35, 13, 33]","[3, 1, 1]",0,3597.7535334379995
1,[8],[12],0,1215.26557037
2,[9],[12],0,102.0506550776
3,"[25, 24, 56, 51, 28, 32, 53, 54, 34, 50]","[1, 2, 1, 2, 1, 2, 1, 1, 2, 1]",0,3707.7141242770003
