,customer,weight,round,length
0,"[205, 8, 131, 216, 117, 51, 230, 213, 24, 206, 20]","[2, 1, 1, 2, 1, 2, 1, 1, 2, 1, 1]",0,9023.496954317001
1,"[110, 23, 92, 86, 221, 11, 57, 197, 89, 4, 95]","[1, 1, 2, 1, 1, 1, 1, 1, 1, 1, 1]",1,9549.988001742999
