,customer,weight,round,length
0,"[83, 185, 140, 122, 24, 123, 218, 183, 239]","[1, 3, 2, 1, 2, 1, 2, 1, 2]",0,2726.531274346
1,"[138, 184, 7, 206, 6, 229, 213, 159, 230, 51, 239]","[2, 2, 2, 1, 1, 1, 1, 1, 1, 2, 1]",1,6366.816612888001
2,"[87, 190, 29]","[4, 1, 1]",2,5819.450107454
