,CID,TTDDemd
0,12734,17.6373996735
1,40589,0.146183997393
2,47674,17.7835998535
