,customer,weight,round,length
0,"[29, 3, 77, 119, 95, 122, 11, 76, 30, 147]","[1, 2, 2, 1, 1, 1, 1, 1, 1, 4]",0,4768.589092081999
1,"[109, 101, 96, 127, 134, 152, 151, 121, 68, 149, 147]","[1, 1, 1, 1, 1, 2, 1, 1, 1, 1, 4]",1,5097.426046497
2,"[171, 110, 102, 120, 148, 178, 179, 181, 182, 53, 150]","[2, 2, 1, 1, 1, 2, 1, 1, 2, 1, 1]",2,6058.445639626999
