,customer,weight,round,length
0,[],[],0,0.0
1,"[4, 227, 103, 195, 223, 263, 98, 107, 60, 248]","[3, 1, 1, 1, 1, 1, 1, 1, 1, 1]",0,7302.5901292246
2,"[176, 177, 179, 178, 62, 128, 222, 237, 83, 11, 132, 131, 221, 127]","[1, 1, 1, 1, 1, 1, 1, 1, 1, 1, 1, 1, 1, 1]",0,8800.996513182
3,[],[],0,0.0
