,task,distance
0,[0],0.0
1,[1],5375.558206309
2,[2],0.0
3,[3],144.4567989976
4,[4],316.556030734
