,task,distance
0,[0],1791.238149611
1,[1],0.0
2,[2],699.7396004591001
3,[3],0.0
4,[4],0.0
