,task,distance
0,[0],0.0
1,[1],1936.221882993
2,[2],0.0
3,[3],0.0
4,[4],3352.0387300231
