,task,distance
0,[0],0.0
1,[1],10408.084146646
2,[2],0.0
3,[3],9538.647975021
4,[4],0.0
