,task,distance
0,[0],4583.124373492999
1,[1],1635.5514602845
