,task,distance
0,"[0, 5]",22032.978913966002
1,"[1, 3]",8186.345536135
2,"[2, 4]",14080.449488118
