,customer,weight,round,length
0,[63],[1],0,414.000270396
1,[],[],0,0.0
2,[],[],0,0.0
3,"[33, 21, 65, 27, 41, 55]","[2, 1, 2, 1, 1, 1]",0,13317.207012362
