,customer,weight,round,length
0,[25],[15],0,54.9924736466
1,"[25, 12, 18]","[2, 2, 3]",1,8732.051016241301
