,customer,weight,round,length
0,[32],[15],0,79.3129266994
1,"[32, 19, 7]","[2, 1, 1]",1,8113.7883327237
