,task,distance
0,[0],871.0270267368999
1,[1],1938.763240004
2,[2],4279.010719577999
