,customer,weight,round,length
0,"[73, 110, 84, 69, 71, 70, 108, 59, 63, 99, 147]","[1, 1, 1, 1, 3, 2, 1, 2, 1, 1, 1]",0,2842.4875353312
1,"[78, 75, 129, 76, 87, 24, 149, 150, 40, 139, 19, 48, 17, 16]","[1, 1, 1, 1, 2, 1, 1, 1, 1, 1, 1, 1, 1, 1]",0,2964.2976302865004
2,"[66, 67, 28, 118, 144, 36, 35, 43, 44, 82, 69, 62, 53]","[2, 1, 1, 1, 1, 1, 1, 1, 1, 1, 2, 1, 1]",1,5861.701174221999
3,"[146, 9, 23, 101, 1, 0, 77]","[1, 2, 3, 2, 2, 2, 3]",1,2948.037709998
4,"[30, 10, 134, 11, 8, 2, 12, 80]","[3, 1, 3, 1, 1, 1, 2, 3]",2,4372.503562649001
5,"[52, 97, 54, 88, 95, 121, 41, 32, 140, 141, 29]","[2, 2, 1, 1, 1, 1, 2, 1, 1, 2, 1]",2,6974.518489725001
6,"[51, 50, 128, 92, 93, 94]","[1, 5, 1, 1, 1, 5]",3,3420.6623038973
7,"[154, 152, 153, 91, 22, 98, 138, 56, 55, 131]","[2, 1, 1, 2, 1, 1, 1, 2, 1, 2]",3,8259.206394192
