,task,distance
0,"[0, 2, 4, 6]",16497.3545760995
1,"[1, 3, 5, 7]",21146.0602242015
