,customer,weight,round,length
0,"[16, 62, 17, 14, 3, 67, 47, 46, 86, 79]","[1, 3, 1, 1, 1, 1, 1, 1, 3, 2]",0,5595.274038181
1,"[77, 10, 64, 0, 58, 57, 53]","[2, 3, 6, 1, 1, 1, 1]",0,8938.362795449999
2,[],[],1,0.0
3,"[44, 48]","[1, 1]",1,4514.647334025601
