,task,distance
0,[0],1310.5609793678
1,[1],5704.116708433099
2,[2],1402.690623805
