,task,distance
0,[0],5657.2147801077
1,[1],5883.799538374001
2,[2],105.0018041494
