,customer,weight,round,length
0,"[20, 53, 30, 61, 99, 91, 93, 92, 32, 88, 40, 39, 38, 57]","[1, 1, 1, 1, 1, 1, 1, 1, 2, 1, 1, 1, 1, 1]",0,3501.0669887065
1,"[50, 25, 60, 34, 84, 97, 59, 48, 41, 13, 55, 96]","[1, 1, 1, 1, 1, 1, 2, 1, 2, 1, 1, 2]",0,4677.632017471
2,"[66, 87, 71, 72, 5, 3, 69, 18, 73]","[1, 1, 1, 2, 2, 1, 2, 1, 1]",1,6103.2692590649995
3,[],[],1,0.0
