,customer,weight,round,length
0,"[4, 30, 13, 17, 19, 9, 12, 31, 10, 6, 28, 15, 18]","[1, 1, 1, 1, 1, 1, 2, 1, 1, 1, 1, 1, 2]",0,2132.601175229
1,"[14, 2, 20, 11, 8, 34, 29, 26, 33, 16, 7, 32, 5]","[1, 1, 1, 1, 1, 1, 1, 1, 1, 1, 2, 2, 1]",0,1138.4209602558
2,[],[],1,0.0
3,"[3, 27, 25, 23, 22, 21, 24, 1, 0]","[1, 1, 1, 1, 2, 1, 2, 2, 1]",1,2217.0344086200002
