,task,distance
0,[0],300.445546308
1,[1],3722.3533180728
2,[2],0.0
