,task,distance
0,[0],0.0
1,[1],3591.5764149457004
2,[2],254.708786292
