,customer,weight,round,length
0,"[57, 41, 17, 23, 47, 20]","[1, 1, 1, 1, 1, 2]",0,3094.470306926
1,[],[],0,0.0
2,[],[],0,0.0
3,[0],[1],0,182.3977555214
