,customer,weight,round,length
0,"[68, 67, 24, 45, 56, 52, 51, 50, 1, 28, 77, 26, 79]","[1, 1, 1, 1, 1, 1, 1, 1, 1, 1, 1, 3, 1]",0,5663.6870990195
1,"[8, 63]","[1, 1]",1,3658.574260756
