,task,distance
0,[0],854.933013954
1,[1],12159.817044316
