,task,distance
0,"[0, 2]",2674.6835488628
1,"[1, 3]",6250.5796320094
