,customer,weight,round,length
0,[57],[10],0,377.330911094
1,"[76, 55, 94, 102, 95, 56, 50, 77]","[1, 1, 1, 1, 1, 2, 1, 1]",0,3321.508565107
