,task,distance
0,[0],377.330911094
1,[1],3321.508565107
