,customer,weight,round,length
0,"[39, 210, 96, 173, 180, 235, 182, 226, 64, 221, 51, 80]","[1, 1, 1, 2, 2, 1, 1, 1, 1, 1, 1, 1]",0,2000007778.3614004
1,"[12, 42, 242, 297, 145, 144, 292, 113, 72, 38]","[2, 2, 1, 1, 1, 1, 1, 2, 1, 2]",0,8841.913603722
2,"[208, 150, 206, 58, 147]","[1, 1, 1, 1, 1]",0,2173.167516087
