,customer,weight,round,length
0,"[104, 103, 19, 29, 10, 91, 4, 2, 95, 20, 93]","[1, 1, 2, 1, 1, 2, 1, 2, 1, 2, 1]",0,5964.888240513999
1,"[67, 66, 43, 39, 36]","[1, 1, 3, 1, 2]",1,5267.006609683999
