,customer,weight,round,length
0,"[24, 72, 69, 50, 19, 81]","[3, 1, 4, 2, 2, 3]",0,2095.892972829
1,"[57, 103, 69, 36, 37, 38, 39]","[2, 2, 6, 2, 1, 1, 1]",1,2485.2988090498
2,"[51, 41, 83]","[1, 1, 2]",2,2400.979087467
