,task,distance
0,[0],3473.939998655
1,[1],7518.916882989099
