,task,distance
0,[0],3305.9850787018
1,[1],5766.852883422001
