,task,distance
0,[0],3709.07564118
1,[1],569.722923478
2,[2],0.0
3,[3],3709.07564118
4,[4],0.0
