,task,distance
0,[0],569.722923478
1,[1],3927.33542748
2,[2],0.0
3,[3],569.722923478
4,[4],0.0
