,customer,weight,round,length
0,"[7, 3]","[12, 3]",0,2470.591674602
1,"[3, 24, 38, 20, 19, 25]","[5, 1, 2, 3, 1, 2]",1,2956.4666518910003
