,customer,weight,round,length
0,"[8, 3]","[12, 3]",0,2631.440953142
1,"[23, 6, 17, 16, 18, 39]","[1, 1, 1, 1, 3, 1]",1,4208.480614772001
