,customer,weight,round,length
0,[],[],0,0.0
1,"[37, 36, 35, 25, 87, 38, 134, 40, 91, 126, 128, 120]","[1, 1, 1, 1, 1, 1, 1, 1, 2, 3, 1, 1]",0,2621.7110560509
2,[121],[1],0,86.782557312
3,"[44, 24, 69, 125, 71, 8, 115, 123, 105, 116, 12, 122]","[1, 1, 2, 2, 1, 1, 1, 1, 2, 1, 1, 1]",0,2810.0531406694004
