,customer,weight,round,length
0,"[118, 90, 57, 61, 56, 75, 53, 103, 76, 78, 79]","[1, 2, 1, 1, 1, 1, 1, 2, 2, 1, 2]",0,4309.286476439001
1,"[49, 50, 80, 81, 82, 22, 58, 59, 54, 52, 23, 77]","[1, 1, 1, 1, 1, 1, 2, 1, 1, 1, 2, 1]",0,3014.1610832695997
2,"[21, 29, 3]","[2, 1, 1]",0,692.4260238269999
3,[],[],0,0.0
