,customer,weight,round,length
0,"[109, 172, 112, 59, 74, 158, 35, 147, 24]","[3, 1, 4, 1, 1, 1, 1, 1, 1]",0,5989.033161085
1,"[108, 13, 14]","[1, 2, 4]",0,1119.0056767996998
2,[],[],0,0.0
3,"[51, 128, 50, 130, 129, 192, 84, 85]","[2, 1, 1, 1, 2, 2, 1, 1]",0,1309.7134847375
