,task,distance
0,"[0, 8, 14]",18554.230698115
1,"[1, 7, 10]",33955.6724148895
2,"[2, 6, 13]",18840.658017142403
3,"[3, 9, 12]",19516.704518788
4,"[4, 5, 11]",39395.725572022806
