,customer,weight,round,length
0,"[16, 148, 156, 158, 136, 18, 169, 14, 100, 128, 167, 145]","[1, 1, 1, 1, 1, 1, 1, 1, 1, 2, 2, 2]",0,3560.703918686
1,"[125, 48, 74, 143, 13, 142, 96, 130, 97, 46, 45, 44, 80, 42]","[1, 1, 1, 1, 1, 1, 1, 1, 1, 1, 1, 1, 2, 1]",0,2948.7712719875
2,[],[],1,0.0
3,[2],[1],1,1968.765719924
