,task,distance
0,"[0, 2]",7620.6419081951
1,"[1, 3]",4031.085063032901
