,customer,weight,round,length
0,[],[],0,0.0
1,"[86, 103, 105]","[4, 6, 5]",0,16248.69595615
2,"[20, 1, 49, 52, 41, 3]","[1, 1, 1, 1, 1, 1]",0,24892.683849578
3,"[42, 31, 110, 83, 113, 118]","[1, 1, 1, 1, 1, 1]",0,3502.772460286
4,[],[],0,0.0
