,task,distance
0,[0],979.8974671718
1,[1],1051.7878251852
2,[2],3560.478654772
3,[3],0.0
