,customer,weight,round,length
0,"[97, 31, 33, 90, 32, 64, 36, 77, 71, 61, 52]","[1, 1, 1, 1, 1, 1, 1, 1, 1, 1, 2]",0,7313.9592620426
1,"[89, 50, 58, 95, 57, 24, 23, 27, 20, 19, 30, 26]","[1, 1, 1, 2, 1, 1, 1, 1, 1, 1, 1, 1]",0,2982.6148901181996
