,customer,weight,round,length
0,[79],[15],0,489.054541344
1,[79],[15],0,489.054541344
2,"[79, 34]","[6, 9]",1,2204.6735301950002
3,"[49, 94, 41, 34]","[1, 1, 1, 12]",1,5297.277942757
4,"[42, 44, 80, 81, 82, 85, 84, 83, 15, 98]","[1, 1, 1, 1, 1, 2, 1, 1, 2, 1]",2,5206.361645005999
5,"[8, 70, 10, 11, 4, 5, 59, 94]","[7, 1, 1, 1, 1, 1, 2, 1]",2,11700.726904809
