,customer,weight,round,length
0,[],[],0,0.0
1,[],[],0,0.0
2,"[11, 20]","[1, 1]",0,492.47827226379997
3,"[21, 17, 37, 24, 38]","[1, 1, 2, 1, 2]",0,1403.8641350757998
4,[],[],0,0.0
