,task,distance
0,[0],2446.01456474
1,[1],3365.7101550539
2,[2],2745.268700584
3,[3],0.0
4,[4],2891.535798957
