,customer,weight,round,length
0,"[21, 19, 20, 15, 6, 5, 13]","[7, 1, 1, 1, 3, 1, 1]",0,2000001875.979633
1,[21],[6],1,404.790363764
