,customer,weight,round,length
0,"[102, 43, 115, 71, 47, 86, 69]","[1, 3, 7, 1, 1, 1, 1]",0,4230.8414702266
1,[66],[1],0,691.836577312
2,[],[],0,0.0
3,"[108, 59, 35]","[1, 1, 13]",0,4514.095017026
4,[],[],0,0.0
