,customer,weight,round,length
0,"[97, 96, 30, 66]","[2, 2, 1, 1]",0,1281.097749258
1,[],[],0,0.0
2,[],[],0,0.0
3,"[32, 34, 47, 99, 100, 43, 102]","[1, 1, 1, 2, 1, 3, 1]",0,1894.1834598066
4,[],[],0,0.0
