,customer,weight,round,length
0,"[114, 26, 44, 111, 98, 29, 91]","[1, 3, 3, 1, 1, 1, 1]",0,3453.0994751788
1,[],[],0,0.0
2,[],[],0,0.0
3,[],[],0,0.0
4,"[115, 110, 116]","[7, 1, 1]",0,674.6094929273
