,task,distance
0,[0],1595.303834491
1,[1],1867.2663746966
