,task,distance
0,[0],4191.1066428646
1,[1],2379.012998796
