,task,distance
0,[0],898.0767694860001
1,[1],2685.8153420314
