,customer,weight,round,length
0,"[18, 20, 19, 54, 55, 41, 40, 39, 81, 17, 88, 87]","[2, 1, 1, 1, 1, 2, 1, 1, 1, 2, 1, 1]",0,1754.3127654293003
1,"[22, 24, 7, 95, 76, 6, 5, 36, 89, 66, 94, 65, 59, 60, 0]","[1, 1, 1, 1, 1, 1, 1, 1, 1, 1, 1, 1, 1, 1, 1]",0,2643.9487927531995
2,"[48, 4, 3, 25, 21, 15, 16, 99, 11, 8, 97, 77, 30]","[2, 1, 1, 2, 1, 1, 1, 1, 1, 1, 1, 1, 1]",1,5447.2382408068015
3,"[106, 57, 53, 52, 73, 90, 44, 45, 46, 75, 1]","[2, 1, 1, 2, 1, 2, 1, 1, 1, 1, 2]",1,3368.2419272750003
4,"[61, 47, 42, 91, 75]","[2, 2, 1, 2, 1]",2,3873.284572615
5,"[104, 74, 80, 105, 68, 14, 67, 2, 51]","[1, 3, 1, 1, 1, 1, 1, 1, 1]",2,7008.0914364348
