,task,distance
0,[0],3920.5658628718006
1,[1],6045.448095584
2,[2],1880.291791173
