,customer,weight,round,length
0,"[3, 24, 12, 10]","[1, 1, 1, 1]",0,972.804243434
1,"[25, 16, 27, 19, 14, 4]","[1, 4, 1, 1, 2, 4]",0,2180.5981276459997
