,customer,weight,round,length
0,"[3, 24, 10, 12, 21, 7]","[1, 1, 1, 1, 3, 4]",0,1047.3231883436001
1,"[9, 25, 16, 26]","[1, 1, 4, 1]",0,828.263821126
