,task,distance
0,[0],1047.3231883436
1,[1],828.263821126
