,customer,weight,round,length
0,"[57, 34, 97, 4, 46, 88, 28, 25]","[3, 1, 2, 1, 1, 4, 1, 1]",0,4937.888431675
1,"[62, 3, 41]","[1, 1, 2]",0,1905.696999126
