,task,distance
0,[0],3921.113513918
1,[1],2175.962417447
