,task,distance
0,[0],0.0
1,[1],972.6992373722
2,[2],152.4389901914
