,customer,weight,round,length
0,[23],[15],0,226.009948064
1,[],[],0,0.0
2,"[25, 17, 16, 34, 44, 7, 23]","[1, 1, 1, 1, 1, 2, 8]",0,8050.069340144999
