,customer,weight,round,length
0,"[15, 13, 43, 18, 51, 42]","[1, 2, 1, 1, 1, 3]",0,5892.559361908001
1,[0],[12],0,30.4994597002
2,[0],[13],0,30.4994597002
