,task,distance
0,[0],5892.559361908001
1,[1],30.4994597002
2,[2],30.4994597002
