,task,distance
0,"[0, 5]",2133.434659994
1,"[1, 8]",1590.639618659
2,"[2, 6]",1005.890187601
3,"[3, 6]",2056.440316569
4,"[4, 6]",1004.441644626
