,customer,weight,round,length
0,"[22, 79, 77, 117, 33, 32, 23, 24, 3, 34]","[1, 1, 1, 3, 1, 1, 1, 1, 2, 3]",0,2245.3794935329997
1,"[77, 68, 70]","[2, 1, 1]",1,1015.3403730910001
