,customer,weight,round,length
0,"[93, 81, 1, 107, 89, 102, 55]","[1, 1, 1, 1, 2, 1, 1]",0,5261.227219839
1,[],[],0,0.0
2,[],[],0,0.0
3,"[123, 64, 120, 57, 56, 143, 72, 29, 84, 75]","[1, 1, 1, 5, 1, 1, 1, 2, 1, 1]",0,31967.875891532003
4,[],[],0,0.0
