,task,distance
0,[0],14709.402191977
1,[1],29425.963512514
2,[2],0.0
3,[3],0.0
4,[4],0.0
