,customer,weight,round,length
0,"[59, 47, 99, 45, 46, 90, 71, 73]","[5, 1, 2, 3, 1, 1, 1, 1]",0,5839.376547303
1,[],[],0,0.0
2,"[56, 28, 53]","[2, 2, 1]",0,866.735681183
3,[],[],0,0.0
