,task,distance
0,"[0, 3, 5]",64383.694694135294
1,"[1, 2, 4]",64932.3978820928
