,customer,weight,round,length
0,"[183, 162, 32, 41, 179, 132, 109, 29, 101, 28, 102, 103, 64, 65, 110]","[1, 1, 1, 1, 1, 1, 1, 1, 1, 1, 1, 1, 1, 1, 1]",0,2851.8950099020003
1,"[111, 112, 113, 44, 137, 45, 88, 74, 73, 72, 59, 84, 54, 136]","[1, 1, 1, 1, 1, 1, 1, 1, 1, 1, 1, 1, 2, 1]",0,2363.07687068
2,"[129, 39, 40, 46, 196, 195, 163, 166, 177, 47, 26, 27, 80, 95]","[1, 1, 1, 1, 1, 1, 1, 1, 1, 1, 1, 1, 1, 1]",1,4728.725386287
3,"[152, 90]","[4, 3]",1,1704.73015304
