,customer,weight,round,length
0,"[31, 33, 17, 24, 0, 19, 20, 26, 27, 29, 22, 25, 12, 30]","[1, 1, 1, 1, 1, 1, 1, 1, 1, 2, 1, 1, 1, 1]",0,1611.649143311
1,"[7, 1, 9, 11, 5]","[3, 1, 2, 3, 2]",0,353.98900849020004
2,"[4, 15, 14, 18, 13, 23, 3, 21]","[1, 2, 2, 3, 1, 3, 2, 1]",0,749.995380228
3,"[32, 16, 8, 6, 28, 10, 2]","[1, 1, 2, 1, 1, 1, 1]",0,881.606318045
