,task,distance
0,[0],1754.504181682
1,[1],3884.554961312
2,[2],1298.0114517183
3,[3],2776.2244968972004
