,task,distance
0,[0],2000009454.5299664
1,[1],2000002014.4443488
