,customer,weight,round,length
0,"[183, 191, 114, 146, 138, 11, 17, 195, 4, 2, 6, 3]","[1, 1, 1, 1, 1, 1, 1, 2, 1, 2, 2, 1]",0,7244.834328035
1,"[76, 12, 186, 150, 63, 170, 178, 185, 139, 133]","[2, 2, 2, 1, 1, 1, 2, 1, 2, 1]",0,7010.490003636001
2,"[160, 156, 85, 149, 1, 117, 167, 14, 148, 131]","[1, 2, 2, 1, 1, 2, 1, 2, 2, 1]",1,5119.1288238794
3,"[105, 190, 10, 182, 161, 188, 157, 151, 158]","[1, 1, 2, 1, 1, 3, 2, 3, 1]",1,3386.489918742
4,"[143, 147, 166, 168, 129, 109, 127, 128]","[2, 1, 1, 7, 1, 1, 1, 1]",2,4243.796180024
5,"[20, 176, 152, 171, 189, 175, 92, 25, 22]","[1, 2, 6, 1, 1, 1, 1, 1, 1]",2,4981.766269845
6,"[24, 13, 0]","[1, 6, 2]",3,8522.958379933
7,[],[],3,0.0
