,task,distance
0,"[0, 3]",9173.0361772045
1,"[1, 2]",4590.133607657999
