,customer,weight,round,length
0,"[64, 33, 20, 34, 53, 35, 18, 36]","[1, 1, 1, 1, 1, 1, 1, 2]",0,1962.5374585867999
1,[],[],0,0.0
2,"[25, 40, 42, 37, 41]","[4, 2, 1, 4, 1]",0,1335.6404362660999
