,customer,weight,round,length
0,"[8, 22, 0, 46, 28, 12, 27, 26, 52, 6]","[1, 1, 1, 2, 1, 1, 1, 1, 1, 1]",0,3171.9555763868
1,[],[],0,0.0
2,"[16, 60, 61]","[1, 3, 1]",0,704.4192681
