,customer,weight,round,length
0,"[95, 111, 118, 89, 84, 117, 134, 135, 108, 78, 97]","[2, 1, 1, 2, 1, 3, 1, 1, 1, 1, 1]",0,6593.850566407999
1,[139],[2],0,274.139089604
