,task,distance
0,[0],917.453508513
1,[1],6397.623088845001
