,customer,weight,round,length
0,"[101, 87, 31, 76]","[1, 5, 3, 2]",0,3130.1771384024996
1,"[1, 26, 34, 82, 102]","[1, 2, 6, 2, 1]",0,4142.397973798999
