,task,distance
0,[0],3130.1771384025
1,[1],4142.397973798999
