,task,distance
0,[0],369.057144386
1,[1],2647.5125824724
2,[2],0.0
3,[3],0.0
