,customer,weight,round,length
0,[],[],0,0.0
1,"[106, 193, 201, 189, 187, 50, 64, 103, 88]","[1, 1, 5, 1, 1, 2, 1, 1, 1]",0,4522.1636677333
2,[],[],0,0.0
3,[],[],0,0.0
4,"[137, 44, 112, 111, 28, 179, 26, 46, 196, 197, 195, 95, 162, 88]","[1, 1, 1, 1, 1, 1, 1, 1, 1, 1, 1, 1, 1, 1]",0,4831.569266334301
