,customer,weight,round,length
0,[],[],0,0.0
1,"[41, 27]","[1, 1]",0,498.8759139655
2,[],[],0,0.0
3,"[54, 45, 90, 204, 59, 132]","[2, 1, 7, 3, 1, 1]",0,3211.8761753149997
4,"[25, 129, 38, 186, 188, 63, 141, 143, 203, 17, 42, 43, 126, 65]","[1, 1, 1, 1, 1, 2, 1, 1, 1, 1, 1, 1, 1, 1]",0,5256.37835816
