,customer,weight,round,length
0,[],[],0,0.0
1,[],[],0,0.0
2,[],[],0,0.0
3,"[132, 95, 32, 183, 110, 109, 29, 129, 39, 40]","[1, 1, 1, 1, 1, 1, 1, 1, 1, 1]",0,2601.3680850737
4,"[179, 47, 177, 197, 196, 46, 98, 25, 26, 27, 80, 41]","[1, 1, 1, 1, 1, 1, 1, 1, 1, 1, 1, 1]",0,2075.7715716884
