,task,distance
0,[0],0.0
1,[1],2042.701971013
2,[2],0.0
3,[3],512.0923103195
4,[4],6768.769639274001
