,task,distance
0,[0],0.0
1,[1],0.0
2,[2],4533.310469678
3,[3],813.297629051
4,[4],4406.206113345
