,task,distance
0,[0],0.0
1,[1],15800.135696780002
2,[2],10390.178951437998
