,task,distance
0,[0],1466.1292918138
1,[1],2438.6662588988
2,[2],2328.90012594
3,[3],2176.90533208
