,customer,weight,round,length
0,"[136, 137, 140, 124, 32, 31, 28, 56, 64, 33, 88, 21, 22]","[1, 1, 1, 2, 1, 1, 1, 2, 1, 1, 1, 1, 1]",0,5457.5316053080005
1,"[109, 180, 58, 132, 62, 6, 162, 161, 188, 68, 14, 157, 159]","[1, 1, 1, 1, 1, 1, 1, 1, 1, 1, 2, 2, 1]",0,5477.660329612999
2,"[145, 71, 123, 151, 122, 29, 94, 174, 182, 126, 13, 117]","[1, 1, 1, 1, 2, 1, 1, 1, 1, 1, 3, 1]",1,6416.161683914999
3,"[114, 120, 53, 133, 134, 135, 24, 142, 139, 125]","[2, 2, 1, 2, 1, 1, 1, 2, 2, 1]",1,4665.717249685999
4,"[113, 186, 185, 111, 81, 102, 101, 153, 39, 40, 85, 172]","[2, 2, 1, 1, 1, 1, 1, 2, 1, 1, 1, 1]",2,4873.303120129
5,"[19, 48, 49, 51, 146, 147, 15, 148, 95, 149, 26]","[1, 1, 1, 2, 1, 2, 1, 1, 1, 1, 3]",2,3187.7645534426006
6,[153],[10],3,2331.72064238
7,"[38, 44, 130, 173, 18, 129, 153]","[2, 1, 1, 1, 1, 1, 8]",3,5186.41985697
