,customer,weight,round,length
0,"[59, 29, 86, 15, 22, 79, 21, 84, 20, 19, 18, 11, 9]","[1, 1, 1, 1, 1, 2, 1, 1, 2, 1, 1, 1, 1]",0,3651.3078516423993
1,"[50, 54, 57, 45, 63, 62, 89, 61, 17, 58, 64, 85]","[1, 1, 2, 2, 1, 1, 1, 1, 1, 2, 1, 1]",1,2657.7151980378
2,"[73, 49, 65, 81, 31, 46, 44]","[3, 1, 3, 3, 2, 2, 1]",2,3021.032514345
3,"[30, 33, 48, 55, 23, 47, 24, 67]","[1, 1, 1, 5, 2, 1, 1, 3]",3,3277.2937150582
4,"[34, 36, 5, 42, 1, 26, 12, 13, 72, 56]","[1, 1, 1, 2, 1, 1, 1, 1, 1, 1]",4,3587.6955825729997
