,customer,weight,round,length
0,[],[],0,0.0
1,"[33, 1, 125, 81, 65, 5, 54, 42, 99, 107]","[2, 1, 1, 3, 1, 1, 2, 2, 1, 1]",0,2000002776.9400797
2,[],[],0,0.0
3,[],[],0,0.0
4,"[15, 92, 68]","[2, 2, 2]",0,2000000717.2339225
