,customer,weight,round,length
0,[],[],0,0.0
1,"[93, 10, 68, 58]","[1, 1, 2, 1]",0,2000000708.9575715
2,[],[],0,0.0
3,[],[],0,0.0
4,"[1, 22, 69, 128, 84, 72, 97, 45, 120]","[1, 1, 2, 1, 2, 1, 1, 3, 1]",0,2000002548.7570817
