,task,distance
0,[0],0.0
1,[1],0.0
2,[2],1117.617377695
3,[3],0.0
4,[4],2000005140.5300791
