,task,distance
0,[0],6015.608750699002
1,[1],6335.296763673
