,customer,weight,round,length
0,[],[],0,0.0
1,"[4, 23, 7, 8, 26, 11, 60, 44, 66, 67, 77, 65]","[2, 1, 1, 1, 1, 1, 2, 1, 1, 1, 1, 1]",0,4712.4895572014
2,"[74, 3, 2]","[2, 1, 2]",0,574.825952962
3,[],[],0,0.0
4,[],[],0,0.0
