,customer,weight,round,length
0,"[71, 89, 74, 37, 73, 72, 57, 87, 38, 144]","[1, 1, 1, 1, 2, 1, 1, 3, 1, 3]",0,1829.1401809005
1,"[137, 47, 46, 61]","[3, 3, 1, 1]",0,1121.8913361818
2,"[61, 41, 11, 101, 105, 52, 106, 31, 30, 43, 93, 70, 45, 53]","[1, 1, 1, 1, 1, 1, 1, 1, 2, 1, 1, 1, 1, 1]",0,3872.0538644356
3,"[134, 69, 68, 67, 90, 35, 34, 16, 17, 131, 132]","[1, 1, 1, 4, 1, 2, 1, 1, 1, 1, 1]",0,2715.2078706229
