,customer,weight,round,length
0,[137],[3],0,363.675986092
1,[144],[3],0,504.911076126
2,[],[],0,0.0
3,"[57, 72, 37, 71, 69, 68, 70, 45, 53, 46, 47, 31, 61]","[1, 1, 1, 1, 1, 1, 1, 1, 1, 1, 3, 1, 1]",0,2721.0140495225
