,task,distance
0,[0],0.0
1,[1],4814.563244416
2,[2],0.0
3,[3],2699.078288065
