,task,distance
0,[0],2724.765789295
1,[1],0.0
2,[2],0.0
3,[3],6502.9371447798
