,customer,weight,round,length
0,"[54, 34, 56, 9]","[1, 1, 1, 12]",0,2622.1470839638
1,"[10, 33]","[3, 1]",1,3246.001453722
