,customer,weight,round,length
0,"[45, 36, 49, 8]","[1, 1, 1, 12]",0,3517.6865911622
1,"[37, 13]","[1, 1]",1,4920.47703802
