,task,distance
0,[0],1474.7026977219
1,[1],0.0
2,[2],9412.48835896
