,customer,weight,round,length
0,"[5, 111, 110, 29, 17, 109, 13, 118, 105]","[1, 1, 2, 1, 1, 1, 1, 1, 1]",0,4363.8303747340005
1,"[48, 33, 3, 16, 121, 100, 37]","[1, 1, 1, 3, 2, 6, 1]",0,5458.319686708999
2,[],[],0,0.0
3,"[136, 135, 140, 19, 88, 80, 78, 47, 127, 126, 85, 64, 12]","[1, 1, 1, 1, 1, 2, 1, 2, 1, 1, 1, 1, 1]",0,4933.848836187
