,task,distance
0,[0],0.0
1,[1],0.0
2,[2],1951.541078464
3,[3],3021.589630616
