,customer,weight,round,length
0,"[147, 154, 155, 53, 20, 219, 94, 93, 44, 97, 23, 182, 165, 241]","[1, 1, 1, 1, 1, 1, 1, 1, 1, 1, 1, 2, 1, 1]",0,3365.5072726880003
1,"[210, 70, 148, 54, 19, 95, 94, 243, 246, 92, 181]","[1, 2, 1, 1, 1, 1, 1, 1, 1, 2, 3]",1,4655.722166829001
2,"[242, 86, 75, 7, 172, 58, 169, 29, 189, 30, 192, 204, 210]","[1, 1, 1, 2, 1, 1, 1, 1, 1, 2, 1, 1, 1]",2,5512.843909511999
3,"[208, 149, 110, 111, 205, 190, 87, 8, 131, 130]","[1, 1, 1, 1, 2, 1, 5, 1, 1, 1]",3,7392.622228733001
4,"[152, 115, 57, 11, 10, 63, 222, 38, 65]","[1, 1, 1, 1, 1, 1, 1, 2, 1]",4,7926.65849555
