,customer,weight,round,length
0,"[172, 8, 88, 216, 129, 158, 239, 233, 217, 25, 58]","[1, 1, 2, 2, 2, 1, 1, 1, 1, 2, 1]",0,7360.5103816929995
1,"[7, 185, 140, 83, 183, 128, 131, 169, 189, 205]","[2, 3, 2, 1, 1, 1, 1, 1, 1, 2]",1,8118.59607113
2,"[97, 165, 241, 95, 213, 230, 229, 4, 6, 54, 192, 147, 155, 182]","[1, 1, 1, 1, 1, 1, 1, 1, 1, 1, 1, 1, 1, 2]",2,7336.4395532650005
3,"[154, 65, 38, 86, 208, 75, 161, 162, 237, 91, 246, 92]","[1, 1, 2, 1, 1, 1, 1, 1, 2, 1, 1, 2]",3,7267.123022433
4,"[63, 10, 202, 57, 115, 37, 152, 253, 197]","[1, 1, 1, 1, 1, 1, 1, 1, 1]",4,7753.083532762001
