,customer,weight,round,length
0,[],[],0,0.0
1,[117],[3],0,464.81514483
2,[],[],0,0.0
3,[],[],0,0.0
4,"[118, 37, 109, 55, 47, 30, 94, 0, 43, 72, 23]","[1, 1, 2, 1, 2, 2, 1, 1, 1, 1, 1]",0,4394.3409971992
