,customer,weight,round,length
0,"[22, 79, 77, 107, 70, 33, 117, 32]","[1, 1, 3, 1, 1, 1, 3, 1]",0,1713.6132783575
1,"[23, 24, 3, 34]","[1, 1, 2, 3]",0,828.5321520249
2,[],[],0,0.0
3,[],[],0,0.0
4,[],[],0,0.0
