,task,distance
0,[0],2435.2755962640003
1,[1],0.0
2,[2],0.0
3,[3],0.0
4,[4],1249.61570411
