,customer,weight,round,length
0,"[60, 66, 83, 89, 90, 92, 11, 91, 29, 26, 54]","[2, 1, 4, 1, 1, 1, 1, 1, 1, 1, 1]",0,5117.8132557421
1,"[40, 38, 21, 22, 23, 96, 31, 63, 64, 62, 39]","[2, 1, 1, 1, 1, 1, 1, 1, 2, 3, 1]",0,3061.4655748637
2,"[37, 42, 48, 41, 43, 47, 46, 44, 87, 35, 49]","[1, 1, 1, 1, 2, 1, 1, 2, 2, 1, 2]",0,1553.2082200378002
3,"[67, 0, 9, 19, 8, 13, 14, 72, 34]","[3, 1, 1, 1, 1, 1, 4, 1, 2]",0,4792.9135772624
4,[],[],1,0.0
5,[],[],1,0.0
6,[13],[1],1,1339.497879178
7,"[51, 5, 79, 1, 52, 3, 4, 74, 76, 50, 81, 16, 71]","[1, 1, 2, 1, 1, 2, 1, 1, 1, 1, 1, 1, 1]",1,9653.003559334998
