,task,distance
0,"[0, 7]",2683.009682501
1,"[1, 4]",3353.6225510920003
2,"[2, 5]",2407.12755552
3,"[3, 5]",2615.24513695
