,customer,weight,round,length
0,[],[],0,0.0
1,[20],[2],0,97.2597345048
2,[],[],0,0.0
3,"[34, 0, 6, 8, 21]","[6, 1, 1, 4, 2]",0,2636.7173141759004
