,customer,weight,round,length
0,"[102, 39]","[4, 3]",0,926.757613403
1,"[38, 41, 8, 49, 48, 89, 90, 35, 91]","[3, 2, 1, 2, 3, 1, 1, 1, 1]",0,4889.6597606929
2,"[57, 67, 63, 62, 93]","[3, 1, 2, 3, 1]",0,2107.374354514
