,task,distance
0,[0],1223.7716161421
1,[1],209.401093422
2,[2],3370.0538725351
