,customer,weight,round,length
0,"[87, 54, 4, 57, 58, 83, 50, 40, 23, 15, 70, 91, 46]","[1, 1, 1, 1, 1, 1, 1, 1, 1, 1, 1, 1, 1]",0,4200.791630711
1,"[38, 93]","[8, 5]",0,1117.9177203345
2,"[24, 41]","[9, 3]",0,1218.897310282
3,[],[],0,0.0
