,customer,weight,round,length
0,"[38, 76]","[8, 3]",0,261.60762831
1,"[45, 41, 24]","[1, 3, 9]",0,1218.8973102818
2,"[27, 93]","[1, 5]",0,1223.195496494
3,"[39, 54, 56, 49, 83, 50, 17, 91, 87, 46]","[2, 1, 1, 4, 1, 1, 2, 1, 1, 1]",0,4573.740955281
