,task,distance
0,[0],261.60762831
1,[1],1218.8973102818
2,[2],1223.195496494
3,[3],4573.740955281
