,customer,weight,round,length
0,[],[],0,0.0
1,[14],[5],0,231.787396406
2,"[47, 5, 6, 36, 28]","[1, 1, 1, 1, 5]",0,8201.867331156
