,customer,weight,round,length
0,"[94, 25]","[1, 2]",0,307.54924648040003
1,"[75, 70, 48, 3, 62, 78, 69, 72, 33, 82, 74, 71, 42, 41, 59]","[1, 1, 1, 1, 1, 1, 1, 1, 1, 1, 1, 1, 1, 1, 1]",0,5646.765793298499
2,[],[],0,0.0
