,customer,weight,round,length
0,"[24, 3, 74, 39, 0, 45, 116, 30, 120, 113]","[1, 2, 1, 2, 1, 1, 1, 2, 3, 1]",0,4909.467087215
1,[],[],0,0.0
2,[],[],0,0.0
3,[23],[1],0,80.8615284504
4,"[51, 52, 38, 84, 82, 77, 107, 70, 33, 117]","[1, 1, 2, 1, 1, 3, 1, 1, 1, 3]",0,3185.4524154422993
