,task,distance
0,"[0, 3]",6635.621939101
1,"[1, 4]",11169.519993122
2,"[2, 5]",6401.283780326
