,customer,weight,round,length
0,"[27, 35, 14, 8, 15, 17, 12, 51, 21, 10, 19]","[1, 1, 1, 1, 1, 1, 1, 1, 3, 1, 3]",0,1841.072484877
1,"[57, 24, 53, 61, 22, 29, 9, 11, 60]","[2, 1, 2, 1, 1, 1, 3, 2, 2]",0,2446.61588072
2,"[66, 16, 20, 13, 63, 59, 33, 58, 28, 18, 34, 23]","[3, 1, 1, 1, 1, 2, 1, 1, 1, 1, 1, 1]",0,3525.629414234
3,"[65, 50, 48, 0, 47, 3, 49, 46, 38, 40, 5, 26, 4]","[1, 1, 1, 1, 2, 1, 1, 1, 1, 2, 1, 1, 1]",1,4002.52133507
4,"[59, 64, 30, 56, 32, 52, 7, 42, 1, 55, 62, 43]","[2, 1, 1, 1, 1, 2, 1, 1, 2, 1, 1, 1]",1,1393.012578726
5,"[31, 45, 36, 54, 2, 25, 39, 37, 6, 44, 41]","[1, 2, 1, 1, 1, 2, 1, 1, 1, 1, 3]",1,899.1228759420001
