,customer,weight,round,length
0,"[50, 91, 142, 99, 110, 20, 94, 138, 146, 25]","[1, 1, 1, 2, 1, 1, 1, 2, 2, 1]",0,2000005774.8706021
1,"[87, 40, 117, 11, 8, 106, 30, 16, 34, 75]","[3, 1, 1, 1, 2, 1, 2, 1, 1, 1]",0,2000004065.4963496
