,customer,weight,round,length
0,"[1, 100, 43, 78, 3, 49, 52, 4, 41, 5]","[1, 1, 1, 1, 1, 1, 1, 1, 1, 1]",0,18669.229391808003
1,"[85, 103, 105, 83, 113]","[1, 6, 5, 1, 1]",0,24374.696570024997
