,customer,weight,round,length
0,"[36, 115, 54, 116, 55, 70, 56]","[4, 3, 1, 3, 1, 2, 1]",0,2094.131473607
1,"[48, 49, 60, 17, 111, 110, 96, 109]","[3, 3, 3, 1, 1, 1, 2, 1]",0,3545.9846958298
