,customer,weight,round,length
0,"[95, 22, 23, 5, 77, 68, 71, 35, 8]","[2, 1, 1, 1, 1, 1, 4, 2, 2]",0,8353.3301461469
1,"[64, 27, 117, 62, 63]","[1, 1, 1, 2, 7]",0,1045.7196847776
