,task,distance
0,[0],2094.131473607
1,[1],3545.9846958298
