,task,distance
0,[0],0.0
1,[1],4661.324762929
2,[2],4401.604101902
