,task,distance
0,[0],179.072169908
1,[1],377.330911094
2,[2],1969.507443236
