,task,distance
0,[0],308.53425897
1,[1],0.0
2,[2],2381.2577857250003
