,task,distance
0,[0],0.0
1,[1],2260.8626225751
2,[2],0.0
3,[3],4175.614736324
