,customer,weight,round,length
0,"[123, 100, 106, 54, 53, 21, 112, 121]","[2, 2, 2, 2, 2, 1, 2, 2]",0,4958.873835129
1,"[27, 32, 31, 184, 56, 57, 10, 9, 171, 25, 172, 24]","[1, 2, 2, 1, 1, 1, 1, 1, 1, 1, 1, 2]",0,12871.786009923
2,"[193, 150, 1, 149, 58, 42, 44, 211, 125, 120, 101]","[1, 1, 2, 1, 1, 1, 1, 3, 2, 1, 1]",1,9906.335404762202
3,"[151, 81, 82, 83, 135, 26, 16, 17, 85, 128, 175]","[1, 1, 1, 1, 1, 1, 5, 1, 1, 1, 1]",1,3795.4105363039994
4,[186],[15],2,1695.988075548
5,"[186, 114, 126, 115, 113, 0, 174, 79, 46, 64]","[5, 1, 1, 2, 1, 1, 1, 1, 1, 1]",2,6333.933386906
6,[],[],3,0.0
7,"[140, 148, 182, 45, 60]","[2, 1, 1, 1, 1]",3,4423.034060084
