,task,distance
0,[0],0.0
1,[1],0.0
2,[2],26.5562120326
3,[3],0.0
4,[4],4552.3396114
