,task,distance
0,[0],0.0
1,[1],2000003480.225436
2,[2],2000003095.0238276
3,[3],0.0
4,[4],2000001068.4241655
