,customer,weight,round,length
0,[29],[9],0,90.2681432194
1,"[20, 28, 26, 103, 111, 112, 69, 39, 8, 125]","[1, 2, 1, 1, 1, 2, 1, 1, 2, 3]",0,5693.158888167
2,[29],[9],0,90.2681432194
3,[52],[1],0,1382.04731785
4,[],[],0,0.0
