,task,distance
0,[0],0.0
1,[1],0.0
2,[2],4746.75656571
3,[3],0.0
4,[4],1750.374774341
