,task,distance
0,[0],6233.573147652
1,[1],7996.326841065
2,[2],1704.6294605675
3,[3],6651.81145284
