,task,distance
0,[0],3008.2012892737
1,[1],0.0
2,[2],5227.9832154138
3,[3],0.0
4,[4],0.0
