,customer,weight,round,length
0,"[154, 21, 19, 92, 91, 143]","[1, 3, 3, 1, 1, 3]",0,1025.6787534047
1,"[154, 145, 144, 23, 20, 22, 141, 142]","[1, 1, 2, 1, 2, 1, 1, 2]",0,1216.7536216452
2,"[140, 48, 75, 76, 147, 151, 33]","[2, 1, 1, 5, 3, 2, 1]",0,9065.656339249997
3,"[52, 11, 149, 150, 18, 17, 16, 78, 54, 160, 32, 163]","[1, 3, 1, 1, 1, 1, 1, 1, 1, 2, 1, 1]",0,3708.6744945737
4,[],[],0,0.0
