,customer,weight,round,length
0,"[61, 30, 118, 25, 26, 9, 63]","[3, 4, 1, 1, 1, 1, 3]",0,5147.459519583
1,[],[],0,0.0
2,"[76, 77, 102, 146, 21, 154]","[5, 1, 1, 1, 3, 1]",0,4894.9381403638
3,"[73, 2, 40, 167, 96, 151, 173, 137, 42, 123]","[2, 1, 1, 3, 1, 2, 1, 1, 1, 1]",0,8986.878389419
4,"[154, 20, 22, 160, 161, 32, 78, 108, 150, 149]","[1, 2, 1, 2, 2, 1, 1, 1, 1, 1]",0,3343.7103058644
