,customer,weight,round,length
0,"[11, 14, 143, 8, 124, 9, 103, 10]","[1, 3, 1, 1, 2, 2, 4, 1]",0,1165.5775808574
1,"[126, 13, 148, 47, 60, 90, 12, 94, 98, 123, 121]","[2, 2, 1, 1, 2, 1, 1, 1, 1, 1, 2]",0,1519.6492162514999
2,"[93, 56, 127, 69, 70, 48]","[1, 1, 3, 1, 1, 2]",1,2344.1921443841
3,[],[],1,0.0
