,customer,weight,round,length
0,"[63, 62, 4, 61, 21, 75, 95, 96]","[5, 1, 1, 2, 1, 2, 1, 2]",0,1064.192745527
1,"[91, 66, 65, 64, 71, 49, 72, 38, 37, 146, 32]","[1, 1, 2, 2, 2, 2, 1, 1, 1, 1, 1]",0,1710.3484236333004
2,[],[],1,0.0
3,"[97, 67, 49, 50, 46, 40, 39]","[2, 1, 2, 1, 2, 3, 1]",1,2647.630719469
