,task,distance
0,"[0, 3]",3041.1864615943
1,"[1, 2]",5053.6892758016
