,customer,weight,round,length
0,[],[],0,0.0
1,"[92, 31, 109, 11]","[1, 1, 1, 1]",0,1880.291791173
2,"[84, 58, 61, 63, 64, 49, 4, 6, 25, 24, 71, 111]","[1, 1, 1, 3, 1, 1, 1, 2, 1, 1, 1, 1]",0,6045.448095584
3,"[91, 78, 62, 17, 85, 95, 116, 74, 75, 114, 103, 23]","[1, 1, 1, 1, 1, 2, 2, 1, 1, 2, 1, 1]",0,3920.5658628718006
