,task,distance
0,[0],0.0
1,[1],2524.7070621538
2,[2],4054.794613549701
3,[3],1484.212198281
