,customer,weight,round,length
0,"[6, 7, 26, 95, 25, 100, 99, 21, 73, 0, 98, 97]","[2, 1, 1, 1, 2, 1, 1, 1, 2, 1, 1, 1]",0,3334.5584548469
1,"[94, 103, 77, 9, 11, 65, 87, 34, 88, 89, 147, 121]","[2, 1, 1, 1, 1, 1, 1, 2, 1, 1, 1, 2]",1,3965.433542053
2,"[69, 157, 142, 135, 133, 48, 153, 86]","[1, 1, 1, 1, 1, 1, 2, 1]",2,6184.822157336001
