,task,distance
0,"[0, 2]",3245.0563371421003
1,"[1, 3]",1966.550896156
