,customer,weight,round,length
0,"[26, 56, 45, 87, 50, 13, 51, 44, 48, 46]","[3, 3, 1, 2, 1, 1, 1, 1, 1, 1]",0,2480.3934326031995
1,"[50, 83, 84, 52, 90, 91]","[1, 2, 1, 3, 1, 2]",1,3415.4194111340003
