,task,distance
0,[0],258.192200202
1,[1],0.0
2,[2],6591.751115728999
