,task,distance
0,"[0, 2, 5, 7]",9493.154552371001
1,"[1, 3, 4, 6]",9131.551535264
