,task,distance
0,"[0, 3]",3132.021980478
1,"[1, 5]",1161.667021867
2,"[2, 4]",2544.12019255
