,task,distance
0,"[0, 2, 5, 7, 9, 11, 13, 15, 17, 18]",5057.0480060659
1,"[1, 3, 4, 6, 8, 10, 12, 14, 16, 19]",1807.7894926961003
