,task,distance
0,"[0, 2]",4232.6358754155
1,"[1, 3]",6785.0169234780005
