,customer,weight,round,length
0,"[31, 103, 40, 91, 1, 114, 66, 106, 23, 47, 124, 41, 14]","[1, 2, 1, 1, 2, 1, 1, 1, 1, 1, 1, 1, 1]",0,11873.385968333301
1,"[11, 79, 21, 129, 142, 145, 43, 65, 115]","[1, 1, 1, 2, 1, 1, 1, 1, 1]",1,2000004339.2996442
