,task,distance
0,[0],0.0
1,[1],0.0
2,[2],227.240128044
3,[3],2066.6412096226004
4,[4],0.0
