,customer,weight,round,length
0,"[19, 18, 8, 7, 57, 41, 16, 0, 46, 37, 9, 42, 10]","[1, 1, 1, 1, 1, 1, 1, 2, 2, 1, 1, 1, 1]",0,1829.056466898
1,"[43, 6, 52, 49, 56, 38, 17, 22, 1]","[3, 1, 4, 1, 1, 1, 1, 1, 2]",1,2678.718086542
2,"[11, 50, 2, 34, 28, 29, 30, 15, 36, 39, 44, 45, 33, 51]","[1, 1, 1, 1, 2, 1, 1, 1, 1, 1, 1, 1, 1, 1]",2,3249.5858122940003
3,"[4, 35, 32, 25, 61, 26, 58, 60, 5, 20, 31, 21, 24, 3]","[1, 1, 1, 1, 1, 2, 1, 1, 1, 1, 1, 1, 1, 1]",3,2027.744494999
4,"[27, 14, 23, 54, 55, 47, 53, 48, 40, 59, 12, 13]","[1, 1, 1, 2, 1, 2, 1, 1, 1, 2, 1, 1]",4,1753.776399488
5,[53],[1],5,5448.14542668
