,customer,weight,round,length
0,[7],[15],0,1825.81729395
1,[7],[13],0,1825.81729395
2,[],[],0,0.0
