,task,distance
0,"[0, 5]",3533.459131096001
1,"[1, 3]",6880.895168665999
2,"[2, 4]",6547.984846765799
