,task,distance
0,"[0, 4]",6299.8372544208
1,"[1, 5]",4011.864357355
2,"[2, 3]",6059.259759844001
