,customer,weight,round,length
0,[],[],0,0.0
1,"[63, 25, 157, 102, 75, 147, 103, 74]","[3, 1, 1, 1, 1, 3, 1, 1]",0,2492.9684218766
2,"[19, 143, 142, 23, 160, 164, 149, 18]","[3, 3, 2, 1, 2, 2, 1, 1]",0,6325.983171735001
3,"[133, 167, 57, 173, 43, 42, 106, 3]","[3, 3, 1, 1, 1, 1, 1, 2]",0,4735.556635217999
