,task,distance
0,[0],1216.7536216452
1,[1],1267.2436220158
2,[2],2640.2985853182
3,[3],0.0
