,task,distance
0,[0],165.438748007
1,[1],2389.564617084
2,[2],2882.0453689974
3,[3],1430.2550694998
