,task,distance
0,[0],2000004067.2269287
1,[1],0.0
2,[2],2000003704.8748472
3,[3],0.0
