,customer,weight,round,length
0,"[37, 42, 41, 196, 195, 43, 94, 145, 147, 146, 40, 49, 113, 75, 116]","[1, 1, 1, 1, 1, 1, 1, 1, 1, 1, 1, 1, 1, 1, 1]",0,4055.5959948525
1,"[6, 120, 123, 122, 55, 192, 10, 110, 194, 87, 85, 200, 108, 185, 184]","[1, 1, 1, 1, 1, 1, 1, 1, 1, 1, 1, 1, 1, 1, 1]",0,11320.060006802
2,"[44, 74, 34, 33, 97, 98, 31, 7, 9, 190, 189, 111]","[3, 1, 1, 1, 1, 2, 1, 1, 1, 1, 1, 1]",0,3523.0145262948
3,"[48, 23, 173, 153, 154, 157, 149, 66, 82, 131, 84, 175, 174, 139, 138]","[1, 1, 1, 1, 1, 1, 1, 1, 1, 1, 1, 1, 1, 1, 1]",1,4602.485141921001
4,"[77, 45, 117, 187, 148, 1, 141, 51, 160, 52, 50, 164]","[1, 1, 1, 1, 1, 2, 2, 1, 1, 2, 1, 1]",1,5001.8807727327
5,"[165, 166, 167, 162, 44, 21, 80, 102, 81, 177, 163, 204, 129, 130, 128]","[1, 1, 1, 1, 1, 1, 1, 1, 1, 1, 1, 1, 1, 1, 1]",1,2943.3004693054
6,[],[],2,0.0
7,"[179, 61, 62, 99, 57]","[2, 2, 5, 1, 1]",2,4866.8457732261
8,"[63, 79, 132, 58, 182, 183, 180, 59, 60]","[1, 1, 1, 3, 2, 1, 1, 1, 2]",2,8097.1035388826
