,customer,weight,round,length
0,"[2, 1, 0, 8]","[3, 1, 7, 4]",0,2977.737892738
1,"[2, 5]","[8, 7]",1,511.35604259800004
2,"[5, 7]","[3, 12]",2,465.916896392
3,[3],[9],3,554.951713458
