,task,distance
0,[0],3147.5536177207
1,[1],3210.4156774818007
