,task,distance
0,"[0, 3]",6807.4538771674
1,"[1, 2]",6020.3199907003
