,task,distance
0,"[0, 3, 5]",12298.5389416027
1,"[1, 2, 4]",6601.917620094
