,customer,weight,round,length
0,[],[],0,0.0
1,"[260, 112, 114, 113, 106, 55, 38, 10, 9, 11, 124, 123, 78, 75]","[1, 1, 1, 1, 1, 1, 1, 1, 1, 1, 1, 1, 1, 1]",0,8690.015458155001
2,"[196, 247, 25, 48, 45, 47, 98, 131, 224, 19, 32, 33]","[1, 1, 2, 1, 2, 1, 1, 1, 1, 1, 1, 1]",0,15421.329132759001
