,task,distance
0,[0],5393.7988921065
1,[1],971.6329399745998
2,[2],6558.186068724999
