,task,distance
0,[0],2438.81255683
1,[1],7188.255932969099
2,[2],1209.8169581694
