,customer,weight,round,length
0,[],[],0,0.0
1,[],[],0,0.0
2,"[66, 88, 65, 54, 49, 50, 55]","[2, 2, 1, 3, 1, 1, 3]",0,1633.7062545561
3,"[53, 85, 86, 84, 29, 23, 67, 89, 90, 93, 70]","[2, 1, 1, 1, 1, 1, 1, 1, 1, 1, 3]",0,3521.9456716453
