,customer,weight,round,length
0,"[53, 82, 79, 58, 47, 28, 85]","[2, 1, 6, 1, 1, 3, 1]",0,3967.890664465
1,[],[],0,0.0
2,"[50, 54, 90, 93, 6, 97, 96, 73, 42, 68]","[1, 3, 1, 1, 1, 1, 1, 2, 1, 2]",0,3765.9183738186
3,[70],[3],0,451.29186044
