,customer,weight,round,length
0,"[0, 80, 6, 97, 95, 94, 73, 31, 96, 22, 42, 41]","[1, 1, 1, 1, 1, 1, 2, 1, 1, 2, 1, 1]",0,1243.8794898402
1,"[72, 19, 71, 21, 68]","[3, 2, 1, 2, 2]",0,1785.304319142
2,[],[],0,0.0
3,[],[],0,0.0
