,task,distance
0,[0],2450.9199299780003
1,[1],0.0
2,[2],510.587900586
3,[3],1352.0281361776
