,task,distance
0,[0],1243.8794898402
1,[1],1785.304319142
2,[2],0.0
3,[3],0.0
