,task,distance
0,[0],14955.585595071
1,[1],1693.827998994
2,[2],8805.310779011
