,customer,weight,round,length
0,"[125, 103, 174, 68, 257, 258, 214, 136, 137, 231, 166, 55, 100, 41, 195]","[1, 1, 1, 1, 1, 1, 1, 1, 1, 1, 1, 1, 1, 1, 1]",0,6667.882378009701
1,"[128, 105, 262, 263, 150, 219, 220, 108, 228, 88, 240, 63, 193]","[1, 2, 1, 1, 1, 1, 1, 1, 1, 1, 2, 1, 1]",0,4747.681240118
2,"[143, 81, 225, 84, 27, 212, 13, 234, 45, 75, 251, 72, 73, 201]","[2, 1, 1, 1, 1, 1, 1, 1, 1, 1, 1, 1, 1, 1]",1,7180.553088796001
3,[],[],1,0.0
