,customer,weight,round,length
0,"[246, 193, 63, 240, 175, 220, 177, 231, 200, 128, 182, 199, 103, 125]","[1, 1, 1, 2, 1, 1, 1, 1, 1, 1, 1, 1, 1, 1]",0,5206.201740584
1,"[195, 41, 97, 100, 158, 112, 111, 110, 114, 166, 55, 54]","[1, 1, 3, 1, 1, 1, 1, 1, 2, 1, 1, 1]",0,3220.3680952430004
2,"[67, 66, 72, 73]","[1, 1, 1, 1]",1,3809.380948702
3,"[181, 108, 88, 228, 245, 148, 143, 81, 265, 219, 151, 154]","[1, 1, 1, 1, 1, 1, 2, 1, 1, 1, 1, 1]",1,5999.599889879
