,customer,weight,round,length
0,"[59, 41, 160, 42, 43, 60, 45, 85, 71, 67, 92, 91, 148]","[1, 1, 1, 1, 1, 1, 1, 2, 1, 1, 1, 1, 2]",0,4309.537685441
1,"[14, 123, 116, 114, 10, 109, 79, 96, 146, 107, 106, 54]","[1, 2, 1, 1, 1, 2, 2, 1, 1, 1, 1, 1]",0,7761.289501821002
2,[93],[15],0,182.3455743378
3,"[156, 50, 125, 126, 119, 51]","[1, 1, 1, 1, 1, 1]",1,4947.210124992
4,[],[],1,0.0
5,[],[],1,0.0
