,task,distance
0,"[0, 5]",4309.537685441
1,"[1, 4]",7761.289501821002
2,"[2, 3]",5129.5556993298
