,customer,weight,round,length
0,"[37, 5, 29, 1, 32]","[3, 2, 1, 4, 5]",0,1592.3704770220002
1,"[18, 15, 14, 42, 41, 11, 17, 40, 28, 9, 16, 30]","[1, 1, 1, 1, 1, 2, 2, 1, 2, 1, 1, 1]",0,4556.531279899
2,"[31, 34, 4, 2, 10]","[3, 1, 1, 1, 9]",0,11716.407350702
3,[],[],1,0.0
4,[],[],1,0.0
5,[10],[6],1,9358.48754862
