,customer,weight,round,length
0,"[54, 132, 154, 92, 144, 191, 139, 185, 126, 98]","[1, 1, 1, 5, 1, 2, 1, 1, 1, 1]",0,9622.346429285999
1,"[10, 94, 47, 162, 198, 104, 181, 99]","[1, 1, 1, 1, 8, 1, 1, 1]",0,7452.818055762001
2,[],[],1,0.0
3,[164],[3],1,5441.51580882
