,customer,weight,round,length
0,[64],[2],0,683.861215074
1,"[7, 110, 61]","[1, 2, 12]",0,5525.4367170040005
2,"[106, 12, 118, 36, 103, 27]","[1, 1, 2, 8, 1, 1]",0,6916.6440552290005
