,task,distance
0,[0],0.0
1,[1],1964.606617871
2,[2],1549.0511398075
