,task,distance
0,[0],588.876243856
1,[1],2095.53744276
2,[2],1437.0967347478
