,task,distance
0,"[0, 3]",4720.280839918801
1,"[1, 2]",2172.3569410252
