,task,distance
0,"[0, 4]",3275.410167294
1,"[1, 3]",7936.885924725999
2,"[2, 5]",3311.5583259230993
