,customer,weight,round,length
0,"[47, 11, 34, 29, 111, 110]","[1, 1, 1, 1, 1, 2]",0,2200.12184055
1,"[91, 31, 92, 94, 23, 103, 17, 16, 78, 81, 58, 84, 57]","[1, 1, 1, 1, 1, 1, 1, 1, 1, 2, 1, 1, 2]",0,3975.7338272889992
