,task,distance
0,[0],4331.085085170001
1,[1],4040.6595396099
