,task,distance
0,[0],5721.478021653999
1,[1],1739.0716493244
