,task,distance
0,[0],2560.295209211
1,[1],2737.3896144852
