,task,distance
0,[0],2200.12184055
1,[1],3975.7338272889992
