,task,distance
0,[0],5963.676620776
1,[1],3959.5577879794
