,customer,weight,round,length
0,[],[],0,0.0
1,"[100, 35, 143, 48, 136, 51, 98, 56, 8, 32, 67, 23, 13]","[1, 1, 1, 3, 1, 1, 1, 1, 1, 1, 1, 1, 1]",0,6168.623282625199
2,"[85, 103, 63, 125]","[1, 1, 1, 2]",0,2075.370122098
3,[],[],0,0.0
