,customer,weight,round,length
0,"[16, 17, 91, 20, 89, 85, 151, 53, 62, 35]","[1, 1, 1, 1, 1, 1, 1, 1, 5, 2]",0,3915.0957492376006
1,"[6, 45, 94, 98, 9, 8, 155, 124, 105]","[1, 2, 1, 1, 4, 3, 1, 1, 1]",0,6309.500838557
2,"[99, 60, 1, 23, 28, 24, 26, 73, 71, 133, 132, 33]","[1, 1, 1, 1, 1, 2, 1, 2, 1, 1, 1, 2]",0,12038.464635414002
