,task,distance
0,[0],11685.002828515002
1,[1],2861.273081438
2,[2],12464.268225833
