,customer,weight,round,length
0,"[103, 23, 112, 85, 62, 17, 16, 78, 77, 114, 115, 20, 21]","[1, 1, 1, 1, 1, 1, 1, 1, 1, 2, 2, 1, 1]",0,3177.8436449656006
1,"[77, 109]","[1, 1]",1,2215.689265326
