,customer,weight,round,length
0,"[25, 106, 61, 63, 74, 75, 85, 103, 92, 11, 84, 58, 111]","[1, 1, 1, 3, 1, 1, 1, 1, 1, 1, 1, 1, 1]",0,7305.198025185099
1,[1],[1],1,490.394836062
