,customer,weight,round,length
0,"[52, 60, 72, 19, 73, 20, 47, 46, 45, 38, 84]","[1, 1, 1, 2, 1, 1, 4, 1, 1, 1, 1]",0,4102.804830817
1,[49],[13],0,332.876322572
2,"[82, 81, 27, 44, 79, 87, 66, 35, 36]","[1, 1, 3, 1, 1, 1, 1, 1, 1]",0,4941.780519141999
3,[],[],0,0.0
