,task,distance
0,[0],4102.804830817
1,[1],332.876322572
2,[2],4941.780519141999
3,[3],0.0
