,task,distance
0,[0],2833.851374778
1,[1],5678.761425696
2,[2],2631.295302399
