,task,distance
0,"[0, 5]",8873.580355401999
1,"[1, 4]",3805.27058747
2,"[2, 3]",7994.673488057
