,customer,weight,round,length
0,[3],[12],0,1041.377758768
1,[1],[11],0,1197.015421118
