,task,distance
0,[0],1041.377758768
1,[1],1197.015421118
