,customer,weight,round,length
0,"[33, 73, 68, 69, 72, 32, 44, 63, 36, 22]","[2, 2, 1, 1, 1, 1, 1, 1, 3, 2]",0,3877.886225156
1,[18],[3],1,3256.6911731
