,customer,weight,round,length
0,"[44, 2, 62, 10, 21, 42, 46, 17, 58]","[2, 1, 3, 1, 2, 1, 1, 2, 2]",0,4295.560899813
1,"[36, 73]","[3, 2]",1,2926.744787134
