,customer,weight,round,length
0,"[41, 29, 24, 48, 10]","[1, 1, 2, 1, 1]",0,2666.3479043705
1,[],[],0,0.0
2,[42],[1],0,97.7335717642
