,task,distance
0,[0],2666.3479043705
1,[1],0.0
2,[2],97.7335717642
