,customer,weight,round,length
0,"[51, 43, 110, 111, 90, 73, 131, 56, 74]","[1, 5, 2, 2, 1, 1, 1, 1, 1]",0,2655.8212054554006
1,"[119, 112, 129, 78, 113, 82]","[1, 4, 1, 4, 3, 2]",0,2060.474916858
2,"[44, 114, 63, 62, 139, 108, 64, 116, 120]","[2, 2, 2, 1, 2, 2, 2, 1, 1]",0,3198.0908999720004
3,[],[],1,0.0
4,"[61, 137, 108]","[4, 2, 1]",1,4509.484102472
5,"[50, 55, 87, 65, 122]","[2, 3, 1, 2, 2]",1,5666.062526877999
