,task,distance
0,"[0, 4]",7165.305307927401
1,"[1, 5]",7726.537443735999
2,"[2, 3]",3198.0908999720004
