,customer,weight,round,length
0,"[6, 81, 5, 146, 147]","[3, 1, 1, 3, 3]",0,3847.611917083
1,"[131, 109, 83, 161, 84, 62, 114, 115, 112, 111, 110, 94, 93, 149]","[1, 1, 1, 1, 2, 1, 1, 1, 1, 1, 1, 1, 1, 1]",0,5010.556141007801
2,[],[],0,0.0
3,"[88, 46, 44, 106, 105, 104, 107, 103]","[1, 1, 2, 1, 1, 1, 1, 1]",0,1456.8283167116
