,customer,weight,round,length
0,"[75, 140, 159, 65, 66, 63, 29, 56, 55]","[2, 1, 1, 2, 1, 3, 3, 1, 1]",0,5525.902491755
1,"[78, 68]","[7, 3]",0,687.9316821259999
2,"[121, 120, 119, 40, 43, 139, 136, 135, 71, 134, 25, 144]","[1, 1, 1, 2, 1, 1, 2, 1, 1, 1, 2, 1]",0,3595.2464295098002
3,"[69, 123, 99, 122, 79]","[5, 1, 2, 2, 4]",0,1379.426180689
