,task,distance
0,[0],395.707461316
1,[1],2465.7151570676
2,[2],1581.947212479
3,[3],2057.7584084331
