,task,distance
0,"[0, 2]",11750.398102041
1,"[1, 3]",19443.908334503998
