,customer,weight,round,length
0,[],[],0,0.0
1,[133],[15],0,297.137821738
2,[],[],0,0.0
3,"[95, 173, 91, 53, 144, 58, 116, 80, 157, 156, 3]","[1, 1, 1, 1, 1, 1, 1, 1, 1, 1, 1]",0,29934.940347033
4,[133],[13],0,297.137821738
