,task,distance
0,[0],21262.741672344
1,[1],1356.9072119879995
2,[2],0.0
3,[3],0.0
4,[4],15560.31939824
