,customer,weight,round,length
0,"[13, 4, 0, 14]","[2, 1, 11, 1]",0,4088.69576906
1,"[55, 17, 27, 34, 51, 0]","[1, 1, 4, 1, 1, 7]",0,5432.678770319
2,[],[],1,0.0
3,[7],[2],1,4068.51031906
