,task,distance
0,"[0, 3]",19352.050115404
1,"[1, 2]",9421.310296663
