,task,distance
0,"[0, 3]",6766.2092082444005
1,"[1, 2]",7620.853755497501
