,task,distance
0,[0],10900.563413085
1,[1],1251.7050556208
2,[2],15639.237393477
3,[3],6325.3920778540005
4,[4],9949.4283836
