,task,distance
0,[0],842.21978025
1,[1],19012.076745975
2,[2],503.965104941
3,[3],8315.526044665
4,[4],9276.578459184
