,customer,weight,round,length
0,[],[],0,0.0
1,"[16, 0, 92, 81, 82, 125, 124, 83]","[1, 2, 1, 3, 4, 1, 1, 2]",0,2000001662.7194421
2,"[91, 62, 23, 105, 128, 31, 103, 102, 88, 70, 14]","[1, 1, 1, 1, 1, 1, 3, 1, 3, 1, 1]",0,3000003062.030427
3,[],[],0,0.0
4,[],[],0,0.0
