,customer,weight,round,length
0,[13],[2],0,210.66324749
1,"[117, 119, 130, 28, 47, 29, 39, 101, 60]","[2, 2, 1, 2, 2, 3, 1, 1, 1]",0,2000003228.7239048
2,[],[],0,0.0
3,[],[],0,0.0
4,"[87, 114, 84, 72, 57, 19, 56, 69, 18, 66]","[1, 2, 1, 2, 2, 1, 2, 1, 1, 1]",0,2007.898197438
