,task,distance
0,[0],0.0
1,[1],2000001662.719442
2,[2],3000003062.030427
3,[3],0.0
4,[4],0.0
