,customer,weight,round,length
0,"[142, 143, 42, 141, 114, 27, 140, 33, 35, 34, 135]","[1, 1, 2, 1, 1, 1, 2, 1, 1, 1, 3]",0,2046.0505348412
1,"[104, 156, 154, 125, 40, 20, 39, 71]","[3, 2, 2, 3, 1, 1, 1, 2]",1,3037.4363194360003
