,customer,weight,round,length
0,"[110, 92, 80, 81]","[1, 1, 2, 1]",0,4623.8116052343
1,[5],[3],0,536.3236633
