,task,distance
0,[0],4623.8116052343
1,[1],536.3236633
