,task,distance
0,[0],3365.9573922324
1,[1],98.7567346056
