,customer,weight,round,length
0,"[77, 124, 19, 134, 63, 23, 26, 105, 75, 46, 85]","[1, 1, 1, 2, 1, 2, 1, 3, 1, 1, 1]",0,7403.7378100549995
1,"[106, 16, 97, 112, 127, 48, 36]","[1, 1, 1, 1, 1, 4, 1]",0,6374.3694547768
2,[],[],0,0.0
3,[],[],0,0.0
