,task,distance
0,[0],689.7099322667
1,[1],0.0
2,[2],0.0
3,[3],0.0
4,[4],1756.792000755
