,task,distance
0,[0],3722.3533180728
1,[1],300.445546308
