,task,distance
0,[0],5298.13854687
1,[1],101.8627615892
