,customer,weight,round,length
0,"[1, 41, 42, 83, 32, 18]","[1, 2, 2, 4, 1, 2]",0,2792.3160801579997
1,"[34, 29, 95, 56, 89, 4, 99, 39, 37, 91, 75, 74, 69]","[1, 2, 1, 1, 1, 1, 1, 1, 1, 2, 1, 1, 1]",0,4995.5078322443005
