,task,distance
0,"[0, 4]",9455.589902275
1,"[1, 5]",7641.966215552
2,"[2, 3]",11254.959078918
