,customer,weight,round,length
0,"[21, 6, 7, 16, 22]","[1, 1, 11, 1, 1]",0,1195.736688558
1,"[13, 7, 22]","[1, 12, 1]",0,1709.218352475
2,"[10, 4, 19, 0, 15, 3, 11, 1, 12]","[1, 1, 1, 1, 3, 1, 1, 2, 1]",0,1879.0561492279999
3,[],[],0,0.0
4,"[8, 18, 14, 17, 2, 5, 9, 20]","[1, 1, 1, 1, 1, 1, 1, 1]",0,1261.6751035850002
