,task,distance
0,[0],1195.736688558
1,[1],1709.218352475
2,[2],1879.056149228
3,[3],0.0
4,[4],1261.6751035850002
