,customer,weight,round,length
0,[27],[1],0,137.0347808732
1,[102],[11],0,221.478652384
2,"[100, 5, 70, 41, 75, 48, 33, 99, 8, 0, 77, 30, 68]","[1, 1, 1, 1, 1, 1, 1, 1, 2, 2, 1, 1, 1]",0,4493.277280094099
