,task,distance
0,[0],1971.1093530238
1,[1],0.0
2,[2],476.3460457583
