,customer,weight,round,length
0,"[115, 116, 62, 5, 26, 105, 98, 106, 94, 59]","[2, 1, 1, 1, 2, 1, 2, 1, 2, 2]",0,2951.810195547
1,"[48, 6, 107, 9]","[1, 1, 1, 1]",1,2377.027145383
