,customer,weight,round,length
0,"[154, 11, 71, 138, 100, 101, 123, 15, 119, 135, 131, 118, 48]","[2, 1, 1, 2, 1, 1, 1, 1, 1, 1, 1, 1, 1]",0,4544.766568464
1,"[110, 120, 142, 114, 26, 92]","[1, 6, 3, 1, 1, 3]",1,3916.383850051
