,customer,weight,round,length
0,"[62, 37, 77, 67, 66, 69, 60, 10, 44, 35]","[1, 1, 1, 1, 1, 4, 2, 2, 1, 1]",0,2832.6312029721
1,"[29, 14, 28, 8, 6, 51, 50, 11, 23, 4, 2, 74]","[1, 1, 1, 1, 1, 1, 1, 1, 1, 2, 2, 2]",1,4197.9207152818
