,task,distance
0,[0],1519.5563609211
1,[1],153.8787718894
