,task,distance
0,[0],202.216894374
1,[1],3797.85600514
2,[2],376.930765892
3,[3],2930.058480131
4,[4],995.976435127
