,customer,weight,round,length
0,"[72, 59, 97, 39, 78, 92, 67, 44, 90]","[2, 2, 1, 2, 1, 1, 4, 1, 1]",0,6193.7339366999995
1,[0],[1],1,3410.0257584
