,task,distance
0,[0],3846.8003591964
1,[1],5813.2698751832
2,[2],2168.181484029
