,task,distance
0,[0],3898.147201043
1,[1],176.7278863438
