,task,distance
0,[0],2550.7797096300005
1,[1],2355.1217256083
2,[2],1688.1153149565002
3,[3],2454.6411472525
