,task,distance
0,[0],2000000243.9784312
1,[1],2000000749.9514508
2,[2],89.4094945492
3,[3],2000002294.680731
