,customer,weight,round,length
0,[],[],0,0.0
1,[],[],0,0.0
2,[],[],0,0.0
3,[83],[4],0,370.62004715
4,"[66, 26, 54, 41, 0, 50, 92, 11, 91, 29, 90, 89, 67]","[1, 1, 1, 1, 1, 1, 1, 1, 1, 1, 1, 1, 3]",0,10672.8836600944
