,customer,weight,round,length
0,[64],[2],0,201.435447048
1,[],[],0,0.0
2,"[38, 40, 43, 44, 76, 31, 96, 23, 22, 21, 63, 64]","[1, 2, 2, 2, 1, 1, 1, 1, 1, 1, 1, 1]",0,3887.4400639547002
3,[62],[3],0,384.84738638
4,[],[],0,0.0
