,customer,weight,round,length
0,"[37, 39, 42, 48, 47, 60, 46, 49]","[1, 1, 1, 1, 1, 2, 1, 2]",0,1121.0286905072999
1,[],[],0,0.0
2,"[35, 34, 74, 9, 72, 87]","[1, 2, 1, 1, 1, 2]",0,3859.0443642870005
3,[],[],0,0.0
4,[],[],0,0.0
