,customer,weight,round,length
0,[],[],0,0.0
1,"[79, 1, 52, 3, 4, 14, 13]","[2, 1, 1, 2, 1, 4, 2]",0,2146.151127103
2,[],[],0,0.0
3,"[5, 8, 19, 81, 16, 71, 51]","[1, 1, 1, 1, 1, 1, 1]",0,5999.485174457499
4,[],[],0,0.0
