,task,distance
0,[0],8313.9541741307
1,[1],0.0
2,[2],192.3395599812
3,[3],0.0
4,[4],0.0
