,customer,weight,round,length
0,"[116, 112, 78, 59]","[1, 1, 2, 1]",0,3485.803562431
1,[],[],0,0.0
2,[],[],0,0.0
3,[],[],0,0.0
4,"[44, 53, 55, 70, 86, 34, 102, 30, 98]","[3, 1, 2, 1, 1, 1, 1, 1, 1]",0,4484.0336495692
