,task,distance
0,[0],0.0
1,[1],5849.608582104
2,[2],247.648002506
3,[3],0.0
4,[4],0.0
