,customer,weight,round,length
0,"[114, 34, 140, 123, 118, 41, 43, 94, 42]","[1, 3, 1, 1, 4, 1, 1, 2, 1]",0,4937.136131711
1,"[83, 35, 36, 89, 98, 96, 146, 23, 22, 172]","[4, 3, 1, 1, 1, 1, 1, 1, 1, 1]",0,3407.6745461449996
2,"[175, 164, 165, 126, 45, 107, 134, 4, 78]","[1, 2, 4, 2, 2, 1, 1, 1, 1]",1,4043.0440499583997
3,"[79, 129, 113, 112, 25, 108, 109, 110, 176, 66]","[3, 3, 1, 1, 1, 1, 1, 1, 1, 2]",1,1699.0468790487002
4,"[3, 166, 151, 63, 76, 71, 58, 26, 174, 106, 30, 134]","[1, 1, 1, 1, 1, 2, 1, 1, 1, 1, 1, 3]",2,3621.704867638
5,"[75, 74, 158, 9, 100, 11, 60, 12, 162]","[2, 2, 1, 2, 1, 1, 2, 1, 3]",2,2004.8162380156998
6,"[54, 53]","[1, 2]",3,1857.997847512
7,"[116, 102, 103, 65, 48, 13, 64, 8]","[1, 2, 1, 2, 2, 3, 2, 1]",3,3574.698396662
