,customer,weight,round,length
0,[],[],0,0.0
1,[],[],0,0.0
2,"[31, 1, 36, 73, 21, 9, 30]","[3, 1, 3, 2, 2, 1, 2]",0,3367.968855362
3,[],[],0,0.0
4,"[0, 64, 20]","[1, 2, 2]",0,1417.5788692800002
