,customer,weight,round,length
0,"[105, 50, 130, 100, 99, 13, 57, 114, 97, 24]","[1, 1, 2, 1, 1, 1, 1, 1, 4, 2]",0,3891.2057217448996
1,"[91, 87, 121, 51, 53, 1]","[1, 3, 1, 1, 6, 3]",1,3365.366877031
2,"[116, 72, 126, 53, 124, 125, 79, 35, 64, 54]","[2, 1, 2, 2, 2, 2, 1, 1, 1, 1]",2,3759.537651781
3,"[76, 75, 118]","[1, 1, 2]",3,1447.182065247
