,customer,weight,round,length
0,"[18, 17, 120, 19, 92, 14, 91, 20, 102, 89, 88, 15]","[1, 1, 2, 1, 1, 1, 1, 2, 1, 1, 1, 2]",0,1880.2657909206002
1,"[62, 60, 76, 52]","[5, 1, 1, 1]",0,8604.6153215131
2,"[53, 152, 85, 86, 87, 93, 16]","[1, 3, 1, 1, 1, 3, 1]",0,1317.300472505
