,task,distance
0,[0],2062.1373975512
1,[1],2069.1098117548
2,[2],86.3487000356
