,customer,weight,round,length
0,"[91, 117, 35, 79, 40, 106, 174, 131, 156, 130, 57, 103, 160]","[1, 1, 1, 1, 1, 1, 1, 3, 1, 1, 1, 1, 1]",0,18954.166799163
1,"[88, 50, 51, 81, 120, 142, 54, 163, 74, 71, 101, 49, 48, 0]","[1, 1, 1, 1, 1, 1, 1, 2, 1, 1, 1, 1, 1, 1]",1,4415.1843709436
2,[173],[2],2,1175.614848744
