,customer,weight,round,length
0,"[85, 2, 152, 3, 1, 65, 40, 165, 137, 139, 136, 104, 122]","[2, 1, 1, 1, 1, 1, 1, 1, 1, 1, 1, 1, 2]",0,5866.0681852489
1,"[113, 49, 74, 167, 120, 133, 9, 63]","[1, 1, 1, 3, 2, 3, 1, 3]",1,5372.38920688
2,"[158, 75, 147, 103, 102, 157, 60, 30, 118]","[1, 1, 3, 1, 1, 1, 2, 4, 1]",2,2367.6735201786996
3,"[25, 19, 92, 149, 150, 107, 16, 18, 143, 154, 59]","[1, 3, 1, 1, 1, 1, 1, 1, 3, 1, 1]",3,5275.5738821833
4,"[142, 32, 162, 163, 22, 20, 144, 145]","[2, 1, 2, 1, 1, 1, 2, 1]",4,5857.812327364
