,customer,weight,round,length
0,"[57, 151, 173, 33, 43, 42, 124, 3, 105, 106, 123, 34]","[1, 2, 1, 1, 1, 1, 2, 1, 1, 1, 1, 2]",0,2000003423.0114317
1,"[77, 50, 72, 114, 61, 10, 73, 171, 96, 95]","[1, 1, 1, 2, 3, 1, 2, 2, 1, 1]",1,2000003548.4927883
2,"[89, 76, 148, 48, 112, 146, 111, 117, 98, 26, 27]","[1, 5, 1, 1, 1, 1, 1, 1, 1, 1, 1]",2,2000004550.786603
3,"[54, 78, 108, 17, 90, 11, 91, 140, 21, 20]","[1, 1, 1, 1, 1, 3, 1, 2, 3, 1]",3,2000002468.1952407
4,"[23, 141, 52, 160, 161, 164]","[1, 1, 1, 2, 2, 2]",4,2000001062.077484
