,task,distance
0,[0],16423.252242227
1,[1],11255.967108651
