,task,distance
0,[0],6928.9216698496
1,[1],2838.912257287
