,task,distance
0,[0],7380.828950928001
1,[1],489.054444328
2,[2],489.054444328
3,[3],489.054444328
