,task,distance
0,[0],4146.1499527
1,[1],8573.184575684401
2,[2],4146.1499527
3,[3],5528.738575509
