,customer,weight,round,length
0,"[8, 131, 72, 84, 49, 103, 46, 22, 31, 120]","[2, 1, 1, 2, 1, 1, 2, 1, 2, 1]",0,2000003004.0425053
1,"[109, 94, 58]","[1, 1, 1]",0,3000000325.448958
