,customer,weight,round,length
0,"[13, 9, 26, 35, 36, 37, 82, 34]","[1, 1, 2, 1, 1, 1, 2, 6]",0,2621.7152986670003
1,"[11, 27, 77, 38]","[1, 1, 1, 1]",1,3384.925016086
