,customer,weight,round,length
0,"[38, 13, 47, 55, 102, 94, 62, 87, 7, 4, 27]","[1, 1, 1, 1, 1, 1, 1, 4, 2, 1, 1]",0,5615.033591283
1,[67],[2],1,2483.51129118
