,customer,weight,round,length
0,"[4, 18, 1, 67, 30, 29, 3, 7, 77, 25, 5]","[3, 1, 1, 2, 1, 1, 1, 2, 1, 1, 1]",0,3478.8538701647003
1,[100],[4],1,3807.09309812
