,customer,weight,round,length
0,"[8, 3, 4, 6, 1]","[2, 1, 2, 3, 1]",0,1133.167521769
1,[],[],0,0.0
2,[10],[13],0,136.0090647204
