,task,distance
0,[0],0.0
1,[1],1290.953713031
2,[2],136.0090647204
