,task,distance
0,[0],630.424095585
1,[1],2490.79487219
