,customer,weight,round,length
0,[99],[5],0,191.7857664644
1,"[67, 68, 23, 80, 32, 4, 52, 60]","[3, 3, 1, 1, 1, 1, 1, 4]",0,6055.571488273001
2,[],[],0,0.0
