,task,distance
0,[0],0.0
1,[1],6701.4095852442
2,[2],244.674852098
