,customer,weight,round,length
0,"[53, 44, 55, 54]","[3, 4, 5, 3]",0,2963.592162861
1,"[89, 41, 59, 42, 60, 90, 61, 56, 93]","[2, 2, 1, 1, 1, 1, 1, 4, 2]",0,4020.7578559390004
2,"[68, 73, 50, 48, 49, 51, 85, 97, 96, 95]","[1, 1, 1, 1, 4, 3, 1, 1, 1, 1]",0,2870.173633623
3,"[72, 101, 100, 99, 27, 87, 98, 2, 62, 3]","[1, 1, 1, 1, 2, 1, 1, 2, 4, 1]",1,2651.9192737313
4,"[38, 80, 94, 83, 24, 82, 81]","[8, 2, 1, 1, 1, 1, 1]",1,1515.9878419980002
5,"[78, 102, 63, 103, 57, 104, 58, 5, 106, 70]","[1, 1, 1, 1, 3, 1, 2, 1, 3, 1]",1,3282.5934372793
6,[],[],2,0.0
7,[86],[1],2,1193.83704017
8,[],[],2,0.0
