,task,distance
0,[0],5924.478883429
1,[1],0.0
2,[2],0.0
3,[3],1908.400858513
