,customer,weight,round,length
0,"[45, 195, 19, 14, 2, 143, 144, 145, 173, 127, 201, 46, 26]","[1, 1, 1, 1, 1, 1, 1, 1, 3, 1, 1, 1, 1]",0,10258.954058807001
1,"[44, 122, 24, 199, 180, 237, 181, 179, 178, 177]","[2, 1, 1, 2, 2, 2, 1, 1, 1, 2]",0,4413.785090065
2,"[35, 16, 154, 140, 223, 5, 38, 39, 169, 21, 93, 20, 227, 155]","[1, 1, 1, 1, 2, 1, 1, 1, 1, 1, 1, 1, 1, 1]",0,11810.324252411
3,"[151, 176, 215, 210, 213, 107, 4, 204, 106, 103, 91, 150]","[2, 1, 1, 1, 1, 1, 1, 1, 1, 2, 2, 1]",0,5964.51569167
4,"[101, 84, 64, 96, 88, 63, 60, 234, 54, 76, 95]","[1, 1, 1, 2, 1, 1, 2, 1, 2, 1, 1]",0,5361.044399586
