,customer,weight,round,length
0,[24],[15],0,395.40196047
1,"[24, 6]","[12, 3]",0,1289.15189571
2,[],[],1,0.0
3,"[41, 15, 21, 13, 43, 18]","[1, 1, 1, 2, 1, 1]",1,5387.922933924999
