,customer,weight,round,length
0,"[7, 5, 45, 16, 17, 25, 23]","[2, 1, 1, 1, 1, 1, 8]",0,7682.609764600001
1,[23],[15],0,226.009948064
