,customer,weight,round,length
0,[6],[15],0,221.10299396
1,[6],[15],0,221.10299396
2,[6],[14],1,221.10299396
3,"[11, 19, 20, 4, 14]","[1, 1, 1, 1, 1]",1,4026.0188943660005
