,task,distance
0,[0],1792.6935344478
1,[1],11852.7159447879
2,[2],6144.860988010999
3,[3],516.9586524378999
4,[4],6440.68748796
