,customer,weight,round,length
0,"[79, 78]","[1, 1]",0,414.4665547037
1,[],[],0,0.0
2,"[119, 89, 118, 140, 132, 67, 130, 129, 110, 124, 122]","[2, 2, 1, 2, 1, 1, 1, 1, 2, 1, 1]",0,4512.883785718
3,"[84, 86, 106, 117, 115, 116, 114]","[1, 1, 1, 3, 2, 5, 2]",0,2224.48195491
