,task,distance
0,[0],0.0
1,[1],236.34497899
2,[2],1684.65568518
3,[3],2900.655461619
