,customer,weight,round,length
0,"[83, 89, 90, 29, 91, 11, 9, 41, 26, 66]","[4, 1, 1, 1, 1, 1, 1, 1, 1, 1]",0,5347.9328742704
1,[],[],0,0.0
2,[67],[3],0,275.162004744
