,customer,weight,round,length
0,"[38, 43, 47, 40, 62]","[1, 2, 1, 2, 3]",0,1340.102378721
1,"[21, 22, 23, 96, 31, 64]","[1, 1, 1, 1, 1, 2]",0,1828.5416844996998
2,[],[],0,0.0
