,customer,weight,round,length
0,"[54, 67, 11, 75, 8, 16, 3, 14]","[1, 3, 1, 1, 1, 1, 2, 4]",0,2000003746.0272362
1,"[42, 21, 43, 49]","[1, 1, 2, 2]",0,2046.3545012675997
2,[],[],0,0.0
