,customer,weight,round,length
0,[],[],0,0.0
1,[79],[2],0,639.838516506
2,"[13, 39, 92, 91, 38, 60, 46, 44, 34, 4]","[2, 1, 1, 1, 1, 2, 1, 2, 2, 1]",0,7830.4804586559985
