,task,distance
0,[0],615.645077258
1,[1],0.0
2,[2],1014.512994044
3,[3],0.0
4,[4],11160.6286319501
