,task,distance
0,"[0, 3]",11020.830888053
1,"[1, 2]",14269.124640605995
