,task,distance
0,[0],6017.8615114268
1,[1],2799.6213765232
2,[2],0.0
