,customer,weight,round,length
0,"[3, 36, 22, 8, 29, 19, 104, 11, 126, 125, 83, 68, 55]","[1, 1, 2, 1, 1, 2, 1, 1, 1, 1, 1, 1, 1]",0,5054.267477614
1,"[71, 86, 100, 84, 17, 121, 66, 120, 34, 35, 114, 64, 65, 82, 72]","[1, 1, 1, 1, 1, 1, 1, 1, 1, 1, 1, 1, 1, 1, 1]",1,5281.4665003850005
2,"[23, 115, 127, 128, 117, 94, 76, 89, 90, 88, 87]","[2, 1, 1, 1, 1, 1, 3, 1, 1, 1, 2]",2,3686.3435358673005
3,"[93, 97, 117, 75, 74, 109, 73, 40, 111, 20, 112, 113]","[2, 1, 3, 1, 1, 1, 1, 1, 1, 1, 1, 1]",3,5566.3787128873
4,"[41, 25, 24, 91, 37, 39, 38, 103, 0]","[1, 1, 1, 1, 1, 1, 1, 1, 2]",4,4250.35082271
