,customer,weight,round,length
0,[],[],0,0.0
1,[],[],0,0.0
2,[27],[10],0,320.457493508
3,[],[],0,0.0
4,"[27, 26, 3, 4, 20]","[9, 3, 1, 1, 1]",0,5631.872874957001
