,customer,weight,round,length
0,"[44, 30, 34, 31, 81, 49, 47, 24, 26, 67]","[1, 1, 1, 2, 3, 1, 1, 1, 1, 3]",0,3441.0140470790006
1,"[54, 57, 17, 58, 86, 21, 20, 84, 19, 9, 89, 64]","[1, 2, 1, 2, 1, 1, 2, 1, 1, 1, 1, 1]",0,3652.1138948189996
2,[],[],1,0.0
3,"[13, 56, 36]","[1, 1, 1]",1,2610.984950923
