,task,distance
0,"[0, 3]",5063.2657287482
1,"[1, 2]",2221.9916483468
