,task,distance
0,"[0, 3]",6051.998998002
1,"[1, 2]",3652.113894819
