,task,distance
0,"[0, 2]",3671.594474318
1,"[1, 3]",6561.53325571
