,customer,weight,round,length
0,"[50, 51, 93, 55, 85, 97, 96, 95]","[1, 3, 2, 5, 1, 1, 1, 1]",0,3061.0967210283
1,"[48, 56, 90, 42, 106, 5, 57, 80]","[1, 4, 1, 1, 3, 1, 3, 1]",0,4304.51319209
2,[],[],1,0.0
3,"[24, 81, 27, 100, 99, 98, 3, 62, 104, 70]","[1, 1, 2, 1, 1, 1, 1, 4, 1, 1]",1,4202.276808556199
