,customer,weight,round,length
0,[],[],0,0.0
1,"[2, 16, 31, 9]","[1, 1, 1, 1]",0,2122.879388529
2,[3],[13],0,293.325347864
3,[],[],0,0.0
