,customer,weight,round,length
0,[],[],0,0.0
1,[],[],0,0.0
2,"[39, 20, 38]","[1, 3, 2]",0,4930.254857517
3,[29],[12],0,47.4038279018
