,task,distance
0,[0],68.9409970636
1,[1],0.0
2,[2],3144.696521267
3,[3],0.0
