,customer,weight,round,length
0,"[200, 108, 185, 184, 195, 120, 123, 122, 55, 192, 10, 87, 194, 85, 110]","[1, 1, 1, 1, 1, 1, 1, 1, 1, 1, 1, 1, 1, 1, 1]",0,8463.097368069999
1,"[196, 43, 41, 94, 145, 147, 42, 175, 97, 98, 31, 7, 9, 6]","[1, 1, 1, 1, 1, 1, 1, 1, 1, 2, 1, 1, 1, 1]",1,11002.087947302
2,"[157, 63, 131]","[1, 1, 1]",2,10414.116575701999
