,customer,weight,round,length
0,"[47, 110, 31, 92, 94, 23, 103, 17, 62, 16, 77, 78, 91]","[1, 2, 1, 1, 1, 1, 1, 1, 1, 1, 2, 1, 1]",0,3703.7377795107
1,"[57, 111, 29, 34, 11, 87, 109, 112, 20, 21, 114, 76, 85]","[2, 1, 1, 1, 1, 1, 1, 1, 1, 1, 2, 1, 1]",1,4948.7822326696005
2,"[75, 115]","[1, 2]",2,1665.980330409
