,customer,weight,round,length
0,"[84, 61, 63, 116, 106, 117, 49, 65, 24, 4, 64]","[1, 1, 3, 2, 1, 2, 1, 1, 1, 1, 1]",0,4003.6578820329005
1,"[100, 72, 81, 58, 6, 1, 108, 25, 70, 71, 10, 97]","[1, 1, 2, 1, 2, 1, 2, 1, 1, 1, 1, 1]",1,5321.50592958
2,"[95, 73, 105, 74, 89, 5]","[2, 1, 2, 1, 1, 3]",2,4851.933412194
