,task,distance
0,[0],0.0
1,[1],1907.084480901
2,[2],0.0
3,[3],0.0
4,[4],7150.1882604190005
