,task,distance
0,[0],322.007130174
1,[1],1281.3220416969998
2,[2],309.469238746
3,[3],0.0
