,customer,weight,round,length
0,"[19, 59, 108, 25, 24]","[8, 1, 1, 1, 2]",0,2284.692772122
1,"[74, 61, 97]","[1, 3, 4]",0,638.1130643274
2,"[48, 130, 100, 99, 98, 13, 114, 14, 57, 58, 41]","[2, 2, 1, 1, 2, 1, 1, 1, 1, 1, 1]",0,2652.5760826148
3,[],[],0,0.0
