,customer,weight,round,length
0,"[51, 104, 8, 80, 129, 64, 46, 9, 76, 116, 69, 126]","[1, 1, 1, 2, 1, 1, 1, 1, 1, 2, 1, 2]",0,4492.180764989001
1,"[114, 14, 98, 87, 130, 100, 108]","[1, 1, 2, 3, 2, 1, 1]",0,4575.614050045
2,[],[],0,0.0
3,[],[],0,0.0
