,task,distance
0,[0],1347.5632114793998
1,[1],2063.3701842284
2,[2],0.0
3,[3],0.0
