,task,distance
0,[0],2284.692772122
1,[1],638.1130643274
2,[2],2652.5760826148
3,[3],0.0
