,customer,weight,round,length
0,"[89, 144, 103, 127, 126, 101, 183, 115, 104, 117, 54, 182, 70, 132, 157]","[1, 1, 1, 1, 1, 1, 1, 1, 1, 1, 1, 1, 1, 1, 1]",0,10145.131903983001
1,"[160, 114, 94, 47, 59, 198, 161, 105, 99, 165, 167]","[1, 1, 1, 1, 1, 5, 1, 1, 1, 1, 1]",1,10836.420788979001
2,[164],[11],2,8660.62622894
