,task,distance
0,[0],254.44492968
1,[1],8035.144606373999
2,[2],0.0
3,[3],0.0
4,[4],0.0
