,task,distance
0,[0],6545.777871315
1,[1],0.0
2,[2],0.0
3,[3],0.0
4,[4],6109.952961135
