,customer,weight,round,length
0,"[47, 25, 26]","[1, 1, 1]",0,667.3628095920001
1,[],[],0,0.0
2,[],[],0,0.0
3,[],[],0,0.0
4,"[46, 44, 40, 41, 16, 42, 11, 5, 9]","[1, 4, 1, 1, 1, 2, 1, 1, 1]",0,2467.4008179019997
