,task,distance
0,[0],667.3628095920001
1,[1],0.0
2,[2],0.0
3,[3],0.0
4,[4],2467.400817902
