,task,distance
0,"[0, 3]",5675.1207568360005
1,"[1, 2]",7405.211828608
