,task,distance
0,"[0, 3]",3504.9703134537
1,"[1, 2]",5203.2817736734005
