,customer,weight,round,length
0,"[27, 16, 58, 17, 26, 46, 66, 42, 2]","[2, 2, 1, 2, 3, 1, 2, 1, 1]",0,4838.497862996
1,"[21, 59, 25, 29, 30, 1, 9, 41, 3]","[2, 1, 2, 1, 2, 1, 1, 4, 1]",1,3260.7414858643997
2,"[36, 73, 68]","[3, 2, 1]",2,1305.015275404
