,customer,weight,round,length
0,"[75, 76, 28, 47, 33, 36, 86, 60, 82]","[3, 2, 3, 1, 1, 1, 1, 2, 1]",0,3445.365340763
1,"[41, 22, 96, 97, 81, 53, 66, 49, 50, 29, 23]","[1, 2, 1, 1, 2, 2, 2, 1, 1, 1, 1]",0,2903.4620325315
2,[],[],1,0.0
3,"[95, 94, 93, 67, 54, 89]","[1, 1, 1, 1, 3, 1]",1,3501.8943155362
