,task,distance
0,"[0, 2]",3445.365340763
1,"[1, 3]",6405.3563480677
