,task,distance
0,"[0, 3]",2982.064478087
1,"[1, 2]",7067.789454276301
