,task,distance
0,"[0, 3]",4000006616.453357
1,"[1, 2]",4000007523.0573797
