,customer,weight,round,length
0,"[32, 11]","[2, 13]",0,1503.571479147
1,[25],[15],0,1123.276640536
2,[32],[15],0,294.53091234
3,"[18, 7, 29, 17, 11, 25]","[3, 1, 1, 4, 4, 2]",0,9560.642468869999
4,"[24, 28, 19, 12, 13, 16, 1]","[1, 1, 1, 2, 2, 1, 3]",1,9019.274473537
5,[],[],1,0.0
6,[],[],1,0.0
7,[],[],1,0.0
