,task,distance
0,"[0, 6]",1503.571479147
1,"[1, 7]",1123.276640536
2,"[2, 4]",9313.805385877
3,"[3, 5]",9560.64246887
