,customer,weight,round,length
0,"[67, 55]","[1, 3]",0,2405.898373932
1,"[73, 14, 10, 27, 81]","[4, 1, 3, 2, 4]",0,3611.1766144179996
