,task,distance
0,[0],1107.628337683
1,[1],5704.912774225001
