,task,distance
0,[0],11269.879358055
1,[1],831.369220088
