,task,distance
0,[0],15164.661912735
1,[1],0.0
2,[2],14048.006842202
3,[3],0.0
