,task,distance
0,[0],4917.788212112
1,[1],0.0
2,[2],0.0
3,[3],559.444364168
