,customer,weight,round,length
0,[35],[4],0,228.605068686
1,"[34, 32, 41, 50, 31, 33, 8, 35]","[2, 2, 1, 6, 1, 1, 1, 1]",0,5413.127600225
2,[],[],0,0.0
3,[],[],0,0.0
4,[],[],0,0.0
