,customer,weight,round,length
0,[],[],0,0.0
1,[],[],0,0.0
2,"[21, 48, 9, 10, 2, 1]","[1, 1, 1, 1, 1, 1]",0,1962.3838197954
3,[],[],0,0.0
4,[24],[5],0,197.7779782676
