,task,distance
0,[0],0.0
1,[1],0.0
2,[2],2212.2203812172
3,[3],0.0
4,[4],2981.702460105
