,task,distance
0,[0],2464.356721089
1,[1],3420.6206041210003
