,customer,weight,round,length
0,[],[],0,0.0
1,[],[],0,0.0
2,"[131, 175, 111, 138, 194, 148, 44, 137]","[2, 1, 1, 2, 1, 1, 1, 1]",0,4414.577946382
3,"[117, 115, 163, 124, 1, 180, 100, 17, 31]","[2, 1, 1, 1, 4, 1, 3, 1, 1]",0,7431.824164324001
