,task,distance
0,[0],0.0
1,[1],3895.454896855
2,[2],6025.547361436
3,[3],0.0
