,customer,weight,round,length
0,"[82, 77, 156, 7, 86, 14, 113, 16, 17, 26, 27, 28]","[1, 4, 1, 1, 1, 1, 1, 1, 1, 1, 1, 1]",0,2132.0760016002
1,"[59, 60, 9, 85, 112, 15, 114, 76, 116, 17]","[1, 1, 3, 2, 1, 2, 1, 1, 2, 1]",1,3216.893812035399
2,"[158, 61, 91, 22, 115, 111, 62, 64, 84]","[2, 1, 3, 3, 1, 1, 1, 1, 2]",2,4025.7053154439996
3,"[53, 54, 55, 56, 8, 10, 23, 94, 93, 110, 109, 83, 161, 39, 41]","[1, 1, 1, 1, 1, 1, 1, 1, 1, 1, 1, 1, 1, 1, 1]",3,4527.0987484744
4,"[131, 44, 105, 46, 104, 107, 88, 149, 98, 29]","[1, 2, 1, 1, 1, 1, 1, 1, 3, 3]",4,7724.705624587
