,customer,weight,round,length
0,"[3, 16, 54, 9, 14, 7, 106, 58, 50, 15, 76, 10]","[1, 1, 1, 1, 1, 1, 1, 1, 4, 1, 1, 1]",0,2115.472575568
1,"[57, 36, 10, 37, 5, 75, 49, 77, 79, 8]","[2, 1, 1, 1, 3, 1, 1, 1, 2, 2]",1,1620.069242994
2,"[11, 107, 78, 74, 56, 39, 60, 38, 41]","[3, 2, 1, 1, 2, 1, 3, 1, 1]",2,1116.024932704
3,"[25, 72, 110, 33, 4, 73, 61, 34, 35, 6, 55, 32, 23, 12, 62]","[1, 1, 1, 1, 1, 1, 1, 1, 1, 1, 1, 1, 1, 1, 1]",3,2294.112731917
4,"[65, 90, 103, 59, 71, 69, 63, 28, 17, 29]","[3, 1, 1, 1, 1, 1, 1, 2, 3, 1]",4,2363.136814044
