,customer,weight,round,length
0,[8],[15],0,627.133074118
1,"[22, 149, 118, 140, 116, 168, 169, 141, 124, 126, 125, 86]","[1, 2, 1, 1, 1, 2, 1, 1, 1, 1, 1, 1]",0,8416.1570767496
