,task,distance
0,[0],1242.6137781553
1,[1],5292.975363692
