,task,distance
0,[0],13593.3436090573
1,[1],3920.01853928
