,task,distance
0,[0],9063.9471494552
1,[1],3477.79026378
2,[2],73.052128886
3,[3],1334.429215979
4,[4],4409.318386704
