,task,distance
0,[0],817.2372047260001
1,[1],0.0
2,[2],0.0
3,[3],0.0
4,[4],2707.44954459
