,task,distance
0,[0],132.5386982992
1,[1],0.0
2,[2],5853.964249626601
