,customer,weight,round,length
0,"[11, 23, 4, 2, 74, 50, 51, 6, 8, 28, 14]","[1, 1, 2, 2, 2, 1, 1, 1, 1, 1, 1]",0,3210.4156774818002
1,"[29, 30, 40, 36, 76, 38, 41, 31, 70, 63, 65]","[1, 1, 1, 1, 3, 1, 3, 1, 1, 1, 1]",0,3147.5536177207
2,[],[],0,0.0
