,task,distance
0,"[0, 5, 6]",3769.081426007
1,"[1, 4, 8]",4896.885232134
2,"[2, 3, 6]",3748.711303207
