,customer,weight,round,length
0,"[10, 126, 11, 121, 103, 9, 124, 8, 143]","[1, 1, 1, 2, 4, 2, 2, 1, 1]",0,1183.4618078482
1,"[154, 123, 126, 14, 147, 125]","[2, 1, 1, 3, 1, 2]",1,1900.019090418
