,task,distance
0,[0],0.0
1,[1],6461.3009362620005
2,[2],0.0
3,[3],1850.7818996349
4,[4],0.0
