,customer,weight,round,length
0,[19],[15],0,1091.539961918
1,[40],[15],0,1539.912532216
2,"[8, 15, 11, 23, 6, 45, 21, 38, 18, 42]","[3, 3, 1, 1, 1, 1, 2, 1, 1, 1]",0,5776.4693276749995
3,"[40, 41, 19, 9, 26]","[2, 5, 6, 1, 1]",0,4327.36239099
4,[],[],1,0.0
5,[],[],1,0.0
6,[40],[1],1,1539.912532216
7,[],[],1,0.0
