,task,distance
0,"[0, 6]",2631.452494134
1,"[1, 7]",1539.912532216
2,"[2, 4]",5776.469327675
3,"[3, 5]",4327.36239099
