,task,distance
0,[0],0.0
1,[1],2428.1436032240003
2,[2],0.0
3,[3],3480.5891349382
