,customer,weight,round,length
0,"[121, 132, 97, 130, 81, 87, 107, 117, 86, 85, 110, 111]","[1, 1, 1, 1, 1, 1, 1, 3, 1, 1, 2, 1]",0,6959.233024638001
1,"[26, 120]","[1, 2]",0,942.89427033
2,[131],[4],0,244.8054135
