,task,distance
0,[0],2334.012526277
1,[1],5792.404790592001
2,[2],0.0
