,task,distance
0,[0],6959.233024638001
1,[1],942.89427033
2,[2],244.8054135
