,task,distance
0,[0],2460.80404498
1,[1],0.0
2,[2],4105.120722912
