,customer,weight,round,length
0,[],[],0,0.0
1,"[15, 36, 18, 11]","[7, 1, 1, 1]",0,2066.566639454
2,[],[],0,0.0
3,"[40, 25, 37, 41, 12, 9]","[1, 1, 1, 1, 1, 1]",0,4983.925479821
