,customer,weight,round,length
0,"[44, 7, 49, 51, 19, 112, 22, 24, 56, 74, 64]","[1, 1, 1, 1, 2, 1, 1, 1, 1, 1, 2]",0,2000016662.6319008
1,"[33, 27, 80, 79, 18, 5, 103, 20, 90, 89]","[1, 2, 1, 2, 2, 1, 3, 1, 1, 1]",0,4029.962678903999
2,"[17, 29]","[2, 1]",0,741.014182995
