,customer,weight,round,length
0,"[64, 48, 46, 21, 85]","[1, 1, 1, 1, 7]",0,4649.057470005
1,[31],[7],0,53.3487779566
2,"[81, 73, 72, 96]","[1, 3, 2, 7]",0,1214.7808434219
