,task,distance
0,[0],0.0
1,[1],403.81310888
2,[2],2654.6675847320003
3,[3],3376.662577431
