,customer,weight,round,length
0,"[63, 55, 9, 152, 176, 51, 8, 129, 172, 116]","[1, 1, 1, 1, 1, 1, 6, 1, 1, 1]",0,15576.872501336002
1,"[60, 123, 42]","[1, 1, 1]",1,1816.788948769
