,customer,weight,round,length
0,"[172, 129, 84, 147, 143, 146, 145, 119, 120, 122]","[1, 1, 2, 1, 2, 1, 1, 1, 4, 1]",0,3101.302383879
1,"[75, 55, 41]","[1, 1, 1]",1,3347.736030111
