,customer,weight,round,length
0,"[40, 90, 114, 51, 27, 30, 147, 91, 92, 7, 64]","[1, 1, 1, 1, 1, 1, 1, 1, 3, 1, 1]",0,2523.3944943496
1,"[26, 112, 67, 69, 71, 61, 22, 99, 138, 139, 84, 113, 66]","[1, 1, 1, 1, 1, 2, 1, 1, 2, 1, 1, 1, 1]",0,3007.6987362635005
