,task,distance
0,"[0, 2]",6304.633346241
1,"[1, 3]",4316.089208342
