,task,distance
0,"[0, 2]",1676.7829139214
1,"[1, 3]",3585.0634720095004
