,customer,weight,round,length
0,[39],[8],0,161.429955069
1,"[76, 19, 100, 120, 80, 42, 49, 22]","[1, 1, 1, 1, 1, 1, 1, 1]",0,12654.589133114001
