,task,distance
0,[0],8180.542408282999
1,[1],264.77820429
2,[2],0.0
3,[3],0.0
