,customer,weight,round,length
0,"[101, 100, 81, 26, 126, 85, 127, 27]","[2, 2, 1, 3, 1, 1, 2, 3]",0,2844.260320728
1,"[55, 13, 14, 141, 41, 5, 4, 40, 126]","[1, 2, 2, 1, 2, 1, 1, 3, 2]",1,3772.4918651569997
2,"[28, 79, 144, 93, 151, 53, 25, 3, 9, 10, 5]","[1, 1, 1, 1, 2, 2, 2, 1, 1, 2, 1]",2,5203.403107641
3,"[99, 42, 121, 122, 105, 125, 123]","[2, 2, 4, 2, 3, 1, 1]",3,4581.171821576
4,"[120, 169, 8, 7, 1, 15, 91, 124, 139, 143, 145]","[1, 1, 1, 2, 2, 2, 1, 2, 1, 1, 1]",4,5594.367589927999
5,[142],[1],5,1906.983724482
