,customer,weight,round,length
0,"[61, 60, 3, 4, 6, 43, 119, 126, 65, 53, 58, 69]","[1, 1, 3, 1, 1, 1, 1, 1, 1, 1, 1, 1]",0,13345.624875299998
1,[],[],0,0.0
2,"[62, 86, 87, 71]","[3, 1, 1, 2]",0,812.9018799170001
3,"[70, 52, 51, 31, 73, 113, 114, 115, 34]","[2, 1, 1, 1, 3, 1, 1, 1, 1]",0,1734.8981640289999
