,customer,weight,round,length
0,"[94, 23, 162, 182, 125, 117, 83, 141, 15, 85, 38, 158, 30]","[1, 1, 1, 1, 1, 1, 1, 1, 1, 1, 1, 1, 1]",0,5488.025384708
1,[57],[15],0,842.21978025
2,"[29, 107, 143, 161]","[4, 4, 3, 2]",0,11184.667043356
3,"[74, 175, 150, 173, 5, 41, 146, 177]","[1, 2, 1, 4, 1, 1, 1, 1]",0,19410.475591811
