,customer,weight,round,length
0,"[65, 21]","[6, 8]",0,2136.976913933
1,[],[],0,0.0
2,"[25, 54, 42, 58, 31, 5]","[1, 2, 2, 1, 1, 1]",0,3400.4362552911
3,[],[],0,0.0
