,task,distance
0,[0],75.5980473172
1,[1],0.0
2,[2],1859.5036029925
3,[3],0.0
4,[4],2280.687779168
