,customer,weight,round,length
0,"[108, 113, 136]","[2, 4, 2]",0,2500.683472019
1,"[31, 205, 93, 187, 115, 143, 106, 17, 172]","[1, 6, 1, 1, 1, 1, 1, 1, 2]",0,3569.0507649999995
2,"[109, 175, 132, 159, 160, 138, 190]","[1, 1, 2, 2, 2, 2, 1]",0,2746.522169469
3,"[162, 124, 71, 101, 180, 77, 72, 75, 122, 158]","[1, 1, 1, 1, 1, 1, 2, 1, 1, 5]",0,6967.322488273
4,"[97, 11, 98, 0, 99, 44, 47, 48, 195, 65, 7, 6]","[1, 1, 1, 1, 1, 1, 2, 1, 1, 3, 1, 1]",0,3155.6213160439997
