,task,distance
0,[0],4682.136547592
1,[1],3286.228583208
2,[2],6758.40726299
3,[3],1279.50760202
4,[4],3655.870052043
