,task,distance
0,[0],1791.1898485762
1,[1],3493.1426103319995
2,[2],2079.290968165
3,[3],2909.525711359
4,[4],3038.892080175
