,customer,weight,round,length
0,"[231, 43, 233, 150, 72, 261, 23, 77, 76, 19]","[1, 1, 1, 1, 2, 1, 2, 2, 3, 1]",0,6174.039118061
1,"[192, 30, 124, 162, 209, 159, 139, 226, 37, 196, 176]","[2, 1, 1, 2, 2, 1, 1, 1, 1, 1, 2]",1,41446.342217132005
2,"[86, 91, 24, 155, 185, 64, 65, 66, 177]","[1, 1, 1, 1, 2, 2, 2, 1, 1]",2,2000019920.5854416
