,customer,weight,round,length
0,"[76, 204, 202, 116, 46, 115, 71, 74, 150, 232, 67, 230]","[3, 1, 1, 1, 1, 1, 1, 2, 1, 1, 1, 1]",0,3162.103867363999
1,"[206, 23, 262, 261, 114, 201, 72, 260, 259, 233, 152, 68]","[2, 2, 1, 1, 1, 1, 2, 1, 1, 1, 1, 1]",1,3592.6274275625005
2,"[19, 153, 43, 44, 70]","[1, 1, 1, 1, 1]",2,5037.922016494998
