,customer,weight,round,length
0,"[278, 0, 5]","[1, 2, 1]",0,783.68373545
1,"[245, 243, 298, 269, 98, 12, 282, 284, 286, 42, 17, 16, 246]","[1, 1, 1, 1, 1, 2, 1, 1, 1, 2, 1, 1, 1]",0,4235.874480875
2,"[14, 241, 242, 248, 106, 307, 35, 127, 124, 44, 112, 113, 152]","[1, 1, 1, 2, 1, 1, 1, 1, 1, 1, 1, 2, 1]",0,9745.162901828
3,"[280, 100]","[1, 1]",0,223.3525227784
4,"[297, 145, 138, 141, 140, 144, 143, 56, 55, 288, 19, 264, 292, 102]","[1, 1, 1, 1, 1, 1, 1, 1, 2, 1, 1, 1, 1, 1]",0,3733.9503225570006
