,customer,weight,round,length
0,[],[],0,0.0
1,[],[],0,0.0
2,[64],[1],0,313.276407014
3,"[40, 73, 50, 25, 23, 60, 20, 9, 53, 42, 47]","[1, 1, 2, 1, 1, 2, 1, 1, 1, 1, 3]",0,9970.062023542
4,[],[],0,0.0
