,customer,weight,round,length
0,"[117, 164, 156, 46, 47, 175, 90, 102, 101]","[2, 1, 1, 1, 1, 2, 1, 2, 2]",0,3973.571221536001
1,"[37, 126, 98, 44, 49, 50, 11]","[1, 2, 1, 1, 1, 1, 1]",0,2893.8296228844006
2,"[179, 65, 125, 28, 122, 121, 66, 114, 67, 68, 113, 60, 62]","[2, 1, 1, 2, 1, 1, 1, 1, 1, 1, 1, 1, 1]",0,5068.510825232001
3,"[154, 16, 99, 54, 116, 145, 80, 78, 29, 77]","[1, 2, 1, 1, 2, 1, 4, 1, 1, 1]",0,3936.6002731717
