,customer,weight,round,length
0,"[39, 38, 64, 68, 21, 65, 29, 37, 3, 45, 46]","[1, 2, 1, 1, 1, 1, 2, 1, 1, 3, 1]",0,3237.3597030226
1,"[47, 23, 2, 18, 19]","[1, 1, 3, 1, 3]",0,2079.5374277090004
2,"[26, 6, 60, 44, 55, 42, 27]","[1, 1, 3, 3, 1, 4, 2]",0,2153.4518531839003
