,task,distance
0,[0],3237.3597030226
1,[1],2079.5374277090004
2,[2],2153.4518531839003
