,task,distance
0,[0],409.260805116
1,[1],3216.5565479184
2,[2],5199.302743364799
