,customer,weight,round,length
0,"[33, 31, 34, 21, 49, 48, 38]","[2, 5, 2, 1, 1, 1, 1]",0,1074.596640872
1,"[14, 44, 5, 2, 17, 22, 36, 25, 40, 28]","[1, 2, 1, 1, 1, 2, 1, 2, 3, 1]",0,1468.832607799
2,"[47, 12, 46, 35, 32, 9, 42, 11, 3, 13, 8, 6, 39]","[1, 1, 1, 1, 1, 1, 1, 1, 1, 2, 1, 1, 1]",0,975.1899383580001
3,"[30, 43, 37, 16, 41, 27, 10, 45]","[1, 3, 1, 1, 3, 1, 2, 3]",0,961.318170657
4,"[19, 0, 20, 1, 23, 4, 7, 26, 18, 15, 24, 29]","[1, 1, 1, 1, 1, 1, 1, 1, 2, 1, 2, 1]",0,1788.654288059
