,task,distance
0,[0],2524.7922058332
1,[1],1691.1876470057998
2,[2],2216.2779132928
3,[3],2477.9004535333
4,[4],3521.5675520794
