,customer,weight,round,length
0,[90],[15],0,1032.05990264
1,[163],[15],0,854.076085002
2,"[222, 114, 15, 96, 102, 168, 147, 87]","[1, 1, 1, 2, 1, 3, 2, 1]",0,8159.404739083
3,"[223, 40, 193, 71, 69, 68, 67, 66, 143]","[1, 1, 3, 3, 1, 1, 1, 1, 1]",0,4733.617457683
4,[],[],0,0.0
