,customer,weight,round,length
0,[163],[15],0,854.076085002
1,"[223, 87, 147, 67, 195, 69, 71, 68, 40, 66, 143]","[1, 1, 2, 1, 1, 1, 3, 1, 1, 1, 1]",0,6192.388383988
2,[90],[15],0,1032.05990264
3,"[165, 166, 222, 114, 15, 157, 100, 102, 167, 168]","[1, 2, 1, 1, 1, 1, 1, 1, 3, 3]",0,7456.193938013
4,[],[],0,0.0
