,customer,weight,round,length
0,[],[],0,0.0
1,"[186, 131, 179, 180, 182, 181, 178]","[2, 2, 1, 1, 1, 1, 1]",0,1724.7522662571996
2,[],[],0,0.0
3,[],[],0,0.0
4,"[219, 218, 101, 117, 116, 60, 202, 4, 5, 106, 197, 38]","[1, 2, 1, 1, 1, 1, 1, 1, 1, 2, 1, 1]",0,12234.535697521
