,customer,weight,round,length
0,"[192, 194, 193, 141, 85, 86, 72, 13]","[1, 1, 3, 2, 1, 2, 1, 1]",0,5182.9179899426
1,"[112, 47, 148, 96, 158, 101, 21, 218, 205]","[1, 1, 3, 2, 1, 1, 2, 2, 1]",0,8609.106345502001
2,[],[],0,0.0
3,[],[],0,0.0
4,"[53, 136, 206, 28, 83, 82]","[2, 1, 1, 1, 1, 1]",0,2285.935713727
