,task,distance
0,[0],1032.05990264
1,[1],854.076085002
2,[2],8159.404739083
3,[3],4733.617457683
4,[4],0.0
