,task,distance
0,[0],5182.9179899426
1,[1],8609.106345502001
2,[2],0.0
3,[3],0.0
4,[4],2285.935713727
