,task,distance
0,[0],8610.139939753
1,[1],4099.7753530316
2,[2],0.0
3,[3],0.0
4,[4],0.0
