,task,distance
0,[0],0.0
1,[1],0.0
2,[2],6968.9077662992
3,[3],0.0
4,[4],8131.6392553469
