,task,distance
0,[0],0.0
1,[1],10982.631954013
2,[2],0.0
3,[3],0.0
4,[4],8988.528418326001
