,customer,weight,round,length
0,"[42, 85, 18, 17, 3, 9, 81, 54, 55, 28, 86]","[1, 1, 2, 2, 1, 2, 1, 1, 1, 1, 2]",0,4789.7675699910005
1,"[59, 78, 79, 45, 58, 56, 20]","[1, 1, 1, 1, 1, 2, 1]",1,5742.7534003198
