,customer,weight,round,length
0,"[1, 48, 49, 53, 74, 60, 32, 27, 47, 64]","[2, 2, 1, 1, 1, 3, 1, 1, 1, 2]",0,5297.9010360540005
1,"[2, 41, 4, 0, 87, 44, 43, 76]","[1, 1, 1, 2, 1, 1, 1, 1]",1,3062.690916726
