,customer,weight,round,length
0,"[121, 17, 68, 83, 125, 11, 29]","[1, 1, 1, 1, 1, 1, 1]",0,3953.4531294310004
1,[],[],0,0.0
2,[],[],0,0.0
3,"[86, 71, 87, 89, 113, 20, 40, 38, 37, 91, 75, 23, 120]","[1, 1, 2, 1, 1, 1, 1, 1, 1, 1, 1, 2, 1]",0,6234.796278910001
