,task,distance
0,"[0, 6]",2127.147248146
1,"[1, 7]",3133.0920400410005
2,"[2, 8]",2042.0170844185
3,"[3, 5]",1314.838772139
4,"[4, 5]",1659.616667476
