,task,distance
0,[0],8326.746900953
1,[1],4155.563462123
2,[2],0.0
