,customer,weight,round,length
0,[],[],0,0.0
1,"[51, 11, 16, 90, 56]","[4, 1, 5, 4, 1]",0,4777.1814581623
2,"[62, 76, 65]","[13, 1, 1]",0,4774.712479539
3,"[19, 40]","[2, 2]",0,2653.878859984
4,"[1, 43, 75, 49, 23]","[10, 1, 1, 1, 1]",0,4075.9695703609996
