,task,distance
0,[0],0.0
1,[1],1273.207267888
2,[2],0.0
3,[3],0.0
4,[4],1944.0784551891
