,customer,weight,round,length
0,"[109, 63, 89, 92, 94, 93, 85, 72, 97, 77, 110, 6]","[1, 1, 1, 2, 1, 1, 1, 1, 1, 3, 1, 1]",0,2000004460.4191644
1,"[125, 1, 122, 121, 100, 99, 84, 131, 83, 78]","[1, 1, 2, 1, 1, 1, 2, 1, 1, 4]",1,2000003420.1715126
2,"[14, 16, 31, 30, 118, 120, 106, 98, 107, 108, 8]","[1, 1, 2, 2, 1, 1, 3, 1, 1, 1, 1]",2,2000003624.5289
