,customer,weight,round,length
0,"[96, 194, 33, 121, 58, 36, 164, 179, 80, 66, 69]","[1, 1, 2, 2, 2, 1, 1, 2, 1, 1, 1]",0,6587.968035752001
1,"[9, 19, 108, 84]","[1, 1, 1, 2]",0,4458.767915863
2,"[210, 166, 151, 16, 189, 198, 173, 203]","[2, 1, 2, 1, 5, 1, 1, 2]",0,6258.347286685999
