,task,distance
0,[0],5389.83313302
1,[1],8781.4270030812
2,[2],0.0
