,task,distance
0,[0],6587.968035752001
1,[1],4458.767915863
2,[2],6258.347286685999
