,task,distance
0,"[0, 6]",4444.5752496573
1,"[1, 5]",4680.9147639525
2,"[2, 8]",3821.38877852
3,"[3, 9]",6763.186458907399
4,"[4, 7]",7633.093635431499
