,customer,weight,round,length
0,"[92, 93, 96, 1, 95, 89, 194, 195, 61, 187, 50, 73]","[1, 1, 1, 1, 1, 1, 1, 1, 1, 1, 1, 1]",0,4055.114017506
1,"[183, 185, 184, 71, 33, 51, 189, 82, 55, 168]","[1, 1, 1, 1, 2, 2, 3, 2, 1, 1]",0,8388.421844437
2,"[178, 72, 108, 3, 19, 117, 116, 10, 149, 9, 126]","[1, 1, 1, 2, 1, 1, 1, 1, 2, 1, 1]",0,4781.697390271
3,"[101, 68, 8, 113, 26, 164, 47, 64, 179, 80, 66, 141, 42, 67]","[1, 1, 1, 1, 1, 1, 1, 1, 2, 1, 1, 1, 1, 1]",0,4781.8848135636
4,"[101, 100, 83, 210, 211, 212, 62, 69, 186, 209, 156, 84]","[1, 1, 1, 2, 1, 1, 1, 1, 1, 1, 2, 2]",0,2986.9554826206004
