,task,distance
0,"[0, 4, 7]",7117.855175904
1,"[1, 5, 8]",4502.322952013999
2,"[2, 3, 6]",4590.534971314501
