,task,distance
0,"[0, 5, 8]",5978.010407357
1,"[1, 3, 6]",8169.682670483
2,"[2, 4, 7]",6000.867396527
