,customer,weight,round,length
0,[69],[15],0,742.495879244
1,"[98, 44]","[12, 3]",0,2071.91665878
2,"[98, 69]","[9, 6]",0,1497.802328776
3,"[44, 71, 72, 73, 10, 90, 112, 110, 109]","[3, 2, 1, 1, 1, 2, 1, 2, 2]",1,5879.2794953558005
4,[44],[15],1,1316.610209248
5,"[8, 81, 20, 128, 129, 19, 21, 60, 51, 25]","[3, 1, 2, 1, 1, 2, 1, 1, 2, 1]",1,7800.151042231999
6,"[36, 38, 11]","[1, 1, 1]",2,7846.971102302001
7,[],[],2,0.0
8,[],[],2,0.0
