,task,distance
0,"[0, 5, 7]",8542.646921475998
1,"[1, 4, 6]",11235.497970330001
2,"[2, 3, 8]",7377.0818241318
