,task,distance
0,"[0, 5]",12911.194007051
1,"[1, 3]",8823.826172681
2,"[2, 4]",14505.802052520805
