,customer,weight,round,length
0,[],[],0,0.0
1,"[64, 66, 101, 89, 78, 80, 83, 82, 81, 146]","[1, 1, 2, 2, 1, 1, 1, 1, 1, 1]",0,2309.740287304
2,"[124, 123, 129, 112, 113, 114, 115, 117, 134, 110, 103, 60, 74]","[1, 1, 1, 1, 1, 1, 1, 1, 2, 1, 1, 1, 1]",0,3319.5514545053
3,"[102, 109, 97, 141, 96, 46, 130, 150]","[1, 1, 1, 8, 1, 1, 1, 1]",0,3040.6759927609996
4,"[79, 119, 136, 69, 122, 54, 63]","[1, 1, 1, 1, 2, 1, 1]",0,2627.6813152540003
