,customer,weight,round,length
0,"[7, 2, 5]","[8, 2, 5]",0,786.6233217920001
1,[9],[15],0,1384.744438534
2,"[6, 1, 0]","[3, 6, 6]",0,657.1521790005
3,"[8, 2, 4]","[5, 3, 5]",1,1032.7810126670001
4,"[11, 10, 3]","[5, 5, 5]",1,1460.721771898
5,[],[],1,0.0
