,customer,weight,round,length
0,"[1, 5, 6, 7, 4, 10, 11]","[9, 1, 1, 1, 1, 1, 1]",0,8887.80341514
1,"[12, 0, 8, 1]","[1, 1, 1, 12]",0,8653.93900229
2,"[3, 9, 2]","[1, 1, 2]",1,5379.39757265
3,[],[],1,0.0
