,task,distance
0,"[0, 2]",14239.366785409002
1,"[1, 3]",15935.142205497
