,customer,weight,round,length
0,[13],[1],0,653.702084694
1,[],[],0,0.0
2,"[12, 25, 48, 64, 9]","[3, 1, 1, 1, 1]",0,5226.414836553
