,task,distance
0,[0],7453.520103235
1,[1],0.0
2,[2],2621.508469545
