,task,distance
0,[0],3937.340735996
1,[1],176.7278863438
