,customer,weight,round,length
0,"[34, 42, 41, 58, 48, 68, 69, 80, 81, 102]","[1, 2, 2, 1, 2, 1, 1, 1, 1, 3]",0,2306.1106749868
1,"[35, 0, 75, 91, 97, 87, 55, 95, 94]","[1, 2, 1, 2, 2, 1, 3, 1, 2]",0,2327.049416172
2,"[57, 83, 25, 27, 93, 28, 29, 50]","[3, 4, 1, 2, 1, 1, 2, 1]",0,1997.236750182
3,"[53, 73, 15, 74, 11, 13, 39, 38, 37]","[2, 1, 2, 1, 3, 3, 1, 1, 1]",0,2295.1696207173995
4,"[1, 64, 62, 18, 79, 32, 31, 3]","[1, 5, 1, 2, 2, 1, 1, 1]",1,3379.4959685199997
5,[],[],1,0.0
6,[88],[4],1,1577.134758232
7,"[100, 6, 14, 46, 4, 99, 56, 89, 85, 84]","[2, 3, 1, 1, 1, 1, 1, 1, 1, 3]",1,3555.971878605
