,customer,weight,round,length
0,"[4, 45, 75]","[1, 1, 2]",0,1110.32305275
1,"[37, 65, 55, 23, 41, 105, 40, 66, 38, 39]","[2, 3, 1, 1, 1, 1, 1, 2, 2, 1]",0,6273.498318782999
