,task,distance
0,[0],6269.502592571
1,[1],895.61493926
