,customer,weight,round,length
0,"[108, 58, 135, 22, 61]","[1, 1, 1, 1, 1]",0,3031.3989688334
1,"[5, 6, 138, 87, 150, 153, 146, 25, 0, 142, 70, 11, 81, 106]","[1, 1, 1, 1, 1, 1, 1, 1, 1, 1, 1, 1, 1, 2]",0,15797.996096452003
