,customer,weight,round,length
0,"[6, 126]","[1, 3]",0,701.4907034390001
1,"[30, 140, 143, 70, 131, 135, 178]","[1, 5, 1, 4, 2, 1, 1]",0,5184.016277668
2,"[175, 108, 75, 159, 193, 24, 16]","[2, 3, 2, 1, 2, 3, 2]",0,4741.029631226999
3,[],[],0,0.0
