,customer,weight,round,length
0,[],[],0,0.0
1,[],[],0,0.0
2,"[184, 109, 110, 111, 96]","[3, 3, 2, 2, 1]",0,1708.826563402
3,"[189, 167, 10, 29, 26, 129, 7, 157, 120, 107, 97]","[1, 1, 1, 1, 2, 1, 1, 2, 1, 2, 2]",0,7330.643701684001
