,task,distance
0,[0],1378.460387146
1,[1],1928.170788988
2,[2],439.5883524647
3,[3],0.0
