,task,distance
0,[0],0.0
1,[1],0.0
2,[2],1708.826563402
3,[3],7330.643701684001
