,task,distance
0,[0],701.4907034390001
1,[1],5184.016277668
2,[2],4741.029631226999
3,[3],0.0
