,customer,weight,round,length
0,"[28, 11, 6, 5, 13]","[3, 2, 3, 1, 6]",0,1533.708568431
1,[11],[5],1,823.767092196
