,customer,weight,round,length
0,"[32, 31, 87, 76]","[4, 3, 5, 2]",0,949.2146361175
1,"[75, 41, 42]","[3, 2, 5]",0,939.334194088
2,[],[],0,0.0
3,[],[],0,0.0
4,"[78, 49, 47, 10, 9, 38, 34, 18, 77]","[1, 1, 1, 1, 1, 1, 6, 1, 2]",0,5025.077705715
