,customer,weight,round,length
0,[],[],0,0.0
1,"[26, 13, 37, 36, 27, 11, 35]","[2, 1, 1, 1, 1, 1, 1]",0,2102.240725505
2,"[7, 5, 4, 1, 30, 29, 3, 25]","[2, 1, 3, 1, 1, 1, 1, 1]",0,2008.9649334709
3,[],[],0,0.0
4,[],[],0,0.0
