,customer,weight,round,length
0,[],[],0,0.0
1,[],[],0,0.0
2,"[94, 10, 13, 37, 34, 66, 73]","[1, 1, 1, 1, 6, 1, 1]",0,2832.0578541713003
3,[],[],0,0.0
4,"[101, 41, 31, 67, 4, 35, 25, 7]","[1, 2, 3, 2, 3, 1, 1, 2]",0,5992.642574457
