,task,distance
0,[0],4846.873218107299
1,[1],0.0
2,[2],0.0
3,[3],1504.5487161123
4,[4],0.0
