,customer,weight,round,length
0,[],[],0,0.0
1,[58],[1],0,318.64031843
2,"[36, 21, 89, 34, 41, 70, 5, 98, 20, 19, 82, 103, 83]","[1, 1, 1, 3, 1, 1, 1, 1, 1, 1, 1, 1, 1]",0,4823.406632431901
3,[],[],0,0.0
