,customer,weight,round,length
0,[],[],0,0.0
1,"[23, 2, 45, 29]","[1, 3, 3, 2]",0,3007.293253151
2,"[42, 27, 19, 6, 39, 64, 68, 65]","[4, 2, 3, 1, 1, 1, 1, 1]",0,3968.9241476365996
3,[],[],0,0.0
