,task,distance
0,[0],0.0
1,[1],4313.2573534972
2,[2],0.0
3,[3],490.612211828
