,customer,weight,round,length
0,"[116, 140, 118, 22, 119, 166, 122, 172, 129, 126, 84, 147, 146, 145]","[1, 1, 1, 1, 1, 1, 1, 1, 1, 1, 2, 1, 1, 1]",0,2992.0046884056005
1,"[143, 124, 125, 86, 120, 149, 168, 54, 161]","[2, 1, 1, 1, 4, 2, 2, 1, 1]",1,4420.761894428
2,"[81, 80, 63, 58, 60, 59, 19, 41, 103, 52]","[1, 1, 1, 1, 1, 1, 1, 1, 1, 3]",2,4646.47495407
