,customer,weight,round,length
0,"[33, 9, 29, 30, 20, 34, 62, 55, 54, 53, 35, 2, 63]","[1, 1, 1, 1, 1, 1, 1, 1, 1, 1, 2, 2, 1]",0,4948.1978879690005
1,"[22, 47, 18, 23, 12, 10, 1, 0, 57, 21, 3, 14, 26, 6]","[1, 1, 2, 1, 1, 1, 1, 1, 1, 1, 1, 1, 1, 1]",1,5713.21197689
2,"[0, 24]","[14, 1]",2,3595.90895103
