,task,distance
0,[0],189.5000760876
1,[1],3887.863815499
2,[2],2423.318980358
