,task,distance
0,[0],0.0
1,[1],2650.168452614
2,[2],0.0
3,[3],0.0
4,[4],4662.7200667791
