,task,distance
0,[0],1612.761065442
1,[1],2074.351896344
2,[2],0.0
