,customer,weight,round,length
0,"[9, 13, 7, 77, 31, 32, 76, 47]","[1, 1, 1, 2, 3, 4, 2, 1]",0,2327.8756427642998
1,"[41, 75, 78, 49, 62, 94, 102, 73, 53, 74, 85, 10]","[2, 3, 1, 1, 1, 1, 1, 1, 1, 1, 1, 1]",0,2405.7367225054004
2,"[38, 7, 35, 36, 37, 34, 66, 64, 23, 55]","[1, 1, 1, 1, 1, 6, 1, 1, 1, 1]",1,4424.287943906201
3,"[26, 25, 5, 3, 87, 42]","[2, 1, 1, 1, 5, 5]",1,3252.906121427
4,"[100, 101]","[4, 1]",2,2309.275703637
5,"[82, 11, 27, 4, 18, 1, 67, 30, 29]","[2, 1, 1, 3, 1, 1, 2, 1, 1]",2,5089.358474768
