,customer,weight,round,length
0,"[222, 64, 175, 188, 182, 184, 22, 235, 228, 187, 121, 122, 119, 263]","[1, 1, 1, 1, 1, 1, 1, 1, 1, 1, 2, 1, 1, 1]",0,9561.353397687302
1,"[150, 65, 164, 107, 52, 37, 71, 73, 51, 84, 88, 83]","[1, 1, 1, 2, 2, 1, 1, 1, 1, 2, 1, 1]",1,6788.0321465426005
2,"[257, 152, 113, 44, 54, 127, 36, 61, 114, 147, 149, 208]","[1, 1, 2, 1, 1, 1, 1, 2, 1, 1, 2, 1]",2,8565.653494571001
3,"[58, 43, 153, 14, 242, 246, 17, 284, 283, 12, 41, 98, 99]","[1, 1, 1, 1, 1, 1, 1, 1, 1, 2, 2, 1, 1]",3,9519.482141608001
4,"[298, 243, 245, 291, 289, 220, 138, 297, 5, 0, 210, 261]","[1, 1, 1, 1, 3, 1, 1, 1, 1, 2, 1, 1]",4,8476.051483338
5,"[174, 118, 96, 141]","[1, 1, 1, 1]",5,2000002540.3830233
