,customer,weight,round,length
0,"[47, 49, 35, 118, 78, 80, 55, 32, 46]","[4, 1, 1, 2, 2, 1, 1, 1, 2]",0,2674.5168959472003
1,"[28, 27, 103, 102, 117, 93, 106, 104, 45]","[2, 2, 1, 1, 5, 1, 1, 1, 1]",0,2781.7026966551
2,"[116, 62, 25, 64, 61, 6, 5, 91, 98, 99, 24, 100]","[1, 1, 1, 1, 1, 3, 1, 2, 1, 1, 1, 1]",1,4721.9485686666
3,"[59, 23, 108, 85, 86, 31, 75, 76, 113, 112, 114, 101, 30]","[1, 1, 1, 1, 1, 1, 2, 1, 1, 1, 1, 1, 1]",1,3965.8672594294
