,task,distance
0,"[0, 3, 5]",8077.879260220299
1,"[1, 2, 4]",5143.0424943885
