,customer,weight,round,length
0,"[66, 68, 121, 0, 39, 20, 97, 93, 89, 127, 115, 64, 36]","[1, 1, 1, 2, 1, 1, 1, 2, 1, 1, 1, 1, 1]",0,7632.109255946999
1,[],[],0,0.0
2,[],[],0,0.0
3,"[8, 11]","[1, 1]",0,1186.613055576
