,customer,weight,round,length
0,[],[],0,0.0
1,"[75, 74, 41, 112, 97, 113, 90, 89, 82, 87]","[1, 1, 1, 1, 1, 1, 1, 1, 1, 2]",0,2246.016730243
2,[],[],0,0.0
3,"[76, 115, 117, 128, 94]","[3, 1, 4, 1, 1]",0,1988.5766590430003
