,task,distance
0,[0],3554.757596389
1,[1],1920.813416336
2,[2],0.0
3,[3],0.0
4,[4],0.0
