,task,distance
0,[0],0.0
1,[1],4865.268021565
2,[2],1084.088042485
