,customer,weight,round,length
0,"[113, 117, 13, 127, 3, 129, 87, 84, 143, 136, 132]","[1, 1, 2, 1, 3, 2, 1, 1, 1, 1, 1]",0,3979.9470547373003
1,"[78, 79, 30, 14, 74, 93, 25, 71, 70, 57, 81]","[1, 1, 1, 2, 1, 1, 1, 1, 3, 1, 2]",0,4361.4062599227
2,[],[],1,0.0
3,"[90, 109]","[1, 1]",1,3774.503665435
