,customer,weight,round,length
0,"[106, 46, 28, 34, 72, 55, 65, 64, 96, 15]","[2, 1, 3, 1, 1, 1, 1, 1, 2, 2]",0,3774.1445817450003
1,"[133, 159, 80, 9, 120, 98, 97, 110, 54, 128, 20, 21, 69]","[1, 1, 1, 1, 2, 1, 1, 2, 1, 1, 1, 1, 1]",0,3662.3922957314
2,[],[],1,0.0
3,"[49, 122]","[1, 2]",1,2765.2626075489998
