,task,distance
0,"[0, 2]",5661.93401737
1,"[1, 3]",3329.459329584
