,task,distance
0,"[0, 2]",5058.3333024214
1,"[1, 3]",5547.7643747544
