,task,distance
0,[0],4394.3409971992
1,[1],0.0
2,[2],464.81514483
3,[3],0.0
