,task,distance
0,[0],1713.6132783575
1,[1],0.0
2,[2],0.0
3,[3],828.5321520249
