,task,distance
0,[0],1841.338238835
1,[1],0.0
2,[2],1320.707860527
3,[3],0.0
