,task,distance
0,[0],0.0
1,[1],2786.602011197
2,[2],0.0
3,[3],3252.428041253
