,task,distance
0,[0],12317.205974161
1,[1],211.967236598
2,[2],6278.707624860999
3,[3],0.0
