,customer,weight,round,length
0,"[10, 9]","[13, 2]",0,296.3176786778
1,"[14, 7, 6, 5, 4, 8, 9]","[1, 3, 3, 1, 2, 2, 3]",1,1455.0729070921
2,"[3, 1, 12]","[1, 1, 1]",2,1392.825250479
