,task,distance
0,"[0, 5]",2896.1447452311004
1,"[1, 3]",8365.709132192002
2,"[2, 4]",5086.197127950001
