,customer,weight,round,length
0,[24],[1],0,260.993680116
1,[20],[1],0,2719.91264648
