,task,distance
0,[0],702.4699121243001
1,[1],625.8075339698
