,customer,weight,round,length
0,"[11, 2, 1]","[1, 5, 9]",0,1328.960622124
1,[2],[15],0,469.242389562
2,"[1, 6]","[3, 12]",1,1185.132063239
3,"[13, 5, 14, 15, 12]","[1, 11, 1, 1, 1]",1,3365.3359669829997
4,"[4, 9]","[12, 1]",2,2819.297280326
5,"[0, 5]","[12, 1]",2,2033.183169482
