,task,distance
0,"[0, 2, 4]",5333.389965689
1,"[1, 3, 5]",5867.761526027
