,customer,weight,round,length
0,[],[],0,0.0
1,"[116, 58, 3, 117]","[1, 4, 1, 2]",0,1191.4209375467
2,"[87, 53, 107, 16, 14, 67, 68, 88, 81]","[2, 1, 1, 1, 1, 1, 1, 1, 1]",0,4958.8792661140005
