,customer,weight,round,length
0,"[9, 77, 24, 98, 59, 124]","[1, 1, 3, 1, 2, 2]",0,4338.679196503
1,"[73, 34, 13, 109, 12, 108, 33]","[2, 1, 1, 1, 1, 3, 1]",0,1844.730217192
2,[],[],0,0.0
