,task,distance
0,[0],4338.679196503
1,[1],1844.730217192
2,[2],0.0
