,task,distance
0,[0],5693.158888167
1,[1],90.2681432194
2,[2],1472.3154610697
