,task,distance
0,[0],0.0
1,[1],5865.380002415999
2,[2],2042.212152538
