,customer,weight,round,length
0,[4],[4],0,484.267740142
1,"[64, 65, 57, 11, 105, 12, 97, 96, 31, 30]","[1, 1, 1, 3, 1, 1, 1, 3, 1, 2]",0,8753.999986005
2,"[79, 107, 49, 99, 8, 92, 27, 82, 21, 50, 51, 13]","[3, 1, 1, 1, 1, 1, 1, 1, 1, 2, 1, 1]",0,3094.7859579499
3,"[88, 84, 56, 26, 52, 48, 91, 45]","[1, 1, 3, 3, 3, 1, 2, 1]",0,2836.386013384
