,customer,weight,round,length
0,"[87, 51, 45, 46, 90, 41, 26, 56, 84, 88]","[2, 1, 1, 1, 1, 1, 3, 3, 1, 1]",0,2714.4063916120003
1,"[77, 21, 30, 31, 73, 23, 74]","[1, 1, 2, 1, 1, 8, 1]",0,1943.5671282146998
2,"[79, 80, 19, 18, 92, 83, 27, 82, 20, 50, 13]","[3, 1, 1, 1, 1, 2, 1, 1, 1, 2, 1]",0,2573.6096515252
3,"[3, 25, 4]","[1, 4, 4]",0,890.8536147078
