,customer,weight,round,length
0,"[69, 91, 44, 48, 99, 9, 49, 8, 107, 16, 38, 71, 95, 15]","[1, 2, 1, 1, 1, 1, 1, 1, 1, 1, 1, 1, 1, 1]",0,7637.405371313699
1,"[11, 106, 57, 102, 66, 65, 64]","[3, 3, 1, 1, 1, 1, 1]",0,1310.5609793678
2,"[96, 97, 103, 12, 104, 105, 59]","[3, 1, 1, 1, 1, 1, 2]",0,1402.6906238049999
3,"[69, 52, 75, 63]","[2, 3, 9, 1]",0,6089.6010190345
