,task,distance
0,[0],2714.4063916120003
1,[1],1943.5671282147
2,[2],2573.6096515252
3,[3],890.8536147078
