,task,distance
0,[0],9589.802680074
1,[1],4800.058812238
2,[2],0.0
