,task,distance
0,[0],0.0
1,[1],9112.967652028
2,[2],6582.876564092
