,task,distance
0,[0],10130.0281724893
1,[1],1827.4648244569005
2,[2],0.0
