,customer,weight,round,length
0,"[44, 45, 104, 147, 167, 47, 94, 92, 155, 166, 95, 96]","[1, 1, 2, 1, 1, 2, 1, 1, 1, 2, 1, 1]",0,3073.2408287457
1,"[35, 36, 179, 105, 145, 144, 149, 65, 64, 62, 33, 61]","[1, 1, 2, 2, 1, 1, 2, 1, 1, 1, 1, 1]",0,2370.2557867824994
2,"[77, 42, 79, 101, 54, 56, 103, 175, 75, 74, 73, 59, 21]","[2, 1, 1, 1, 1, 1, 2, 1, 1, 1, 1, 1, 1]",0,3585.6945302796
3,"[182, 191, 158, 157, 156, 60, 41, 68, 67, 30, 164, 48, 124]","[1, 1, 1, 1, 1, 1, 1, 1, 1, 1, 2, 2, 1]",1,4182.281257146499
4,"[109, 51, 172, 121, 112, 126, 125]","[3, 2, 1, 2, 4, 1, 2]",1,4105.455353916001
5,"[81, 80, 139, 183, 38, 189, 163, 162, 160, 82, 55, 134, 143, 150]","[2, 1, 1, 1, 1, 1, 1, 1, 1, 1, 1, 1, 1, 1]",1,4971.485649307101
6,"[121, 116, 117, 170, 16, 114, 113, 13, 108]","[1, 1, 1, 2, 1, 1, 2, 2, 1]",2,4558.712775081999
7,"[2, 5, 0, 174, 3, 4, 19, 78, 18, 187]","[2, 1, 1, 3, 1, 1, 2, 1, 1, 2]",2,4591.5672152209
8,"[24, 14, 85, 84, 192, 129, 130, 50, 128]","[1, 4, 1, 1, 2, 2, 1, 1, 1]",2,4118.7956788295005
