,customer,weight,round,length
0,"[96, 104, 45, 79, 42, 77, 134, 105, 179, 36, 35]","[1, 2, 1, 1, 1, 2, 1, 2, 2, 1, 1]",0,2789.7877017187
1,"[44, 54, 56, 55, 182, 158, 191, 160, 82, 189, 162, 163, 103, 101]","[1, 1, 1, 1, 1, 1, 1, 1, 1, 1, 1, 1, 2, 1]",0,2724.3757611579003
2,"[73, 74, 81, 80, 5, 2, 75, 175, 38, 183, 139, 21, 59]","[1, 1, 2, 1, 1, 2, 1, 1, 1, 1, 1, 1, 1]",0,4851.683863559
3,"[95, 92, 117, 187, 18, 78, 19, 4, 3, 174, 0]","[1, 1, 1, 2, 1, 1, 2, 1, 1, 3, 1]",1,4324.382787578
4,"[62, 64, 65, 67, 68, 41, 60, 157, 156, 143, 150, 145, 144, 149]","[1, 1, 1, 1, 1, 1, 1, 1, 1, 1, 1, 1, 1, 2]",1,3323.9678037242
5,"[116, 170, 16, 114, 113, 155, 166, 94, 47, 33, 147, 61]","[1, 2, 1, 1, 1, 1, 2, 1, 2, 1, 1, 1]",1,4803.990379822999
6,"[167, 30, 164, 48, 24, 14, 13, 108]","[1, 1, 2, 2, 1, 4, 2, 1]",2,4138.06034027
7,"[124, 125, 126, 112, 113, 121, 172]","[1, 2, 1, 4, 1, 3, 1]",2,3330.508861359
8,"[51, 128, 50, 130, 129, 192, 84, 85, 109]","[2, 1, 1, 1, 2, 2, 1, 1, 3]",2,3356.8772700245
