,customer,weight,round,length
0,"[110, 111, 112, 106, 105, 108, 40, 99, 98, 84, 100]","[1, 1, 1, 1, 1, 1, 2, 1, 4, 1, 1]",0,2615.0079843669996
1,"[101, 96, 67, 91, 90, 94, 31, 32, 29, 86, 85, 87]","[1, 1, 1, 1, 1, 1, 1, 2, 2, 1, 1, 2]",0,2897.3664368555997
2,"[93, 92, 72, 95, 45, 115, 74]","[1, 1, 1, 2, 1, 1, 1]",1,4625.4809699527
3,[],[],1,0.0
