,customer,weight,round,length
0,"[108, 105, 10, 117, 118, 81, 82, 54, 51, 45, 95, 72, 111]","[1, 1, 1, 2, 1, 1, 1, 1, 1, 1, 2, 1, 1]",0,3744.1266737830006
1,"[85, 96, 70, 8, 2, 0, 43, 73, 27, 9, 40]","[1, 1, 1, 1, 1, 1, 4, 2, 1, 1, 1]",0,4393.8469280675
2,"[87, 31, 32, 84, 98, 99]","[2, 1, 2, 1, 4, 1]",1,1798.191187474
3,[],[],1,0.0
