,task,distance
0,"[0, 2]",7240.4889543197005
1,"[1, 3]",2897.3664368556
