,task,distance
0,[0],0.0
1,[1],0.0
2,[2],51730.660428576
3,[3],712.187499292
