,task,distance
0,[0],0.0
1,[1],1038.098549535
2,[2],1195.491570701
3,[3],0.0
