,task,distance
0,[0],0.0
1,[1],846.417002412
2,[2],0.0
3,[3],6485.235664182
4,[4],0.0
