,customer,weight,round,length
0,"[113, 115]","[11, 1]",0,810.538556252
1,"[65, 11, 3, 25, 27]","[6, 3, 4, 1, 1]",0,4343.866604438001
2,"[23, 88, 90, 45, 121, 69, 43, 42, 68]","[1, 1, 1, 3, 1, 1, 1, 1, 1]",0,4133.337763158
