,customer,weight,round,length
0,[],[],0,0.0
1,"[74, 28, 5, 40, 41]","[1, 1, 3, 3, 1]",0,2891.896122518
2,"[53, 2, 61, 19, 35, 38, 128, 97, 34, 116, 14]","[1, 1, 1, 1, 1, 2, 1, 1, 2, 1, 1]",0,5976.1929557738995
