,task,distance
0,[0],955.7107524996
1,[1],3786.071410948
2,[2],0.0
