,task,distance
0,[0],4108.622661354
1,[1],1578.741178356
2,[2],1187.577790084
