,task,distance
0,[0],0.0
1,[1],2121.7002552269
2,[2],2246.9330799036
