,task,distance
0,[0],1347.031523246
1,[1],0.0
2,[2],4056.911153419
3,[3],2970.0112757162
