,customer,weight,round,length
0,"[95, 44, 181, 180, 237, 179, 122]","[1, 2, 1, 2, 2, 1, 1]",0,3151.8149478339997
1,"[24, 199, 76, 63, 88, 60, 234, 54]","[1, 2, 1, 1, 1, 2, 1, 2]",0,3503.473351271
2,[],[],0,0.0
3,[],[],0,0.0
4,[],[],0,0.0
