,customer,weight,round,length
0,"[58, 34, 52, 14, 0, 1, 36, 60, 61]","[6, 1, 1, 1, 2, 1, 1, 1, 1]",0,2783.9189894984997
1,"[69, 21, 40, 16, 78, 4, 71, 68, 72, 75]","[2, 1, 2, 1, 1, 3, 1, 2, 1, 1]",0,2640.328753652
2,"[15, 8, 23, 76, 67, 53, 54, 2, 64]","[1, 1, 1, 2, 2, 2, 4, 1, 1]",0,2368.4759269242004
3,"[22, 79, 56, 70]","[1, 2, 1, 2]",1,2269.716630488
4,[],[],1,0.0
5,[],[],1,0.0
