,customer,weight,round,length
0,"[72, 76, 94, 127, 35, 22, 104, 8, 66]","[1, 3, 1, 1, 1, 2, 1, 1, 1]",0,5153.400109583
1,"[100, 84, 55, 0, 24, 25, 74, 111, 112, 93, 88]","[1, 1, 1, 2, 1, 1, 1, 1, 1, 2, 1]",0,5466.012655906599
