,task,distance
0,[0],5029.709766001
1,[1],2480.917350996
