,customer,weight,round,length
0,[],[],0,0.0
1,"[19, 59, 25, 24, 58, 13, 74]","[8, 1, 1, 2, 1, 1, 1]",0,4738.517495836
2,[127],[2],0,250.78199335
3,"[124, 1, 50, 91, 90, 89, 35, 79, 75, 117]","[2, 3, 1, 1, 2, 1, 1, 1, 1, 2]",0,3584.566051619
