,task,distance
0,[0],0.0
1,[1],0.0
2,[2],750.4534282734999
3,[3],1522.5122088075
