,task,distance
0,[0],1181.100682364
1,[1],3039.233166876
2,[2],0.0
3,[3],0.0
