,customer,weight,round,length
0,"[2, 128, 38, 12, 114, 34, 88, 134, 32]","[1, 1, 1, 1, 1, 1, 1, 1, 1]",0,3109.6163240228
1,"[49, 69, 123, 122, 115, 95, 78]","[1, 7, 2, 2, 1, 1, 1]",0,13384.7077676048
2,"[52, 51, 109, 110, 73, 72, 59, 19]","[1, 2, 2, 2, 1, 1, 1, 2]",0,4831.6482832878
3,"[69, 49]","[14, 1]",0,6218.1117374578
