,task,distance
0,"[0, 6]",5765.3294844918
1,"[1, 5]",2633.220418496
2,"[2, 4]",10087.391556456
3,"[3, 7]",2814.412538024
