,task,distance
0,[0],1679.052280381
1,[1],964.758854844
2,[2],0.0
3,[3],15567.235990333804
