,customer,weight,round,length
0,[],[],0,0.0
1,"[63, 98, 129, 10, 113, 44, 46, 80, 148, 149, 76, 112]","[1, 2, 1, 2, 1, 1, 1, 2, 1, 1, 1, 1]",0,7668.312514378999
2,[],[],0,0.0
3,"[120, 56, 54]","[1, 1, 3]",0,1058.371116406
