,customer,weight,round,length
0,[],[],0,0.0
1,"[7, 100, 0, 2, 99, 14]","[1, 1, 1, 1, 1, 3]",0,2194.3444041449998
2,[],[],0,0.0
3,"[76, 149, 158, 41, 42, 148, 136, 18, 169, 19]","[1, 1, 1, 1, 1, 1, 1, 1, 1, 1]",0,2905.3045949562
