,task,distance
0,[0],0.0
1,[1],0.0
2,[2],4037.9232822274
3,[3],783.529701057
