,customer,weight,round,length
0,"[5, 0, 30, 31, 32, 22, 1, 44, 45]","[1, 2, 2, 1, 1, 2, 1, 1, 2]",0,2101.8110260930002
1,"[96, 84, 98, 53, 26, 25, 68, 48, 49, 62]","[4, 1, 1, 1, 2, 1, 1, 1, 1, 1]",0,4355.2570049182
2,[],[],0,0.0
