,task,distance
0,[0],1370.2739825929998
1,[1],0.0
2,[2],5089.640786620999
