,customer,weight,round,length
0,[0],[12],0,539.734572254
1,[],[],0,0.0
2,[],[],0,0.0
3,[9],[12],0,256.589220322
4,[8],[12],0,1377.954798394
