,task,distance
0,[0],0.0
1,[1],2000000428.104503
2,[2],0.0
3,[3],71.8444315662
4,[4],0.0
