,task,distance
0,[0],6703.073294207999
1,[1],0.0
2,[2],0.0
3,[3],0.0
4,[4],1330.280967378
