,customer,weight,round,length
0,[],[],0,0.0
1,"[25, 62, 34]","[1, 2, 2]",0,2769.6728257160003
2,"[117, 77, 66, 65, 61, 2, 42, 123, 48, 28]","[1, 1, 1, 6, 1, 1, 1, 1, 1, 1]",0,7143.953605261001
