,customer,weight,round,length
0,"[14, 8, 121, 123, 73, 26, 108, 25]","[1, 1, 1, 1, 1, 2, 1, 1]",0,2752.8151489099996
1,"[3, 118, 116, 10, 11]","[4, 3, 1, 1, 3]",0,2121.677448986
2,[],[],0,0.0
