,task,distance
0,[0],0.0
1,[1],6514.653606442
2,[2],1077.2728322203
