,task,distance
0,[0],0.0
1,[1],861.673310308
2,[2],4073.173330759
