,task,distance
0,[0],0.0
1,[1],5797.317727158
2,[2],1384.240772842
