,task,distance
0,[0],2759.1740675518
1,[1],1694.669051154
