,task,distance
0,[0],0.0
1,[1],0.0
2,[2],5164.394843937
3,[3],12869.531294263
