,customer,weight,round,length
0,"[105, 104, 1, 86, 74, 61, 12, 72]","[3, 2, 1, 1, 1, 1, 1, 2]",0,1900.5097853607
1,[],[],0,0.0
2,"[48, 49, 50, 51, 120, 119, 118, 125]","[1, 1, 2, 1, 2, 1, 1, 1]",0,1374.3608419000002
3,[],[],0,0.0
4,"[24, 42, 14, 15, 16, 117, 116, 115, 114]","[2, 2, 2, 2, 1, 1, 1, 2, 1]",0,1900.1765797067
