,task,distance
0,[0],896.1983312429
1,[1],0.0
2,[2],0.0
3,[3],4553.028935642
4,[4],2885.23599953
