,task,distance
0,[0],0.0
1,[1],4789.269511511399
2,[2],0.0
3,[3],0.0
4,[4],2014.9044891229005
