,customer,weight,round,length
0,"[41, 19, 17, 16, 43, 45, 6]","[1, 1, 1, 1, 1, 1, 9]",0,5758.194876614
1,"[0, 23]","[10, 5]",1,4784.577728996001
