,customer,weight,round,length
0,"[6, 15, 13, 25, 3, 10, 51]","[7, 1, 2, 1, 2, 1, 1]",0,5299.766151801
1,[0],[15],1,3408.04690846
2,[7],[2],2,4068.51031906
