,task,distance
0,[0],3133.2460110728
1,[1],426.507863386
2,[2],0.0
3,[3],0.0
