,customer,weight,round,length
0,"[47, 43, 16, 17, 55, 18, 20, 19, 10, 2, 3, 54]","[1, 1, 1, 1, 1, 1, 1, 1, 1, 1, 2, 2]",0,2987.985128957
1,"[46, 45, 44, 51, 9, 52]","[1, 1, 1, 1, 1, 1]",0,943.3591474488001
2,[],[],0,0.0
3,[],[],0,0.0
4,[],[],0,0.0
