,task,distance
0,"[0, 9]",3866.577488697
1,"[1, 8]",2395.216399866
2,"[2, 6]",2704.9028012380004
3,"[3, 7]",4488.655837711
4,"[4, 5]",5402.3364107761
