,task,distance
0,[0],0.0
1,[1],4601.061297002
2,[2],0.0
3,[3],3777.468127189
4,[4],0.0
