,customer,weight,round,length
0,"[66, 32, 48, 29, 43, 13, 60, 31, 11, 45]","[1, 1, 1, 2, 1, 3, 3, 1, 1, 1]",0,1333.9208189853
1,"[58, 55, 54, 28, 62, 64]","[1, 4, 3, 2, 4, 1]",0,1707.0472062610002
2,"[27, 23, 1, 44, 5, 24, 49, 59, 39, 67, 4, 61]","[2, 2, 1, 1, 1, 1, 1, 1, 1, 1, 1, 2]",0,1360.583855702
3,"[0, 46, 63, 30, 3, 9, 34, 33]","[1, 1, 1, 2, 2, 1, 4, 3]",0,1388.209650191
4,"[22, 20, 37, 7, 17, 18, 53, 8, 50]","[1, 2, 1, 1, 1, 2, 2, 1, 1]",1,1643.733782055
5,"[35, 57, 40, 41, 14]","[1, 1, 2, 1, 1]",1,1720.180549274
6,"[19, 12, 6, 38, 26, 65, 42, 25]","[2, 3, 3, 1, 2, 1, 1, 2]",1,1358.2924434850001
7,"[21, 16, 47, 56, 15, 51, 36, 2, 52, 10]","[1, 1, 1, 1, 1, 4, 2, 1, 1, 1]",1,892.185818978
