,task,distance
0,"[0, 4]",7229.9425821775
1,"[1, 6]",5899.6740580373
2,"[2, 7]",6650.1641764247
3,"[3, 5]",4166.7237072873995
