,customer,weight,round,length
0,"[7, 77, 29, 17, 64, 63, 75, 74, 56, 55]","[1, 1, 1, 2, 2, 1, 1, 1, 1, 1]",0,25742.481141573
1,"[58, 49, 51, 19, 54, 72]","[1, 1, 1, 2, 1, 2]",0,3498.5004463929995
2,"[112, 21, 24, 22, 113, 111]","[1, 2, 1, 1, 1, 1]",0,1363.8076266218002
