,customer,weight,round,length
0,"[50, 38, 37, 36, 24, 57, 29, 81]","[2, 1, 1, 2, 3, 2, 1, 3]",0,2354.5096854845997
1,"[19, 103, 69, 72]","[2, 2, 10, 1]",0,1403.1347093593
2,"[104, 51, 39, 35, 41, 43, 42, 66, 67, 83, 84]","[1, 1, 1, 1, 1, 3, 1, 1, 1, 2, 2]",1,4967.233962303199
3,"[20, 93, 95, 55, 0, 99, 45, 79, 78, 90, 11]","[2, 1, 1, 2, 1, 1, 2, 1, 1, 1, 2]",1,4309.458855659001
4,"[2, 4, 5, 12, 32, 34, 31, 91, 92, 10]","[2, 1, 1, 1, 1, 1, 1, 2, 2, 1]",2,6266.61662328
5,"[102, 13, 45]","[1, 1, 4]",2,3093.542150061
