,customer,weight,round,length
0,"[30, 16, 17, 44]","[10, 2, 1, 2]",0,2753.571502764
1,"[27, 10, 24, 34, 8, 18, 11, 31]","[2, 3, 2, 3, 2, 1, 1, 1]",0,2386.371917841
2,"[36, 19, 9, 29, 15, 5, 25, 35, 0, 21, 41]","[2, 1, 2, 1, 1, 2, 1, 2, 1, 1, 1]",1,1028.402873083
3,"[40, 22, 45, 32, 26, 42, 37, 28, 23, 33, 20]","[1, 3, 1, 1, 2, 1, 1, 1, 2, 1, 1]",1,1364.074438301
4,"[7, 43, 3, 13, 4]","[1, 1, 1, 1, 1]",2,3676.9257530100003
5,"[39, 1, 14, 6, 2, 12, 38, 23]","[2, 2, 1, 1, 1, 1, 2, 4]",2,2261.0830374340003
