,customer,weight,round,length
0,"[82, 3, 143, 128, 20, 114, 91, 50]","[1, 1, 2, 1, 1, 1, 1, 1]",0,2000004006.226874
1,"[10, 32, 101, 52, 106, 31, 61, 47, 40, 138]","[1, 2, 1, 1, 1, 1, 1, 3, 1, 2]",0,2000002204.007521
2,"[90, 68, 74, 70, 43, 93, 17, 24]","[1, 1, 1, 1, 1, 1, 1, 4]",0,2000002701.879912
3,[],[],0,0.0
4,[],[],0,0.0
