,task,distance
0,[0],2000002915.304556
1,[1],2000003255.0356565
2,[2],0.0
3,[3],0.0
4,[4],2000003459.8134785
