,task,distance
0,[0],2000004006.226874
1,[1],2000002204.007521
2,[2],2000002701.879912
3,[3],0.0
4,[4],0.0
