,customer,weight,round,length
0,"[16, 17, 48, 19, 43, 40, 139, 35, 36, 118, 146, 66, 149, 73]","[1, 1, 1, 1, 1, 1, 1, 1, 1, 1, 1, 2, 1, 1]",0,3601.781397899599
1,"[78, 24, 87, 75, 129, 76, 77, 101, 99, 147, 150]","[1, 1, 2, 1, 1, 1, 3, 2, 1, 1, 1]",0,2503.6589211424
2,"[63, 59, 62, 108, 70, 71, 69, 84, 110]","[1, 2, 1, 1, 2, 3, 3, 1, 1]",0,2282.9429384896
3,"[95, 53, 52, 97, 54, 88, 80, 12, 0]","[1, 1, 2, 2, 1, 1, 3, 2, 2]",1,5339.791049656001
4,"[23, 1, 2, 8, 11, 134, 10, 67, 9]","[3, 2, 1, 1, 1, 3, 1, 1, 2]",1,3347.514139379
5,"[82, 44, 121, 41, 32, 140, 141, 144, 30, 29, 28]","[1, 1, 1, 2, 1, 1, 2, 1, 3, 1, 1]",1,5377.453944142
6,"[131, 55, 56, 138, 98, 152, 153, 91, 22, 154]","[2, 1, 2, 1, 1, 1, 1, 2, 1, 2]",2,8259.206394192
7,"[94, 93, 92, 128, 50, 51]","[5, 1, 1, 1, 5, 1]",2,3420.6623038973
8,[],[],2,0.0
