,task,distance
0,"[0, 4, 6]",15208.5019314706
1,"[1, 3, 8]",7843.4499707984005
2,"[2, 5, 7]",11081.059186528899
