,customer,weight,round,length
0,"[64, 44, 89, 74, 73, 107, 49, 50, 19, 87, 88, 102]","[2, 1, 1, 1, 2, 1, 1, 1, 1, 1, 1, 2]",0,7993.206141059899
1,[37],[2],1,2591.29339472
