,task,distance
0,[0],3278.537951114
1,[1],3784.506074546
2,[2],2504.5890808667
