,customer,weight,round,length
0,[1],[10],0,2000000000.0
1,"[5, 15]","[8, 2]",0,2000000894.3072634
2,[12],[8],0,245.454672584
3,[],[],0,0.0
