,customer,weight,round,length
0,[],[],0,0.0
1,"[6, 3]","[8, 1]",0,2000001191.1567822
2,[11],[8],0,109.4890471006
3,[],[],0,0.0
