,task,distance
0,[0],2000000000.0
1,[1],2000000894.3072636
2,[2],245.454672584
3,[3],0.0
