,task,distance
0,[0],0.0
1,[1],2000001191.1567824
2,[2],109.4890471006
3,[3],0.0
