,customer,weight,round,length
0,[],[],0,0.0
1,"[100, 103, 90, 20]","[1, 3, 1, 1]",0,2000000784.5478792
2,[],[],0,0.0
3,"[49, 19, 72, 112, 22, 21, 113, 64, 63, 7, 44]","[1, 2, 2, 1, 1, 2, 1, 2, 1, 1, 1]",0,2000011267.8007808
