,task,distance
0,[0],0.0
1,[1],2000002266.741573
2,[2],0.0
3,[3],2000011092.2620609
