,task,distance
0,[0],3265.2677598891
1,[1],11343.501012112
2,[2],0.0
3,[3],0.0
