,customer,weight,round,length
0,"[6, 56, 38, 54, 44, 28]","[1, 2, 2, 1, 1, 2]",0,3851.7042997009994
1,[36],[1],0,116.453010086
