,customer,weight,round,length
0,"[84, 93, 111, 14, 108, 103, 102, 118, 41]","[1, 1, 2, 2, 2, 1, 2, 1, 1]",0,4414.141754155
1,"[91, 63, 130, 100, 8, 105, 77, 39, 133, 114, 115]","[2, 1, 1, 1, 1, 1, 1, 1, 1, 1, 1]",0,7686.928204395999
