,task,distance
0,[0],4414.141754155
1,[1],7686.928204395999
