,task,distance
0,[0],4419.403906698
1,[1],7143.210439283
