,customer,weight,round,length
0,"[36, 33, 29, 31, 62, 0, 25, 42]","[1, 1, 7, 1, 1, 1, 1, 2]",0,2816.6889827039995
1,"[40, 59, 58, 60, 73, 34, 70, 28, 27]","[2, 1, 1, 1, 1, 4, 1, 1, 1]",0,2189.4854565455003
2,[],[],0,0.0
3,[],[],0,0.0
