,customer,weight,round,length
0,"[13, 65, 41, 58, 28, 27]","[4, 6, 1, 1, 1, 1]",0,3350.8542270095
1,"[62, 31, 57, 5, 1, 25]","[1, 1, 1, 1, 1, 1]",0,1822.998863647
2,"[42, 21, 54, 4, 61]","[2, 8, 2, 1, 2]",0,2298.513641911
3,[],[],0,0.0
