,customer,weight,round,length
0,"[43, 2, 60, 37]","[4, 1, 3, 1]",0,1523.352941703
1,"[47, 10, 55, 49, 59]","[3, 1, 1, 1, 4]",0,47651.486209588
