,customer,weight,round,length
0,[],[],0,0.0
1,[12],[1],0,272.885165222
2,"[15, 36, 19, 33]","[1, 1, 2, 1]",0,1832.7076648080001
3,[],[],0,0.0
