,customer,weight,round,length
0,"[13, 23, 22]","[2, 1, 2]",0,385.5143801097
1,[],[],0,0.0
2,[12],[1],0,153.8787718894
3,[],[],0,0.0
