,task,distance
0,[0],267.96718792
1,[1],0.0
2,[2],0.0
3,[3],590.0853194302
