,task,distance
0,[0],385.5143801097
1,[1],0.0
2,[2],153.8787718894
3,[3],0.0
