,customer,weight,round,length
0,"[142, 130, 163, 44, 52, 165, 132, 75, 10, 167, 129, 128]","[1, 1, 1, 1, 1, 1, 1, 1, 2, 2, 1, 2]",0,3654.2748496379995
1,"[0, 2, 19, 169, 149, 158, 136, 16, 139, 42, 41, 80, 48, 74]","[1, 1, 1, 1, 1, 1, 1, 1, 1, 1, 1, 2, 1, 1]",0,5534.838385552999
2,"[64, 63, 5, 22, 104]","[2, 1, 3, 3, 1]",1,4192.860449874
3,"[138, 120, 162, 160, 84, 25, 26, 27]","[1, 1, 1, 1, 1, 1, 2, 2]",1,4136.598557191
