,customer,weight,round,length
0,"[74, 143, 13, 142, 130, 96, 165, 135, 133, 132, 131, 10, 98]","[1, 1, 1, 1, 1, 1, 1, 1, 1, 1, 1, 2, 2]",0,3088.7031293275995
1,"[125, 48, 16, 156, 145, 167, 129, 128, 0, 71, 7, 100]","[1, 1, 1, 1, 2, 2, 1, 2, 1, 1, 1, 1]",0,3868.455006704
2,"[97, 46, 163, 52, 43, 113, 75]","[1, 1, 1, 1, 1, 1, 1]",1,3045.7577827269997
3,"[2, 14, 19, 18, 136, 148, 158]","[1, 3, 1, 1, 1, 1, 1]",1,2916.376132632
