,task,distance
0,"[0, 3]",6792.7649753755995
1,"[1, 2]",10164.906227431
