,task,distance
0,"[0, 2]",6134.460912054599
1,"[1, 3]",6784.831139336
