,task,distance
0,"[0, 3, 4, 7]",7036.026226740001
1,"[1, 2, 5, 6]",5624.679707651
