,task,distance
0,"[0, 2, 5, 6]",11532.826311768
1,"[1, 3, 4, 7]",14954.334943379201
