,customer,weight,round,length
0,[35],[15],0,1487.182461852
1,"[38, 46, 40, 39, 5, 1, 8, 50, 58, 4, 44]","[1, 2, 1, 1, 1, 2, 2, 2, 1, 1, 1]",0,2470.00513976
2,"[26, 36, 31, 9, 21, 41, 0, 7, 10, 3, 25, 48]","[1, 2, 1, 1, 1, 1, 1, 1, 2, 1, 2, 1]",0,2874.01654178
3,"[42, 24, 45, 27, 6, 63, 11, 43, 2, 19, 51, 18, 57]","[1, 1, 1, 2, 1, 1, 1, 1, 1, 1, 2, 1, 1]",0,2521.71918049
4,[],[],1,0.0
5,"[29, 53, 32, 17, 12, 47, 30, 14, 22, 56, 28, 33, 16, 62]","[1, 1, 1, 1, 1, 1, 1, 1, 1, 1, 2, 1, 1, 1]",1,1458.6457422409999
6,"[37, 60, 15, 61, 49, 23, 59, 52, 34, 54, 13, 55, 20]","[1, 2, 1, 1, 1, 1, 2, 1, 1, 1, 1, 1, 1]",1,1328.584646972
7,[],[],1,0.0
