,customer,weight,round,length
0,"[21, 54, 42, 12]","[8, 2, 2, 3]",0,1754.3184913559999
1,"[64, 12, 13, 65]","[4, 1, 4, 6]",0,1357.405502344
