,task,distance
0,[0],1754.318491356
1,[1],1357.405502344
