,customer,weight,round,length
0,[],[],0,0.0
1,"[169, 29, 162, 125, 124, 111, 123, 157, 114, 115, 136, 135, 133]","[1, 1, 1, 1, 1, 1, 1, 1, 2, 1, 1, 1, 2]",0,4132.572639387399
2,[90],[1],0,381.046662814
3,"[95, 96, 68, 78, 140, 109, 108, 107, 74, 122, 75, 77, 0, 13]","[2, 1, 1, 1, 1, 1, 1, 1, 1, 1, 1, 1, 1, 1]",0,3221.9970721353
4,"[118, 14, 119, 1, 93, 131, 130, 132, 129, 56, 164, 166]","[2, 1, 1, 1, 1, 1, 1, 1, 1, 1, 1, 3]",0,2692.3042341855
