,task,distance
0,[0],3456.9440209816
1,[1],4465.553212594
2,[2],3439.7855144580003
3,[3],3940.812135043
4,[4],0.0
