,customer,weight,round,length
0,"[61, 100, 10, 96, 55, 54, 56]","[1, 3, 2, 6, 1, 1, 1]",0,6369.3993293975
1,[96],[15],0,4390.02449024
2,"[30, 13, 53, 29, 28, 37, 65]","[1, 2, 3, 3, 1, 2, 3]",1,2454.223865386
3,"[88, 46, 75, 2, 102, 45, 26, 47, 86]","[3, 1, 2, 1, 2, 1, 2, 1, 2]",1,6838.4639209120005
4,"[38, 39, 15, 4, 7, 8, 57, 44, 58]","[2, 1, 1, 1, 1, 1, 3, 1, 4]",2,4705.605189109
5,"[108, 51, 50, 82, 68, 69, 97, 19, 49, 66, 52]","[2, 1, 1, 1, 1, 1, 3, 1, 1, 2, 1]",2,3078.7208549469
6,"[81, 34, 109, 35, 42, 41, 18, 17, 24, 23, 98, 82]","[1, 1, 1, 1, 1, 1, 2, 1, 1, 1, 1, 3]",3,3897.6604888105994
7,"[3, 14, 89, 105, 106, 40, 104, 67]","[5, 2, 1, 1, 1, 1, 1, 2]",3,4914.147884739899
