,task,distance
0,"[0, 2, 4, 7]",18443.376268632397
1,"[1, 3, 5, 6]",18204.8697549095
