,customer,weight,round,length
0,[93],[15],0,1186.050356338
1,"[148, 91, 92, 67, 71, 42, 85, 45, 60, 43, 59, 41, 160]","[2, 1, 1, 1, 1, 1, 2, 1, 1, 1, 1, 1, 1]",0,3359.0937973449995
2,"[109, 114, 123, 79, 96, 106, 14]","[2, 1, 2, 2, 1, 1, 1]",0,5480.630852938
