,task,distance
0,[0],8597.512421559199
1,[1],4356.852437923
2,[2],4023.33106372
