,task,distance
0,[0],5933.3104706310005
1,[1],0.0
2,[2],2706.8972453402
