,task,distance
0,[0],0.0
1,[1],8896.599371208
2,[2],4904.1588052160005
