,task,distance
0,"[0, 3, 4]",17359.2100930009
1,"[1, 2, 5]",17339.547516354003
