,customer,weight,round,length
0,[],[],0,0.0
1,"[58, 26, 36, 120, 117]","[1, 1, 2, 2, 1]",0,1711.288388018
2,[],[],0,0.0
3,[],[],0,0.0
4,"[91, 61, 71, 45, 97, 66, 116, 86, 83, 104]","[2, 2, 2, 1, 1, 1, 1, 1, 1, 2]",0,7220.360862106
