,task,distance
0,[0],0.0
1,[1],0.0
2,[2],0.0
3,[3],7324.408079549
4,[4],5040.290098887001
