,task,distance
0,[0],1209.410078363
1,[1],6801.57627648
2,[2],0.0
3,[3],0.0
4,[4],320.5634809398
