,task,distance
0,[0],0.0
1,[1],0.0
2,[2],0.0
3,[3],6597.9244212357
4,[4],4664.470845268001
