,task,distance
0,[0],329.647099004
1,[1],2379.130548256
