,customer,weight,round,length
0,"[129, 125, 132, 124, 3, 97, 32, 142, 33, 36, 48, 127, 126]","[1, 1, 2, 1, 1, 1, 1, 1, 1, 1, 2, 1, 1]",0,2776.4457042299996
1,"[38, 132, 37, 49, 40, 72, 155, 145, 160, 96]","[2, 1, 1, 3, 1, 2, 2, 1, 1, 1]",1,4300.347949864899
2,"[42, 41, 64, 115, 98, 143, 154]","[1, 1, 1, 1, 3, 1, 2]",2,6277.0364855606
