,customer,weight,round,length
0,"[7, 23, 4, 3, 22, 19, 24, 2, 5, 11, 9, 8]","[2, 3, 1, 1, 1, 1, 1, 1, 1, 1, 1, 1]",0,1523.209891434
1,"[6, 16, 0, 21, 13, 18, 12]","[1, 1, 1, 6, 4, 1, 1]",0,837.172608425
2,"[8, 15, 7]","[2, 3, 6]",0,1523.209891434
3,"[26, 17, 20, 14, 10, 25, 1]","[1, 1, 1, 2, 1, 3, 1]",0,1615.665202593
