,customer,weight,round,length
0,"[68, 66, 62, 47, 60, 50, 63]","[1, 3, 3, 1, 1, 1, 1]",0,2880.6957852773003
1,"[6, 7, 17, 10, 29, 28, 0, 22, 1, 25, 9]","[1, 1, 1, 1, 2, 4, 1, 1, 1, 1, 1]",0,3290.505378263
2,"[33, 42, 48, 55, 56, 5, 24]","[3, 1, 1, 1, 6, 1, 1]",0,5240.054143072999
3,"[12, 13]","[8, 3]",0,791.305820351
