,task,distance
0,[0],2880.6957852773003
1,[1],3290.505378263
2,[2],5240.054143072999
3,[3],791.305820351
