,customer,weight,round,length
0,[],[],0,0.0
1,"[12, 22, 23]","[1, 2, 1]",0,605.975063069
2,[],[],0,0.0
3,[],[],0,0.0
4,"[32, 95, 93, 31, 90, 91, 19, 69, 56, 0, 54, 30]","[1, 1, 1, 1, 1, 1, 1, 1, 1, 2, 1, 2]",0,4596.2822334486
