,task,distance
0,[0],0.0
1,[1],1430.6498255281
2,[2],0.0
3,[3],1600.0943358977
4,[4],0.0
