,task,distance
0,[0],0.0
1,[1],0.0
2,[2],2856.5184062419
3,[3],0.0
4,[4],898.5218316994
