,task,distance
0,[0],1955.394869873
1,[1],0.0
2,[2],0.0
3,[3],1432.0702161885
4,[4],0.0
