,customer,weight,round,length
0,"[70, 93, 90, 89, 67, 23, 29, 84, 86, 85, 53]","[3, 1, 1, 1, 1, 1, 1, 1, 1, 1, 2]",0,3521.9456716453
1,[],[],0,0.0
2,[],[],0,0.0
3,"[66, 88, 65, 54, 49, 50, 55]","[2, 2, 1, 3, 1, 1, 3]",0,1633.7062545561
4,[],[],0,0.0
