,customer,weight,round,length
0,[],[],0,0.0
1,"[72, 29, 49, 65, 67, 19, 21]","[3, 1, 1, 1, 1, 2, 2]",0,2934.1327859410003
2,[],[],0,0.0
3,[],[],0,0.0
4,"[0, 30, 83, 36, 34, 77, 76, 75, 95, 41]","[1, 1, 1, 1, 1, 3, 2, 3, 1, 1]",0,3209.0594883198005
