,customer,weight,round,length
0,[50],[15],0,2000000000.0
1,"[32, 40, 42, 43, 45, 46, 18]","[2, 2, 1, 1, 2, 1, 6]",0,2000000894.4314065
2,"[47, 41, 39, 38, 37, 49, 35, 31, 50]","[1, 1, 1, 1, 1, 2, 1, 2, 5]",0,2000003953.7605753
3,[18],[15],0,180.8016115202
4,"[15, 11, 44, 5, 50]","[1, 1, 1, 6, 1]",1,2000004736.0912015
5,[],[],1,0.0
6,[5],[15],1,2000000000.0
7,[],[],1,0.0
