,task,distance
0,[0],4144.6678154724
1,[1],0.0
2,[2],0.0
3,[3],1051.5882386499
4,[4],1359.2465494135
