,task,distance
0,[0],244.147826102
1,[1],13209.482143911997
2,[2],0.0
3,[3],0.0
4,[4],3287.9515750569994
