,task,distance
0,"[0, 3]",6842.250569392
1,"[1, 2]",13020.999055676999
