,task,distance
0,"[0, 3]",5455.415737904101
1,"[1, 4]",3191.479609429
2,"[2, 5]",3090.005004792
