,task,distance
0,[0],3566.3341054881
1,[1],1243.9522893325
