,customer,weight,round,length
0,"[14, 38, 15, 37, 17, 21, 20, 0, 11, 24, 6]","[1, 2, 1, 2, 1, 1, 1, 1, 1, 1, 3]",0,3095.559815324
1,"[32, 2, 4, 3, 41, 10, 42, 5, 29]","[1, 1, 2, 2, 1, 1, 1, 1, 2]",0,1440.5624562554
2,[],[],0,0.0
3,"[30, 27, 35, 36, 33, 12, 39, 13]","[1, 2, 1, 3, 1, 1, 3, 1]",0,1439.3218600556
