,customer,weight,round,length
0,"[101, 139, 95, 143, 142, 99]","[2, 3, 1, 1, 4, 4]",0,1153.3258229016
1,"[135, 75, 109, 110, 119, 111, 131, 185]","[1, 2, 3, 2, 2, 2, 2, 1]",0,1915.8013529319999
2,"[184, 182, 98, 97, 140, 141]","[3, 1, 2, 2, 5, 2]",0,1669.2347767449999
3,"[180, 69, 96, 70, 103]","[2, 4, 1, 4, 4]",0,1533.722659784
4,[],[],1,0.0
5,[],[],1,0.0
6,[23],[1],1,2274.07405644
7,[],[],1,0.0
