,customer,weight,round,length
0,"[116, 175, 145, 34, 198, 129, 199, 7, 9, 6, 4]","[1, 2, 1, 1, 1, 1, 1, 1, 1, 1, 1]",0,3032.5599687650006
1,"[193, 195, 177, 53, 201, 13]","[2, 1, 1, 1, 1, 1]",0,2169.9134552746
2,[],[],0,0.0
3,"[151, 24, 26, 202, 29, 28, 10, 16, 152]","[1, 3, 2, 1, 1, 1, 1, 2, 2]",0,1854.8101481643998
