,task,distance
0,[0],776.7479436501001
1,[1],3003.95228605
2,[2],2292.29843684
3,[3],2002.527673591
