,task,distance
0,"[0, 6]",3427.3998793416
1,"[1, 4]",1915.801352932
2,"[2, 5]",1669.234776745
3,"[3, 7]",1533.722659784
