,customer,weight,round,length
0,"[69, 145, 68, 71, 123, 10, 98, 111, 185, 190, 133, 131]","[1, 1, 1, 1, 1, 1, 1, 1, 1, 1, 1, 1]",0,11615.545580059
1,[92],[5],0,440.493880898
2,[],[],0,0.0
