,customer,weight,round,length
0,[],[],0,0.0
1,"[168, 83, 205, 2, 3, 52, 213, 214, 170, 51, 78]","[1, 1, 1, 1, 1, 1, 1, 1, 1, 1, 1]",0,16806.778471032
2,"[220, 106, 154, 173, 159, 50, 33, 157, 140, 179, 93, 35]","[1, 2, 1, 1, 1, 1, 2, 1, 1, 1, 1, 1]",0,36094.83553120399
