,task,distance
0,[0],0.0
1,[1],3454.453049348
2,[2],0.0
3,[3],1047.243861408
