,task,distance
0,"[0, 9, 8]",4000002510.36602
1,"[1, 6]",2000001071.957416
2,[2],2000000000.0
3,"[3, 7]",2000000642.424052
4,"[4, 5]",2000002986.418339
