,customer,weight,round,length
0,"[35, 3, 1, 54, 63, 39, 15, 6, 44, 55, 42, 17]","[1, 1, 1, 1, 1, 1, 2, 1, 2, 1, 2, 1]",0,4851.143348619
1,"[8, 59, 23, 46]","[1, 2, 1, 1]",1,2191.641828588
