,customer,weight,round,length
0,"[8, 58, 5, 6, 41, 54, 40, 42, 43, 57, 1, 31]","[2, 1, 2, 1, 1, 1, 2, 1, 1, 1, 1, 1]",0,1414.2490002069999
1,"[25, 20, 4, 53, 32, 52, 33, 51, 29, 44, 14, 49]","[1, 1, 1, 1, 1, 4, 1, 1, 1, 1, 1, 1]",0,1746.285619575
2,"[34, 23, 48, 22, 12, 2, 0, 7, 13, 24, 47, 55, 26]","[1, 1, 1, 1, 1, 1, 2, 2, 1, 1, 1, 1, 1]",0,1273.720973175
3,"[36, 11, 28, 30, 19, 27, 18, 21, 37, 38, 50, 35]","[1, 1, 1, 3, 1, 1, 1, 1, 1, 1, 1, 2]",0,1678.9103382170001
4,"[46, 16, 15, 39, 3, 56, 9, 45, 17, 10]","[1, 1, 1, 1, 1, 1, 1, 1, 1, 1]",1,1882.3505776840002
5,[],[],1,0.0
6,[],[],1,0.0
7,[],[],1,0.0
