,task,distance
0,"[0, 5]",1414.249000207
1,"[1, 5]",1746.285619575
2,"[2, 4]",3156.071550859
3,"[3, 5]",1678.910338217
