,customer,weight,round,length
0,[],[],0,0.0
1,"[115, 117, 106, 133, 109, 138, 123, 86, 84]","[2, 3, 1, 1, 1, 1, 1, 1, 1]",0,3372.4277448555
2,"[114, 119, 116]","[2, 2, 5]",0,917.4535085128
