,task,distance
0,[0],274.139089604
1,[1],6593.850566408
2,[2],0.0
