,task,distance
0,[0],526.873984798
1,[1],0.0
2,[2],5422.586654967
