,customer,weight,round,length
0,"[264, 141, 145, 138, 278, 5, 243, 241, 102, 152, 125]","[1, 1, 1, 1, 1, 1, 1, 1, 1, 1, 4]",0,2000004665.4167194
1,"[38, 37, 71, 47, 107, 120, 121, 119, 189, 184, 235, 227]","[2, 1, 1, 1, 2, 1, 2, 1, 1, 1, 1, 1]",0,2000004365.3748994
2,"[114, 58, 149, 147, 151, 222, 51, 91, 226, 49, 174]","[1, 1, 2, 1, 1, 1, 1, 2, 1, 1, 1]",0,2000004143.4146914
3,"[262, 210, 41, 98, 283, 42, 204, 166, 301, 85]","[1, 1, 2, 1, 1, 2, 1, 1, 1, 1]",0,2000003850.145576
