,task,distance
0,[0],4467.408409114
1,[1],4948.677017209
2,[2],2000004818.648894
3,[3],8729.223732999599
