,customer,weight,round,length
0,[],[],0,0.0
1,[15],[1],0,117.481634218
2,"[14, 13, 6, 38]","[1, 1, 3, 2]",0,936.9950506668999
