,task,distance
0,[0],0.0
1,[1],117.481634218
2,[2],936.9950506669
