,task,distance
0,[0],2310.5485629288005
1,[1],3199.796035289
