,task,distance
0,[0],0.0
1,[1],7431.824164324001
2,[2],0.0
3,[3],0.0
4,[4],4414.577946382001
