,task,distance
0,[0],0.0
1,[1],6630.008083703
2,[2],101.549289855
3,[3],5060.961596157
4,[4],0.0
