,customer,weight,round,length
0,"[4, 6]","[4, 11]",0,2652.722395961
1,"[1, 12, 15, 14]","[12, 1, 1, 1]",0,3402.560731427
2,[],[],1,0.0
3,[5],[12],1,912.11554701
