,task,distance
0,"[0, 3, 5]",9730.44455652
1,"[1, 2, 4]",7244.0412313555
