,task,distance
0,[0],0.0
1,[1],1993.888434778
2,[2],1398.93880738
3,[3],1993.888434778
