,customer,weight,round,length
0,"[209, 188, 22, 250, 50, 176, 218, 113, 129, 4, 76]","[2, 1, 2, 2, 1, 1, 1, 1, 2, 1, 1]",0,8324.247966266
1,"[149, 49, 10]","[3, 2, 1]",0,2630.4876814179997
2,"[125, 227, 237, 236, 172, 31, 238, 71, 198, 147, 142, 200, 166]","[1, 1, 1, 2, 1, 1, 1, 2, 1, 1, 1, 1, 1]",0,6619.480184229001
