,task,distance
0,[0],6846.674833243
1,[1],6061.370192834001
2,[2],5585.046508615
