,customer,weight,round,length
0,"[31, 34, 32, 1, 5, 37, 18]","[3, 1, 1, 4, 2, 3, 1]",0,2366.654754178
1,"[40, 11, 15, 14, 28, 9, 16, 32, 29, 30]","[1, 2, 1, 1, 2, 1, 1, 4, 1, 1]",1,3663.2845372194
2,"[10, 2, 4, 42, 41, 17]","[9, 1, 1, 1, 1, 2]",2,14236.091524486998
3,[10],[6],3,9358.48754862
