,customer,weight,round,length
0,"[27, 28, 86, 32, 17, 18, 49, 42, 53, 85, 74]","[1, 1, 2, 1, 2, 2, 1, 1, 1, 1, 1]",0,3092.763079262
1,[],[],0,0.0
2,[60],[3],0,398.173862678
