,task,distance
0,[0],3092.763079262
1,[1],0.0
2,[2],398.173862678
