,task,distance
0,[0],0.0
1,[1],2522.616655872
2,[2],1235.3520963059998
