,customer,weight,round,length
0,"[82, 16, 126, 128, 174, 140, 24, 42]","[1, 5, 1, 1, 1, 2, 2, 1]",0,9794.07537891
1,[],[],0,0.0
2,[],[],0,0.0
3,"[10, 211, 31, 106]","[1, 3, 2, 2]",0,8374.247262057
