,customer,weight,round,length
0,"[16, 186]","[5, 10]",0,407.8310371366
1,"[27, 186]","[1, 13]",0,7218.091557062
2,[],[],0,0.0
3,"[26, 135, 151, 193, 150, 128, 175, 113, 114, 126, 85, 17]","[1, 1, 1, 1, 1, 1, 1, 1, 1, 1, 1, 1]",0,3665.821903297
