,customer,weight,round,length
0,"[112, 81, 125, 44, 42, 106]","[2, 1, 2, 1, 1, 2]",0,5827.67803553
1,[],[],0,0.0
2,"[211, 21, 53, 54, 56, 57, 31, 184]","[3, 1, 2, 2, 1, 1, 2, 1]",0,7370.480042648
3,[],[],0,0.0
