,customer,weight,round,length
0,"[106, 42, 82, 121, 57, 184, 56]","[2, 1, 1, 2, 1, 1, 1]",0,6335.511029173001
1,[],[],0,0.0
2,[],[],0,0.0
3,"[54, 53, 21, 211]","[2, 2, 1, 3]",0,2962.112285569
