,task,distance
0,[0],0.0
1,[1],4807.32475444
2,[2],9194.026743261
3,[3],1181.713406377
