,task,distance
0,[0],8401.066684004
1,[1],0.0
2,[2],0.0
3,[3],486.584850564
