,task,distance
0,[0],449.857419712
1,[1],3691.61597751
