,task,distance
0,"[0, 3, 4, 6, 8]",6236.649608327
1,"[1, 2, 5, 7, 9]",8972.232371208
