,customer,weight,round,length
0,[],[],0,0.0
1,"[111, 158, 98, 10, 160, 145, 182, 117, 69, 101]","[1, 1, 1, 1, 1, 1, 1, 1, 1, 1]",0,5166.443866732
2,[],[],0,0.0
3,[167],[1],0,292.038237512
