,customer,weight,round,length
0,"[0, 87, 88, 97, 75, 74, 72, 15, 43, 39, 106, 1, 5]","[1, 1, 1, 1, 1, 1, 1, 1, 1, 2, 1, 2, 1]",0,3821.2564197580996
1,"[97, 95, 37]","[1, 1, 1]",1,2940.1855614819997
