,task,distance
0,[0],147.8976395658
1,[1],0.0
2,[2],0.0
3,[3],88.452312474
4,[4],0.0
