,task,distance
0,[0],0.0
1,[1],3334.1723799953
2,[2],4501.581005227
3,[3],0.0
4,[4],2024.500468583
