,CID,TTDDemd
0,11314,0.483173012733
1,25201,6.44084978104
2,54423,15.013299942
