,customer,weight,round,length
0,"[25, 16, 27, 19, 4, 12, 10, 24, 3]","[1, 4, 1, 1, 4, 1, 1, 1, 1]",0,2785.3484323690004
1,[14],[2],1,1504.249617914
