,customer,weight,round,length
0,[54],[3],0,85.6469665566
1,"[5, 120, 21, 64, 69, 35, 89]","[7, 2, 1, 2, 1, 1, 1]",0,4018.4987568899996
2,"[78, 31, 135, 92, 51, 79, 97, 131, 58, 61, 116, 85]","[1, 1, 2, 2, 1, 1, 1, 1, 1, 2, 1, 1]",0,10151.165497626
