,customer,weight,round,length
0,[],[],0,0.0
1,"[117, 120, 36, 64, 26, 58, 59, 61, 91]","[1, 2, 2, 2, 1, 1, 2, 2, 2]",0,3007.2879926260002
2,"[104, 83, 86, 116, 79, 130, 131, 132, 63, 45, 71]","[2, 1, 1, 1, 1, 1, 1, 1, 1, 1, 2]",0,4868.448417904
