,task,distance
0,[0],0.0
1,[1],5294.452889287
2,[2],6361.729747609
