,task,distance
0,[0],8599.678795595999
1,[1],9661.081987338
