,customer,weight,round,length
0,"[5, 16]","[8, 7]",0,995.9764351270001
1,[8],[8],0,202.216894374
2,[10],[8],0,376.930765892
3,"[6, 17]","[8, 2]",0,2930.058480131
4,"[1, 3, 15, 16]","[10, 1, 2, 1]",0,3797.85600514
