,customer,weight,round,length
0,"[111, 65, 45, 6, 7, 117, 77, 84, 121, 55, 46, 80]","[1, 1, 2, 1, 1, 2, 2, 1, 1, 1, 1, 1]",0,5056.403534162
1,"[99, 139, 79, 66, 67, 26, 72, 73, 74, 71, 92, 69, 70, 25, 95]","[1, 1, 1, 1, 1, 1, 1, 1, 1, 1, 1, 1, 1, 1, 1]",0,4286.0215722506
2,"[125, 102, 119, 101, 14, 100, 38, 30, 32, 33, 34]","[2, 1, 1, 1, 1, 1, 1, 3, 2, 1, 1]",0,5834.647303307402
3,"[9, 44]","[13, 2]",1,9218.12110368
4,"[76, 130, 129, 89, 8, 91, 114, 110, 109]","[1, 1, 2, 2, 4, 1, 2, 1, 1]",1,6881.2377127869995
5,"[108, 131, 126, 127, 18, 125]","[1, 3, 1, 2, 1, 7]",1,11923.354354313
6,[],[],2,0.0
7,[],[],2,0.0
8,"[61, 4, 44]","[1, 6, 4]",2,13100.35236942
