,customer,weight,round,length
0,[7],[12],0,242.247197532
1,[5],[10],0,223.66969886
