,customer,weight,round,length
0,[],[],0,0.0
1,[7],[1],0,617.504906148
2,"[10, 9, 15, 37, 19, 27]","[1, 1, 7, 1, 1, 1]",0,5790.438996823001
3,[],[],0,0.0
