,customer,weight,round,length
0,[],[],0,0.0
1,[],[],0,0.0
2,"[9, 7, 14, 13, 10, 40, 11, 16, 43, 42]","[1, 1, 1, 1, 1, 1, 2, 1, 2, 2]",0,2258.9831477224
3,"[1, 8, 0, 44, 45, 6, 15, 31, 32, 38, 22, 27, 19]","[1, 1, 1, 1, 1, 1, 1, 1, 1, 2, 2, 1, 1]",0,3099.130918465
