,customer,weight,round,length
0,"[196, 235, 25, 236, 44, 195, 207, 208]","[1, 1, 1, 1, 2, 1, 1, 1]",0,1467.0154528977
1,"[19, 199, 198]","[5, 2, 5]",0,1167.825740501
2,"[209, 210, 310, 220, 249, 252, 251, 246, 39, 314]","[3, 1, 1, 1, 1, 2, 1, 1, 1, 2]",0,3049.4397311870002
3,"[197, 283, 282, 277, 281, 87, 280, 279, 278, 190, 78]","[1, 2, 2, 1, 1, 1, 1, 1, 1, 1, 1]",0,1902.0112093282996
4,[],[],0,0.0
