,task,distance
0,[0],0.0
1,[1],0.0
2,[2],22132.9229493128
3,[3],1113.0144757698
4,[4],2621.5865777346
