,task,distance
0,[0],1772.8375469214998
1,[1],0.0
2,[2],757.3879499952001
3,[3],6692.922542329899
4,[4],1093.4928862924
