,customer,weight,round,length
0,"[34, 44, 14]","[2, 1, 2]",0,1651.3534727429999
1,"[0, 24, 33]","[1, 1, 1]",0,781.884601174
