,customer,weight,round,length
0,"[32, 21, 23, 2]","[1, 2, 3, 1]",0,1143.7767946438
1,"[38, 45, 3]","[2, 1, 1]",0,916.539250283
