,task,distance
0,[0],0.0
1,[1],10003.385403058
2,[2],491.701582982
3,[3],0.0
4,[4],7751.997346329001
