,task,distance
0,[0],6201.9793183037
1,[1],0.0
2,[2],0.0
3,[3],80.6479205896
4,[4],1917.431182425
