,task,distance
0,"[0, 4, 8]",3656.987513082
1,"[1, 5, 6]",2668.77997366
2,"[2, 3, 6]",2544.498861573
