,task,distance
0,"[0, 5, 7]",11221.7816411432
1,"[1, 4, 8]",5825.3961941
2,"[2, 3, 6]",6470.354007232901
