,customer,weight,round,length
0,[],[],0,0.0
1,"[22, 23, 36, 11, 9, 8]","[3, 1, 1, 1, 2, 4]",0,2364.1437513209
2,[],[],0,0.0
3,"[21, 20, 34]","[2, 2, 6]",0,520.6554262347
