,customer,weight,round,length
0,"[21, 34]","[2, 6]",0,423.3956917303
1,"[36, 32, 31, 25, 0, 29, 8]","[1, 1, 2, 2, 1, 1, 4]",0,2862.10463593
2,[],[],0,0.0
3,[],[],0,0.0
