,task,distance
0,[0],0.0
1,[1],2364.1437513209
2,[2],0.0
3,[3],520.6554262347
