,task,distance
0,[0],2290.876754187
1,[1],0.0
2,[2],4939.448860789
