,task,distance
0,"[0, 2, 5, 7, 9, 11, 12]",14075.134324901997
1,"[1, 3, 4, 6, 8, 10, 13]",12187.947211675
