,task,distance
0,"[0, 4]",7198.221339430299
1,"[1, 5]",10947.944549440599
2,"[2, 3]",14154.771881391
