,task,distance
0,"[0, 4]",17690.6587284032
1,"[1, 3]",5319.9675999215
2,"[2, 5]",3581.646625804001
