,task,distance
0,[0],6971.0517383761
1,[1],7397.1480123158
2,[2],13727.796064449998
