,task,distance
0,"[0, 7]",7614.734899637
1,"[1, 4]",5051.685951834001
2,"[2, 6]",8232.083446145702
3,"[3, 5]",9284.477774903
