,task,distance
0,"[0, 4]",7335.962350054
1,"[1, 5]",7295.581915678
2,"[2, 6]",7538.839192077
3,"[3, 7]",8729.2158585248
