,task,distance
0,[0],0.0
1,[1],6793.869554868
2,[2],2874.105277388
3,[3],2391.36034608
4,[4],0.0
