,customer,weight,round,length
0,"[73, 2, 40, 167, 96, 151, 173, 137, 42, 123, 50]","[2, 1, 1, 3, 1, 2, 1, 1, 1, 1, 1]",0,9391.124716258999
1,"[107, 140, 60, 98, 27, 10, 74, 75, 157, 111, 112, 113, 19]","[1, 1, 2, 1, 1, 1, 1, 1, 1, 1, 1, 1, 2]",1,6466.0961027116
2,"[154, 20, 22, 160, 161, 32, 78, 149, 21]","[1, 2, 1, 2, 2, 1, 1, 1, 3]",2,3365.6495588998
