,customer,weight,round,length
0,[],[],0,0.0
1,"[131, 51, 146]","[4, 2, 2]",0,526.873984798
2,[],[],0,0.0
3,[],[],0,0.0
4,"[35, 111, 90, 127, 40, 50, 94, 95, 139]","[2, 1, 1, 1, 1, 1, 1, 2, 2]",0,5422.586654967
