,task,distance
0,[0],0.0
1,[1],526.873984798
2,[2],0.0
3,[3],0.0
4,[4],5422.586654967
