,customer,weight,round,length
0,"[55, 28, 19, 18, 66, 12, 44, 39, 38, 13]","[1, 1, 3, 1, 1, 1, 3, 1, 2, 1]",0,4313.2573534972
1,[42],[4],0,234.52575624
2,[41],[4],0,256.086455588
