,task,distance
0,[0],4313.2573534972
1,[1],234.52575624
2,[2],256.086455588
