,customer,weight,round,length
0,"[78, 153, 184, 94, 134, 25, 196]","[1, 7, 1, 2, 1, 1, 2]",0,9010.109854317
1,"[59, 60, 92, 88, 49, 131, 96, 26, 179, 169, 175, 31, 28]","[1, 1, 2, 1, 1, 1, 1, 1, 2, 1, 1, 1, 1]",0,12252.645959307
2,"[86, 97, 17]","[1, 1, 1]",1,2680.355146666
3,[],[],1,0.0
