,task,distance
0,[0],8565.027981038998
1,[1],4260.059803124
2,[2],3193.9469060485
3,[3],0.0
4,[4],323.110453198
