,task,distance
0,[0],53.625932199
1,[1],10076.2931452248
2,[2],4413.211284942
3,[3],4560.508106701
4,[4],0.0
