,customer,weight,round,length
0,"[1, 171, 163, 9, 4]","[1, 3, 9, 1, 1]",0,3668.9517552879997
1,"[28, 152]","[1, 2]",0,808.9831941797
2,"[177, 53, 188, 99, 141, 139, 180, 186]","[1, 1, 1, 4, 2, 3, 2, 1]",0,4754.7792955866
