,task,distance
0,[0],0.0
1,[1],0.0
2,[2],0.0
3,[3],2883.019995764
4,[4],1573.810041392
