,task,distance
0,[0],687.413755538
1,[1],2741.080778257
2,[2],0.0
