,task,distance
0,[0],1569.454552032
1,[1],1242.542691968
2,[2],0.0
