,customer,weight,round,length
0,"[58, 68, 10, 93]","[1, 2, 1, 1]",0,2000000708.9575715
1,"[120, 45, 97, 72, 84, 128, 69, 22, 1]","[1, 3, 1, 1, 2, 1, 2, 1, 1]",0,2000002548.7570817
