,customer,weight,round,length
0,[63],[1],0,2236.51519498
1,"[6, 110, 109]","[1, 1, 1]",0,1117.617377695
