,task,distance
0,[0],2000002776.94008
1,[1],2000000717.2339225
