,task,distance
0,[0],2000005140.530079
1,[1],1117.617377695
