,customer,weight,round,length
0,"[38, 183, 139, 175, 21, 44, 45, 79, 42, 77, 101]","[1, 1, 1, 1, 1, 1, 1, 1, 1, 2, 1]",0,3168.1864366392997
1,[],[],0,0.0
2,"[103, 163, 162, 189, 82, 160, 191, 157, 182, 134, 55, 56, 54]","[2, 1, 1, 1, 1, 1, 1, 1, 1, 1, 1, 1, 1]",0,2305.8401945187
