,task,distance
0,[0],13239.658604011998
1,[1],0.0
2,[2],0.0
3,[3],11344.34347432
