,task,distance
0,[0],273.68073748
1,[1],13065.240140851
2,[2],0.0
3,[3],7167.989084773
