,customer,weight,round,length
0,"[150, 137, 200, 128, 125, 54, 97, 195, 246, 240, 177, 151]","[1, 1, 1, 1, 1, 1, 3, 1, 1, 2, 1, 1]",0,5311.504066251
1,"[265, 108, 88, 228, 84, 27, 129, 203, 66, 67, 72, 73, 30, 207]","[1, 1, 1, 1, 1, 1, 1, 1, 1, 1, 1, 1, 2, 1]",0,5637.531449147
2,[],[],1,0.0
3,"[251, 245]","[1, 1]",1,4572.355719882
