,customer,weight,round,length
0,"[162, 59, 72, 73, 74, 152, 90, 88, 45, 136]","[1, 1, 1, 1, 1, 4, 3, 1, 1, 1]",0,2041.9638757150003
1,"[54, 137, 44, 113, 112, 111, 65, 64, 103, 102, 28, 101, 29, 183]","[2, 1, 1, 1, 1, 1, 1, 1, 1, 1, 1, 1, 1, 1]",0,2326.371992135
2,"[84, 32, 132, 95, 80, 27, 177, 26, 179, 41, 40, 39, 129, 109, 110]","[1, 1, 1, 1, 1, 1, 1, 1, 1, 1, 1, 1, 1, 1, 1]",0,3347.2792250909997
3,"[161, 197, 166, 196, 47, 46]","[1, 1, 1, 1, 1, 1]",1,3101.7836546109997
4,[],[],1,0.0
5,[],[],1,0.0
