,customer,weight,round,length
0,"[105, 92, 79, 17, 84, 85, 46, 127, 75, 118, 65, 119]","[3, 1, 1, 1, 1, 1, 1, 1, 1, 1, 2, 1]",0,2849.8937377718003
1,"[0, 28, 71, 62, 63, 134, 104, 65, 117, 19, 20, 68]","[1, 1, 1, 1, 1, 2, 1, 2, 2, 1, 1, 1]",1,4461.464142687
