,customer,weight,round,length
0,"[106, 95, 50, 49, 48, 47, 96]","[1, 4, 1, 1, 4, 2, 2]",0,2109.1355957588
1,"[36, 88, 90, 87, 136, 81, 40, 109]","[1, 1, 1, 1, 3, 1, 1, 6]",1,5739.508767543
2,"[26, 23, 129, 124, 125, 126, 77, 102, 78]","[1, 2, 1, 1, 1, 1, 1, 1, 1]",2,6697.450274639601
