,customer,weight,round,length
0,"[110, 114, 91, 8]","[1, 2, 1, 4]",0,853.6816782912
1,"[109, 131, 108, 55, 127, 126, 76, 130, 129, 89]","[1, 3, 1, 1, 2, 1, 1, 1, 2, 2]",0,9655.464428441299
