,task,distance
0,"[0, 3]",12866.369976012
1,"[1, 2]",23318.904611486003
