,task,distance
0,[0],853.6816782912
1,[1],9655.4644284413
