,customer,weight,round,length
0,"[76, 77, 75, 73, 201, 203, 263, 205, 206]","[3, 2, 1, 2, 1, 2, 1, 1, 2]",0,1961.7203359965
1,"[23, 46, 262, 261, 114, 115, 71, 230, 232, 74, 116, 202, 204]","[2, 1, 1, 1, 1, 1, 1, 1, 1, 2, 1, 1, 1]",0,2861.3264008263995
2,"[20, 19, 67, 68, 152, 153, 233, 259, 260, 150, 72, 161]","[2, 1, 1, 1, 1, 1, 1, 1, 1, 1, 2, 2]",1,18634.386101410997
3,"[189, 191, 197, 198, 190, 192, 70, 231, 44, 45, 43]","[2, 1, 1, 2, 2, 2, 1, 1, 1, 1, 1]",1,5092.540202786
4,"[162, 209, 122, 157, 159, 239]","[2, 2, 1, 2, 1, 1]",2,17242.876520125
5,[],[],2,0.0
