,customer,weight,round,length
0,"[139, 248, 174, 6, 7, 69, 257, 196, 107, 106, 140, 142, 177]","[1, 1, 1, 1, 1, 1, 1, 2, 1, 2, 1, 1, 1]",0,6964.256033184
1,"[226, 221, 37, 219, 247, 34, 245, 176, 59, 41, 84, 66, 63]","[1, 1, 1, 1, 1, 1, 1, 2, 1, 1, 1, 1, 2]",0,9435.911203785
2,"[133, 265, 132, 30, 65, 64, 118, 83, 84]","[1, 2, 3, 2, 2, 2, 1, 1, 1]",1,26600.9480786836
3,"[181, 182, 227, 186, 188, 185, 187]","[3, 1, 5, 1, 2, 2, 1]",1,7498.104389433001
4,"[27, 49, 123, 160, 125, 121, 120, 124, 134]","[1, 2, 1, 1, 1, 1, 1, 1, 1]",2,26052.470100751194
5,[],[],2,0.0
