,task,distance
0,"[0, 2]",31722.360689749392
1,"[1, 3]",16311.639250060602
