,task,distance
0,"[0, 2, 5]",33565.2041118676
1,"[1, 3, 4]",42986.485693969196
