,task,distance
0,"[0, 2]",20978.3580321317
1,"[1, 3]",9319.230254580401
