,customer,weight,round,length
0,[],[],0,0.0
1,[43],[1],0,329.582500018
2,"[40, 52, 8, 22, 15, 13, 46, 61, 41]","[3, 1, 2, 2, 1, 1, 1, 1, 3]",0,4161.4029099730005
3,"[31, 9, 56, 0, 20, 30, 50, 18, 45, 2, 26, 33]","[2, 1, 1, 1, 2, 1, 1, 1, 1, 1, 2, 1]",0,4994.898876984
