,task,distance
0,[0],707.698339486
1,[1],1173.0107650028003
2,[2],1993.3996778926
3,[3],638.803041139
