,customer,weight,round,length
0,"[25, 26, 29, 59, 24, 18, 23, 35, 22, 15, 14, 31]","[1, 2, 1, 1, 1, 1, 1, 1, 1, 1, 1, 3]",0,2256.1304265925
1,"[33, 34, 70, 66, 65, 47, 75, 13, 71, 72]","[2, 2, 2, 1, 1, 1, 1, 1, 2, 2]",0,2122.457415105
2,[],[],1,0.0
3,"[59, 16]","[4, 1]",1,1726.151929319
