,task,distance
0,[0],2253.3423283423
1,[1],471.132760854
