,task,distance
0,[0],0.0
1,[1],0.0
2,[2],3355.4047684708003
3,[3],0.0
4,[4],2518.1696822098
