,task,distance
0,"[0, 3, 8]",13537.493782539601
1,"[1, 5, 7]",10553.920838766
2,"[2, 4, 6]",12867.320329075099
