,task,distance
0,[0],2000001170.8776972
1,[1],734.32607268
2,[2],0.0
