,customer,weight,round,length
0,"[110, 194, 87, 85, 108, 185, 184, 196, 195, 120, 123, 122, 55, 192, 10]","[1, 1, 1, 1, 1, 1, 1, 1, 1, 1, 1, 1, 1, 1, 1]",0,8569.0339379627
1,"[6, 7, 9, 31, 98, 97, 175, 42, 147, 145, 94, 43, 41, 200]","[1, 1, 1, 1, 2, 1, 1, 1, 1, 1, 1, 1, 1, 1]",0,10887.541383689
2,"[157, 63, 131]","[1, 1, 1]",1,10414.116575701999
3,[],[],1,0.0
