,customer,weight,round,length
0,"[118, 115, 51]","[4, 7, 4]",0,741.2201797358
1,"[70, 58, 66, 24, 94, 22, 57, 52, 103, 89, 92, 69, 120]","[2, 1, 1, 1, 1, 1, 1, 1, 1, 2, 1, 1, 1]",0,4185.534257269001
2,"[84, 71, 80, 81, 82, 83, 76, 114, 7, 72, 56, 99]","[1, 1, 1, 1, 1, 1, 1, 1, 2, 2, 2, 1]",1,4815.1757212777
3,"[112, 91, 102, 98, 97, 45, 86, 38, 62, 88, 2, 46, 47]","[1, 1, 1, 1, 1, 1, 1, 1, 1, 2, 1, 1, 2]",1,3392.5489334439994
4,"[20, 19, 33, 35, 48, 49, 63, 36, 59, 60, 61]","[1, 1, 1, 1, 2, 1, 2, 1, 1, 1, 1]",2,6685.931357513
5,[],[],2,0.0
