,task,distance
0,"[0, 2, 5]",3582.362254181
1,"[1, 3, 4]",3822.696437628
