,customer,weight,round,length
0,"[6, 7, 169, 189, 192, 205, 38, 65, 154, 155, 147, 54]","[1, 2, 1, 1, 1, 2, 2, 1, 1, 1, 1, 1]",0,8924.825336031001
1,"[89, 242, 246, 92, 97, 182, 165, 241, 95, 229, 213, 230, 83]","[1, 1, 1, 2, 1, 2, 1, 1, 1, 1, 1, 1, 1]",0,7331.018686700999
2,"[140, 4, 237, 215, 185, 239, 183]","[2, 1, 2, 3, 3, 3, 1]",0,4436.099384595
3,"[123, 118, 117, 173, 131, 128, 130, 144, 28, 26, 51]","[1, 1, 1, 1, 1, 1, 1, 3, 2, 1, 2]",0,6040.294285499401
4,[],[],1,0.0
5,[],[],1,0.0
6,[],[],1,0.0
7,"[253, 152, 37, 115, 57, 202, 10, 63, 196, 197, 109, 90]","[1, 1, 1, 1, 1, 1, 1, 1, 1, 1, 1, 1]",1,9802.688604294
