,task,distance
0,[0],4347.035862178
1,[1],109.4698320574
