,customer,weight,round,length
0,[],[],0,0.0
1,"[74, 75, 76, 34, 118, 58, 54]","[2, 2, 1, 3, 4, 1, 1]",0,5772.938489825
2,"[65, 103, 102, 53, 64, 13, 48]","[2, 1, 2, 2, 2, 3, 2]",0,1593.354696639
