,customer,weight,round,length
0,"[10, 7]","[13, 2]",0,310.8713774022
1,[12],[1],1,399.769797994
