,customer,weight,round,length
0,[],[],0,0.0
1,"[96, 3, 93, 6]","[1, 1, 1, 1]",0,1438.739598265
2,"[8, 102, 10, 11, 9, 64, 50]","[3, 2, 2, 2, 3, 1, 2]",0,2292.44111138
3,[49],[4],0,482.035956978
4,[],[],0,0.0
