,customer,weight,round,length
0,[],[],0,0.0
1,[],[],0,0.0
2,[],[],0,0.0
3,"[80, 32, 92]","[2, 1, 1]",0,1063.4353532549999
4,"[91, 66, 84, 89, 106, 48, 103, 12, 31]","[2, 1, 1, 1, 3, 1, 3, 1, 2]",0,4291.971514785
