,customer,weight,round,length
0,"[80, 26, 56]","[2, 1, 1]",0,7667.346207533
1,[],[],0,0.0
2,[],[],0,0.0
3,[66],[1],0,659.40069342
4,"[31, 86, 11, 10, 8, 3, 48, 106]","[2, 1, 2, 2, 3, 1, 1, 3]",0,4155.563462122999
