,task,distance
0,[0],0.0
1,[1],0.0
2,[2],0.0
3,[3],1063.435353255
4,[4],4291.971514785
