,customer,weight,round,length
0,"[13, 12, 6, 67, 58, 56]","[5, 5, 2, 1, 1, 1]",0,1374.6058643469
1,"[8, 79, 9, 10, 11]","[2, 1, 4, 2, 6]",0,1289.49081576
2,"[8, 71, 63, 47, 54, 31, 37, 66, 76, 41, 34, 21]","[2, 2, 2, 1, 1, 1, 1, 1, 1, 1, 1, 1]",1,4882.767275583799
3,"[84, 20, 62, 16, 86, 74, 36]","[1, 1, 1, 1, 5, 3, 3]",1,2954.1664760859994
4,"[84, 82, 75, 73, 81, 85, 53]","[1, 1, 1, 1, 1, 6, 2]",2,5964.382933635001
5,[],[],2,0.0
