,task,distance
0,"[0, 2, 5]",2619.466695065
1,"[1, 3, 4]",3517.57521922
