,task,distance
0,"[0, 3, 4]",10293.1552740679
1,"[1, 2, 5]",6172.2580913438
