,customer,weight,round,length
0,"[84, 60, 34, 18, 40, 69, 3, 5, 72, 87, 66]","[1, 1, 1, 1, 1, 2, 1, 2, 2, 1, 1]",0,5335.790394493001
1,[],[],0,0.0
2,[97],[1],0,134.2414188478
