,customer,weight,round,length
0,[],[],0,0.0
1,[],[],0,0.0
2,[],[],0,0.0
3,"[87, 86, 136, 138, 115, 21, 43, 23, 120, 61, 178, 180]","[1, 2, 1, 1, 1, 1, 2, 1, 1, 1, 1, 2]",0,6319.365124182
4,"[103, 124, 95, 92, 152, 55, 52, 74]","[1, 1, 1, 1, 1, 2, 1, 1]",0,4770.563336752
