,customer,weight,round,length
0,"[26, 77, 87, 32, 41]","[2, 2, 5, 4, 2]",0,2425.251384215
1,[],[],0,0.0
2,"[13, 34, 11, 35, 5, 4, 30, 29]","[1, 6, 1, 1, 1, 3, 1, 1]",0,4316.445203942
3,"[47, 85, 53, 55, 100, 66, 102, 94, 62, 78]","[1, 1, 1, 1, 4, 1, 1, 1, 1, 1]",0,2837.2906309012997
