,customer,weight,round,length
0,[],[],0,0.0
1,"[147, 52, 127, 56, 53, 20, 11, 13, 104, 101, 108]","[1, 1, 3, 1, 1, 1, 1, 1, 1, 1, 2]",0,6759.713343989001
2,"[48, 49]","[3, 1]",0,2146.2817056559998
3,[],[],0,0.0
