,task,distance
0,[0],7476.237642904701
1,[1],1888.343502005
2,[2],0.0
3,[3],0.0
