,customer,weight,round,length
0,"[2, 24, 25, 26, 13]","[1, 1, 1, 1, 5]",0,703.7152240861001
1,[],[],0,0.0
2,"[1, 22]","[4, 5]",0,694.448483411
