,customer,weight,round,length
0,"[127, 128, 120, 119, 152, 149, 153, 154, 156, 157, 158, 131, 52]","[1, 1, 1, 1, 3, 1, 1, 1, 1, 1, 1, 1, 1]",0,2000004226.8008976
1,"[131, 140, 148, 143, 163, 136]","[1, 1, 3, 1, 8, 1]",1,2000008057.3492815
2,"[202, 219, 204, 205, 217, 216, 223, 163, 206]","[1, 1, 1, 1, 1, 1, 1, 7, 1]",2,2000008999.2229068
3,"[197, 179, 180, 182, 181, 178, 186, 168, 167, 115]","[1, 1, 1, 1, 1, 1, 2, 3, 3, 1]",3,2000007543.1771693
4,"[106, 38, 5, 4, 101, 102, 22, 115, 90, 53, 28]","[2, 1, 1, 1, 1, 1, 1, 1, 3, 2, 1]",4,2000011380.51498
5,"[90, 83]","[1, 1]",5,2000002807.3924997
