,task,distance
0,"[0, 5]",10412.375108624
1,"[1, 7]",2994.471700934
2,"[2, 9]",9914.959138885999
3,"[3, 6]",4258.9786823737
4,"[4, 8]",2823.8902712103
