,customer,weight,round,length
0,"[99, 98, 181, 132, 106, 107]","[4, 2, 1, 1, 4, 2]",0,1443.3154293670002
1,"[108, 109, 75, 135, 184]","[3, 3, 2, 1, 3]",0,1103.684368793
2,"[182, 97, 140, 141, 142]","[1, 2, 5, 2, 4]",0,1099.4901890862
