,task,distance
0,[0],0.0
1,[1],3255.27559818
2,[2],899.4765281020999
