,task,distance
0,[0],1928.170788988
1,[1],439.5883524647
2,[2],1378.460387146
