,task,distance
0,[0],0.0
1,[1],847.0432811081
2,[2],3281.4957065485
