,customer,weight,round,length
0,"[139, 102, 101]","[2, 4, 4]",0,963.6741581949999
1,"[0, 2, 3, 111, 110]","[4, 7, 1, 2, 1]",0,1750.6541344047998
2,"[137, 11, 12, 118, 96, 136, 45, 7, 5, 111, 110]","[2, 1, 1, 2, 1, 1, 2, 1, 1, 2, 1]",0,4948.9242473228
