,customer,weight,round,length
0,"[47, 71, 64, 24, 74, 58, 14, 76]","[1, 1, 2, 2, 1, 1, 6, 1]",0,6111.837722374001
1,"[3, 111, 110, 12, 11, 98]","[1, 4, 2, 1, 1, 1]",0,3362.7497986227995
2,"[36, 142, 60]","[8, 6, 1]",0,2088.11046639
