,task,distance
0,[0],862.1979257718
1,[1],7819.7591662398
2,[2],977.467977575
