,customer,weight,round,length
0,"[3, 25, 14]","[3, 4, 8]",0,884.5731983762
1,[26],[15],0,716.988631098
2,"[26, 17]","[4, 7]",1,1468.22769019
3,"[22, 24, 9, 38, 2, 37, 18]","[1, 1, 1, 1, 3, 4, 4]",1,5604.475657221999
