,customer,weight,round,length
0,"[73, 33, 13, 12, 107, 109, 57, 0, 30, 84, 71, 3]","[2, 1, 1, 1, 1, 1, 2, 1, 1, 2, 1, 1]",0,4430.4102192969995
1,"[39, 69, 89, 17, 9, 25, 26, 86, 111, 61, 88]","[1, 1, 1, 1, 1, 1, 1, 1, 1, 1, 1]",0,4199.805658538
2,"[87, 52, 29, 125, 117]","[2, 1, 7, 3, 2]",0,3216.901119669
3,"[29, 20, 28, 81]","[11, 1, 2, 1]",0,3260.915475802
