,task,distance
0,[0],0.0
1,[1],2645.645507411
2,[2],3177.1143199285
3,[3],3023.3265005715
