,task,distance
0,[0],90.2681432194
1,[1],4628.339215135
2,[2],5088.422689827999
3,[3],3763.5800415327
