,customer,weight,round,length
0,"[140, 148, 0, 149, 123, 121, 125, 151, 114, 115, 113]","[2, 1, 1, 1, 2, 2, 1, 1, 1, 2, 1]",0,2000005679.7224772
1,"[27, 31, 32, 211, 42, 125, 45, 174, 182]","[1, 2, 2, 3, 1, 1, 1, 1, 1]",1,2000015466.9780056
