,customer,weight,round,length
0,"[27, 193, 81, 125, 100, 25, 10, 56, 53, 211]","[1, 1, 1, 2, 2, 1, 1, 1, 2, 3]",0,2000008822.4599369
1,"[186, 16, 26, 1, 149]","[6, 5, 1, 2, 1]",1,2000002193.2903018
2,"[113, 0, 148, 174]","[1, 1, 1, 1]",2,2000002485.5496995
