,customer,weight,round,length
0,"[135, 120, 193, 150, 151, 175, 128, 85, 17, 16, 26]","[1, 1, 1, 1, 1, 1, 1, 1, 1, 5, 1]",0,3471.3024661949994
1,"[81, 101, 113, 126, 114, 186]","[1, 1, 1, 1, 1, 10]",1,3920.7770067629995
2,"[83, 1, 58, 115, 186]","[1, 1, 1, 2, 10]",2,4892.211717216001
3,"[1, 0, 182, 174, 60, 79, 64, 27]","[1, 1, 1, 1, 1, 1, 1, 1]",3,12316.815313991001
