,customer,weight,round,length
0,"[3, 16, 55, 18, 27, 11, 41, 5, 13, 46]","[2, 1, 1, 1, 4, 1, 1, 1, 2, 1]",0,4749.553398055999
1,[6],[15],1,2993.1022359
2,"[6, 24]","[7, 8]",2,3963.7938815929997
3,"[42, 23]","[3, 12]",3,6403.50441916
