,task,distance
0,[0],4113.993632938
1,[1],14347.322412118
