,customer,weight,round,length
0,"[97, 0, 57, 93, 109, 9, 47, 71, 83, 84, 30, 114]","[1, 1, 2, 1, 1, 1, 1, 1, 1, 2, 1, 2]",0,6534.382221403499
1,[92],[1],0,54.2962800486
