,task,distance
0,[0],1750.374774341
1,[1],4746.75656571
