,task,distance
0,[0],3367.399691219
1,[1],1794.1045638207004
