,task,distance
0,[0],1933.646225622
1,[1],0.0
2,[2],0.0
3,[3],369.269249284
4,[4],0.0
