,customer,weight,round,length
0,"[21, 23, 25, 33, 54, 36, 42, 1, 51, 39]","[1, 1, 3, 1, 3, 1, 1, 2, 1, 1]",0,10240.084057040001
1,"[25, 59, 17, 24, 37, 45, 9]","[1, 2, 1, 1, 3, 4, 1]",1,7022.1874540690005
