,customer,weight,round,length
0,"[117, 107, 70, 33, 3, 74, 39, 0, 113, 24, 23]","[3, 1, 1, 1, 2, 1, 2, 1, 1, 1, 1]",0,2870.5047506662995
1,"[77, 51, 52, 82, 84, 38, 45, 30, 120]","[3, 1, 1, 1, 1, 2, 1, 2, 3]",0,3550.3978119068997
2,[],[],1,0.0
3,[116],[1],1,3438.62921804
