,customer,weight,round,length
0,"[103, 56, 51, 104, 121, 80, 90, 35, 129, 89, 78, 79]","[1, 2, 1, 1, 1, 2, 2, 1, 1, 1, 1, 1]",0,2362.4019717559
1,"[105, 64]","[1, 1]",1,1337.049061431
