,customer,weight,round,length
0,"[59, 97, 61, 19]","[1, 4, 2, 8]",0,1691.9986718260002
1,"[108, 61, 53, 124, 127]","[1, 1, 9, 2, 2]",1,3213.709770339
2,"[99, 13, 50, 1, 128, 118]","[1, 1, 1, 3, 3, 2]",2,4906.691963755
