,task,distance
0,[0],1148.428912032
1,[1],6234.349352134001
2,[2],0.0
