,task,distance
0,[0],0.0
1,[1],3360.7272571270005
2,[2],1246.973730743
