,task,distance
0,"[0, 3, 5, 7, 9]",53811.4855106372
1,"[1, 2, 4, 6, 8]",46899.986322172
