,customer,weight,round,length
0,"[93, 141, 61, 95, 102, 101, 108, 112, 4, 3, 123]","[1, 1, 1, 3, 2, 1, 2, 1, 1, 1, 1]",0,3831.6155576749998
1,"[33, 35, 143, 129, 146, 36, 147, 135, 136, 52, 48, 49]","[1, 1, 1, 1, 2, 1, 1, 1, 1, 1, 3, 1]",0,2235.8072276552
2,"[131, 99, 98, 112]","[4, 1, 1, 9]",1,4911.1798424157
3,"[103, 137, 104, 85, 39, 5]","[1, 1, 1, 1, 1, 10]",1,3666.0366805207
4,[],[],2,0.0
5,[46],[3],2,4019.89510764
