,task,distance
0,"[0, 3, 4]",7497.6522381957
1,"[1, 2, 5]",11166.8821777109
