,customer,weight,round,length
0,[],[],0,0.0
1,"[71, 39]","[1, 1]",0,796.549963679
2,[],[],0,0.0
3,"[53, 72, 13, 21, 20, 34, 41, 10, 61]","[1, 1, 4, 1, 4, 1, 1, 1, 1]",0,10475.039058958
