,task,distance
0,[0],0.0
1,[1],925.915403752
2,[2],9357.110343288
3,[3],0.0
