,task,distance
0,"[0, 3]",2441.935027091
1,"[1, 4]",2322.175991283
2,"[2, 5]",1963.996425086
