,task,distance
0,[0],1073.7394776871
1,[1],3736.079495542
2,[2],4678.458730556
