,customer,weight,round,length
0,[],[],0,0.0
1,"[108, 107, 152, 102, 153, 12, 55, 56, 13, 124, 123, 103, 122]","[1, 1, 1, 1, 1, 1, 1, 2, 1, 2, 1, 1, 1]",0,1842.4992132830002
2,"[109, 141, 52, 142, 120, 121]","[1, 1, 3, 3, 6, 1]",0,893.9500489571
3,[],[],0,0.0
4,"[143, 144, 75, 76, 77, 98, 78, 129, 14, 15, 130, 104, 110]","[2, 1, 2, 1, 1, 1, 1, 1, 1, 1, 1, 1, 1]",0,2103.1084804515003
