,task,distance
0,[0],0.0
1,[1],1842.499213283
2,[2],893.9500489571
3,[3],0.0
4,[4],2103.1084804515003
