,task,distance
0,[0],0.0
1,[1],0.0
2,[2],5445.8757132864
3,[3],0.0
4,[4],1012.09453528
