,task,distance
0,[0],936.0405348925
1,[1],0.0
2,[2],2130.35383266
3,[3],0.0
4,[4],0.0
