,customer,weight,round,length
0,"[27, 15, 26, 34, 51]","[1, 2, 1, 1, 5]",0,9648.83277338
1,[59],[14],0,178.8408465032
2,[59],[12],0,178.8408465032
3,[],[],0,0.0
