,customer,weight,round,length
0,"[60, 69, 5, 94, 211, 9, 7, 65, 66, 67, 25, 56]","[1, 1, 1, 1, 1, 1, 3, 1, 2, 1, 1, 1]",0,6379.382738131
1,"[116, 110, 27, 214, 215, 54, 93, 222, 68, 72, 71, 158, 174]","[1, 1, 1, 1, 1, 1, 1, 1, 1, 2, 1, 2, 1]",0,6020.628795556
2,"[45, 46, 201, 31, 120, 22, 213, 186, 184, 157, 132, 133]","[1, 1, 2, 1, 1, 2, 1, 1, 2, 1, 1, 1]",0,6148.170527368
3,"[144, 88, 35, 104, 148, 19]","[4, 1, 1, 4, 4, 1]",0,8080.199296344999
4,[],[],1,0.0
5,"[97, 147, 163, 145, 226, 168]","[1, 1, 1, 1, 2, 1]",1,7968.739866893999
6,"[172, 82, 107, 149, 106, 105]","[1, 3, 1, 1, 2, 3]",1,8915.799236816001
7,[],[],1,0.0
