,customer,weight,round,length
0,[],[],0,0.0
1,"[7, 113, 8, 67, 209, 175, 147, 166, 165, 204, 35, 5, 6]","[2, 1, 1, 1, 1, 1, 1, 1, 1, 1, 1, 2, 1]",0,2142.7026963731
2,"[40, 139, 26, 164, 179, 80, 180, 141, 3, 42]","[1, 1, 1, 1, 2, 1, 1, 1, 2, 1]",0,5693.4432312413
