,task,distance
0,[0],0.0
1,[1],2142.7026963731
2,[2],5693.4432312413
