,customer,weight,round,length
0,"[81, 62, 80, 63, 58, 123, 60, 59, 103, 41, 42, 19, 161]","[1, 2, 2, 1, 1, 1, 1, 1, 1, 1, 1, 1, 1]",0,3387.2167079750006
1,"[122, 68, 75, 141, 55, 54, 166, 52, 168]","[1, 1, 1, 1, 1, 1, 1, 3, 2]",0,12055.605197717
2,[],[],0,0.0
