,task,distance
0,[0],4375.1697826562
1,[1],8500.520457113598
2,[2],627.133074118
