,customer,weight,round,length
0,"[56, 96, 2, 10, 100, 86]","[1, 6, 1, 2, 3, 2]",0,7710.0137914854995
1,[96],[15],0,4390.02449024
2,"[55, 54, 13, 30, 53, 29, 28, 65]","[1, 1, 2, 1, 3, 3, 1, 3]",0,2104.159773732
3,"[88, 46, 75, 102, 45, 26, 47, 37, 61]","[3, 1, 2, 2, 1, 2, 1, 2, 1]",0,3085.1914579
4,"[66, 67, 104, 40, 106, 105, 89, 49, 50, 51, 108, 52]","[2, 2, 1, 1, 1, 1, 1, 1, 1, 1, 2, 1]",1,2695.7904009967006
5,"[44, 57, 8, 7, 4, 3, 15, 14]","[1, 3, 1, 1, 1, 5, 1, 2]",1,3627.4362517550007
6,"[58, 19, 82, 68, 69, 97, 51]","[4, 1, 4, 1, 1, 3, 1]",1,4427.4712926831
7,"[81, 34, 109, 35, 42, 41, 18, 17, 24, 23, 98, 38, 39]","[1, 1, 1, 1, 1, 1, 2, 1, 1, 1, 1, 2, 1]",1,4012.620140363599
