,task,distance
0,[0],0.0
1,[1],0.0
2,[2],6538.6549234606
3,[3],472.771837051
