,customer,weight,round,length
0,"[17, 25, 41, 16, 49, 40, 22, 29, 26]","[1, 1, 2, 1, 2, 1, 2, 3, 2]",0,1538.1291980229998
1,"[13, 18, 48, 41, 39, 50, 54, 21, 8]","[2, 1, 1, 2, 1, 1, 3, 2, 2]",1,1459.303134846
2,"[47, 19, 0, 30, 36, 10, 12, 20, 24, 11, 35]","[2, 1, 2, 1, 1, 1, 1, 1, 2, 2, 1]",2,1124.187690747
3,"[37, 6, 5, 27, 33, 44, 51, 34]","[1, 3, 3, 3, 1, 1, 2, 1]",3,346.7574653358
4,"[53, 45, 32, 2, 1, 42]","[2, 4, 4, 1, 1, 3]",4,322.34858902
5,"[7, 52, 28, 23, 31, 38, 3, 32, 15, 4, 43, 46, 14]","[1, 1, 1, 1, 1, 1, 1, 1, 1, 3, 1, 1, 1]",5,1876.054428045
6,"[38, 9]","[1, 2]",6,1238.784796902
