,customer,weight,round,length
0,"[74, 86, 20, 21, 84, 62, 16]","[3, 5, 1, 1, 2, 1, 1]",0,1939.517691162
1,[36],[3],0,165.6947843126
2,[],[],0,0.0
