,task,distance
0,[0],699.89654105
1,[1],3917.730606762
2,[2],0.0
