,task,distance
0,[0],6798.670615509
1,[1],0.0
2,[2],2200.3979125
