,task,distance
0,[0],1939.517691162
1,[1],165.6947843126
2,[2],0.0
