,customer,weight,round,length
0,[],[],0,0.0
1,"[8, 47]","[3, 1]",0,1874.263561054
2,"[50, 64, 25, 73, 80, 91, 0, 106]","[2, 1, 1, 1, 2, 2, 1, 3]",0,9820.218181797
