,task,distance
0,[0],1231.015387718
1,[1],0.0
2,[2],2593.576685693
