,customer,weight,round,length
0,"[69, 3, 78, 93, 94, 119, 124, 34, 106, 67, 60]","[1, 1, 1, 1, 1, 1, 1, 1, 1, 1, 1]",0,6650.99450827
1,"[62, 59, 113, 112, 100, 99, 82, 36, 37, 102, 20, 70, 50, 81]","[1, 1, 1, 1, 1, 1, 1, 1, 2, 1, 1, 1, 1, 1]",0,8332.468047028302
2,[],[],0,0.0
