,task,distance
0,[0],4429.005250325
1,[1],3035.804886477
2,[2],3234.5639507441
