,task,distance
0,[0],6650.99450827
1,[1],8332.468047028302
2,[2],0.0
