,customer,weight,round,length
0,"[27, 74, 73, 103]","[1, 1, 2, 2]",0,881.7856362587
1,"[9, 8, 35, 51, 75, 105, 108, 110, 4, 12, 102]","[1, 1, 2, 1, 2, 1, 1, 1, 1, 1, 1]",0,3278.6177430440002
