,customer,weight,round,length
0,"[73, 43]","[2, 4]",0,1645.61927054
1,"[0, 2, 70, 108, 40, 93, 90, 29, 85, 111, 45, 51, 82]","[1, 1, 1, 1, 2, 1, 1, 2, 1, 1, 1, 1, 1]",0,5078.904135345099
