,customer,weight,round,length
0,"[74, 102, 11, 18, 6, 109, 75, 115, 112, 106, 86, 32]","[1, 1, 1, 1, 2, 1, 2, 1, 1, 1, 1, 2]",0,5817.949724582
1,"[84, 87]","[1, 2]",0,399.10510523790003
