,task,distance
0,[0],1657.751741894
1,[1],1950.8675501208
