,task,distance
0,[0],5817.949724582
1,[1],399.1051052379
