,customer,weight,round,length
0,"[18, 19, 1, 11, 25]","[3, 1, 3, 4, 3]",0,10134.368814521302
1,[25],[15],0,54.9924736466
