,task,distance
0,[0],8292.606239576
1,[1],8899.66988524
