,task,distance
0,[0],0.0
1,[1],0.0
2,[2],1618.9817654891
3,[3],3677.309554089
4,[4],0.0
