,customer,weight,round,length
0,"[66, 27, 67, 85, 72, 73, 84, 48, 49]","[1, 3, 1, 3, 1, 1, 2, 2, 1]",0,1729.0191319350001
1,"[85, 21]","[2, 1]",1,1217.7990359710002
