,task,distance
0,[0],13077.998809236
1,[1],3701.682642807
2,[2],0.0
3,[3],0.0
4,[4],0.0
