,customer,weight,round,length
0,"[6, 68, 67, 100, 98, 30, 23]","[1, 3, 3, 5, 1, 1, 1]",0,2727.4147372057
1,"[55, 85, 60]","[2, 9, 4]",0,2112.056752041
2,"[7, 70, 99, 89, 90, 18, 17]","[1, 1, 5, 5, 1, 1, 1]",0,4179.2298357889995
3,"[22, 35, 42, 25, 94, 87, 44, 33, 15, 32, 80]","[1, 1, 1, 3, 2, 1, 1, 1, 2, 1, 1]",0,2800.962567153
4,[],[],1,0.0
5,[],[],1,0.0
6,[],[],1,0.0
7,"[16, 63, 92, 53, 52, 75, 11, 78, 4]","[1, 1, 1, 1, 1, 1, 1, 1, 1]",1,3355.2462577799997
