,customer,weight,round,length
0,[],[],0,0.0
1,"[37, 179, 60, 164, 113, 114, 67, 122, 47, 90, 117]","[1, 2, 1, 1, 1, 1, 1, 1, 1, 1, 2]",0,5281.1660748867
2,[],[],0,0.0
3,"[37, 29, 80, 116, 99, 16, 98, 126, 49]","[1, 1, 4, 2, 1, 2, 1, 2, 1]",0,5816.696396258701
