,task,distance
0,[0],0.0
1,[1],5281.1660748867
2,[2],0.0
3,[3],5816.696396258701
