,customer,weight,round,length
0,"[111, 43, 6, 55, 149, 103, 67, 145]","[1, 1, 1, 2, 1, 2, 2, 3]",0,4838.217474057
1,"[126, 161, 23, 117, 158, 61, 70, 52, 58, 177, 175]","[1, 2, 1, 1, 1, 1, 2, 1, 1, 1, 2]",0,12117.754215152001
