,customer,weight,round,length
0,"[71, 87, 114, 51, 65, 53, 68, 147]","[2, 1, 1, 1, 1, 1, 3, 1]",0,5434.0553763220005
1,"[83, 38, 125, 94, 107, 5, 137, 2, 97, 104, 101]","[1, 1, 1, 1, 4, 1, 1, 1, 1, 1, 1]",0,24549.431479343995
