,task,distance
0,"[0, 7, 10]",3203.702142304
1,"[1, 6, 10]",3296.025511363
2,"[2, 5, 9]",4998.045782772
3,"[3, 4, 8]",5050.046753621
