,customer,weight,round,length
0,"[85, 62, 34, 58, 77, 79, 83, 84]","[1, 1, 1, 1, 3, 6, 1, 1]",0,3049.1827782974997
1,"[50, 49, 66, 29, 23, 41, 22, 96, 97, 75, 81, 82]","[1, 1, 2, 1, 1, 1, 2, 1, 1, 1, 2, 1]",1,3261.7598703746994
2,"[95, 94, 93, 89, 67, 54]","[1, 1, 1, 1, 1, 3]",2,3835.6531744432004
