,customer,weight,round,length
0,"[45, 44, 48, 47]","[2, 1, 9, 3]",0,3123.049710116
1,[],[],0,0.0
2,[],[],0,0.0
3,"[66, 32, 17, 40]","[2, 1, 11, 1]",0,3016.7258668580002
4,"[34, 64, 63, 42, 50, 74, 2, 1, 71, 73]","[2, 1, 3, 1, 2, 1, 1, 1, 1, 1]",0,6052.752985745899
