,task,distance
0,[0],3123.049710116
1,[1],0.0
2,[2],0.0
3,[3],3016.725866858
4,[4],6052.752985745899
