,customer,weight,round,length
0,"[132, 58, 56, 88, 6]","[1, 1, 2, 1, 1]",0,1511.0275076799999
1,"[180, 28, 31, 32, 124, 123, 147, 13, 109, 22, 21]","[1, 1, 1, 1, 2, 1, 2, 3, 1, 1, 1]",0,4708.9539593031
