,task,distance
0,[0],1511.02750768
1,[1],4708.9539593031
