,customer,weight,round,length
0,[65],[3],0,347.540198404
1,"[45, 46, 15, 3, 43, 4, 13]","[1, 1, 2, 1, 1, 1, 1]",0,1302.2030006173
