,task,distance
0,"[0, 5]",4805.0767058910005
1,"[1, 9]",8636.9780432208
2,"[2, 7]",3721.9189656551
3,"[3, 8]",3530.274421557
4,"[4, 6]",8711.073857227
