,task,distance
0,"[0, 6]",1649.462917729
1,"[1, 5]",2635.355266531
2,"[2, 6]",1645.000560219
3,"[3, 9]",2773.907933387
4,"[4, 6]",1856.197525563
