,customer,weight,round,length
0,"[20, 4, 1, 7, 12, 24, 27, 15, 23, 0, 21]","[1, 4, 1, 1, 1, 1, 1, 1, 1, 1, 1]",0,4008.9417048000005
1,"[30, 17, 22, 8, 11, 2, 10]","[1, 4, 1, 1, 1, 4, 2]",0,1829.5266677729999
2,[17],[14],0,5030.4896
3,"[9, 13, 19, 26, 14, 31]","[2, 3, 2, 1, 6, 1]",0,1947.986428926
4,"[25, 6, 3, 29, 18, 28, 5, 16]","[1, 3, 1, 2, 1, 1, 1, 1]",0,3153.207509364
