,task,distance
0,[0],4008.941704800001
1,[1],1829.526667773
2,[2],5030.4896
3,[3],1947.986428926
4,[4],3153.207509364
