,task,distance
0,[0],5353.882408236001
1,[1],6549.813392886001
2,[2],6197.448158700001
3,[3],670.743418698
4,[4],2129.4858944380003
