,task,distance
0,"[0, 9]",6559.862729322201
1,"[1, 7]",2937.524175685
2,"[2, 5]",2991.6246486364003
3,"[3, 6]",6891.419723507401
4,"[4, 8]",4902.451823222
