,customer,weight,round,length
0,"[14, 3, 44, 76, 75, 41, 16, 67, 27, 73, 100, 102]","[1, 4, 1, 1, 1, 1, 1, 1, 1, 1, 1, 1]",0,5198.191651513001
1,"[10, 79, 9, 36, 40]","[1, 2, 1, 1, 3]",0,1492.607913663
2,"[33, 65, 104, 13]","[6, 1, 1, 1]",0,1387.966763594
3,[],[],0,0.0
4,[],[],0,0.0
