,customer,weight,round,length
0,"[6, 24, 23, 20, 17]","[1, 1, 1, 10, 1]",0,2398.132548134
1,[28],[2],0,1022.321125872
