,customer,weight,round,length
0,"[2, 15, 6, 17]","[1, 1, 1, 1]",0,1206.247692073
1,[20],[10],0,114.3314621268
