,customer,weight,round,length
0,"[24, 80, 118, 62, 117, 27, 64, 95, 22, 23]","[2, 2, 2, 2, 1, 1, 1, 2, 1, 1]",0,2133.6486740648
1,"[20, 93, 5, 37, 51, 72, 118, 63]","[1, 1, 1, 1, 1, 1, 2, 7]",1,6396.594853674
2,"[25, 77]","[3, 1]",2,5232.214002008
