,customer,weight,round,length
0,"[53, 32, 55, 45, 40]","[1, 3, 1, 1, 9]",0,2377.879380371
1,"[70, 69, 41, 68, 40]","[2, 1, 1, 1, 9]",0,5220.128418437001
2,"[13, 33, 21, 12, 59, 29, 39]","[4, 6, 1, 1, 1, 1, 1]",0,6185.913668119001
