,task,distance
0,[0],2377.879380371
1,[1],5220.128418437001
2,[2],6185.913668119001
