,customer,weight,round,length
0,"[168, 169, 5, 8, 235, 78, 33]","[4, 3, 2, 1, 3, 1, 1]",0,11233.734305115002
1,"[202, 171, 250, 253, 159, 121, 154, 1, 223, 61, 62, 63]","[1, 1, 2, 2, 1, 1, 1, 1, 1, 1, 1, 1]",0,9094.38369692
2,"[101, 98, 100, 45, 60, 156, 53]","[1, 1, 1, 2, 1, 1, 1]",0,2728.7807023989003
