,task,distance
0,[0],297.084875992
1,[1],0.0
2,[2],130.4897809066
