,customer,weight,round,length
0,"[47, 4, 15, 27, 22, 26]","[1, 1, 10, 1, 1, 1]",0,1330.1160626746
1,"[51, 18, 32, 40, 44, 46, 5, 42, 11, 9, 25]","[1, 1, 1, 1, 4, 1, 1, 2, 1, 1, 1]",0,3598.8650910686997
2,[],[],1,0.0
3,"[4, 3, 19, 16, 43, 41, 50]","[2, 1, 1, 1, 1, 1, 1]",1,2780.852761696
