,task,distance
0,[0],437.40928526
1,[1],0.0
2,[2],4163.655628694
