,customer,weight,round,length
0,"[109, 12, 53, 101, 27, 10, 9, 1]","[1, 1, 2, 2, 3, 2, 1, 2]",0,3753.458370024
1,"[7, 8, 121, 119, 118]","[2, 1, 4, 2, 1]",0,1899.6304112949997
2,[],[],0,0.0
3,"[134, 47, 136, 24, 67, 96, 155, 154, 17, 157]","[2, 1, 1, 1, 1, 1, 3, 1, 1, 1]",0,5891.047816825999
