,customer,weight,round,length
0,"[2, 1, 75, 71, 73, 11, 74, 50]","[1, 1, 7, 1, 1, 1, 1, 2]",0,5436.519834686899
1,"[44, 45, 32, 66, 34, 64, 63, 47]","[1, 2, 1, 2, 2, 1, 3, 3]",0,4369.8145253580005
2,"[48, 42, 28, 25, 29, 53, 8]","[9, 1, 1, 1, 1, 1, 1]",0,4194.199334201
3,"[23, 60, 68, 5, 15, 21, 37, 19, 20, 57, 9, 59]","[1, 2, 1, 1, 2, 1, 1, 1, 1, 1, 1, 2]",0,4669.2900614949995
4,[],[],1,0.0
5,[75],[5],1,4362.4519167
6,[],[],1,0.0
7,"[40, 17]","[1, 11]",1,5176.24408212
