,task,distance
0,"[0, 5]",6030.761755238999
1,"[1, 7]",8904.810665383
2,"[2, 6]",5155.673870455899
3,"[3, 4]",8896.093843832
