,task,distance
0,"[0, 4]",5436.519834686899
1,"[1, 5]",8732.266442058
2,"[2, 7]",9370.443416320999
3,"[3, 6]",4669.290061495
