,customer,weight,round,length
0,"[78, 38, 101, 39, 31, 3, 1, 103, 0, 76]","[1, 1, 1, 1, 1, 2, 1, 3, 2, 2]",0,2527.4349267965
1,"[53, 49, 64, 65, 36, 79, 68, 104, 34, 33, 50]","[1, 2, 2, 2, 1, 1, 1, 2, 1, 1, 1]",0,2370.4786800508
2,"[126, 125, 124, 83, 47, 48, 44, 23, 91, 62, 105, 128]","[1, 1, 1, 2, 2, 1, 1, 1, 1, 1, 1, 1]",1,3802.0334741576003
3,"[81, 82, 29, 102, 92, 55]","[3, 4, 3, 1, 1, 3]",1,3083.998814896
