,customer,weight,round,length
0,"[180, 109, 117, 120, 24, 135, 136, 137, 140, 151, 122, 124]","[1, 1, 1, 2, 1, 1, 1, 1, 1, 1, 2, 2]",0,4644.68270382
1,"[21, 22, 13, 126, 125, 182, 174, 94, 29, 123, 32, 31, 28]","[1, 1, 3, 1, 1, 1, 1, 1, 1, 1, 1, 1, 1]",0,2449.0345608417006
2,"[88, 33, 64, 56, 58, 132, 62, 162, 161, 14, 68, 188, 6]","[1, 1, 1, 2, 1, 1, 1, 1, 1, 2, 1, 1, 1]",0,4767.351446982
3,[],[],1,0.0
4,[71],[1],1,3517.09106162
5,[],[],1,0.0
