,task,distance
0,"[0, 5]",9282.1030300206
1,"[1, 4]",4558.096737403999
2,"[2, 3]",7805.060395320999
