,customer,weight,round,length
0,[],[],0,0.0
1,"[8, 16]","[8, 7]",0,2000000402.704971
2,"[16, 15, 1, 17]","[1, 2, 10, 2]",0,2000002667.058492
3,[],[],0,0.0
