,customer,weight,round,length
0,"[195, 200, 85, 87, 194, 110, 10, 192, 55, 122, 123, 120, 108, 185, 184]","[1, 1, 1, 1, 1, 1, 1, 1, 1, 1, 1, 1, 1, 1, 1]",0,11340.466078591999
1,"[33, 97, 98, 31, 7, 9, 6, 196, 43, 41, 94, 145, 147, 42]","[1, 1, 2, 1, 1, 1, 1, 1, 1, 1, 1, 1, 1, 1]",1,4741.1210336468
2,"[116, 113, 49, 40, 146, 34, 37, 75, 74, 44, 189, 190, 111]","[1, 1, 1, 1, 1, 1, 1, 1, 1, 3, 1, 1, 1]",2,4135.8504785778005
3,"[117, 187, 148, 44, 162, 167, 21, 80, 102, 81, 204, 130, 128, 166, 165]","[1, 1, 1, 1, 1, 1, 1, 1, 1, 1, 1, 1, 1, 1, 1]",3,3876.5400363824006
4,"[45, 77, 164, 48, 129, 163, 177, 153, 139, 138, 160, 51, 52, 50]","[1, 1, 1, 1, 1, 1, 1, 1, 1, 1, 1, 1, 2, 1]",4,3771.912212488
5,"[23, 173, 84, 131, 82, 66, 149, 157, 175, 174, 154, 141, 1]","[1, 1, 1, 1, 1, 1, 1, 1, 1, 1, 1, 2, 2]",5,7160.038387569001
6,"[63, 79, 132, 183, 182, 59, 58, 57, 99, 61, 179]","[1, 1, 1, 1, 1, 1, 3, 1, 1, 2, 2]",6,8826.0044128209
7,"[62, 60, 182, 180]","[5, 2, 1, 1]",7,4793.566396770999
