,customer,weight,round,length
0,[53],[3],0,404.343315484
1,"[30, 96]","[1, 14]",0,5938.559545451
2,[],[],0,0.0
3,"[61, 7, 57, 96, 29]","[1, 1, 3, 7, 3]",0,7993.188357499999
4,"[67, 106, 49, 69, 109, 18]","[2, 1, 1, 1, 1, 2]",0,3084.5706406090003
