,task,distance
0,[0],5557.646469697801
1,[1],0.0
2,[2],2752.2294206918
3,[3],0.0
4,[4],0.0
