,customer,weight,round,length
0,[18],[15],0,129.3777604514
1,[18],[15],0,129.3777604514
2,"[25, 85, 79, 47, 59]","[1, 1, 1, 2, 10]",1,2251.023060653
3,"[4, 58, 18]","[4, 1, 10]",1,1643.7828844557
4,"[27, 69, 72, 77, 39, 52, 38, 84]","[1, 1, 1, 4, 1, 2, 1, 2]",2,4888.331899381401
5,"[31, 56, 60]","[3, 2, 2]",2,2515.8542289140005
