,customer,weight,round,length
0,[],[],0,0.0
1,"[35, 64, 38, 33, 82, 34, 51]","[1, 2, 2, 2, 2, 1, 3]",0,2516.1726160302
2,"[73, 14]","[8, 1]",0,797.119982071
3,[],[],0,0.0
4,[],[],0,0.0
