,customer,weight,round,length
0,"[59, 60, 86, 26]","[1, 1, 1, 1]",0,1023.5481085012
1,[],[],0,0.0
2,[],[],0,0.0
3,[],[],0,0.0
4,"[49, 13, 83, 23, 22]","[1, 1, 1, 1, 1]",0,922.0188039147
