,task,distance
0,[0],0.0
1,[1],2516.1726160302
2,[2],797.119982071
3,[3],0.0
4,[4],0.0
