,task,distance
0,"[0, 5]",6966.111141112
1,"[1, 4]",12341.127211215702
2,"[2, 7]",13424.254332095003
3,"[3, 6]",5891.174559185
