,customer,weight,round,length
0,"[166, 168, 161, 54, 122, 118, 149, 120, 22, 119]","[1, 2, 1, 1, 1, 1, 2, 4, 1, 1]",0,3306.631621523
1,"[145, 146, 147, 143, 124, 84, 126, 125, 86, 129, 172, 116, 140]","[1, 1, 1, 2, 1, 2, 1, 1, 1, 1, 1, 1, 1]",0,2262.6094863415997
2,"[52, 81, 75, 141, 55, 8]","[3, 1, 1, 1, 1, 8]",1,6449.386498911999
3,"[19, 42, 41, 101, 103, 59, 60, 123, 58, 169, 80, 63, 62]","[1, 1, 1, 1, 1, 1, 1, 1, 1, 1, 2, 1, 2]",1,4355.451432263
4,"[83, 9, 29, 90, 65, 112, 150, 152, 151, 92, 115, 17, 176, 110]","[1, 1, 1, 1, 1, 1, 1, 1, 1, 1, 1, 2, 1, 1]",2,14577.727491189004
5,"[44, 177, 70, 68, 18, 51, 165, 53, 8]","[1, 1, 1, 1, 1, 1, 1, 1, 7]",2,14681.476705558998
6,[],[],3,0.0
7,[115],[1],3,10170.93398474
