,customer,weight,round,length
0,[35],[5],0,88.9793889798
1,[8],[12],0,1277.537938546
2,[35],[15],0,88.9793889798
3,"[9, 38, 33, 25]","[1, 1, 4, 2]",0,5123.285709993
