,task,distance
0,[0],2295.22188228
1,[1],3115.172172501
2,[2],0.0
3,[3],0.0
