,customer,weight,round,length
0,"[111, 190, 189, 117, 164, 165, 166, 130, 128, 81, 102, 80, 21, 167, 162]","[1, 1, 1, 1, 1, 1, 1, 1, 1, 1, 1, 1, 1, 1, 1]",0,2810.7491746779
1,[],[],0,0.0
2,"[44, 74, 113, 49, 146, 33, 34, 37, 75, 116]","[4, 1, 1, 1, 1, 1, 1, 1, 1, 1]",0,2947.2255152384
3,[],[],0,0.0
4,[],[],0,0.0
