,task,distance
0,[0],0.0
1,[1],3960.663636859
2,[2],7457.966879979699
3,[3],0.0
4,[4],0.0
