,customer,weight,round,length
0,"[107, 45, 146, 41, 123, 83, 165]","[1, 2, 1, 1, 1, 4, 4]",0,5249.976822008
1,"[71, 53, 48, 158, 11, 166, 66]","[2, 2, 2, 1, 1, 1, 2]",0,2901.9026741523
