,task,distance
0,[0],4918.112280891
1,[1],3023.798175715
