,task,distance
0,"[0, 9]",3176.9331625080004
1,"[1, 5]",3485.174684424
2,"[2, 6]",2144.678469572
3,"[3, 6]",1683.083412732
4,"[4, 7]",4425.403946652
