,task,distance
0,[0],0.0
1,[1],6315.070072201001
2,[2],3748.674835619
