,task,distance
0,[0],0.0
1,[1],0.0
2,[2],0.0
3,[3],4699.870411704
4,[4],2004.2473663077
