,CID,TTDDemd
0,4743,1.91963994503
1,7838,0.272410005331
2,7846,1.14346003532
3,23413,1.51318001747
4,23423,0.251792997122
5,24049,1.96502995491
6,31483,2.2568500042
7,31484,0.00372839998454
8,38942,0.657155990601
9,46293,0.0260988008231
