,customer,weight,round,length
0,"[116, 189, 190, 184, 131, 69, 21, 186, 23]","[1, 1, 1, 3, 2, 4, 1, 1, 1]",0,4428.608526911
1,[],[],0,0.0
2,"[157, 188, 108, 106, 30, 175, 198, 7]","[2, 1, 3, 4, 1, 2, 1, 1]",0,3761.465706637
3,"[13, 152]","[1, 2]",0,1285.811201746
