,customer,weight,round,length
0,"[185, 180, 103, 143, 141, 140]","[1, 2, 4, 1, 2, 5]",0,2052.7762221010003
1,[],[],0,0.0
2,[98],[2],0,348.615633196
3,"[107, 178, 145, 129, 6, 151, 28, 10, 195, 201, 177, 160, 110]","[2, 1, 1, 1, 1, 1, 1, 1, 1, 1, 1, 1, 2]",0,6668.196613892999
