,customer,weight,round,length
0,"[184, 135, 75, 16, 195, 109, 108]","[3, 1, 2, 2, 1, 3, 3]",0,4469.324502418
1,"[182, 181, 97, 140, 141, 142]","[1, 1, 2, 5, 2, 4]",0,1236.6608810092
2,"[107, 120, 30, 106, 132, 98, 99]","[2, 1, 1, 4, 1, 2, 4]",0,1653.8307375529998
3,[],[],0,0.0
