,customer,weight,round,length
0,[],[],0,0.0
1,[163],[9],0,581.513438146
2,"[167, 1, 193, 202, 201, 53, 177, 179, 178]","[1, 1, 2, 1, 1, 1, 1, 1, 1]",0,3133.2871936116
3,"[157, 156, 187, 188, 189, 190, 113, 160, 159]","[2, 2, 2, 1, 1, 1, 2, 1, 1]",0,2001.2772465000003
