,task,distance
0,[0],3131.178770822
1,[1],4402.477104653
2,[2],0.0
3,[3],2546.737386143
