,task,distance
0,"[0, 3, 5]",4808.919467819
1,"[1, 2, 4]",4224.9641055678
