,task,distance
0,[0],0.0
1,[1],0.0
2,[2],889.6390601528
3,[3],3864.595826815
