,task,distance
0,[0],470.640527716
1,[1],0.0
2,[2],10206.853980942002
3,[3],0.0
