,task,distance
0,[0],0.0
1,[1],315.295058014
2,[2],0.0
3,[3],14381.02003255
