,task,distance
0,[0],315.295058014
1,[1],15152.256199496498
2,[2],0.0
3,[3],0.0
