,customer,weight,round,length
0,[20],[15],0,909.381377318
1,[25],[14],0,1533.762005008
2,"[23, 5, 17, 36, 12, 32]","[2, 1, 3, 1, 2, 1]",0,2694.971898751
