,customer,weight,round,length
0,"[10, 24]","[1, 14]",0,2114.722643118
1,[15],[15],0,2328.90012594
2,[31],[15],0,2176.90533208
3,"[19, 22, 14, 18]","[2, 2, 2, 2]",1,1456.1206854050001
4,[],[],1,0.0
5,[],[],1,0.0
