,task,distance
0,"[0, 4]",909.381377318
1,"[1, 3]",3023.589726083
2,"[2, 5]",580.734538702
