,task,distance
0,[0],0.0
1,[1],3009.242828965
2,[2],113.8447262164
