,customer,weight,round,length
0,"[73, 72, 85, 67, 27, 66, 49, 48]","[1, 1, 5, 1, 3, 1, 1, 2]",0,1389.2880771164
1,[],[],0,0.0
2,"[65, 63, 44, 42, 41, 40, 29, 21, 84]","[2, 1, 1, 1, 1, 4, 2, 1, 2]",0,2978.336088839
3,[],[],0,0.0
4,[],[],0,0.0
