,task,distance
0,[0],710.6531654834
1,[1],1963.202744381
2,[2],0.0
3,[3],1396.2783075625
4,[4],0.0
