,customer,weight,round,length
0,"[100, 13, 39, 11, 38, 97]","[2, 3, 1, 3, 1, 2]",0,1794.3055315919999
1,"[6, 14, 46, 4, 99]","[3, 1, 1, 1, 1]",0,1116.797990639
2,"[55, 87, 88, 89, 85, 84, 56]","[3, 1, 4, 1, 1, 3, 1]",0,1906.527306583
3,[],[],0,0.0
4,[],[],0,0.0
