,customer,weight,round,length
0,"[64, 68, 69, 74, 75, 91, 73, 80, 48]","[5, 1, 1, 1, 1, 2, 1, 1, 2]",0,2467.3352452483
1,[],[],0,0.0
2,[],[],0,0.0
3,[],[],0,0.0
4,"[62, 18, 79, 32, 31, 3, 41, 58, 102, 1]","[1, 2, 2, 1, 1, 1, 2, 1, 3, 1]",0,3050.5945453699997
