,customer,weight,round,length
0,[],[],0,0.0
1,"[18, 32, 83, 42, 41, 1]","[2, 1, 4, 2, 2, 1]",0,2792.3160801579997
2,"[69, 74, 75, 91, 37, 39, 4, 99, 89, 56, 95, 29, 34]","[1, 1, 1, 2, 1, 1, 1, 1, 1, 1, 1, 2, 1]",0,4995.5078322443
3,[],[],0,0.0
4,[],[],0,0.0
