,task,distance
0,[0],2467.3352452483
1,[1],0.0
2,[2],0.0
3,[3],0.0
4,[4],3050.59454537
