,customer,weight,round,length
0,[],[],0,0.0
1,"[2, 23, 36, 34]","[1, 1, 1, 1]",0,2346.7254028545003
2,[],[],0,0.0
3,[30],[15],0,305.339943948
