,task,distance
0,[0],0.0
1,[1],2346.7254028545003
2,[2],0.0
3,[3],305.339943948
