,customer,weight,round,length
0,"[62, 194, 145, 137, 39, 155, 1, 56, 163, 69]","[1, 1, 1, 1, 1, 2, 4, 2, 1, 1]",0,6665.2988299886
1,"[123, 171, 144, 161, 33, 126, 128]","[2, 1, 1, 1, 8, 1, 1]",0,4678.133208905
2,[],[],1,0.0
3,"[109, 110, 133, 113, 136]","[1, 1, 2, 3, 2]",1,4360.501337839
