,customer,weight,round,length
0,"[122, 190, 107, 108, 111, 159, 113, 11, 0, 44, 47]","[1, 1, 2, 2, 1, 2, 1, 1, 1, 1, 2]",0,8509.087056237999
1,"[77, 101, 187, 143, 17, 6, 7, 205, 93, 124]","[1, 1, 1, 1, 1, 1, 1, 6, 1, 1]",0,5773.786608022001
