,task,distance
0,"[0, 2]",5641.8913978821
1,"[1, 3]",2825.347212476
