,task,distance
0,[0],8509.087056237999
1,[1],5773.786608022001
