,customer,weight,round,length
0,[6],[15],0,221.10299396
1,[6],[15],0,221.10299396
2,[6],[15],0,221.10299396
3,"[0, 6]","[13, 2]",0,857.1506604880001
4,[24],[15],1,1435.693510688
5,"[24, 34, 11, 41]","[12, 1, 1, 1]",1,4299.919536335001
6,"[42, 0]","[3, 12]",1,1269.2092905499999
7,"[5, 4, 21, 13, 15, 14, 7, 23]","[1, 1, 1, 2, 1, 1, 2, 6]",1,6720.9492480141
8,[],[],2,0.0
9,[],[],2,0.0
10,[23],[15],2,3595.16342082
11,"[27, 23]","[4, 4]",2,7231.67176342
