,task,distance
0,[0],3160.6706548669995
1,[1],0.0
2,[2],943.3591474488
3,[3],0.0
