,task,distance
0,"[0, 7]",857.1506604880001
1,"[1, 4]",5887.188834537001
2,"[2, 6]",3816.2664147739997
3,"[3, 5]",3852.608171177
