,task,distance
0,[0],0.0
1,[1],3365.413798565
2,[2],4306.887839793
