,customer,weight,round,length
0,[],[],0,0.0
1,[102],[11],0,221.478652384
2,"[5, 100, 98, 99, 33, 48, 70, 68, 30, 77, 27]","[1, 1, 1, 1, 1, 1, 1, 1, 1, 1, 1]",0,1953.6331363936
