,task,distance
0,[0],2034.4347995184
1,[1],0.0
2,[2],1320.1410207595
