,task,distance
0,[0],179.2799815148
1,[1],0.0
2,[2],4521.694672032
