,task,distance
0,[0],0.0
1,[1],221.478652384
2,[2],1953.6331363936
