,customer,weight,round,length
0,"[130, 129, 89, 8, 91, 114, 110]","[1, 2, 2, 4, 1, 2, 1]",0,1304.7631227682
1,[],[],0,0.0
2,[],[],0,0.0
3,"[109, 108, 131, 76, 126, 127, 73, 74, 121, 95, 61]","[1, 1, 3, 1, 1, 2, 1, 1, 1, 1, 1]",0,14375.8090619834
4,[],[],0,0.0
