,task,distance
0,[0],7420.096189498999
1,[1],5854.209071425
2,[2],1703.8804096349998
3,[3],4353.4779954615005
