,task,distance
0,[0],4654.353277368
1,[1],993.487508298
2,[2],993.487508298
3,[3],0.0
4,[4],0.0
