,task,distance
0,[0],5508.178844521
1,[1],2928.61629458
2,[2],30.4994597002
3,[3],2928.61629458
4,[4],30.4994597002
