,task,distance
0,"[0, 5]",5919.9655971754
1,"[1, 3]",2321.6766801291
2,"[2, 4]",2040.6926180978
