,task,distance
0,"[0, 5]",7727.208616525
1,"[1, 4]",6945.820702830099
2,"[2, 3]",8089.352743935001
