,customer,weight,round,length
0,[],[],0,0.0
1,"[60, 121, 61, 62, 72, 73, 107, 83, 84, 70, 100]","[1, 1, 1, 2, 1, 1, 1, 1, 1, 1, 2]",0,2809.611371809
2,"[148, 64, 141, 143, 42, 4, 7, 86, 8]","[1, 1, 2, 1, 1, 2, 1, 1, 1]",0,3883.627123033
3,[],[],0,0.0
