,customer,weight,round,length
0,"[34, 51, 24, 18, 45, 46, 25, 1, 7, 41, 9]","[1, 2, 2, 1, 1, 1, 1, 1, 1, 1, 1]",0,5801.7494258199995
1,[54],[1],0,524.602186456
