,task,distance
0,[0],2488.2715122651
1,[1],341.558176886
