,customer,weight,round,length
0,"[28, 50, 75, 76, 56, 9, 17, 0, 93, 92, 52]","[1, 1, 2, 1, 1, 1, 2, 1, 2, 1, 2]",0,8919.012858651
1,"[142, 25, 149, 72]","[1, 1, 1, 1]",1,8696.56945959
