,customer,weight,round,length
0,"[28, 29, 20, 16, 14, 19]","[2, 2, 1, 8, 1, 1]",0,1279.787883363
1,"[14, 0, 31, 30, 37, 33]","[6, 5, 1, 1, 1, 1]",1,1506.41836975
2,"[4, 26, 21, 27, 34, 8, 6, 15, 35, 7, 3, 36]","[1, 2, 1, 2, 1, 1, 1, 2, 1, 1, 1, 1]",2,1740.1953767310001
3,"[6, 23, 11, 13, 24, 25, 17, 9, 18, 12, 5, 22]","[2, 1, 1, 2, 1, 1, 1, 2, 1, 1, 1, 1]",3,1338.944170155
4,"[2, 1, 10, 32]","[3, 3, 1, 1]",4,1108.339889911
