,customer,weight,round,length
0,"[52, 93, 92, 50, 75, 76]","[2, 2, 1, 1, 2, 1]",0,2144.4591951849998
1,[],[],0,0.0
2,[],[],0,0.0
3,"[142, 0, 25, 17, 73, 2, 1, 144, 123, 155, 120, 56, 28]","[1, 1, 1, 2, 1, 2, 1, 1, 1, 1, 1, 1, 1]",0,16340.940703970598
4,[],[],0,0.0
