,task,distance
0,[0],2503.232820275
1,[1],0.0
2,[2],4176.9557537614
3,[3],0.0
4,[4],0.0
