,task,distance
0,[0],101.2539820842
1,[1],57.2824330638
