,customer,weight,round,length
0,"[76, 115, 69, 92, 103, 102, 45, 86, 60, 46, 22, 94, 24, 72]","[1, 1, 1, 1, 1, 1, 1, 1, 1, 1, 1, 1, 1, 2]",0,5591.001405796001
1,"[114, 82, 84, 48]","[1, 1, 1, 2]",1,1682.9860525206
