,customer,weight,round,length
0,"[118, 115, 51]","[4, 7, 4]",0,741.2201797358
1,"[70, 58, 66, 24, 94, 22, 57, 52, 89, 92, 112, 120, 69]","[2, 1, 1, 1, 1, 1, 1, 1, 2, 1, 1, 1, 1]",1,4223.575829204
2,[56],[2],2,1253.974792528
