,customer,weight,round,length
0,[],[],0,0.0
1,[],[],0,0.0
2,"[201, 203, 202]","[5, 1, 6]",0,397.21650676880006
3,"[17, 42, 125, 106, 200, 193, 169, 168, 160, 144]","[1, 1, 1, 1, 6, 1, 1, 1, 1, 1]",0,3059.5011954079996
4,"[164, 143, 191, 50, 192]","[1, 1, 3, 2, 1]",0,1377.737607652
