,customer,weight,round,length
0,[],[],0,0.0
1,[],[],0,0.0
2,"[64, 63, 164, 141, 33, 187, 39, 26, 166, 132, 29, 32, 162, 183]","[1, 2, 1, 1, 1, 1, 1, 1, 1, 1, 1, 1, 1, 1]",0,5865.380002415999
3,[],[],0,0.0
4,"[113, 152, 204, 88]","[1, 4, 3, 1]",0,2042.2121525379998
