,task,distance
0,"[0, 7]",4133.18097303
1,"[1, 8]",3635.9831176669995
2,"[2, 5]",4446.48056955
3,"[3, 9]",4196.186794472
4,"[4, 6]",4011.462855087
