,task,distance
0,[0],0.0
1,[1],1659.2662784109998
2,[2],1408.3725866199998
3,[3],0.0
