,task,distance
0,[0],0.0
1,[1],13764.183669211
2,[2],0.0
3,[3],655.85818409
