,customer,weight,round,length
0,[],[],0,0.0
1,[],[],0,0.0
2,[31],[1],0,592.534046844
3,[],[],0,0.0
4,"[22, 53, 3, 24]","[1, 1, 2, 2]",0,2393.1948521728
