,customer,weight,round,length
0,"[68, 39]","[2, 8]",0,366.80215688650003
1,[],[],0,0.0
2,"[16, 22, 38]","[1, 1, 7]",0,3976.1016213090998
