,task,distance
0,"[0, 2]",12986.8316026957
1,"[1, 3]",3554.806460129
