,customer,weight,round,length
0,"[76, 202, 197, 189, 68, 150, 74, 114, 75, 121]","[3, 1, 1, 2, 1, 1, 2, 1, 1, 1]",0,19961.101777117
1,"[65, 182, 227, 106, 196, 219, 174, 7]","[2, 1, 5, 2, 2, 1, 1, 1]",0,32225.228769916997
2,"[161, 132, 270, 91, 80, 209]","[2, 3, 1, 1, 2, 2]",0,2000003044.7685401
