,task,distance
0,[0],1959.171958249
1,[1],4184.289429372001
2,[2],0.0
