,task,distance
0,[0],2000005601.530545
1,[1],2000019757.0679755
2,[2],281.636024422
