,task,distance
0,[0],9087.35782882
1,[1],0.0
2,[2],2238.7335791463
3,[3],0.0
