,task,distance
0,[0],6779.385839617
1,[1],81.7757773192
2,[2],0.0
3,[3],5447.987924775999
