,task,distance
0,[0],1914.9062626919
1,[1],0.0
2,[2],595.7221667819999
3,[3],0.0
