,customer,weight,round,length
0,"[20, 241, 155, 147, 110, 192, 30, 28, 26, 216, 18, 131]","[1, 1, 1, 1, 1, 1, 2, 2, 1, 2, 1, 1]",0,6308.214450514
1,"[185, 184, 138, 159, 230, 83, 218, 123, 158, 172]","[3, 2, 2, 1, 1, 1, 2, 1, 1, 1]",0,7019.091798452
2,"[163, 161, 90, 197, 215]","[2, 1, 1, 1, 4]",1,4325.361264627
3,"[210, 65, 222, 10, 11, 72, 37, 208, 92]","[2, 1, 1, 1, 1, 1, 1, 1, 2]",1,8787.380157327
