,customer,weight,round,length
0,"[12, 7, 24, 5, 63, 50]","[8, 1, 1, 1, 1, 1]",0,3732.5981604749004
1,[],[],0,0.0
2,[],[],0,0.0
3,[13],[3],0,129.7354258992
