,task,distance
0,[0],3398.625820003
1,[1],2651.551177785
2,[2],3407.2377270937
