,task,distance
0,[0],2829.514103364
1,[1],2968.578966719
2,[2],1438.925998168
