,customer,weight,round,length
0,"[30, 69, 68, 67, 73, 71, 38, 201, 203, 202, 75, 76, 77, 257]","[2, 1, 1, 1, 1, 1, 1, 1, 1, 1, 1, 1, 1, 1]",0,2649.0033227215
1,"[234, 45, 243, 132, 13, 129, 34, 212, 27, 237, 260, 207, 239, 258]","[1, 1, 1, 1, 1, 1, 1, 1, 1, 2, 1, 1, 1, 1]",0,3252.3763336582
2,[],[],0,0.0
