,customer,weight,round,length
0,"[125, 166, 114]","[1, 1, 2]",0,960.082132561
1,"[246, 193, 63, 240, 88, 105, 174, 72, 251, 231, 200, 128]","[1, 1, 1, 2, 1, 2, 1, 1, 1, 1, 1, 1]",0,7257.057523637999
2,"[54, 55, 195, 41, 97, 100, 158, 112, 111, 103, 199, 182, 110]","[1, 1, 1, 1, 3, 1, 1, 1, 1, 1, 1, 1, 1]",0,3567.871236291
