,customer,weight,round,length
0,"[182, 260, 239, 237, 212, 34, 13, 257, 75, 14, 202, 201, 71]","[1, 1, 1, 2, 1, 1, 1, 1, 1, 2, 1, 1, 1]",0,6203.896434654
1,[114],[2],0,598.249342522
2,"[63, 175, 148, 81, 134, 206, 136, 263, 262, 105, 231, 112, 166, 55]","[1, 1, 1, 1, 1, 1, 1, 1, 1, 2, 1, 1, 1, 1]",0,6147.781206517001
