,task,distance
0,[0],3397.571713064
1,[1],280.133845342
2,[2],5654.713337818999
