,task,distance
0,[0],132.5386982992
1,[1],2589.3051218106
2,[2],0.0
3,[3],0.0
