,customer,weight,round,length
0,"[0, 148]","[2, 2]",0,4775.8289261810005
1,[],[],0,0.0
2,[],[],0,0.0
3,"[170, 195, 6, 191, 146, 10, 185, 190, 133, 139, 1]","[1, 2, 2, 1, 1, 2, 1, 1, 1, 2, 1]",0,12762.362790898002
4,"[148, 129, 92, 25, 22, 160, 158, 20, 168]","[1, 1, 1, 1, 1, 1, 1, 1, 7]",0,8420.659806631998
