,customer,weight,round,length
0,"[185, 151, 157, 188, 161, 182, 183, 114, 191]","[1, 3, 2, 3, 1, 1, 1, 1, 1]",0,2741.5984985497003
1,"[139, 85, 156, 133, 105, 190, 10, 11, 138, 146]","[2, 2, 2, 1, 1, 1, 2, 1, 1, 1]",0,3657.289443874
2,[2],[2],0,2233.5502899
3,[],[],0,0.0
4,[],[],0,0.0
