,task,distance
0,[0],0.0
1,[1],102.0034833978
2,[2],4426.0013424579
3,[3],0.0
