,task,distance
0,[0],5768.917947265401
1,[1],193.0679152404
2,[2],0.0
3,[3],193.0679152404
