,customer,weight,round,length
0,[],[],0,0.0
1,[],[],0,0.0
2,"[31, 4, 25]","[3, 4, 1]",0,1352.727181866
3,"[38, 39, 97, 9, 69, 86, 36, 35, 28, 26]","[1, 1, 2, 2, 1, 2, 1, 1, 1, 1]",0,3604.7791952422003
