,task,distance
0,[0],2404.1125695257
1,[1],3011.4255741466995
2,[2],5036.729137136
3,[3],0.0
