,task,distance
0,[0],0.0
1,[1],7512.062549274
2,[2],1600.1863091709995
3,[3],10106.205732062
