,task,distance
0,[0],0.0
1,[1],1770.651575399
2,[2],2239.261935702
3,[3],1072.9149604341
