,customer,weight,round,length
0,[],[],0,0.0
1,"[0, 17, 38, 31, 32, 10]","[2, 1, 2, 3, 1, 1]",0,18984.115551996
2,"[43, 5]","[2, 5]",0,15624.032932038
3,[],[],0,0.0
