,customer,weight,round,length
0,"[21, 167, 189, 31, 6, 122, 85, 200, 184, 147, 42, 37, 74]","[1, 1, 1, 1, 1, 1, 1, 1, 1, 1, 1, 1, 1]",0,9485.173977806
1,"[129, 48, 58, 180, 183, 141, 160, 153, 131, 63, 82, 204]","[1, 1, 3, 1, 1, 2, 1, 1, 1, 1, 1, 1]",0,8777.178442205999
