,customer,weight,round,length
0,"[8, 58, 5, 47, 24, 13, 16, 7, 0, 41, 6]","[2, 1, 2, 1, 1, 1, 1, 2, 2, 1, 1]",0,1611.578435755
1,"[49, 14, 32, 53, 52, 33, 29, 51, 10, 44, 18, 25]","[1, 1, 1, 1, 4, 1, 1, 1, 1, 1, 1, 1]",0,1746.285619575
2,"[31, 1, 57, 43, 42, 40, 54, 55, 26]","[1, 1, 1, 1, 1, 2, 1, 1, 1]",0,959.244383859
3,"[48, 22, 3, 39, 56, 46, 45, 17, 2, 12, 4, 20, 21, 23, 34]","[1, 1, 1, 1, 1, 1, 1, 1, 1, 1, 1, 1, 1, 1, 1]",0,1304.79114853
4,"[36, 11, 28, 27, 19, 30, 15, 9, 35, 50, 37, 38]","[1, 1, 1, 1, 1, 3, 1, 1, 2, 1, 1, 1]",0,1883.3106973180002
