,customer,weight,round,length
0,[40],[1],0,83.9603043278
1,[],[],0,0.0
2,"[29, 11, 5, 43, 34]","[1, 1, 1, 1, 1]",0,3260.451281519
