,task,distance
0,[0],150.6068467936
1,[1],1613.887537267
2,[2],0.0
