,customer,weight,round,length
0,[],[],0,0.0
1,"[37, 17, 15, 14, 38]","[2, 1, 1, 1, 2]",0,1197.726702745
2,"[21, 20, 11, 0, 10, 42, 39, 6, 24]","[1, 1, 1, 1, 1, 1, 3, 3, 1]",0,3055.223350855
