,task,distance
0,[0],594.7428976503
1,[1],0.0
2,[2],1516.7915104949
