,task,distance
0,[0],2656.16117743
1,[1],1289.676755722
2,[2],0.0
