,customer,weight,round,length
0,[],[],0,0.0
1,"[62, 92, 5, 20, 25, 27, 8, 78]","[1, 2, 1, 2, 2, 3, 1, 2]",0,3156.3068103959995
2,"[49, 75, 13, 70, 51, 74]","[2, 2, 1, 1, 1, 2]",0,2977.472587614
