,customer,weight,round,length
0,"[7, 54, 80, 40, 72, 71, 38, 33, 17, 41, 18]","[1, 1, 1, 1, 4, 1, 1, 1, 2, 1, 1]",0,5375.558206309
1,[26],[2],0,144.4567989976
2,[56],[1],0,316.556030734
