,task,distance
0,[0],0.0
1,[1],0.0
2,[2],0.0
3,[3],4117.999895523
4,[4],846.4660769428
