,customer,weight,round,length
0,"[66, 69, 67, 38, 99, 79, 139, 111, 65, 117, 7, 6, 45]","[1, 1, 1, 1, 1, 1, 1, 1, 1, 2, 1, 1, 2]",0,2255.1413211776003
1,"[77, 55]","[2, 1]",1,2794.589750014
