,customer,weight,round,length
0,[],[],0,0.0
1,[13],[1],0,3415.47693474
2,[12],[1],0,83.5370984136
