,customer,weight,round,length
0,"[100, 78, 93, 95, 90, 85, 81, 108, 25, 60]","[1, 1, 1, 1, 1, 1, 1, 1, 1, 1]",0,8763.705837106998
1,[],[],0,0.0
2,[],[],0,0.0
3,"[17, 15, 31, 37]","[2, 3, 3, 3]",0,1851.581537011
4,[],[],0,0.0
