,task,distance
0,[0],2128.061497406
1,[1],9490.349685122
2,[2],6339.668686161999
3,[3],4762.622918884999
