,task,distance
0,[0],1187.391591789
1,[1],978.15997829
