,task,distance
0,[0],0.0
1,[1],6500.735662136
2,[2],1795.560713096
3,[3],0.0
4,[4],0.0
