,customer,weight,round,length
0,"[123, 15, 84, 83, 12, 13]","[1, 2, 2, 2, 4, 2]",0,2027.5570436204998
1,"[14, 82, 26, 25, 81]","[2, 1, 1, 2, 2]",0,1894.252273555
2,[],[],0,0.0
