,customer,weight,round,length
0,"[133, 134]","[2, 2]",0,666.688752802
1,"[88, 38, 85, 99, 37, 42, 64, 65, 89]","[1, 1, 1, 2, 3, 1, 3, 2, 1]",0,3009.5602823353
2,[],[],0,0.0
