,task,distance
0,[0],1648.772470145
1,[1],0.0
2,[2],5160.43892087
