,task,distance
0,"[0, 6]",8980.5931529062
1,"[1, 7]",3381.1199175445004
2,"[2, 4]",7719.407208773
3,"[3, 5]",7379.491693394
