,customer,weight,round,length
0,"[1, 8, 7]","[6, 6, 3]",0,1117.0001616146
1,[9],[5],1,1261.56003293
