,task,distance
0,[0],4574.039900908
1,[1],0.0
2,[2],0.0
3,[3],9601.638756653
