,customer,weight,round,length
0,"[62, 64, 80, 58, 72]","[1, 4, 6, 1, 3]",0,2205.6594657625
1,[],[],0,0.0
2,"[66, 43, 92, 93, 67, 104]","[2, 1, 2, 1, 1, 1]",0,4075.325557267
