,task,distance
0,[0],0.0
1,[1],712.5566866395
2,[2],6991.590446301699
