,customer,weight,round,length
0,"[30, 44, 51, 26]","[4, 1, 2, 8]",0,1633.6811392475001
1,"[51, 85, 50]","[2, 12, 1]",1,2561.566125354
2,"[57, 81, 64, 65, 22, 76, 10, 17, 9, 60, 85]","[2, 1, 1, 1, 1, 1, 1, 1, 2, 2, 2]",2,5979.728495821001
3,"[68, 40, 18, 54, 56]","[3, 2, 1, 1, 1]",3,6469.010597512
