,customer,weight,round,length
0,"[47, 48, 90, 61, 62, 45]","[1, 1, 4, 6, 2, 1]",0,663.6418906563999
1,"[62, 60]","[11, 4]",1,438.824463286
2,"[15, 8, 24, 7, 16, 11, 59]","[1, 1, 1, 1, 5, 1, 5]",2,1242.4545592214
3,"[25, 31, 78, 19, 80, 81, 14]","[1, 1, 1, 2, 2, 1, 5]",3,8185.640501178001
