,customer,weight,round,length
0,"[85, 44, 50]","[13, 1, 1]",0,4431.226505802
1,"[17, 9, 60, 61, 76, 22]","[1, 2, 6, 4, 1, 1]",1,5705.338750745999
2,"[39, 19, 80, 64, 14, 38, 1]","[1, 2, 2, 1, 5, 1, 3]",2,7143.886533614
3,"[12, 31, 69, 86, 75, 88]","[1, 1, 1, 1, 1, 1]",3,2553.1388799138003
