,task,distance
0,[0],4118.2509802
1,[1],971.930405808
