,customer,weight,round,length
0,"[14, 10, 3, 11, 26, 0, 24, 22, 5, 13]","[2, 1, 1, 2, 1, 2, 1, 2, 2, 1]",0,2032.288866701
1,"[21, 12, 36, 1, 4, 19]","[1, 3, 2, 2, 6, 1]",0,803.8259758199999
2,"[20, 2, 30, 6, 29, 9, 32, 33, 7, 17, 16]","[2, 2, 1, 1, 1, 2, 1, 2, 1, 1, 1]",0,997.514255056
3,"[15, 31, 23, 34, 25, 8, 35, 18, 39, 28, 27, 38]","[1, 1, 2, 1, 1, 1, 1, 1, 1, 2, 1, 2]",0,2961.9162030999996
4,[37],[15],1,2158.15525354
5,[4],[15],1,1988.816139118
6,[37],[15],1,2158.15525354
7,[],[],1,0.0
