,task,distance
0,"[0, 5]",7972.9590499853
1,"[1, 7]",4747.647642881501
2,"[2, 6]",6793.68348369
3,"[3, 4]",7899.3017636686
