,customer,weight,round,length
0,"[25, 16, 13, 28, 18]","[2, 1, 2, 1, 3]",0,9460.8366886563
1,[25],[15],0,54.9924736466
2,[],[],0,0.0
