,customer,weight,round,length
0,"[51, 35, 82, 13, 56, 74, 61, 62, 40, 14]","[3, 1, 2, 1, 1, 1, 2, 2, 1, 1]",0,3371.0917726060006
1,"[31, 43, 70, 30, 42, 7, 11, 49, 26, 79, 86, 22]","[1, 1, 1, 4, 1, 1, 1, 1, 1, 1, 1, 1]",1,4166.0399894425
2,[69],[1],2,4167.82549248
