,customer,weight,round,length
0,"[26, 75, 24, 25]","[1, 1, 1, 1]",0,1781.930055108
1,"[56, 36, 73]","[1, 1, 1]",0,1237.585435191
2,[],[],0,0.0
