,task,distance
0,[0],1460.304265118
1,[1],813.386194266
2,[2],0.0
