,task,distance
0,"[0, 4]",6034.5389887520005
1,"[1, 3]",8976.0178985706
2,"[2, 5]",10587.498750556999
