,task,distance
0,"[0, 5]",3300.12663999
1,"[1, 4]",4320.202752092
2,"[2, 3]",3846.292930402
