,task,distance
0,[0],1955.592180588
1,[1],390.424928022
