,customer,weight,round,length
0,"[47, 20, 48, 53, 13, 11, 3, 65, 2, 1, 25]","[1, 1, 1, 2, 1, 1, 3, 1, 2, 1, 1]",0,3205.9452198338995
1,[12],[3],0,294.002267644
