,task,distance
0,[0],3205.9452198338995
1,[1],294.002267644
