,customer,weight,round,length
0,[],[],0,0.0
1,[],[],0,0.0
2,"[89, 129, 130, 76, 126, 127, 55, 108, 131, 109]","[2, 2, 1, 1, 1, 2, 1, 1, 3, 1]",0,9655.4644284413
3,[],[],0,0.0
4,"[8, 91, 114, 110]","[4, 1, 2, 1]",0,853.6816782912001
