,task,distance
0,[0],0.0
1,[1],0.0
2,[2],9655.4644284413
3,[3],0.0
4,[4],853.6816782912001
