,task,distance
0,[0],0.0
1,[1],15933.494544489004
2,[2],0.0
3,[3],435.0667058734
4,[4],0.0
