,task,distance
0,[0],14955.585595071
1,[1],1693.827998994
2,[2],0.0
3,[3],0.0
4,[4],8805.310779011
