,task,distance
0,[0],339.256895814
1,[1],0.0
2,[2],3916.5850966
