,task,distance
0,"[0, 6]",3399.107465762
1,"[1, 5]",8290.382247345999
2,"[2, 8]",3364.417767637
3,"[3, 9]",6366.588888509001
4,"[4, 7]",3395.360155486
