,task,distance
0,"[0, 6]",3777.842941722
1,"[1, 9]",3354.924336393
2,"[2, 8]",6410.2269922924
3,"[3, 5]",5295.6016372700005
4,"[4, 7]",3489.305261297
