,customer,weight,round,length
0,"[31, 30, 2, 42, 4, 87, 43, 44, 18, 17, 0, 29]","[1, 1, 1, 1, 1, 1, 2, 1, 1, 1, 1, 3]",0,2347.8525851394998
1,"[28, 65, 64, 63, 66]","[1, 2, 4, 1, 3]",0,1285.4709653831
