,task,distance
0,[0],1890.2049202010005
1,[1],8598.631084772
