,task,distance
0,"[0, 4]",3293.4013096541994
1,"[1, 5]",3607.9113671128994
2,"[2, 7]",2288.7394653193
3,"[3, 6]",2567.0987639404
