,task,distance
0,[0],0.0
1,[1],449.857419712
2,[2],0.0
3,[3],3691.61597751
4,[4],0.0
