,customer,weight,round,length
0,[],[],0,0.0
1,"[99, 60, 132, 133, 71, 73, 26, 24, 28, 23, 1, 33]","[1, 1, 1, 1, 1, 2, 1, 2, 1, 1, 1, 2]",0,12038.464635414
2,"[62, 6, 45, 35]","[5, 1, 2, 2]",0,2617.0454367897
3,"[53, 151, 85, 89, 20, 91, 17, 16]","[1, 1, 1, 1, 2, 1, 1, 1]",0,2081.2227629606004
4,"[105, 124, 155, 8, 9, 98, 94]","[1, 1, 1, 3, 4, 1, 1]",0,4998.715909971001
