,customer,weight,round,length
0,"[36, 74]","[3, 3]",0,312.3349114905
1,"[75, 41, 76, 81, 73, 12, 13]","[1, 1, 1, 1, 1, 5, 5]",0,4389.9394227859
2,"[16, 62, 20, 21, 84, 82, 34, 86]","[1, 1, 1, 1, 2, 1, 1, 5]",0,3301.7792059568
