,task,distance
0,[0],0.0
1,[1],110.2096575616
2,[2],0.0
3,[3],434.248016776
4,[4],0.0
