,customer,weight,round,length
0,"[0, 33, 10, 13, 11, 20]","[5, 4, 1, 1, 1, 3]",0,3115.172172501
1,[],[],0,0.0
2,[8],[12],0,2295.22188228
