,task,distance
0,[0],1844.9879327921
1,[1],93.0075389344
2,[2],2482.290166186
3,[3],0.0
4,[4],0.0
