,customer,weight,round,length
0,"[30, 28, 0, 6, 1, 14, 4, 19]","[1, 4, 2, 1, 1, 1, 3, 2]",0,1514.358455527
1,"[38, 3, 49, 43, 12, 17, 31]","[1, 1, 3, 1, 6, 1, 2]",0,1884.121696124
2,"[29, 48, 10, 16, 5, 46, 8]","[1, 3, 4, 1, 1, 4, 1]",0,1345.428244914
3,"[2, 42, 41, 24, 50, 47, 11, 32]","[1, 2, 1, 2, 3, 4, 1, 1]",0,534.299650512
4,"[15, 27, 45, 39, 20, 44]","[2, 1, 5, 1, 4, 2]",1,1262.648443573
5,"[18, 21, 13, 22, 33, 9, 23]","[7, 1, 3, 1, 1, 1, 1]",1,966.2980674359999
6,"[24, 34, 26, 35, 25]","[6, 1, 2, 2, 1]",1,723.864906458
7,"[18, 37, 36, 40, 7]","[9, 1, 1, 1, 1]",1,1207.497265749
