,customer,weight,round,length
0,"[23, 88, 91, 34, 75, 60]","[4, 4, 3, 2, 1, 1]",0,954.4514775784
1,"[28, 1, 12, 45, 79, 17, 70, 9, 77, 31, 32]","[1, 1, 1, 2, 1, 1, 1, 3, 2, 1, 1]",0,2999.08337909
2,"[59, 24, 25, 10, 0, 57, 3, 58]","[2, 1, 6, 1, 2, 1, 1, 1]",0,1480.9891060180998
3,"[51, 87, 90, 7, 89]","[4, 4, 3, 1, 3]",0,1347.4462219138
4,"[14, 40, 21, 84, 72, 73, 49, 48, 29]","[1, 4, 1, 2, 1, 1, 1, 2, 2]",1,3811.2022385776
5,"[62, 41, 42, 44, 45, 46]","[1, 1, 1, 1, 6, 1]",1,2576.993734404
6,[33],[15],1,1602.19593991
7,"[33, 67, 85, 27, 66, 65, 63]","[2, 1, 5, 3, 1, 2, 1]",1,4184.6346420609
