,task,distance
0,"[0, 7]",5139.0861196393
1,"[1, 6]",4601.279319
2,"[2, 5]",4057.9828404221
3,"[3, 4]",5158.6484604914
