,customer,weight,round,length
0,"[32, 34, 47, 99, 100, 43, 102]","[1, 1, 1, 2, 1, 3, 1]",0,1894.1834598066
1,"[66, 30, 96, 97]","[1, 1, 2, 2]",0,1281.097749258
