,customer,weight,round,length
0,"[116, 110, 115]","[1, 1, 7]",0,674.6094929272999
1,"[29, 98, 111, 44, 91, 26, 114]","[1, 1, 1, 3, 1, 3, 1]",0,3453.0994751788003
