,task,distance
0,[0],2113.2543151576
1,[1],84.6720528314
