,task,distance
0,[0],1894.1834598066
1,[1],1281.097749258
