,customer,weight,round,length
0,"[130, 164, 70, 168, 129, 125]","[2, 5, 1, 1, 1, 1]",0,2418.282357747
1,"[103, 102, 135, 131, 132, 20, 178, 133, 134, 152, 136, 137, 21]","[1, 1, 1, 2, 1, 1, 1, 1, 1, 1, 1, 1, 2]",0,4072.167773613
2,[83],[2],0,565.996482482
