,customer,weight,round,length
0,[],[],0,0.0
1,"[91, 15]","[2, 1]",0,316.8442065391
2,[],[],0,0.0
3,"[49, 75, 40, 62, 33, 54, 81, 65, 80, 79, 14, 74]","[2, 2, 1, 1, 1, 1, 1, 1, 1, 1, 1, 2]",0,2975.4752054499995
