,task,distance
0,[0],0.0
1,[1],0.0
2,[2],3352.0387300231
3,[3],1936.221882993
