,customer,weight,round,length
0,"[8, 89, 97, 90, 61, 71, 70, 77, 11]","[7, 1, 1, 1, 1, 1, 1, 1, 1]",0,10846.480736917001
1,[79],[14],0,489.054541344
2,"[49, 79]","[1, 14]",0,3049.066679272
3,"[58, 19, 20, 27, 23, 24, 85, 83, 59, 80, 42, 94]","[1, 1, 1, 1, 1, 1, 2, 1, 2, 1, 1, 2]",0,6374.759153946401
4,[79],[13],0,489.054541344
