,task,distance
0,[0],1218.8973102818
1,[1],2884.0624219270003
2,[2],811.8606914635
3,[3],0.0
4,[4],0.0
