,task,distance
0,[0],4510.4174303830005
1,[1],0.0
2,[2],0.0
3,[3],215.205327462
4,[4],0.0
