,task,distance
0,[0],215.205327462
1,[1],2242.5464241010004
2,[2],0.0
3,[3],0.0
4,[4],0.0
