,task,distance
0,[0],0.0
1,[1],0.0
2,[2],6733.707066515
3,[3],0.0
4,[4],8192.1777125761
