,task,distance
0,[0],1208.9183708434
1,[1],0.0
2,[2],0.0
3,[3],4260.737819129399
4,[4],754.743610164
