,task,distance
0,"[0, 8]",3474.741451555
1,"[1, 7]",4403.6691895727
2,"[2, 6]",5514.3573341050005
3,"[3, 5]",9686.0158259116
4,"[4, 9]",3417.5171621344
