,task,distance
0,"[0, 5]",2652.144527273
1,"[1, 6]",7972.4869705644
2,"[2, 4]",2880.4778496900003
3,"[3, 7]",2409.4535562
