,task,distance
0,[0],1907.908469808
1,[1],0.0
2,[2],368.00598625
3,[3],0.0
