,task,distance
0,[0],0.0
1,[1],4418.478836488
2,[2],87.1783248802
