,task,distance
0,[0],0.0
1,[1],0.0
2,[2],4273.9264924161
3,[3],0.0
4,[4],2626.801233881
