,customer,weight,round,length
0,"[17, 1, 100, 28, 189, 46, 163, 11, 10, 38, 171, 12]","[1, 1, 1, 2, 2, 1, 2, 1, 1, 1, 1, 1]",0,18993.182695969997
1,"[59, 97, 119, 68, 72, 80, 152, 154, 155, 84, 86, 51, 129]","[2, 1, 1, 1, 1, 1, 1, 1, 1, 1, 1, 2, 1]",0,16794.633489720403
2,"[109, 110, 58, 13, 185, 187, 138, 52, 14]","[1, 1, 3, 2, 2, 1, 1, 2, 2]",1,17876.0996990067
3,"[142, 182, 114]","[1, 2, 1]",1,870.938802475
