,customer,weight,round,length
0,[133],[1],0,357.74802165
1,"[213, 62, 63, 186, 64, 185, 22, 134, 132, 180, 21]","[1, 2, 1, 1, 1, 1, 2, 1, 1, 1, 3]",0,2911.954077818
2,"[176, 175, 116, 110, 42, 29, 83, 93, 52, 54, 209, 215, 214, 27, 26]","[1, 1, 1, 1, 1, 1, 1, 1, 1, 1, 1, 1, 1, 1, 1]",0,6719.285644419
