,customer,weight,round,length
0,"[147, 145, 226, 97, 106, 149, 193, 192, 87, 220, 86]","[1, 1, 2, 1, 2, 1, 2, 1, 1, 2, 1]",0,12891.452416979
1,"[16, 205, 204, 57, 175, 176, 21, 180, 185, 64, 26, 138]","[1, 1, 1, 1, 1, 1, 3, 1, 1, 1, 1, 1]",0,7359.6483056918
2,"[0, 8, 6, 11]","[1, 2, 2, 1]",0,3093.395213394
