,customer,weight,round,length
0,"[149, 148, 104, 220, 88]","[1, 7, 4, 2, 1]",0,4854.8866921795
1,"[199, 12, 9, 120, 119, 156, 174, 223, 72, 68, 183, 157, 230]","[1, 1, 1, 1, 1, 1, 1, 1, 2, 1, 2, 1, 1]",0,25142.755014389004
2,"[107, 76, 77, 78, 80, 172, 82, 228, 106, 105]","[1, 1, 1, 1, 1, 1, 3, 1, 2, 3]",0,3844.775768844
