,customer,weight,round,length
0,"[193, 200, 169, 168, 160, 144]","[1, 6, 1, 1, 1, 1]",0,2042.701971013
1,"[203, 201, 202, 164]","[1, 5, 6, 1]",0,691.1641566615
2,[],[],0,0.0
3,"[125, 126, 116, 107, 106, 105, 42, 104, 101, 28, 195, 185, 17]","[1, 1, 1, 1, 1, 1, 1, 1, 1, 1, 1, 1, 1]",0,6589.697792932001
