,task,distance
0,[0],0.0
1,[1],2075.7715716884
2,[2],2601.3680850737
3,[3],0.0
