,task,distance
0,[0],2042.701971013
1,[1],691.1641566615
2,[2],0.0
3,[3],6589.697792932001
