,task,distance
0,[0],1296.072060892
1,[1],4896.8140127140005
2,[2],0.0
3,[3],0.0
