,task,distance
0,[0],498.8759139655
1,[1],5256.378358159999
2,[2],0.0
3,[3],3211.876175315
