,task,distance
0,"[0, 5]",4694.238362863701
1,"[1, 6]",4219.987221173
2,"[2, 8]",12779.4752567304
3,"[3, 7]",3921.374286407
4,"[4, 9]",13093.544782108
