,customer,weight,round,length
0,"[16, 44, 9]","[1, 1, 1]",0,1281.3220416969998
1,[19],[1],0,322.007130174
2,[42],[2],0,309.469238746
