,task,distance
0,[0],1281.3220416969998
1,[1],322.007130174
2,[2],309.469238746
