,customer,weight,round,length
0,"[21, 13, 65, 10, 44, 70, 29, 28, 59, 12]","[1, 4, 1, 1, 2, 2, 1, 1, 1, 1]",0,8292.843989583
1,"[20, 34, 22, 33, 19]","[4, 1, 3, 6, 1]",0,2434.5854146668
2,[],[],1,0.0
3,[41],[1],1,7509.60658264
