,customer,weight,round,length
0,"[68, 41, 69, 70, 40]","[1, 1, 1, 2, 10]",0,5220.128418437
1,"[40, 39, 45, 55, 32, 53]","[8, 1, 1, 1, 3, 1]",0,2474.7554137750003
2,"[13, 33, 21, 12, 59, 29]","[4, 6, 1, 1, 1, 1]",1,6185.913668116001
3,[],[],1,0.0
