,task,distance
0,[0],1719.7753413577998
1,[1],9568.279706377
