,task,distance
0,[0],0.0
1,[1],1262.475637111
2,[2],0.0
3,[3],2560.4700185717
4,[4],0.0
