,task,distance
0,[0],7846.560077245
1,[1],7893.153499851
2,[2],0.0
3,[3],0.0
