,customer,weight,round,length
0,"[148, 92, 67, 71, 85, 45, 60, 43, 42, 160, 41, 59, 14]","[2, 1, 1, 1, 2, 1, 1, 1, 1, 1, 1, 1, 1]",0,3343.1651271689993
1,"[91, 93]","[1, 14]",1,2136.388205237
2,"[93, 96, 106, 123, 116, 109]","[1, 1, 1, 2, 1, 2]",2,4428.275382537
