,customer,weight,round,length
0,"[50, 157, 69, 153, 26, 156, 54, 119, 51, 125, 126, 142, 133, 48]","[1, 1, 1, 2, 1, 1, 1, 1, 1, 1, 1, 1, 1, 1]",0,5208.965092147201
1,"[135, 95, 94, 25, 107, 146, 10, 114]","[1, 1, 2, 2, 1, 1, 1, 1]",1,7044.065846432999
