,customer,weight,round,length
0,"[84, 2, 16, 91, 121, 120, 37, 80, 89, 88]","[1, 1, 3, 2, 2, 1, 1, 2, 1, 1]",0,2882.0669278493
1,"[133, 17, 19, 67, 12, 90, 86, 125, 127, 47, 78]","[1, 1, 1, 4, 1, 1, 1, 1, 1, 2, 1]",0,3844.9554853884
2,"[92, 3, 100]","[3, 1, 6]",1,1886.3931619520001
3,"[51, 64, 85, 126, 65]","[4, 1, 1, 1, 1]",1,2902.4798357160003
