,task,distance
0,"[0, 2]",4992.951298616
1,"[1, 3]",10444.355181681
