,task,distance
0,[0],4356.6255247381005
1,[1],1115.5995782213
