,task,distance
0,[0],26.5562120326
1,[1],0.0
2,[2],0.0
3,[3],4013.0178092
4,[4],0.0
