,customer,weight,round,length
0,"[154, 86, 70, 72, 73, 122, 75, 96, 164, 130, 119, 90, 118, 136]","[1, 1, 1, 1, 1, 1, 1, 1, 1, 1, 1, 1, 2, 1]",0,9534.208761843398
1,[102],[1],0,63.1509151504
2,"[64, 141, 42, 114, 115, 125, 29, 106, 151, 50, 159, 45]","[1, 2, 1, 2, 1, 1, 1, 2, 1, 1, 1, 1]",0,8187.624933416
