,task,distance
0,[0],6566.476441571
1,[1],10192.412969022298
2,[2],1049.186688076
