,customer,weight,round,length
0,"[28, 29, 27, 25, 20, 21, 5, 92, 4]","[2, 2, 3, 1, 2, 1, 1, 2, 1]",0,2623.4746778799004
1,"[41, 42, 22, 82, 7, 6, 18, 17, 84, 40]","[1, 2, 2, 1, 1, 3, 1, 2, 1, 1]",1,3150.381137683
2,"[65, 49, 91, 15, 74, 52, 51, 70, 75]","[1, 2, 2, 1, 2, 1, 1, 1, 2]",2,3759.9171994779995
