,customer,weight,round,length
0,"[13, 31, 190, 68, 106, 107, 161, 26, 22, 24, 17]","[1, 1, 1, 1, 1, 1, 1, 1, 1, 1, 1]",0,8665.931189321902
1,[],[],0,0.0
2,[],[],0,0.0
3,"[172, 168, 72, 16]","[1, 1, 1, 2]",0,2288.1147825489998
