,task,distance
0,[0],881.380532192
1,[1],0.0
2,[2],0.0
3,[3],11402.204734286
