,customer,weight,round,length
0,[7],[12],0,2578.31541626
1,[],[],0,0.0
2,"[2, 1]","[11, 1]",0,2775.9941221090003
