,customer,weight,round,length
0,"[28, 84, 36, 35, 49, 79, 87, 82, 66, 38, 46, 45, 23, 29]","[1, 1, 1, 1, 2, 1, 1, 1, 1, 1, 1, 1, 1, 1]",0,6021.4561955531
1,"[17, 72, 49, 44, 81]","[1, 1, 11, 1, 1]",1,4351.933354814
2,"[75, 7, 30, 48, 47, 27]","[1, 1, 1, 5, 4, 3]",2,5536.08527409
3,"[52, 60, 19, 25, 22, 8, 77, 5, 31, 32]","[1, 1, 2, 1, 1, 5, 1, 1, 1, 1]",3,3028.6849039045
4,"[21, 33, 34, 20, 74, 73, 6, 78, 8]","[1, 1, 1, 1, 1, 1, 1, 1, 3]",4,1836.9834930922
