,customer,weight,round,length
0,"[66, 40, 67, 192, 69, 71, 68, 141, 47, 222, 147]","[1, 1, 1, 1, 1, 3, 1, 2, 1, 1, 2]",0,2696.2441653707
1,"[195, 193, 112, 15, 214, 16, 17, 48, 165, 166]","[1, 3, 1, 1, 2, 2, 1, 1, 1, 2]",1,3825.13863892
2,"[194, 75, 97, 93, 94, 95, 91, 114, 85, 87, 86, 82]","[1, 1, 1, 1, 1, 1, 1, 1, 1, 1, 2, 1]",2,7449.5236987384
