,customer,weight,round,length
0,"[181, 179, 186, 197, 82, 86, 85, 163, 143, 40, 141]","[1, 1, 2, 1, 1, 2, 1, 2, 1, 1, 2]",0,17773.520111276
1,"[140, 205, 90, 192, 194, 193, 166, 220, 16, 112]","[1, 1, 2, 1, 1, 3, 2, 2, 1, 1]",1,8099.321766315501
2,"[90, 60, 168, 100, 22, 102, 108, 116, 217, 24, 153, 95]","[1, 1, 3, 1, 1, 1, 2, 1, 1, 1, 1, 1]",2,9828.312444500198
3,[52],[1],3,2000000000.0
