,customer,weight,round,length
0,"[127, 128, 148, 120, 119, 152, 149, 153, 154, 156, 157, 158, 52]","[1, 1, 1, 1, 1, 3, 1, 1, 1, 1, 1, 1, 1]",0,2000001732.2771106
1,"[148, 140, 143, 163, 136]","[2, 1, 1, 10, 1]",1,2000005887.2119691
2,"[216, 217, 115, 220, 223, 163, 53, 206]","[1, 1, 2, 2, 1, 5, 2, 1]",2,2000006926.3138182
3,"[28, 13, 90, 98, 24, 22]","[1, 1, 10, 1, 1, 1]",3,2000007415.143296
4,[90],[4],4,2000000000.0
