,customer,weight,round,length
0,"[47, 56, 65, 57, 88, 64, 63, 24, 77]","[1, 3, 1, 4, 1, 1, 1, 2, 1]",0,1857.577639534
1,"[68, 62, 85, 64, 55, 48, 49, 46, 22, 23, 66]","[1, 3, 2, 1, 1, 1, 1, 1, 2, 1, 1]",1,2504.043905701
2,"[59, 84, 5, 50, 11, 67, 21, 58, 60, 45]","[1, 2, 2, 1, 1, 2, 2, 2, 1, 1]",2,2156.32135855
3,"[86, 7, 97, 61, 6, 40, 94, 87, 12]","[1, 1, 2, 1, 4, 1, 2, 2, 1]",3,1000.184891971
