,customer,weight,round,length
0,[],[],0,0.0
1,"[91, 31, 92, 94, 23, 103, 17, 16, 78, 84, 58, 81, 57]","[1, 1, 1, 1, 1, 1, 1, 1, 1, 1, 1, 2, 2]",0,3975.7338272889992
2,"[47, 11, 34, 29, 111, 110]","[1, 1, 1, 1, 1, 2]",0,2200.12184055
3,[],[],0,0.0
4,[],[],0,0.0
