,customer,weight,round,length
0,"[70, 78, 16, 85, 114, 75, 115, 20, 94, 31, 47, 111, 89]","[1, 1, 1, 1, 2, 1, 2, 1, 1, 1, 1, 1, 1]",0,5963.676620776001
1,[],[],0,0.0
2,"[24, 63, 95, 100, 106, 108]","[1, 3, 2, 1, 1, 2]",0,3959.5577879794
3,[],[],0,0.0
4,[],[],0,0.0
