,customer,weight,round,length
0,[],[],0,0.0
1,"[5, 89, 87, 109, 61, 64, 117, 49, 65, 24, 25]","[3, 1, 1, 1, 1, 1, 2, 1, 1, 1, 1]",0,5721.478021654
2,[],[],0,0.0
3,[],[],0,0.0
4,"[70, 71, 10, 97, 4, 1, 6, 108]","[1, 1, 1, 1, 1, 1, 2, 2]",0,1739.0716493244
