,customer,weight,round,length
0,[74],[1],0,85.6950594242
1,"[73, 95, 100, 116, 106, 63, 72]","[1, 2, 1, 2, 1, 3, 1]",0,2474.6001497868
2,"[105, 20, 115, 21, 114, 112, 85, 62, 77, 76, 75]","[2, 1, 2, 1, 2, 1, 1, 1, 2, 1, 1]",0,2737.3896144852
3,[],[],0,0.0
4,[],[],0,0.0
