,customer,weight,round,length
0,"[22, 48, 2, 25, 60, 65, 94, 66, 39]","[1, 2, 1, 2, 1, 1, 1, 1, 1]",0,4808.2428529767
1,[],[],0,0.0
2,"[89, 5, 30, 99, 104, 74, 80, 105, 14, 15, 16, 8, 40]","[1, 1, 1, 1, 1, 3, 1, 1, 1, 1, 1, 1, 1]",0,4985.6711967111005
3,"[81, 17, 55, 90, 73, 1, 91, 46, 61, 44]","[1, 2, 1, 2, 1, 2, 2, 1, 2, 1]",0,3445.3029515000003
