,customer,weight,round,length
0,"[82, 49, 80, 63, 81, 71, 84, 83, 48, 114, 76, 58, 70]","[1, 1, 1, 2, 1, 1, 1, 1, 2, 1, 1, 1, 1]",0,4064.236347262
1,"[70, 115, 118, 66, 35, 19]","[1, 7, 4, 1, 1, 1]",1,3630.7216886270003
2,"[20, 33, 72, 7, 56, 24, 94, 22]","[1, 1, 2, 2, 2, 1, 1, 1]",2,3862.716045945
