,customer,weight,round,length
0,"[99, 98, 46, 2, 47, 52, 89, 51, 69, 92, 91, 102, 103]","[1, 1, 1, 1, 2, 1, 2, 1, 1, 1, 1, 1, 1]",0,2546.3054624016
1,"[88, 62, 61, 60, 38, 86, 45, 97, 112, 120, 51, 57]","[2, 1, 1, 1, 1, 1, 1, 1, 1, 1, 3, 1]",1,3783.1767270809996
2,"[36, 59]","[1, 1]",2,1624.2331236710002
