,customer,weight,round,length
0,"[13, 14, 47, 59, 73, 74, 75, 81, 80]","[2, 4, 2, 1, 1, 1, 1, 2, 1]",0,6094.739435809
1,[],[],0,0.0
2,"[78, 19, 18, 187, 116, 113, 114, 16, 170, 117]","[1, 2, 1, 2, 1, 2, 1, 1, 2, 1]",0,1780.2496516687997
3,"[4, 0, 5, 2, 174, 3]","[1, 1, 1, 2, 3, 1]",0,1495.9118188036998
4,[],[],0,0.0
