,customer,weight,round,length
0,"[42, 48, 41, 43, 38, 40, 54, 26, 62, 39, 37]","[1, 1, 1, 2, 1, 2, 1, 1, 3, 1, 1]",0,2392.0028047596998
1,"[66, 67, 83, 89, 90, 29, 91, 11, 92, 0]","[1, 3, 4, 1, 1, 1, 1, 1, 1, 1]",0,7116.5184727666
2,"[60, 47, 64, 63, 21, 22, 23, 96, 31, 14]","[2, 1, 2, 1, 1, 1, 1, 1, 1, 4]",1,3543.5394221252
3,"[49, 46, 44, 87, 72, 19, 9, 8, 13, 34, 35]","[2, 1, 2, 2, 1, 1, 1, 1, 1, 2, 1]",1,3878.7700972834
4,[13],[1],2,1339.497879178
5,"[71, 16, 81, 50, 76, 74, 4, 3, 52, 1, 79, 5, 51]","[1, 1, 1, 1, 1, 1, 1, 2, 1, 1, 2, 1, 1]",2,9653.003559335
