,customer,weight,round,length
0,[],[],0,0.0
1,"[68, 67, 48, 49, 92, 93, 90]","[3, 1, 2, 1, 2, 1, 1]",0,1473.9952159159
2,[],[],0,0.0
3,"[106, 45, 46, 70]","[2, 3, 1, 1]",0,1041.038279587
