,task,distance
0,[0],8393.486383358
1,[1],0.0
2,[2],892.1428922140001
3,[3],0.0
