,task,distance
0,"[0, 3]",4954.162124038099
1,"[1, 4]",6500.490694605
2,"[2, 5]",4519.3475950731
