,customer,weight,round,length
0,[2],[15],0,1974.439828252
1,"[3, 7, 2]","[1, 11, 3]",1,11457.903865166001
2,[7],[7],2,5109.18817372
