,task,distance
0,[0],0.0
1,[1],3277.4879411340003
2,[2],3260.2661648860003
