,task,distance
0,[0],2028.957384292
1,[1],4614.0446999081005
2,[2],176.7278863438
