,customer,weight,round,length
0,"[4, 9, 19, 11, 1]","[1, 1, 1, 2, 1]",0,539.0119083550001
1,"[6, 12, 17, 5, 0, 16, 2, 20]","[1, 3, 1, 1, 2, 1, 1, 1]",0,1830.938474655
2,"[3, 8, 7, 13, 18, 10, 14, 15, 21]","[1, 1, 1, 2, 1, 4, 3, 1, 1]",0,751.156040605
3,[],[],0,0.0
