,task,distance
0,[0],5851.151663076002
1,[1],543.0094545540999
2,[2],3525.51279727
3,[3],0.0
