,task,distance
0,"[0, 2, 4]",6021.432542070401
1,"[1, 3, 5]",7787.467944445902
