,task,distance
0,[0],1764.5627403540002
1,[1],1525.9347846167002
