,task,distance
0,"[0, 3]",4109.6434410416
1,"[1, 5]",5140.288086781
2,"[2, 4]",3602.041854093
