,customer,weight,round,length
0,"[33, 7]","[1, 1]",0,4291.847776001
1,"[35, 29, 23, 27, 12, 15, 8, 20, 10, 5]","[1, 3, 1, 3, 1, 1, 1, 1, 1, 1]",0,2075.842009978
2,"[6, 14, 28, 16, 18, 0, 26, 9, 21, 19, 3, 30, 34, 32, 37]","[1, 1, 1, 1, 1, 1, 1, 1, 1, 1, 1, 1, 1, 1, 1]",0,1291.2732639199999
3,"[11, 36, 2, 24, 25, 31, 1, 13, 4, 17, 22]","[1, 1, 1, 3, 1, 1, 1, 1, 1, 1, 1]",0,2574.198915404
