,task,distance
0,"[0, 2, 4, 6]",13565.700020334401
1,"[1, 3, 5, 7]",16626.7707113709
