,customer,weight,round,length
0,[],[],0,0.0
1,"[94, 117, 40, 30, 5, 47, 46, 105, 121]","[1, 4, 1, 1, 1, 1, 1, 2, 2]",0,2000007929.4520361
2,"[129, 65, 61, 148]","[2, 1, 1, 1]",0,2000000682.5023491
