,customer,weight,round,length
0,"[67, 29, 77, 56, 40, 8]","[1, 2, 1, 1, 2, 8]",0,5228.307699608
1,"[78, 11]","[1, 14]",1,2487.05196774
2,[11],[15],2,2135.46355148
3,[11],[15],3,2135.46355148
4,"[53, 116, 35, 72]","[1, 1, 1, 1]",4,2797.7253622740004
