,customer,weight,round,length
0,[],[],0,0.0
1,[24],[13],0,198.8675111956
2,[24],[10],0,198.8675111956
3,"[25, 55, 21, 18, 67, 5, 69, 54, 50, 57]","[1, 1, 1, 1, 1, 2, 1, 1, 1, 1]",0,4625.812354901001
