,customer,weight,round,length
0,"[44, 4, 1, 48, 9, 50, 22, 49, 51, 52, 37, 54, 23]","[2, 1, 1, 2, 1, 1, 1, 1, 1, 1, 1, 1, 1]",0,53435.6059474
1,"[27, 30, 18, 36, 32, 31, 25, 12, 28, 29, 53, 3, 13]","[1, 1, 1, 1, 1, 2, 1, 1, 1, 1, 1, 2, 1]",0,3808.29261835
2,"[15, 10, 34, 56, 17, 26, 45, 2, 24, 0, 14]","[1, 1, 1, 5, 1, 1, 1, 1, 1, 1, 1]",0,3677.3403111
3,"[20, 6, 40, 42, 19, 33, 8, 39, 16, 11]","[1, 1, 2, 1, 2, 4, 1, 1, 1, 1]",1,4979.30213075
4,"[11, 46, 41, 47, 21, 5, 7, 38, 43, 55, 35]","[1, 2, 1, 1, 2, 1, 1, 1, 1, 1, 1]",1,29626.042415469998
5,[],[],1,0.0
