,task,distance
0,"[0, 5]",53435.6059474
1,"[1, 3]",8787.5947491
2,"[2, 4]",33303.38272657
