,customer,weight,round,length
0,[2],[15],0,531.625149494
1,[],[],0,0.0
2,[2],[15],0,531.625149494
