,customer,weight,round,length
0,"[18, 87, 37, 52, 106, 105, 104]","[2, 1, 4, 2, 1, 4, 1]",0,2741.8235500139003
1,"[104, 38, 81, 80, 103]","[3, 1, 6, 4, 1]",1,1809.6766335728
2,"[102, 95, 39, 127, 128, 46, 114, 14, 15, 91, 78, 80, 79, 94]","[1, 1, 1, 1, 1, 1, 1, 1, 1, 1, 2, 1, 1, 1]",2,2829.2084918457
3,"[13, 5, 3, 44, 35, 122, 33, 113, 76, 83, 118, 48, 129, 116]","[1, 1, 1, 1, 2, 1, 1, 1, 1, 1, 1, 1, 1, 1]",3,5949.110117093
4,"[19, 16, 10, 11, 55, 21, 48]","[1, 1, 1, 1, 1, 1, 1]",4,7396.257598885999
