,customer,weight,round,length
0,"[59, 37]","[14, 1]",0,2000000338.16461
1,"[39, 42]","[3, 12]",1,2000002782.6545813
2,"[48, 52, 43, 26, 30, 31, 19, 14]","[4, 3, 1, 2, 1, 2, 1, 1]",2,2000003536.218778
