,customer,weight,round,length
0,"[4, 3, 21, 46, 65, 64, 20, 9]","[1, 1, 1, 4, 1, 1, 1, 3]",0,1260.1567226405
1,"[76, 10, 68, 15, 12]","[1, 1, 1, 3, 1]",0,2946.7325389012003
2,"[77, 26, 78, 75, 24]","[1, 3, 2, 1, 2]",0,1349.0138617108
