,task,distance
0,[0],0.0
1,[1],3801.2264336646
2,[2],7841.286119873
