,customer,weight,round,length
0,"[88, 90, 181, 179, 183, 135]","[1, 1, 1, 1, 2, 4]",0,2624.835883306
1,[],[],0,0.0
2,"[128, 177, 67, 123, 189]","[1, 1, 1, 1, 1]",0,1558.286429663
3,[],[],0,0.0
