,task,distance
0,[0],0.0
1,[1],21209.675468374
2,[2],1356.9072119879995
3,[3],15613.38560221
