,customer,weight,round,length
0,"[203, 36, 4, 143, 55, 131, 15, 106]","[2, 1, 1, 1, 1, 2, 6, 1]",0,3797.1492660532003
1,"[188, 16, 189, 153, 122, 154, 151, 107]","[1, 1, 5, 1, 1, 3, 2, 1]",0,1724.5373905421
2,"[135, 136, 121, 120, 33, 34, 182, 181, 119, 159, 160]","[1, 1, 2, 1, 2, 1, 1, 2, 1, 1, 2]",0,2667.3065316537
3,"[105, 199, 197, 198, 104, 173, 58, 59, 57, 171, 174]","[1, 1, 1, 1, 2, 1, 2, 1, 1, 2, 1]",0,2016.6946583587
