,task,distance
0,[0],3797.1492660532
1,[1],1724.5373905421
2,[2],2667.3065316537
3,[3],2016.6946583587
