,task,distance
0,[0],7521.0437128967
1,[1],3755.468944213
