,task,distance
0,[0],0.0
1,[1],4349.5957273237
2,[2],7691.4758160527
