,task,distance
0,[0],0.0
1,[1],85.9055938522
2,[2],5870.637144633
