,task,distance
0,[0],0.0
1,[1],645.3499268706
2,[2],5434.748443846101
