,customer,weight,round,length
0,[],[],0,0.0
1,"[38, 197, 106, 5, 4, 202, 60, 219, 218, 64, 205, 140, 204]","[1, 1, 2, 1, 1, 1, 1, 1, 2, 1, 1, 1, 1]",0,10157.3088458954
2,"[186, 131, 178, 181, 182, 180, 179]","[2, 2, 1, 1, 1, 1, 1]",0,1724.7522662571996
3,"[21, 167, 168, 100, 22, 101, 117, 116, 136, 206]","[2, 3, 3, 1, 1, 1, 1, 1, 1, 1]",0,12265.684286249998
4,[90],[15],0,7939.8125758
