,customer,weight,round,length
0,[],[],0,0.0
1,"[186, 131, 179, 180, 182, 181, 178, 60, 219, 218, 4, 5]","[2, 2, 1, 1, 1, 1, 1, 1, 1, 2, 1, 1]",0,5959.9134382322
2,[],[],0,0.0
3,"[64, 116, 117, 101, 102, 100, 168, 167, 21, 202]","[1, 1, 1, 1, 1, 1, 3, 3, 2, 1]",0,7346.211376670998
4,"[38, 106]","[1, 2]",0,2354.598963487
