,customer,weight,round,length
0,"[16, 93, 214, 94, 91, 95, 15, 28, 82, 17]","[2, 1, 2, 1, 1, 1, 1, 1, 1, 1]",0,7265.1554932153
1,"[220, 120, 119, 97, 75, 98, 152, 149]","[2, 1, 1, 1, 1, 1, 3, 1]",0,1159.1806912764998
2,"[153, 154, 156, 115, 157, 158, 96, 217, 216, 24]","[1, 1, 1, 2, 1, 1, 2, 1, 1, 1]",0,1452.7441381181
3,[],[],0,0.0
4,"[81, 102, 108]","[3, 1, 2]",0,2103.54768192
