,task,distance
0,[0],0.0
1,[1],9354.959566402
2,[2],0.0
3,[3],2000008902.439348
4,[4],0.0
