,customer,weight,round,length
0,"[58, 57, 38, 82, 20, 21, 94, 60, 77]","[1, 2, 3, 1, 1, 2, 2, 2, 1]",0,2409.9731708491
1,"[57, 93, 62, 63, 65, 66, 64, 55, 127, 22]","[1, 1, 1, 2, 2, 1, 1, 1, 3, 2]",1,2967.9867025418
2,"[62, 67]","[2, 1]",2,1691.814419238
