,customer,weight,round,length
0,"[116, 115, 114, 69, 36, 29, 28, 26, 118]","[1, 1, 1, 3, 4, 1, 1, 2, 1]",0,2154.4922605495
1,"[103, 87, 89, 39, 102, 33, 70]","[3, 1, 1, 3, 4, 2, 1]",1,3337.17976855
2,"[90, 91, 72, 41, 71]","[1, 1, 1, 2, 1]",2,2902.2685080005
