,customer,weight,round,length
0,"[124, 82, 60, 67, 57, 21, 71, 70, 69]","[1, 1, 2, 1, 3, 2, 1, 1, 3]",0,4286.659260806
1,"[125, 110, 121, 114, 33, 116, 28, 80, 130, 51, 45]","[2, 1, 1, 1, 2, 1, 1, 3, 1, 1, 1]",1,4390.531005403999
2,[43],[1],2,819.433801794
