,task,distance
0,[0],5701.493921734999
1,[1],1219.162882326
2,[2],0.0
3,[3],50.9828480138
