,task,distance
0,[0],2991.2240710472
1,[1],3936.5505199607
