,task,distance
0,[0],0.0
1,[1],5504.507395153099
2,[2],1368.22837125
3,[3],0.0
4,[4],3255.077003203
