,customer,weight,round,length
0,[],[],0,0.0
1,"[51, 26, 38, 35, 25, 20, 23, 11, 43, 8, 9]","[1, 3, 1, 2, 1, 1, 2, 1, 1, 1, 1]",0,4140.659890842999
2,[],[],0,0.0
3,"[30, 31, 34]","[1, 1, 1]",0,666.5953982737001
4,[],[],0,0.0
