,task,distance
0,"[0, 4]",19632.556701564
1,"[1, 3]",38983.45378493679
2,"[2, 5]",7285.332600925
