,customer,weight,round,length
0,"[114, 66, 106, 23, 47, 124, 1, 7, 60, 6, 148, 42, 59]","[1, 1, 1, 1, 1, 1, 2, 1, 1, 1, 1, 1, 1]",0,14718.827377164
1,"[14, 41, 93, 94, 103, 40, 91, 31]","[1, 1, 3, 1, 2, 1, 1, 1]",0,4520.511020456301
2,[],[],0,0.0
3,[],[],0,0.0
