,task,distance
0,[0],2000008147.1486256
1,[1],0.0
2,[2],2000001637.988999
3,[3],0.0
