,task,distance
0,[0],1662.8609672619
1,[1],0.0
2,[2],13568.069462858
3,[3],56.8164629854
