,task,distance
0,[0],5050.587887344
1,[1],0.0
2,[2],1406.2415299007
3,[3],14532.600913039005
