,task,distance
0,[0],4995.9885777516
1,[1],2462.908543369
2,[2],4629.509077985001
3,[3],0.0
