,customer,weight,round,length
0,"[43, 42]","[1, 1]",0,2212.2203812171997
1,"[23, 12, 49, 10, 8]","[2, 9, 1, 1, 1]",0,2981.7024601050002
