,task,distance
0,[0],1215.26557037
1,[1],3707.714124277
2,[2],3597.7535334379995
3,[3],102.0506550776
4,[4],0.0
