,customer,weight,round,length
0,[],[],0,0.0
1,"[10, 65, 34, 22, 26, 71, 24]","[1, 1, 1, 3, 2, 1, 1]",0,9459.033511578999
2,[62],[1],0,284.420415046
3,[],[],0,0.0
