,customer,weight,round,length
0,"[73, 149, 190, 166, 168, 88, 36, 216, 172, 218, 94, 177, 89]","[1, 1, 1, 2, 1, 1, 2, 1, 1, 1, 1, 1, 1]",0,6413.6728559346
1,"[106, 103, 18, 219, 56, 64, 184, 3, 20, 122, 61, 59]","[1, 1, 1, 1, 1, 1, 4, 1, 1, 1, 1, 1]",0,8856.412714014
2,"[180, 26, 75, 124, 125, 198, 137, 68, 87, 101, 66, 67]","[4, 1, 1, 1, 1, 1, 1, 1, 1, 1, 1, 1]",0,6798.705268715999
3,"[184, 81, 114, 191, 0, 157, 110, 6]","[2, 1, 1, 1, 1, 2, 1, 1]",1,12525.8305585384
4,[],[],1,0.0
5,[],[],1,0.0
