,customer,weight,round,length
0,"[11, 27, 14, 12, 9, 22, 18, 8, 36, 3, 15, 19]","[1, 1, 1, 1, 1, 1, 1, 1, 4, 1, 1, 1]",0,5738.59982383
1,"[42, 7, 10, 33, 20, 35, 38, 32, 41, 5, 28, 23, 6]","[1, 1, 1, 1, 1, 1, 1, 2, 1, 1, 1, 1, 2]",0,4395.956939261
2,"[30, 37, 29, 34, 17, 26, 4, 40, 43, 1, 13, 21]","[1, 4, 1, 1, 1, 1, 1, 1, 1, 1, 1, 1]",0,3837.61050423
3,[],[],1,0.0
4,"[37, 25, 0, 31, 16, 2, 24, 39]","[2, 1, 1, 2, 1, 1, 1, 1]",1,1632.8048043009999
5,[],[],1,0.0
