,customer,weight,round,length
0,"[157, 145, 14, 188, 162, 180, 122, 24, 125, 120, 185]","[2, 1, 2, 1, 1, 1, 2, 1, 1, 2, 1]",0,10223.780498973
1,"[101, 95, 49, 38, 153]","[1, 1, 1, 2, 8]",1,4590.9727370030005
