,customer,weight,round,length
0,"[118, 90, 86, 62, 79, 54, 120, 122, 136, 69, 68, 135, 119]","[1, 1, 1, 1, 1, 1, 1, 2, 1, 1, 2, 1, 1]",0,3039.0442136603997
1,"[63, 64, 66, 73, 149, 72]","[1, 1, 1, 1, 1, 1]",1,3141.2289701500004
