,customer,weight,round,length
0,"[60, 74, 66, 54, 69, 119, 63, 123, 112, 103, 89, 78, 80, 83]","[1, 1, 1, 1, 1, 1, 1, 1, 1, 1, 2, 1, 1, 1]",0,5691.59188472
1,"[110, 115, 97, 96, 113]","[1, 1, 1, 1, 1]",1,2335.537477971
