,task,distance
0,"[0, 2]",9098.858692118
1,"[1, 3]",2000012456.1616573
