,customer,weight,round,length
0,[],[],0,0.0
1,"[0, 50, 56, 11, 17, 48, 22, 21]","[1, 3, 1, 1, 1, 1, 1, 5]",0,4329.654221523
2,[7],[5],0,672.887062986
3,[],[],0,0.0
