,task,distance
0,[0],0.0
1,[1],0.0
2,[2],9623.9830412255
3,[3],618.364993846
4,[4],268.974580648
