,task,distance
0,[0],4902.057326976
1,[1],2782.114472763
