,customer,weight,round,length
0,"[23, 82, 100, 65, 33, 40, 36, 63]","[1, 1, 1, 1, 6, 3, 1, 1]",0,3997.8296157370005
1,"[77, 29, 57, 3, 20]","[1, 2, 1, 4, 1]",1,3301.1959544399997
