,task,distance
0,"[0, 5]",7208.559088408
1,"[1, 6]",3085.6508582140004
2,"[2, 4]",3689.577762908
3,"[3, 7]",2975.9936814225
