,task,distance
0,[0],2223.2548252077004
1,[1],1930.718796305
2,[2],0.0
