,task,distance
0,[0],5775.211611954001
1,[1],526.873984798
2,[2],0.0
