,customer,weight,round,length
0,"[15, 13]","[3, 1]",0,668.928676778
1,[],[],0,0.0
2,[],[],0,0.0
3,"[54, 6, 72, 52, 30, 17, 8, 7, 57]","[2, 2, 1, 1, 3, 1, 3, 1, 1]",0,4299.213258291
