,customer,weight,round,length
0,"[53, 40, 47]","[1, 1, 1]",0,1671.495694834
1,[],[],0,0.0
2,[],[],0,0.0
3,"[49, 71, 19, 46, 0, 5, 3, 41, 4]","[1, 1, 2, 3, 1, 1, 1, 1, 2]",0,3273.5236054889997
