,customer,weight,round,length
0,[],[],0,0.0
1,"[53, 72, 52, 24, 51, 47, 40, 30, 16, 71, 49]","[1, 1, 1, 1, 1, 1, 1, 3, 1, 1, 1]",0,3088.837459817
2,[23],[1],0,246.67253603
3,[],[],0,0.0
