,task,distance
0,[0],0.0
1,[1],3088.837459817
2,[2],246.67253603
3,[3],0.0
