,task,distance
0,[0],0.0
1,[1],2338.3995064662004
2,[2],179.4672805298
3,[3],0.0
