,task,distance
0,[0],1697.448188525
1,[1],0.0
2,[2],211.915718702
3,[3],5950.915657769
