,task,distance
0,[0],11548.242461326
1,[1],8791.1063434451
2,[2],17544.209822926
3,[3],0.0
