,task,distance
0,[0],0.0
1,[1],0.0
2,[2],10064.017724079498
3,[3],2604.77899571
