,customer,weight,round,length
0,[],[],0,0.0
1,[],[],0,0.0
2,"[170, 2, 138, 182, 157, 160, 156, 139, 24, 129, 147]","[1, 2, 1, 1, 2, 1, 2, 2, 1, 1, 1]",0,9058.742605065001
3,"[167, 152, 168]","[1, 6, 7]",0,4020.440484066
4,[12],[2],0,864.074919864
