,task,distance
0,[0],348.245918836
1,[1],14347.322412118
2,[2],0.0
3,[3],3765.7477141
4,[4],0.0
