,task,distance
0,[0],0.0
1,[1],0.0
2,[2],2249.427096751
3,[3],0.0
4,[4],5143.82305483
