,customer,weight,round,length
0,"[49, 26, 86, 60, 83, 22, 23, 64, 35, 34, 82, 33]","[1, 1, 1, 1, 1, 1, 1, 2, 1, 1, 2, 2]",0,2663.2327777052
1,"[8, 9, 13, 38, 11, 10, 7, 42, 31, 20, 17, 32]","[2, 1, 1, 2, 1, 1, 1, 1, 1, 1, 1, 2]",0,2849.3806127669995
2,"[43, 30, 70, 4, 63, 81, 40, 76, 14, 51]","[1, 4, 1, 1, 1, 1, 1, 1, 1, 3]",1,5311.262534831999
3,"[59, 79, 56, 74, 62, 61, 73]","[1, 1, 1, 1, 1, 2, 8]",1,3142.2828371569994
4,[],[],2,0.0
5,"[57, 27, 62, 69, 67, 29]","[2, 1, 1, 1, 1, 1]",2,5927.709319165
