,task,distance
0,[0],9290.222421946
1,[1],0.0
2,[2],132.5386982992
