,customer,weight,round,length
0,"[87, 46, 24, 23, 22, 54, 106, 105, 122, 123, 121]","[1, 1, 1, 1, 1, 1, 1, 2, 2, 1, 2]",0,2000002196.1562877
1,[],[],0,0.0
2,"[129, 63, 8, 7, 115, 61, 148, 142, 6, 145, 143]","[2, 1, 1, 1, 1, 1, 1, 1, 1, 1, 2]",0,2000001772.5905793
3,[],[],0,0.0
4,"[66, 114, 86, 109, 103, 79, 100, 94, 93]","[1, 1, 1, 1, 2, 1, 1, 1, 3]",0,2000005544.5971107
