,task,distance
0,[0],2000005636.6849704
1,[1],9098.858692119002
2,[2],0.0
3,[3],0.0
4,[4],3082.071342522
