,task,distance
0,[0],4995.9885777516
1,[1],5631.697538444
2,[2],9647.15443735
3,[3],0.0
4,[4],0.0
