,customer,weight,round,length
0,"[98, 53, 51, 96, 84]","[1, 1, 3, 4, 1]",0,1430.6498255281
1,[],[],0,0.0
2,[],[],0,0.0
3,"[80, 36, 37, 28, 83, 72, 29, 34, 81]","[2, 1, 1, 1, 1, 1, 1, 1, 3]",0,1600.0943358977001
