,customer,weight,round,length
0,[],[],0,0.0
1,"[45, 26, 48, 63, 62, 49, 61, 17, 44]","[2, 2, 1, 1, 1, 1, 1, 2, 1]",0,2856.5184062419003
2,"[15, 13, 1, 2, 94]","[1, 1, 1, 1, 1]",0,898.5218316993999
3,[],[],0,0.0
