,customer,weight,round,length
0,[],[],0,0.0
1,[],[],0,0.0
2,"[30, 54, 0, 56, 69, 19, 91, 90, 31, 95, 93, 32]","[2, 1, 2, 1, 1, 1, 1, 1, 1, 1, 1, 1]",0,4596.2822334486
3,"[12, 22, 23]","[1, 2, 1]",0,605.975063069
