,task,distance
0,[0],1430.6498255281
1,[1],0.0
2,[2],0.0
3,[3],1600.0943358977
