,task,distance
0,[0],0.0
1,[1],2856.5184062419003
2,[2],898.5218316993999
3,[3],0.0
