,task,distance
0,[0],6519.234760175001
1,[1],2225.765101072
2,[2],5065.114593122599
3,[3],3678.606236336
