,customer,weight,round,length
0,"[209, 207, 19, 111, 181, 204, 8, 101, 151, 188]","[1, 1, 1, 1, 1, 1, 1, 1, 1, 1]",0,3540.0136747900006
1,[],[],0,0.0
2,[],[],0,0.0
3,"[122, 115, 106, 107, 109, 3, 77, 76, 213]","[1, 1, 2, 1, 1, 1, 1, 1, 2]",0,1881.9805610957
4,[],[],0,0.0
