,task,distance
0,[0],0.0
1,[1],0.0
2,[2],3303.8032506910004
3,[3],0.0
4,[4],7674.456784183
