,task,distance
0,[0],3540.013674790001
1,[1],0.0
2,[2],0.0
3,[3],1881.9805610957
4,[4],0.0
