,customer,weight,round,length
0,"[94, 95, 7, 156, 54, 119, 125, 50, 133, 153, 0, 98, 97]","[2, 1, 1, 1, 1, 1, 1, 1, 1, 2, 1, 1, 1]",0,6467.7518765509
1,"[77, 93, 107, 103, 100, 99]","[1, 10, 1, 1, 1, 1]",0,3036.151490178
2,[],[],1,0.0
3,"[14, 67, 91, 148, 71, 42, 160, 60, 59, 93, 87, 88, 89, 147]","[1, 1, 1, 2, 1, 1, 1, 1, 1, 1, 1, 1, 1, 1]",1,7647.4634533280005
