,customer,weight,round,length
0,"[11, 5, 6, 7, 4, 10]","[1, 1, 1, 1, 1, 1]",0,12894.154071140001
1,[],[],0,0.0
2,[1],[13],0,4937.13151708
3,"[12, 3, 2, 9, 0, 8, 1]","[1, 1, 2, 1, 1, 1, 8]",0,8653.93900229
