,customer,weight,round,length
0,"[37, 34, 35, 28, 32, 31, 36]","[1, 2, 2, 5, 2, 1, 2]",0,5768.554880936
1,[35],[15],0,4231.7527569
