,task,distance
0,[0],526.650753628
1,[1],0.0
2,[2],3662.608052062
3,[3],0.0
4,[4],0.0
