,customer,weight,round,length
0,"[35, 103, 14, 116, 5, 46, 48, 56, 55, 120, 123]","[1, 1, 1, 1, 2, 1, 3, 2, 1, 1, 1]",0,4295.572124364
1,"[57, 59, 58, 105, 121, 17, 81, 102, 2]","[1, 1, 2, 2, 1, 2, 1, 4, 1]",0,3411.68426119
2,"[36, 37, 112, 113, 111, 11, 10, 114, 83]","[2, 2, 1, 2, 1, 2, 2, 2, 1]",0,2773.033138872
3,"[28, 99, 100, 78, 77, 31, 7, 8, 125, 65, 6, 66]","[2, 1, 1, 1, 1, 1, 1, 1, 1, 2, 1, 1]",1,7828.7129513830005
4,"[53, 52, 133, 132, 134, 25, 51, 23, 84, 71]","[1, 1, 1, 1, 1, 2, 1, 2, 2, 1]",1,5409.111612625001
5,"[54, 87, 13, 115, 15]","[1, 2, 1, 1, 1]",1,3947.074558678001
