,customer,weight,round,length
0,"[51, 109, 172, 112, 126, 125, 124, 155, 92]","[2, 3, 1, 4, 1, 1, 1, 1, 1]",0,2680.397201051
1,"[130, 50, 128, 85, 108, 125, 48, 166, 95, 94, 121]","[1, 1, 1, 1, 1, 1, 2, 2, 1, 1, 3]",1,4035.3864222688
2,"[164, 24, 14, 84, 129]","[2, 1, 4, 1, 1]",2,2885.9740298789998
