,task,distance
0,"[0, 2]",8775.7862898979
1,"[1, 3]",9867.4201558084
