,task,distance
0,[0],9165.1039637243
1,[1],2592.27419813
2,[2],0.0
