,task,distance
0,[0],206.183651856
1,[1],2719.2818832657
2,[2],2668.0314070563
