,task,distance
0,[0],2633.8915738
1,[1],0.0
2,[2],4798.569314235
