,customer,weight,round,length
0,[20],[15],0,1945.398501012
1,[15],[15],0,980.123486542
2,"[9, 31]","[1, 14]",0,2277.902177243
3,"[24, 25, 17, 18, 22]","[2, 6, 3, 2, 2]",1,1884.6470945195001
4,[24],[15],1,113.844726223
5,"[13, 35, 16, 36, 12, 11, 32, 10, 31]","[3, 1, 3, 1, 2, 2, 1, 1, 1]",1,3232.961456807
6,[25],[8],2,497.744881312
7,"[1, 14, 5, 19, 33, 23]","[2, 2, 1, 2, 1, 2]",2,2142.602972949
8,[],[],2,0.0
