,customer,weight,round,length
0,"[78, 13, 99, 104, 20, 81, 29, 11, 10, 92]","[1, 1, 1, 1, 2, 3, 1, 2, 1, 2]",0,5027.97822038
1,[],[],0,0.0
2,"[103, 39, 51, 37, 69]","[2, 1, 1, 1, 10]",0,5125.592631467
3,"[5, 66, 67, 84, 41, 32, 34, 91]","[1, 1, 1, 2, 1, 1, 1, 2]",0,5255.506937817
