,customer,weight,round,length
0,"[42, 41, 85, 86, 82, 119, 116, 21, 76]","[1, 1, 2, 2, 1, 1, 1, 1, 1]",0,10274.233418205
1,"[70, 37, 153, 7, 173, 99, 100, 91, 3]","[1, 1, 2, 2, 1, 1, 1, 1, 1]",0,9816.908992412798
2,"[58, 28, 165, 187]","[7, 1, 1, 1]",0,9718.680770044
3,[59],[9],0,304.68945783
