,customer,weight,round,length
0,[],[],0,0.0
1,"[193, 194, 170, 110, 104, 109, 121, 116, 119, 115, 187, 188, 28, 165, 127]","[1, 1, 1, 1, 1, 1, 1, 1, 1, 1, 1, 1, 1, 1, 1]",0,2000012091.9869413
2,"[92, 111, 106]","[1, 1, 1]",0,828.8072970970001
3,[],[],0,0.0
