,task,distance
0,[0],12767.401620789004
1,[1],0.0
2,[2],0.0
3,[3],2000005776.3549192
