,customer,weight,round,length
0,[20],[15],0,909.381377318
1,"[32, 12, 36, 17, 25]","[1, 2, 1, 3, 8]",1,2653.957154197
2,"[33, 1]","[1, 2]",2,2412.911646362
