,customer,weight,round,length
0,[],[],0,0.0
1,[],[],0,0.0
2,[],[],0,0.0
3,"[156, 85, 58, 67, 40, 19, 88, 44, 135, 122, 137]","[1, 1, 1, 1, 1, 1, 1, 1, 3, 1, 3]",0,4797.653593327
4,[136],[1],0,133.4840945196
