,task,distance
0,[0],0.0
1,[1],0.0
2,[2],0.0
3,[3],4797.653593327
4,[4],133.4840945196
