,customer,weight,round,length
0,"[101, 23, 2, 12, 1, 0, 77]","[2, 3, 1, 2, 2, 2, 3]",0,1993.3560661370002
1,"[134, 8, 11, 9, 66, 99, 87, 24, 75, 129, 76]","[3, 1, 1, 2, 1, 1, 2, 1, 1, 1, 1]",1,2852.0508674811003
2,"[80, 131, 55, 56, 30, 67, 10, 66, 149]","[3, 2, 1, 2, 3, 1, 1, 1, 1]",2,4303.43372612
