,customer,weight,round,length
0,"[14, 116, 34, 97, 128, 38, 35, 19, 61, 2, 53]","[1, 1, 2, 1, 1, 2, 1, 1, 1, 1, 1]",0,5976.1929557739
1,"[74, 28, 5, 40, 41]","[1, 1, 3, 3, 1]",0,2891.896122518
