,customer,weight,round,length
0,"[128, 97, 34, 98]","[1, 1, 2, 2]",0,955.7107524996001
1,"[37, 38, 106, 62, 23, 95, 68, 42, 124, 27, 99]","[2, 2, 1, 2, 1, 2, 1, 1, 1, 1, 1]",0,3786.071410948
