,customer,weight,round,length
0,"[210, 156, 84, 101, 187, 1, 89, 93, 92, 178, 108, 10, 117, 19]","[1, 1, 2, 1, 1, 1, 1, 1, 1, 1, 1, 1, 1, 1]",0,8948.819241645
1,"[139, 42, 64, 66, 186, 68, 8, 113, 166, 147, 211, 194, 195, 185, 184]","[1, 1, 1, 1, 1, 1, 1, 1, 1, 1, 1, 1, 1, 1, 1]",1,7150.351387366601
2,"[204, 164, 47, 109, 115, 112, 207, 143, 40, 36, 58, 71, 174, 106]","[1, 1, 1, 1, 1, 1, 1, 1, 1, 1, 2, 1, 1, 1]",2,5595.7748607402
3,"[107, 16, 151, 105, 199, 171, 120, 119, 181, 182, 34, 121]","[1, 1, 1, 1, 1, 2, 1, 1, 2, 1, 1, 2]",3,3686.1978939139995
4,"[153, 131, 132, 55]","[1, 2, 1, 1]",4,2968.556421683
