,customer,weight,round,length
0,"[95, 96, 73, 50, 100, 83, 156, 149, 9, 116, 126, 3, 72]","[1, 1, 1, 1, 1, 1, 1, 2, 1, 1, 1, 2, 1]",0,8290.696570655
1,"[61, 183, 7, 180, 80, 141, 67, 69, 175, 176, 62, 212, 210, 209]","[1, 1, 2, 1, 1, 1, 1, 1, 1, 1, 1, 1, 1, 1]",1,6584.345321014299
2,"[205, 165, 203, 35, 5, 6, 26, 196, 111, 110, 179]","[1, 1, 2, 1, 2, 1, 1, 2, 1, 1, 2]",2,5086.8088275166
3,"[4, 168, 104, 151, 173, 135, 136, 160, 159, 57, 59, 33]","[1, 1, 2, 1, 1, 1, 1, 2, 1, 1, 1, 2]",3,7981.299189514701
4,"[154, 122, 188, 15, 198, 197, 51]","[3, 1, 1, 6, 1, 1, 2]",4,7760.132502105
5,"[189, 82]","[5, 2]",5,6766.049561924
