,customer,weight,round,length
0,[],[],0,0.0
1,[],[],0,0.0
2,[],[],0,0.0
3,[97],[1],0,130.0819517692
4,"[92, 85, 119, 8, 7, 81, 5]","[1, 1, 1, 1, 1, 1, 3]",0,16725.349267121
