,task,distance
0,[0],3474.737678224
1,[1],3238.31957752
2,[2],1079.703284788
3,[3],3325.2695837848005
