,customer,weight,round,length
0,"[7, 30, 265, 161, 120, 160, 159, 122]","[1, 2, 2, 2, 1, 1, 1, 1]",0,2000014021.2941675
1,"[74, 46, 261, 201, 203, 263, 76, 20, 88, 269]","[2, 1, 1, 1, 2, 1, 3, 2, 1, 1]",0,2000002554.5558088
2,"[196, 69, 245, 176, 59, 177, 41, 84, 118, 182, 185]","[2, 1, 1, 2, 1, 1, 1, 2, 1, 1, 2]",0,2000007192.1622362
3,[],[],0,0.0
4,"[153, 233, 67, 189, 192, 70, 33, 210, 91]","[1, 1, 1, 2, 2, 1, 1, 1, 1]",0,2000003772.2549264
