,task,distance
0,[0],978.15997829
1,[1],1187.391591789
2,[2],0.0
3,[3],0.0
