,customer,weight,round,length
0,"[71, 72, 74, 111, 107, 12, 36, 35, 128, 129, 0, 52, 21, 59]","[2, 1, 1, 1, 1, 1, 1, 1, 1, 1, 1, 1, 1, 1]",0,9284.477774902998
1,"[25, 80, 49, 32, 33, 34, 15, 23, 22, 87, 89, 47, 97, 78]","[1, 1, 1, 1, 2, 1, 1, 1, 1, 1, 1, 1, 1, 1]",0,8232.083446145702
2,"[44, 8, 69]","[6, 3, 6]",1,3735.075742586
3,[69],[15],1,742.495879244
4,"[92, 122, 120, 115, 65, 44]","[2, 2, 1, 1, 1, 6]",2,6872.239020393001
5,[44],[6],2,1316.610209248
