,customer,weight,round,length
0,[69],[15],0,742.495879244
1,"[98, 69]","[9, 6]",0,1497.802328776
2,[44],[15],1,1316.610209248
3,"[98, 44]","[12, 3]",1,2071.91665878
4,"[25, 110, 111, 112, 90, 70, 10, 74, 76, 73, 72, 71]","[1, 2, 1, 1, 2, 1, 1, 1, 1, 1, 1, 2]",2,5139.6553243938015
5,"[81, 60, 24, 51, 109, 8, 123, 44]","[1, 1, 1, 2, 2, 3, 2, 3]",2,9910.185730325
6,"[122, 92, 28, 120, 115, 93, 65, 95, 66]","[2, 2, 2, 1, 1, 2, 1, 1, 2]",3,7303.472507490999
7,"[107, 21, 59, 19]","[1, 1, 1, 2]",3,7310.073844711
