,task,distance
0,"[0, 3, 4, 7]",15264.141707128801
1,"[1, 2, 5, 6]",20028.07077584
