,task,distance
0,[0],7691.475816052699
1,[1],0.0
2,[2],4349.5957273237
