,task,distance
0,"[0, 4]",6178.9016042537
1,"[1, 6]",7778.858770483001
2,"[2, 5]",4903.557551864999
3,"[3, 7]",4170.775257972
