,customer,weight,round,length
0,"[52, 48, 165, 81, 34, 97, 31, 196, 123, 10, 85, 190, 189, 117]","[2, 1, 1, 1, 1, 1, 1, 1, 1, 1, 1, 1, 1, 1]",0,13201.359849279197
1,"[23, 131, 174, 179, 180, 59]","[1, 1, 1, 2, 1, 1]",1,7680.226445466
