,task,distance
0,"[0, 4, 9]",4845.044781512001
1,"[1, 6, 9]",4587.536056583
2,"[2, 7, 8]",4506.127174789
3,"[3, 5, 10]",5451.8528025119995
