,task,distance
0,"[0, 7, 11]",14735.913242036999
1,"[1, 6, 10]",9206.291349963001
2,"[2, 4, 9]",9231.693598859501
3,"[3, 5, 8]",16130.974449229001
