,customer,weight,round,length
0,[],[],0,0.0
1,"[51, 22, 26, 11, 42, 69, 30, 31]","[3, 1, 1, 1, 1, 1, 4, 1]",0,5096.42081733
2,"[40, 56, 62, 61]","[1, 1, 2, 2]",0,1661.5956562489998
3,[],[],0,0.0
4,[],[],0,0.0
