,customer,weight,round,length
0,"[27, 88, 90, 43, 42, 68, 114, 65, 39, 23]","[1, 1, 1, 1, 1, 1, 3, 3, 2, 1]",0,4646.329063334
1,"[25, 3, 11, 121, 45, 69]","[1, 4, 3, 1, 3, 1]",1,5244.819590213001
