,customer,weight,round,length
0,"[42, 8]","[14, 1]",0,959.5502418639999
1,"[26, 3, 24, 22, 34, 15, 46, 48, 37, 27, 35, 43]","[1, 2, 2, 1, 2, 1, 1, 1, 1, 1, 1, 1]",0,3332.5751559520004
2,"[53, 36, 31]","[1, 1, 1]",1,3222.507489247
3,[],[],1,0.0
