,customer,weight,round,length
0,"[42, 31, 24, 8]","[11, 1, 2, 1]",0,1924.099083688
1,"[43, 35, 27, 36, 37, 53, 48, 46, 15, 34, 22, 3, 26]","[1, 1, 1, 1, 1, 1, 1, 1, 1, 2, 1, 2, 1]",0,3595.659942617
2,[],[],1,0.0
3,[42],[3],1,445.234033024
