,task,distance
0,[0],0.0
1,[1],3650.9930873224
2,[2],5042.808409431001
