,task,distance
0,[0],5221.074853862
1,[1],1404.924256389
2,[2],6719.612387063
