,task,distance
0,[0],0.0
1,[1],4316.089208342
2,[2],4261.918344364
3,[3],105.890646086
