,customer,weight,round,length
0,"[109, 197, 92, 136, 133, 131, 110, 160, 138, 190]","[1, 1, 1, 2, 2, 2, 1, 2, 2, 1]",0,4409.605243135
1,"[172, 17, 106, 143, 115, 187, 93, 205, 31]","[2, 1, 1, 1, 1, 1, 1, 6, 1]",0,3569.050765
2,"[162, 124, 71, 101, 180, 77, 72, 75, 122, 158]","[1, 1, 1, 1, 1, 1, 2, 1, 1, 5]",0,6967.322488273
3,"[97, 11, 98, 0, 99, 44, 47, 48, 195, 65, 7, 6]","[1, 1, 1, 1, 1, 1, 2, 1, 1, 3, 1, 1]",0,3155.6213160439997
