,task,distance
0,"[0, 4]",3538.8911665705004
1,"[1, 6]",9136.1165797262
2,"[2, 5]",3433.5546874320003
3,"[3, 7]",2305.406963927
