,task,distance
0,[0],9560.765542959
1,[1],15381.377008296002
