,CID,TTDDemd
0,44546,2.10714006424
1,45685,4.2142701149
2,61715,2.10714006424
