,task,distance
0,[0],3691.4029204407
1,[1],3840.4169154116
2,[2],0.0
3,[3],4736.19571723
