,task,distance
0,[0],4287.737219739301
1,[1],0.0
2,[2],2459.619780523
3,[3],4769.424931588499
