,task,distance
0,"[0, 3]",3742.931116047
1,"[1, 2]",6110.985452172001
