,task,distance
0,"[0, 3]",3022.3617793163
1,"[1, 2]",7579.839324741
