,customer,weight,round,length
0,"[34, 91, 88, 90, 67, 27]","[2, 3, 4, 2, 1, 3]",0,4288.089692237
1,"[29, 44, 79, 28, 24, 31, 9, 63]","[2, 1, 1, 1, 1, 1, 3, 1]",1,4715.329513680001
