,customer,weight,round,length
0,"[87, 33, 48, 73, 21, 40, 57, 58, 59, 60]","[4, 1, 2, 1, 1, 1, 1, 1, 2, 1]",0,5099.0955047971
1,"[70, 41, 46, 12]","[1, 1, 1, 1]",1,2832.921657695
