,task,distance
0,[0],2250.4597323305
1,[1],97.7335717642
2,[2],0.0
