,customer,weight,round,length
0,"[87, 43, 113, 121, 54, 120, 101, 103, 102]","[1, 1, 1, 1, 1, 3, 1, 2, 4]",0,2653.2967638950004
1,"[0, 1, 5, 39, 15, 121, 109, 37, 118, 52, 99]","[1, 2, 1, 2, 1, 2, 2, 1, 1, 1, 1]",1,3225.3343396359996
2,"[75, 93]","[1, 1]",2,3163.86899465
