,customer,weight,round,length
0,"[103, 101, 76, 55, 58, 7, 88, 87, 15, 75, 72, 34]","[2, 1, 1, 1, 1, 1, 1, 1, 1, 1, 1, 3]",0,4146.758548268
1,"[94, 86, 60, 35, 99, 118, 81, 79, 121]","[1, 1, 1, 1, 1, 1, 1, 1, 3]",1,3525.3880759999997
