,customer,weight,round,length
0,"[16, 33, 32, 31, 30, 48, 147, 35]","[2, 1, 2, 1, 1, 1, 1, 6]",0,5743.196608036999
1,[35],[15],1,2884.33920918
2,[35],[15],2,2884.33920918
3,"[43, 92]","[1, 14]",3,3722.315056332
4,"[74, 63, 50, 36, 49, 132, 161, 163, 12, 54]","[1, 1, 2, 2, 2, 1, 3, 1, 1, 1]",4,5452.867055692001
5,[186],[1],5,2162.43745568
