,customer,weight,round,length
0,"[12, 138, 161, 164, 87, 163, 56, 37, 54]","[1, 1, 5, 2, 1, 1, 2, 1, 1]",0,2945.1540664705003
1,"[186, 162, 85, 24, 41, 49, 140, 129, 15, 176, 160]","[1, 1, 1, 3, 1, 2, 1, 2, 1, 1, 1]",1,4203.196056010201
2,"[28, 39]","[1, 1]",2,3392.9661344379997
