,customer,weight,round,length
0,"[6, 89, 92, 94, 93, 85, 84, 78, 110, 109]","[1, 1, 2, 1, 1, 1, 2, 4, 1, 1]",0,2000002424.9106302
1,"[131, 72, 83, 97, 99, 100, 77, 121, 122, 1, 125, 63]","[1, 1, 1, 1, 1, 1, 3, 1, 2, 1, 1, 1]",0,2000003756.6139936
2,[],[],1,0.0
3,"[108, 107, 98, 106, 120, 31, 30, 118, 16, 14]","[1, 1, 1, 3, 1, 2, 2, 1, 1, 1]",1,2000003003.3303883
