,customer,weight,round,length
0,"[103, 69, 30, 119, 1, 22, 125, 67, 92, 94, 15]","[1, 2, 2, 1, 1, 1, 1, 1, 2, 1, 2]",0,3798.503623197
1,"[99, 98, 121, 106, 78, 108, 83, 72, 131, 110]","[1, 1, 1, 3, 4, 1, 1, 1, 1, 1]",0,2000002242.6104863
2,"[10, 56, 6, 63, 46, 4, 31, 42, 49, 34, 35]","[1, 2, 1, 1, 2, 1, 2, 2, 1, 1, 1]",1,2000004121.9358237
3,[],[],1,0.0
