,customer,weight,round,length
0,"[102, 33, 22, 2, 119, 54, 48, 128, 84, 85, 49]","[1, 2, 1, 2, 1, 2, 1, 1, 2, 1, 1]",0,2481.796322492
1,"[66, 67, 65, 81, 104, 32, 103, 69, 34, 40, 35, 5]","[1, 1, 1, 3, 1, 1, 1, 2, 1, 1, 1, 1]",0,1944.1433112259
2,"[58, 68, 10, 92, 94, 93, 15, 125, 46, 4, 1]","[1, 2, 1, 2, 1, 1, 2, 1, 2, 1, 1]",1,3954.1169956534004
3,"[78, 83, 99, 42, 100, 29, 31, 30, 118]","[4, 1, 1, 2, 1, 1, 2, 2, 1]",1,3069.2504228315
4,"[77, 121, 122, 56, 89, 14, 16]","[3, 1, 2, 2, 1, 1, 1]",2,3685.8548996769996
5,"[98, 45, 120, 106, 97, 107, 108, 72, 131, 8]","[1, 3, 1, 3, 1, 1, 1, 1, 1, 2]",2,3031.9097432063004
