,task,distance
0,[0],3436.716321648
1,[1],536.725513988
