,customer,weight,round,length
0,[],[],0,0.0
1,"[41, 33, 38, 9]","[5, 4, 1, 1]",0,5135.475091339
2,[35],[15],0,88.9793889798
3,[35],[4],0,88.9793889798
4,[],[],0,0.0
