,task,distance
0,[0],3572.291202975
1,[1],787.644974366
2,[2],0.0
3,[3],0.0
4,[4],1578.819393241
