,task,distance
0,[0],13103.204557116998
1,[1],0.0
2,[2],3524.658899859
