,task,distance
0,"[0, 3, 4]",7062.959386355999
1,"[1, 2, 5]",9838.117621178
