,customer,weight,round,length
0,"[145, 64, 108, 28, 107, 63, 308, 294, 211, 160, 159, 70]","[2, 2, 1, 1, 1, 1, 2, 1, 1, 1, 1, 1]",0,25604.0957624649
1,"[12, 93, 143, 46, 263, 267, 260, 296, 124, 102, 306]","[3, 2, 1, 1, 1, 2, 1, 1, 1, 1, 1]",1,4370.8820528845
2,"[22, 238, 98, 97, 52, 241, 235, 277, 190, 282, 14, 15]","[1, 2, 1, 1, 2, 1, 1, 1, 1, 2, 1, 1]",2,5881.2118821327995
3,"[113, 169, 165, 164, 297, 288, 79, 280, 281, 208]","[5, 1, 1, 1, 1, 2, 1, 1, 1, 1]",3,6761.7746352126
4,"[55, 309, 220, 219, 252, 251, 39, 174]","[1, 1, 1, 1, 2, 1, 1, 1]",4,7027.542799152998
