,task,distance
0,[0],0.0
1,[1],0.0
2,[2],9198.3647251291
3,[3],0.0
4,[4],161.429955069
