,customer,weight,round,length
0,"[5, 60, 66, 28, 136, 86, 181]","[1, 1, 1, 1, 1, 2, 1]",0,10982.631954012999
1,[],[],0,0.0
2,"[100, 102, 117, 158, 157, 220, 97, 16, 114, 214, 112, 47]","[1, 1, 1, 1, 1, 2, 1, 2, 1, 2, 1, 1]",0,8988.528418326001
3,[],[],0,0.0
