,task,distance
0,[0],0.0
1,[1],161.429955069
2,[2],8872.7459499331
3,[3],0.0
