,customer,weight,round,length
0,"[17, 18]","[1, 1]",0,245.4689894823
1,[],[],0,0.0
2,"[52, 8, 24, 23, 15, 16]","[1, 2, 1, 1, 1, 1]",0,625.8075339697999
3,[],[],0,0.0
4,"[29, 50]","[1, 1]",0,457.000922642
