,task,distance
0,[0],5685.286235931001
1,[1],448.158073804
2,[2],0.0
3,[3],0.0
4,[4],0.0
