,task,distance
0,[0],0.0
1,[1],3875.3639065510006
2,[2],3080.0482915455004
3,[3],0.0
4,[4],0.0
