,customer,weight,round,length
0,"[12, 54, 6, 35, 45, 68, 53, 26, 66, 17, 19]","[3, 1, 1, 2, 1, 1, 1, 1, 1, 1, 2]",0,7451.3991053770005
1,[],[],0,0.0
2,"[21, 38]","[2, 1]",0,415.51159915870005
3,[],[],0,0.0
