,task,distance
0,[0],7451.399105377
1,[1],0.0
2,[2],415.5115991587001
3,[3],0.0
