,customer,weight,round,length
0,"[36, 23, 22, 34, 20, 21]","[1, 1, 3, 6, 2, 2]",0,985.3434157198001
1,"[19, 29, 13, 2, 32, 6, 33, 24, 8, 9]","[1, 1, 1, 2, 1, 1, 1, 1, 4, 2]",0,2602.8228493686993
2,"[11, 27, 1, 7, 0, 4, 30, 25, 26, 31]","[1, 1, 1, 1, 1, 1, 2, 2, 1, 2]",1,2434.3212172830004
3,"[10, 18]","[3, 1]",1,2164.920971612
