,task,distance
0,"[0, 2]",3419.6646330018
1,"[1, 3]",4510.6485121319
