,task,distance
0,"[0, 2]",3419.6646330028
1,"[1, 3]",4767.7438209807
