,customer,weight,round,length
0,"[69, 67, 141, 180, 80, 7, 175, 62, 212, 210, 156, 83]","[1, 1, 1, 1, 1, 2, 1, 1, 1, 2, 2, 1]",0,4283.729433022299
1,"[126, 116, 9, 149, 3, 72, 100, 50, 73, 183, 61, 95, 96]","[1, 1, 1, 2, 2, 1, 1, 1, 1, 1, 1, 1, 1]",0,8181.844865702999
2,"[179, 26, 196, 110, 111, 168, 4, 5, 6, 35, 205, 176]","[2, 1, 2, 1, 1, 1, 1, 2, 1, 1, 1, 1]",1,5850.288061492601
3,"[165, 203, 104, 173, 135, 136, 160, 159, 57, 59, 33]","[1, 2, 2, 1, 1, 1, 2, 1, 1, 1, 2]",1,6142.9601556287
4,[],[],2,0.0
5,"[55, 131, 132, 153, 16, 151, 120, 119, 181, 182]","[1, 2, 1, 1, 1, 2, 1, 1, 2, 1]",2,8194.714847984998
