,customer,weight,round,length
0,"[34, 62, 70, 39, 83, 85]","[1, 1, 3, 2, 1, 1]",0,2628.8929816966997
1,"[85, 55, 65, 21, 68, 73, 31, 72]","[1, 3, 1, 2, 2, 2, 1, 3]",0,4832.568024738201
