,customer,weight,round,length
0,"[39, 83, 60, 84, 82, 30, 29, 90, 31, 73, 81]","[2, 1, 2, 1, 1, 1, 1, 1, 1, 2, 2]",0,3238.6246667545
1,"[75, 76]","[3, 2]",0,386.39144225020004
