,task,distance
0,[0],3238.6246667545
1,[1],386.3914422502
