,task,distance
0,[0],1365.018623287
1,[1],3916.8633635901992
