,task,distance
0,"[0, 5]",9078.7842557046
1,"[1, 7]",6425.665861211
2,"[2, 4]",8854.906159823
3,"[3, 6]",9097.534483922
