,task,distance
0,"[0, 6]",4882.47937363
1,"[1, 7]",4280.824783395
2,"[2, 5]",4327.680093412
3,"[3, 4]",4591.882781892
