,task,distance
0,"[0, 7]",6910.1757387496
1,"[1, 6]",8274.191445298999
2,"[2, 5]",6834.630983564
3,"[3, 4]",8640.706855581
