,task,distance
0,"[0, 3]",3842.4272531656998
1,"[1, 2]",2979.4996652582004
