,customer,weight,round,length
0,[],[],0,0.0
1,"[122, 92, 79, 183, 49, 52, 77, 86, 9]","[1, 2, 1, 1, 1, 1, 1, 1, 1]",0,11193.492620478
2,[],[],0,0.0
3,"[31, 7, 143, 107, 179, 131, 133, 10]","[1, 1, 1, 1, 2, 1, 1, 1]",0,9060.857973925
