,task,distance
0,[0],6072.812828184001
1,[1],0.0
2,[2],1446.448445941
3,[3],9441.793873738
