,customer,weight,round,length
0,[],[],0,0.0
1,"[122, 68, 75, 141, 55, 54, 166, 52, 168]","[1, 1, 1, 1, 1, 1, 1, 3, 2]",0,12055.605197717
2,[],[],0,0.0
3,[],[],0,0.0
4,"[161, 103, 41, 42, 19, 59, 60, 123, 58, 63, 80, 62, 81]","[1, 1, 1, 1, 1, 1, 1, 1, 1, 1, 2, 2, 1]",0,3387.216707975
