,customer,weight,round,length
0,[],[],0,0.0
1,"[151, 152, 150, 112, 65, 9, 83, 90, 29, 17, 115, 92]","[1, 1, 1, 1, 1, 1, 1, 1, 1, 2, 2, 1]",0,9542.118376855002
2,"[176, 177, 70, 165, 18, 51, 53, 44, 110]","[1, 1, 1, 1, 1, 1, 1, 1, 1]",0,7065.875240158
3,[],[],0,0.0
4,[],[],0,0.0
