,task,distance
0,[0],0.0
1,[1],19376.003642840005
2,[2],0.0
3,[3],4568.356708090901
4,[4],0.0
