,customer,weight,round,length
0,[],[],0,0.0
1,"[96, 95, 97]","[1, 2, 2]",0,549.9846379558
2,[],[],0,0.0
3,"[37, 78, 35, 69, 109, 39, 71, 99, 38, 36]","[3, 2, 2, 1, 1, 1, 1, 1, 1, 2]",0,5645.661014916
4,[],[],0,0.0
