,customer,weight,round,length
0,"[38, 69, 36]","[1, 1, 2]",0,834.613115591
1,[],[],0,0.0
2,[],[],0,0.0
3,"[68, 45, 33, 9, 107, 115, 51, 52, 12, 86]","[1, 4, 1, 1, 1, 2, 1, 1, 1, 1]",0,6833.76899886
4,[],[],0,0.0
