,customer,weight,round,length
0,[],[],0,0.0
1,"[62, 116, 115]","[1, 1, 2]",0,705.969065391
2,[],[],0,0.0
3,[],[],0,0.0
4,"[59, 48, 107, 106, 94, 98, 105, 26, 9, 5]","[2, 1, 1, 1, 2, 2, 1, 2, 1, 1]",0,3099.92726227
