,task,distance
0,[0],0.0
1,[1],705.969065391
2,[2],0.0
3,[3],0.0
4,[4],3099.92726227
