,task,distance
0,[0],5742.228764485001
1,[1],3406.844078394
2,[2],0.0
