,task,distance
0,[0],2396.4058795443
1,[1],1855.7950697652
2,[2],0.0
3,[3],16948.691629245
4,[4],1304.5761911231
