,task,distance
0,[0],3316.221929341
1,[1],1179.637084232
2,[2],3092.749442746501
3,[3],18381.9280338122
4,[4],232.216680352
