,task,distance
0,[0],1381.77066991
1,[1],1471.185897869
2,[2],912.513083488
3,[3],638.6598825010001
4,[4],0.0
