,customer,weight,round,length
0,[],[],0,0.0
1,"[18, 50, 57, 40, 78, 96, 35, 90, 45]","[1, 1, 1, 1, 1, 1, 2, 1, 1]",0,5780.801106742001
2,"[99, 94, 95]","[1, 1, 10]",0,2033.052375064
