,customer,weight,round,length
0,"[49, 67]","[5, 8]",0,788.8719649
1,"[49, 28, 16, 93, 67]","[2, 1, 9, 1, 1]",0,2935.584911359
2,"[100, 44, 34, 98, 33, 39, 42]","[8, 1, 1, 1, 1, 2, 1]",0,5798.068993382
