,customer,weight,round,length
0,"[17, 19, 72, 28, 59, 77, 35, 34, 9, 94]","[1, 1, 2, 1, 2, 3, 2, 1, 1, 1]",0,4304.2395172634
1,[16],[9],0,112.9063522222
2,[95],[10],0,133.1587238112
