,task,distance
0,[0],2029.1205559414
1,[1],3696.9824686058
2,[2],0.0
