,customer,weight,round,length
0,"[17, 100, 78, 93, 95, 90, 85, 81, 31, 37]","[2, 1, 1, 1, 1, 1, 1, 1, 3, 3]",0,7081.582162507999
1,"[60, 25, 108, 15]","[1, 1, 1, 3]",1,4192.501454375
