,task,distance
0,[0],0.0
1,[1],2000002019.787011
2,[2],0.0
3,[3],284.261150894
4,[4],0.0
