,task,distance
0,[0],5164.394843937001
1,[1],12869.531294263
2,[2],0.0
3,[3],0.0
4,[4],0.0
