,customer,weight,round,length
0,"[64, 47, 63, 42, 20, 44, 45, 34]","[1, 3, 3, 1, 1, 1, 2, 2]",0,6395.067668094999
1,[],[],0,0.0
2,"[40, 17, 32, 66]","[1, 11, 1, 2]",0,3016.725866859
3,[],[],0,0.0
4,[],[],0,0.0
