,customer,weight,round,length
0,"[5, 4, 9, 10, 0, 3, 1, 6]","[1, 1, 1, 1, 2, 1, 1, 1]",0,550.129109252
1,"[13, 2, 17, 8, 14, 15, 11, 12, 7, 16]","[1, 2, 1, 1, 1, 1, 1, 1, 1, 1]",0,522.585211543
