,task,distance
0,[0],2460.762128652
1,[1],4101.8862286094
