,customer,weight,round,length
0,"[63, 188, 185, 186, 227, 187]","[2, 2, 2, 1, 5, 1]",0,2939.8921787712
1,"[66, 84, 83, 118, 182, 181, 64, 65]","[1, 2, 1, 1, 1, 3, 2, 2]",0,1345.9696452927
2,"[177, 140, 106, 107, 73, 43, 192, 231, 19, 77, 41]","[1, 1, 2, 1, 2, 1, 2, 1, 1, 2, 1]",0,39040.70208136139
