,task,distance
0,[0],0.0
1,[1],4140.490933442999
2,[2],37803.160343938
