,task,distance
0,[0],0.0
1,[1],2210.143157421
2,[2],4993.115902356
