,customer,weight,round,length
0,"[37, 42, 48, 41, 47, 43, 38, 40, 54, 62, 39]","[1, 1, 1, 1, 1, 2, 1, 2, 1, 3, 1]",0,2276.8367117434
1,"[49, 35, 14, 72, 34, 87, 44, 46, 60]","[2, 1, 2, 1, 2, 2, 2, 1, 2]",0,2250.8887276135
2,"[14, 13, 51, 71, 16, 5, 1, 3, 4, 74, 76, 63]","[2, 2, 1, 1, 1, 1, 1, 2, 1, 1, 1, 1]",1,5001.45488571
3,"[26, 29, 91, 67, 83, 66, 64, 21, 22, 23, 96]","[1, 1, 1, 3, 2, 1, 2, 1, 1, 1, 1]",1,4533.9365594553
4,"[31, 50, 81, 0, 9, 19, 8, 79, 52]","[1, 1, 1, 1, 1, 1, 1, 2, 1]",2,9214.460749600401
5,"[83, 89, 90, 92, 11]","[2, 1, 1, 1, 1]",2,4852.864476258001
