,customer,weight,round,length
0,"[204, 37, 34, 33, 97, 98, 31, 7, 9, 190, 189, 148, 187, 117]","[1, 1, 1, 1, 1, 2, 1, 1, 1, 1, 1, 1, 1, 1]",0,4170.9972163987995
1,"[6, 200, 85, 87, 194, 110, 10, 192, 55, 122, 123, 120, 108, 185, 184]","[1, 1, 1, 1, 1, 1, 1, 1, 1, 1, 1, 1, 1, 1, 1]",0,11320.060006802
2,"[130, 128, 81, 102, 80, 21, 111, 44, 162, 167, 166, 165]","[1, 1, 1, 1, 1, 1, 1, 4, 1, 1, 1, 1]",0,2283.2476740634
3,"[116, 42, 41, 195, 196, 43, 94, 145, 147, 146, 40, 49, 113, 75, 74]","[1, 1, 1, 1, 1, 1, 1, 1, 1, 1, 1, 1, 1, 1, 1]",0,4140.3362822415
4,"[23, 173, 84, 131, 132, 79, 149, 63, 66, 82, 157, 174, 175, 154, 153]","[1, 1, 1, 1, 1, 1, 1, 1, 1, 1, 1, 1, 1, 1, 1]",1,5047.053043072
5,"[164, 50, 48, 160, 138, 139, 177, 163, 129]","[1, 1, 1, 1, 1, 1, 1, 1, 1]",1,2520.4640924236996
6,"[77, 45, 179, 61, 62, 99, 57, 52]","[1, 1, 2, 2, 5, 1, 1, 2]",1,5121.534073521099
7,"[141, 60, 59, 180, 183, 182, 58, 1, 51]","[2, 2, 1, 1, 1, 2, 3, 2, 1]",1,4828.763552367601
