,task,distance
0,"[0, 5, 13, 16]",3656.2753894948
1,"[1, 9, 14, 15]",5026.5598267718005
2,"[2, 6, 12, 18]",3058.4956867247
3,"[3, 8, 10, 17]",679.2538210652999
4,"[4, 7, 11, 19]",457.648965892
