,task,distance
0,[0],0.0
1,[1],663.427770078
2,[2],3122.940791052001
3,[3],4290.758227064
4,[4],0.0
