,task,distance
0,[0],27470.612733597
1,[1],1494.253305318
2,[2],10971.741739729
3,[3],8959.26554651
4,[4],12360.733226228
