,task,distance
0,"[0, 3]",6855.08257796
1,"[1, 2]",5299.766151801
