,customer,weight,round,length
0,"[160, 185, 95, 143, 142, 140, 141]","[1, 1, 1, 1, 4, 5, 2]",0,4264.293597726
1,"[110, 75, 99, 98, 97, 132, 107]","[2, 2, 4, 2, 2, 1, 2]",0,3969.175973207
2,"[1, 111, 70, 103, 180, 113]","[1, 2, 4, 4, 2, 2]",0,3762.1257628070002
3,"[6, 9, 129, 145, 34, 120, 163]","[1, 1, 1, 1, 1, 1, 9]",1,4121.828914961
4,[151],[1],1,121.6398793128
5,"[59, 178, 179, 177, 201, 193, 195, 10, 28, 26, 24]","[1, 1, 1, 1, 1, 2, 1, 1, 1, 2, 3]",1,3366.4169419839995
