,task,distance
0,"[0, 5]",3478.9237419830997
1,"[1, 3]",4335.2742528668
2,"[2, 4]",3857.597290005
