,customer,weight,round,length
0,"[23, 14, 40, 11, 15, 37]","[1, 2, 1, 1, 7, 1]",0,5351.931198300999
1,"[6, 7, 24, 27]","[2, 1, 1, 1]",0,2377.207301296
2,[],[],0,0.0
3,[],[],0,0.0
4,[],[],0,0.0
