,customer,weight,round,length
0,"[9, 12, 41, 37, 25, 40]","[1, 1, 1, 1, 1, 1]",0,4983.9254798209995
1,[],[],0,0.0
2,"[15, 36, 18, 11]","[7, 1, 1, 1]",0,2066.566639454
3,[],[],0,0.0
4,[],[],0,0.0
