,customer,weight,round,length
0,"[2, 72, 19, 67, 75, 66, 68, 16, 18, 63, 11, 62, 49, 17, 20]","[1, 1, 1, 1, 1, 1, 1, 1, 1, 1, 1, 1, 1, 1, 1]",0,2103.2317893179998
1,"[70, 1, 69, 36, 21, 59, 10, 51, 34, 15]","[2, 1, 1, 2, 1, 2, 1, 2, 2, 1]",1,2057.2969560029997
2,"[37, 28, 35, 61, 50, 5, 36, 31, 73, 71]","[1, 1, 1, 1, 2, 1, 1, 1, 3, 3]",2,779.339553915
