,customer,weight,round,length
0,"[112, 127, 77, 124, 19, 75, 105, 46, 85, 84, 136, 81]","[1, 1, 1, 1, 1, 1, 3, 1, 1, 1, 2, 1]",0,6321.7147781657995
1,"[49, 98, 27, 61, 50, 96]","[1, 1, 1, 3, 1, 2]",1,7242.206287313
