,customer,weight,round,length
0,[30],[15],0,305.339943948
1,"[23, 36, 20, 17, 21, 3, 26]","[1, 1, 1, 1, 1, 1, 3]",0,7408.38562615
