,customer,weight,round,length
0,[],[],0,0.0
1,"[103, 39, 112]","[1, 1, 10]",0,1888.3435020050001
2,"[62, 32, 21, 44, 126, 98, 42, 134, 35, 33, 4]","[1, 1, 1, 3, 1, 1, 1, 2, 1, 1, 1]",0,7476.237642904701
3,[],[],0,0.0
4,[],[],0,0.0
