,customer,weight,round,length
0,"[101, 108, 112]","[1, 2, 10]",0,823.2969408985
1,[102],[2],0,286.64221462
2,[],[],0,0.0
3,"[95, 137, 103, 104, 85, 46, 62, 61, 141, 93]","[3, 1, 1, 1, 1, 3, 1, 1, 1, 1]",0,4706.988359796001
4,[],[],0,0.0
