,customer,weight,round,length
0,[],[],0,0.0
1,"[55, 54, 97, 99, 98, 127]","[2, 1, 4, 1, 1, 3]",0,828.5838958085999
2,[],[],0,0.0
3,"[56, 42, 39, 28, 126, 53, 57]","[1, 1, 1, 1, 1, 1, 1]",0,3884.9949886039
4,[],[],0,0.0
