,customer,weight,round,length
0,[79],[9],0,831.369220088
1,"[16, 62, 84, 19, 17]","[1, 3, 2, 1, 1]",0,1409.210522044
2,"[18, 72, 73]","[4, 4, 4]",0,1202.136716968
3,[],[],0,0.0
