,customer,weight,round,length
0,"[30, 77, 75, 41, 68, 27]","[1, 1, 1, 1, 1, 1]",0,1170.6824449935998
1,[102],[11],0,221.478652384
2,"[100, 8, 20, 79, 103, 104, 98, 99, 33, 48, 70, 5]","[1, 2, 1, 2, 1, 2, 1, 1, 1, 1, 1, 1]",0,2982.1350856141007
3,[],[],0,0.0
4,[],[],0,0.0
