,customer,weight,round,length
0,"[86, 103, 98, 33, 100, 5, 75, 97, 96, 34, 109, 108]","[2, 1, 1, 1, 1, 1, 1, 1, 1, 3, 1, 1]",0,3590.9170410427
1,[],[],0,0.0
2,[],[],0,0.0
3,[55],[1],0,937.425698214
4,"[45, 36, 0, 25, 119, 49]","[1, 1, 2, 5, 5, 1]",0,2985.259981032
