,task,distance
0,[0],369.10373148020005
1,[1],2674.4703445551
2,[2],0.0
3,[3],0.0
4,[4],1952.5521442625
