,task,distance
0,[0],1170.6824449935998
1,[1],221.478652384
2,[2],2982.1350856141007
3,[3],0.0
4,[4],0.0
