,customer,weight,round,length
0,"[118, 120, 5, 4, 59, 102, 54, 175, 51, 92, 90, 63]","[1, 1, 1, 1, 1, 2, 1, 1, 1, 2, 1, 1]",0,7494.8834590087
1,[],[],0,0.0
2,[],[],0,0.0
3,"[57, 122, 60, 99, 115]","[1, 1, 1, 1, 1]",0,2135.4774687149998
