,customer,weight,round,length
0,[],[],0,0.0
1,"[94, 52, 2, 173, 176, 179, 26, 139, 186]","[2, 1, 1, 1, 1, 2, 1, 1, 1]",0,4666.156171709
2,"[184, 183, 185, 49, 79, 88, 78, 77]","[1, 1, 2, 1, 1, 1, 1, 1]",0,2787.7332892900004
3,[153],[7],0,372.14332543
