,task,distance
0,[0],14154.913110475
1,[1],0.0
2,[2],0.0
3,[3],1374.420980039
