,task,distance
0,[0],0.0
1,[1],225.954571292
2,[2],0.0
3,[3],8735.3045730469
4,[4],0.0
