,task,distance
0,[0],407.39219591
1,[1],0.0
2,[2],0.0
3,[3],263.679783746
4,[4],0.0
