,task,distance
0,[0],291.4447534227
1,[1],455.232681336
2,[2],0.0
3,[3],0.0
4,[4],433.297663838
