,task,distance
0,[0],0.0
1,[1],0.0
2,[2],3266.2523359427
3,[3],2755.2825507457
