,customer,weight,round,length
0,"[45, 23, 31, 40, 13, 29, 21, 0, 34]","[1, 3, 1, 2, 1, 2, 2, 1, 2]",0,3391.452363788
1,[24],[1],1,1334.048789124
