,customer,weight,round,length
0,"[88, 38, 100, 99, 37]","[1, 1, 1, 2, 3]",0,1675.9965804121
1,"[134, 135, 40, 20, 36, 102, 101, 85]","[2, 1, 2, 3, 2, 1, 2, 1]",0,3678.1287203750003
2,"[89, 65, 43, 24, 42, 64, 133]","[1, 2, 2, 1, 1, 3, 2]",0,2538.2469706552
3,[],[],0,0.0
