,customer,weight,round,length
0,[],[],0,0.0
1,"[200, 42, 41, 195, 120]","[1, 1, 1, 1, 1]",0,5763.823672218
2,[],[],0,0.0
3,"[40, 113, 167, 166, 130, 164, 175, 63, 66, 139, 160, 99, 60, 111]","[1, 1, 1, 1, 1, 1, 1, 1, 1, 1, 1, 1, 2, 1]",0,15309.872403297004
