,task,distance
0,[0],8281.935711668999
1,[1],0.0
2,[2],12777.982267655
3,[3],0.0
