,task,distance
0,[0],7791.746767920999
1,[1],12955.923825704202
2,[2],0.0
3,[3],0.0
