,customer,weight,round,length
0,[],[],0,0.0
1,"[58, 104, 57, 103, 63, 62, 2, 3]","[2, 1, 3, 1, 1, 4, 2, 1]",0,1523.4869265594
2,[],[],0,0.0
3,"[59, 41, 89, 90, 61, 60, 42, 106, 5]","[1, 2, 2, 1, 1, 1, 1, 3, 1]",0,1417.8831953498002
