,task,distance
0,[0],0.0
1,[1],1523.4869265594
2,[2],0.0
3,[3],1417.8831953498002
