,task,distance
0,[0],3046.944979433999
1,[1],0.0
2,[2],998.6528122444
3,[3],0.0
