,task,distance
0,[0],3395.786306698
1,[1],0.0
2,[2],2715.7893952
3,[3],0.0
4,[4],0.0
