,customer,weight,round,length
0,"[50, 17, 40, 32]","[2, 11, 1, 1]",0,5406.847168672
1,"[42, 63, 47, 64, 66, 34, 45, 44]","[1, 3, 3, 1, 2, 2, 2, 1]",0,4235.520603888001
2,"[48, 2, 1, 11, 71, 73, 74]","[9, 1, 1, 1, 1, 1, 1]",0,4233.1614788629
3,"[28, 25, 29, 53, 8]","[1, 1, 1, 1, 1]",1,2219.1605288820006
4,"[23, 60, 68, 5, 15, 21, 20, 37, 19, 57, 9, 59]","[1, 2, 1, 1, 2, 1, 1, 1, 1, 1, 1, 2]",1,4669.2900614949995
5,[75],[12],1,4362.4519167
