,task,distance
0,[0],6305.07673394
1,[1],7160.565658722
2,[2],0.0
3,[3],0.0
