,task,distance
0,[0],471.363586034
1,[1],3043.590229867
2,[2],0.0
3,[3],0.0
