,task,distance
0,[0],1014.512994044
1,[1],7985.582264611001
2,[2],0.0
3,[3],0.0
