,customer,weight,round,length
0,"[51, 55, 50, 19, 20, 102, 21, 54, 52]","[1, 1, 1, 1, 2, 2, 1, 3, 3]",0,3036.873398843
1,"[9, 110, 109, 96, 97, 95, 26, 40, 53]","[1, 3, 1, 1, 1, 1, 2, 2, 3]",0,2657.2302287306
2,"[44, 69, 47, 85, 49, 108, 88, 89, 91, 93, 101, 24, 99]","[1, 1, 1, 2, 1, 1, 1, 1, 1, 1, 1, 1, 2]",1,5909.227286153001
3,"[102, 82, 10, 142, 135, 128, 36]","[1, 1, 2, 2, 1, 1, 5]",1,7665.007993194
