,task,distance
0,"[0, 2]",8946.100684996001
1,"[1, 3]",10322.2382219246
