,task,distance
0,[0],3663.443096062
1,[1],11637.67418275
2,[2],6160.702740237
3,[3],0.0
4,[4],0.0
