,customer,weight,round,length
0,"[128, 223, 143, 13, 53, 83, 28, 136, 206]","[1, 1, 1, 1, 2, 1, 1, 1, 1]",0,2000004178.471374
1,[163],[15],0,2000000000.0
2,"[166, 148, 119, 120, 220, 149, 98, 152, 127]","[2, 3, 1, 1, 2, 1, 1, 3, 1]",0,2000001351.60184
3,[90],[15],0,2000000000.0
4,"[52, 22, 217, 216, 24, 153, 154, 156, 115, 157, 158, 140]","[1, 1, 1, 1, 1, 1, 1, 1, 2, 1, 1, 1]",0,2000002982.3942773
