,task,distance
0,[0],0.0
1,[1],4780.952640074001
2,[2],0.0
3,[3],0.0
4,[4],4069.268099696
