,customer,weight,round,length
0,"[58, 89, 8, 79]","[1, 1, 7, 6]",0,5528.738575509
1,[79],[15],0,4146.1499527
2,[79],[15],0,4146.1499527
3,[],[],0,0.0
4,"[11, 71, 70, 97, 27, 23, 24, 83]","[1, 1, 1, 1, 1, 1, 1, 1]",0,8573.184575684401
