,customer,weight,round,length
0,[],[],0,0.0
1,[],[],0,0.0
2,"[33, 19, 16, 5, 13, 15, 14, 46, 48, 76, 21, 55, 11, 10]","[1, 1, 1, 1, 1, 1, 1, 1, 2, 1, 1, 1, 1, 1]",0,7926.717631772701
3,[122],[1],0,133.3780480508
4,[],[],0,0.0
