,task,distance
0,[0],80.4459765194
1,[1],0.0
2,[2],988.6810044047
3,[3],2314.6948793008
4,[4],134.686015048
