,customer,weight,round,length
0,"[74, 53, 54]","[2, 2, 1]",0,669.5562772856999
1,[],[],0,0.0
2,"[9, 8, 64, 13, 48, 65, 103, 102]","[2, 1, 2, 3, 2, 2, 1, 2]",0,1797.559238811
3,"[75, 63, 76, 71, 4, 166, 151, 12, 60, 11, 100, 158]","[2, 1, 1, 2, 1, 1, 1, 1, 2, 1, 1, 1]",0,1692.7884181179
