,customer,weight,round,length
0,"[53, 13, 102]","[2, 3, 2]",0,1383.481077254
1,"[63, 71, 58, 174, 106, 108, 176, 66, 175, 3, 4]","[1, 2, 1, 1, 1, 1, 1, 2, 1, 1, 1]",0,3597.6824358749004
2,[],[],0,0.0
3,"[9, 172, 36, 22, 146, 43, 118, 123, 79]","[2, 1, 1, 1, 1, 1, 4, 1, 3]",0,5884.455383754
