,customer,weight,round,length
0,[],[],0,0.0
1,"[263, 206, 116, 261, 153, 259, 230, 231, 198, 88, 127, 24]","[1, 2, 1, 1, 1, 1, 1, 1, 2, 1, 2, 1]",0,2000019671.9633837
2,"[221, 37, 69, 107, 265, 162, 125, 122, 186, 118, 66]","[1, 1, 1, 1, 2, 2, 1, 1, 1, 1, 1]",0,35509.13251133911
3,[],[],0,0.0
4,[],[],0,0.0
