,task,distance
0,[0],0.0
1,[1],0.0
2,[2],1212.1067789865
3,[3],217.755271474
