,customer,weight,round,length
0,"[67, 7, 12, 86, 78, 88, 89, 133, 17, 20, 57]","[4, 1, 1, 1, 1, 1, 1, 1, 1, 1, 1]",0,4306.905037676
1,[19],[1],0,180.7098774838
