,customer,weight,round,length
0,"[13, 38, 118]","[1, 5, 1]",0,1417.808652252
1,"[109, 40, 105, 29, 80, 130, 48, 144, 14]","[1, 1, 1, 1, 2, 1, 1, 2, 3]",0,6083.210248994
