,task,distance
0,[0],4439.4296218535
1,[1],651.6865088147999
