,task,distance
0,"[0, 2, 4]",13772.597149251
1,"[1, 3, 5]",12996.696134523001
