,customer,weight,round,length
0,"[86, 85, 82, 115, 119, 116, 121, 109, 104, 142, 99, 173, 127]","[2, 2, 1, 1, 1, 1, 1, 1, 1, 1, 1, 1, 1]",0,2000006963.7271585
1,"[170, 110, 58, 187, 188, 49, 28, 165, 24]","[1, 1, 7, 1, 1, 1, 1, 1, 1]",0,2000006485.5113595
2,"[194, 193, 106, 92, 111]","[1, 1, 1, 1, 1]",0,1262.2286837030001
