,task,distance
0,[0],2000006394.1001492
1,[1],2000001582.3250244
2,[2],2000006229.5072515
