,customer,weight,round,length
0,"[59, 37]","[14, 1]",0,2000000338.16461
1,"[50, 17, 31, 43, 48]","[1, 1, 2, 1, 4]",1,2000003603.6352804
