,customer,weight,round,length
0,[],[],0,0.0
1,"[67, 41, 15, 22, 51, 3]","[1, 2, 1, 1, 1, 4]",0,4434.8409618543
2,[],[],0,0.0
3,"[54, 27]","[1, 2]",0,785.361947139
