,task,distance
0,[0],0.0
1,[1],4434.8409618543
2,[2],0.0
3,[3],785.361947139
