,task,distance
0,"[0, 3]",16630.645128164102
1,"[1, 4]",10320.5522618922
2,"[2, 5]",10958.547772362399
