,customer,weight,round,length
0,"[160, 41, 59, 43, 60, 45, 85, 42, 71, 67, 92, 91, 148]","[1, 1, 1, 1, 1, 1, 2, 1, 1, 1, 1, 1, 2]",0,3359.0937973450004
1,"[14, 106, 96, 79, 123, 114, 109]","[1, 1, 1, 2, 2, 1, 2]",0,5480.630852938
2,[93],[15],0,1186.050356338
3,[],[],0,0.0
