,customer,weight,round,length
0,"[157, 156, 54, 116, 146, 107, 25, 95, 94, 26, 153, 69]","[1, 1, 1, 1, 1, 1, 2, 1, 2, 1, 2, 1]",0,5933.310470630999
1,"[50, 125, 51, 119, 135, 126, 142, 133, 48]","[1, 1, 1, 1, 1, 1, 1, 1, 1]",0,2706.8972453402
2,[],[],0,0.0
3,[],[],0,0.0
