,task,distance
0,[0],5933.310470630999
1,[1],2706.8972453402
2,[2],0.0
3,[3],0.0
