,task,distance
0,[0],0.0
1,[1],0.0
2,[2],2741.35430915
3,[3],2563.8624025090003
