,customer,weight,round,length
0,"[44, 34]","[14, 1]",0,845.5182079169999
1,"[33, 36, 32, 79]","[1, 1, 1, 12]",1,1558.945023169
2,"[74, 15, 24, 94, 57, 8, 41, 68, 69, 54, 29]","[1, 5, 1, 1, 1, 1, 1, 1, 1, 1, 1]",2,4157.972775007
3,"[78, 11, 62, 61, 3, 87, 20, 21, 76, 95, 59]","[1, 1, 1, 1, 1, 1, 1, 1, 1, 1, 1]",3,4632.3324875968
