,task,distance
0,[0],4848.337079621
1,[1],2583.351051179
