,task,distance
0,[0],133.3780480508
1,[1],7926.7176317727
2,[2],0.0
