,customer,weight,round,length
0,"[215, 99]","[5, 1]",0,1608.026663458
1,[],[],0,0.0
2,"[14, 188, 50, 190, 210, 16, 9, 198, 85, 125, 146, 202, 207]","[1, 1, 1, 1, 1, 2, 1, 1, 1, 1, 1, 1, 1]",0,8277.932362373
3,"[108, 106, 142, 122, 20, 161, 118, 82, 103, 114, 76, 77, 116]","[1, 1, 1, 2, 1, 2, 1, 1, 1, 1, 1, 1, 1]",0,7041.336066606
