,task,distance
0,[0],320.457493508
1,[1],0.0
2,[2],320.457493508
3,[3],5698.162887140001
4,[4],0.0
