,customer,weight,round,length
0,[],[],0,0.0
1,"[32, 11, 1, 19, 18]","[3, 5, 3, 1, 3]",0,9629.652090198
2,[32],[14],0,294.53091234
3,[],[],0,0.0
4,[11],[12],0,1209.040566808
