,task,distance
0,[0],0.0
1,[1],9629.652090198
2,[2],294.53091234
3,[3],0.0
4,[4],1209.040566808
