,task,distance
0,[0],0.0
1,[1],6424.505183223
2,[2],305.339943948
