,task,distance
0,[0],5049.989002803
1,[1],0.0
2,[2],4512.10082042
