,CID,TTDDemd
0,28948,0.0751267969608
1,36532,0.0603740997612
2,50947,0.293635994196
3,50948,0.146817997098
4,57825,0.150253996253
5,57826,0.85970801115
6,57827,0.0716423019767
