,task,distance
0,[0],100.0054648016
1,[1],7135.948799764001
2,[2],546.818624552
