,customer,weight,round,length
0,[],[],0,0.0
1,"[206, 52, 60, 64, 158, 177, 174, 61, 99, 98, 189, 48]","[1, 1, 1, 1, 2, 1, 1, 1, 1, 1, 2, 1]",0,6942.438132445999
2,"[154, 142, 89, 121, 252, 32, 18, 255, 237, 170, 131]","[1, 1, 1, 1, 1, 1, 2, 1, 1, 1, 1]",0,8273.872615135
3,[],[],0,0.0
4,"[37, 111, 109, 106, 11, 12, 169, 7, 10, 78]","[2, 2, 1, 1, 1, 1, 3, 1, 1, 1]",0,9716.135232862101
