,task,distance
0,[0],5147.459519583
1,[1],0.0
2,[2],4894.9381403638
3,[3],8986.878389419
4,[4],3343.7103058644
