,customer,weight,round,length
0,"[91, 25, 0, 142, 52, 93, 92, 28, 50, 75, 76, 56]","[1, 1, 1, 1, 2, 2, 1, 1, 1, 2, 1, 1]",0,12646.423809163001
1,"[26, 128, 146, 34, 148, 150, 140, 151, 152, 138, 149, 72, 85]","[2, 2, 1, 1, 1, 1, 1, 1, 1, 1, 1, 1, 1]",1,9266.576071003
2,"[10, 88, 9, 153, 87, 47, 17, 14, 13, 45, 44, 70]","[1, 1, 3, 1, 1, 1, 2, 1, 1, 1, 1, 1]",2,9318.7327284477
3,"[40, 123, 4, 5, 6, 120, 136, 154, 155, 41, 73, 11, 8]","[1, 1, 1, 1, 1, 1, 2, 2, 1, 1, 1, 1, 1]",3,4365.809834134
4,"[2, 61, 19, 68, 81, 136]","[2, 1, 1, 3, 1, 7]",4,3639.406760241
5,"[77, 1, 124, 97, 101, 134, 135, 59, 62, 22, 106, 69]","[2, 1, 2, 1, 1, 1, 1, 1, 1, 1, 2, 1]",5,4845.527769737999
6,"[130, 58, 57, 110, 108, 143, 144, 145]","[1, 1, 1, 1, 1, 1, 1, 1]",6,4680.115451975
