,customer,weight,round,length
0,"[81, 152, 11, 13, 56, 125, 119, 73, 155, 116, 34, 80, 22, 99]","[1, 1, 1, 1, 2, 1, 1, 1, 1, 1, 1, 1, 1, 1]",0,5511.061336067
1,"[64, 92, 51, 111, 15, 141, 139, 84, 114, 66]","[1, 1, 1, 1, 1, 1, 1, 1, 1, 1]",1,3784.2496444066
