,customer,weight,round,length
0,"[82, 100, 10, 83, 94, 33, 17, 131, 127, 31, 48, 57, 55, 103, 14]","[1, 1, 1, 1, 1, 1, 1, 1, 1, 1, 1, 1, 1, 1, 1]",0,4230.2576500820005
1,"[138, 112, 52, 120, 76, 77, 98]","[2, 1, 3, 6, 1, 1, 1]",1,2532.455776682
2,"[75, 91, 30]","[2, 1, 1]",2,3433.763176951
