,customer,weight,round,length
0,[4],[15],0,10712.43736776
1,[],[],0,0.0
2,[4],[15],0,10712.43736776
