,task,distance
0,[0],336.497975452
1,[1],0.0
2,[2],101.814623546
