,customer,weight,round,length
0,"[144, 87, 57, 72, 73, 37, 74, 89, 71, 53]","[3, 3, 1, 1, 2, 1, 1, 1, 1, 1]",0,2104.9707807445
1,"[134, 69, 68, 70, 45, 46, 47, 31, 106, 61, 137]","[1, 1, 1, 1, 1, 1, 3, 1, 1, 1, 3]",0,2556.9204694429
2,"[30, 29, 11, 12, 41, 117, 40, 48, 138, 146, 145, 38]","[2, 1, 1, 1, 1, 1, 1, 1, 2, 2, 1, 1]",1,3860.975236603
3,"[67, 90, 35, 131, 132, 93, 43, 32, 105, 52]","[4, 1, 2, 1, 1, 1, 1, 2, 1, 1]",1,3576.0891101158004
4,"[13, 10, 101, 9, 8, 28, 17, 16, 24, 34, 75]","[1, 1, 1, 1, 2, 1, 1, 1, 4, 1, 1]",2,6490.572299861001
5,"[81, 82, 94, 3, 143, 128, 4, 109, 23, 99, 142, 141]","[1, 1, 1, 1, 2, 1, 2, 1, 1, 2, 1, 1]",2,5005.434217227001
6,[25],[1],3,3463.9957795
7,"[20, 115, 114, 100, 110, 140, 50, 122, 91, 103]","[1, 1, 1, 1, 1, 2, 1, 3, 1, 3]",3,6947.688310860701
