,task,distance
0,"[0, 3, 5, 7]",6042.0574221179995
1,"[1, 2, 4, 6]",6612.134863486
