,task,distance
0,[0],0.0
1,[1],3251.278275252
2,[2],3615.688323562
3,[3],332.876322572
