,task,distance
0,"[0, 5, 9]",4323.586159607
1,"[1, 6, 9]",4538.532453677
2,"[2, 4, 9]",3802.902862354
3,"[3, 7, 8]",5139.744314644
