,task,distance
0,"[0, 4, 10]",12742.052391049201
1,"[1, 5, 11]",7318.921204166001
2,"[2, 6, 9]",7328.4159949382
3,"[3, 7, 8]",7539.63909504
