,customer,weight,round,length
0,[],[],0,0.0
1,"[40, 61, 62, 74, 56, 79, 86, 26, 49, 22, 51]","[1, 2, 2, 1, 1, 1, 1, 1, 1, 1, 3]",0,2678.6551711137004
2,[],[],0,0.0
3,[14],[1],0,408.48549079
4,"[35, 13, 11, 7, 42, 30, 70, 69, 43, 31, 82]","[1, 1, 1, 1, 1, 4, 1, 1, 1, 1, 2]",0,4802.754525722
