,customer,weight,round,length
0,[],[],0,0.0
1,[],[],0,0.0
2,"[38, 201, 68, 69, 30, 239, 260, 258]","[1, 1, 1, 1, 2, 1, 1, 1]",0,1563.8095651992
3,"[257, 77, 76, 75, 14, 45, 132, 13, 34, 212, 27, 129, 234]","[1, 1, 1, 1, 2, 1, 1, 1, 1, 1, 1, 1, 1]",0,3081.4229828895
