,customer,weight,round,length
0,"[58, 45, 13, 22, 23, 12, 44, 17, 62, 63, 48, 65]","[2, 2, 1, 2, 1, 1, 1, 1, 1, 1, 1, 1]",0,2739.2197167809
1,"[68, 41, 47, 4, 5, 0, 54, 30, 56, 55, 87, 67]","[1, 1, 1, 1, 1, 2, 1, 2, 1, 1, 2, 1]",0,2143.6843281433
2,"[59, 25, 18, 19, 96, 81, 34, 29, 26]","[1, 1, 1, 1, 4, 3, 1, 1, 2]",0,2708.729333631299
3,"[69, 15, 1, 2, 94, 95, 93, 32, 31, 90, 91, 75, 76]","[1, 1, 1, 1, 1, 1, 1, 1, 1, 1, 1, 3, 1]",0,2903.2504332811004
4,[],[],1,0.0
5,"[61, 17, 49]","[1, 1, 1]",1,1710.8619585970002
6,"[72, 83, 28, 37, 36, 80, 84, 98, 53, 51]","[1, 1, 1, 1, 1, 2, 1, 1, 1, 3]",1,3267.6037314947002
7,[],[],1,0.0
