,task,distance
0,"[0, 5]",1813.360921103
1,"[1, 6]",3205.153064919
2,"[2, 4]",2854.633503614
3,"[3, 5]",1811.512666666
