,customer,weight,round,length
0,"[57, 10, 0, 58, 24, 59]","[1, 1, 2, 1, 1, 2]",0,1396.2783075624998
1,"[60, 34, 75, 23]","[1, 2, 1, 4]",0,710.6531654834
2,[],[],0,0.0
3,"[3, 28, 79, 45, 17, 70, 32]","[1, 1, 1, 8, 1, 1, 1]",0,1963.202744381
