,task,distance
0,[0],1396.2783075624998
1,[1],710.6531654834
2,[2],0.0
3,[3],1963.202744381
