,customer,weight,round,length
0,"[5, 23, 24, 17, 25, 18, 22, 19, 2, 3, 20, 9]","[1, 1, 1, 1, 2, 1, 1, 1, 2, 1, 1, 2]",0,7112.6091272598
1,[3],[2],1,4224.92259282
