,customer,weight,round,length
0,"[11, 4, 10, 7, 0, 1, 6, 8, 3, 5, 9, 2]","[2, 1, 1, 1, 2, 1, 1, 1, 2, 1, 1, 1]",0,3289.10197512
1,[1],[2],1,5120.33803652
