,customer,weight,round,length
0,"[122, 54, 93, 51, 50, 1, 111, 56, 149]","[5, 1, 1, 2, 1, 1, 1, 1, 2]",0,15710.258658706
1,"[24, 88, 134, 133, 132]","[11, 1, 1, 1, 1]",0,3971.6850981000007
2,[],[],0,0.0
3,[24],[14],0,590.475899352
