,task,distance
0,[0],0.0
1,[1],1240.607214598
2,[2],0.0
3,[3],5371.6701627156
