,task,distance
0,[0],371.639662332
1,[1],20494.444090765
2,[2],371.639662332
3,[3],4752.161301294
