,customer,weight,round,length
0,[29],[15],0,90.2681432194
1,"[125, 3, 88, 8, 112, 28, 20, 29]","[3, 1, 1, 2, 2, 2, 1, 3]",1,5476.9378906157
2,"[26, 25, 60]","[1, 1, 2]",2,3982.444210135
