,customer,weight,round,length
0,"[1, 34, 0, 53]","[2, 1, 2, 1]",0,984.9442678119999
1,"[32, 61, 47, 30, 22]","[1, 5, 2, 1, 1]",0,1557.240369235
2,[],[],0,0.0
3,[],[],0,0.0
