,task,distance
0,[0],0.0
1,[1],4856.28156839
2,[2],0.0
3,[3],2703.676199249
