,customer,weight,round,length
0,"[97, 80, 38, 127]","[1, 1, 1, 1]",0,1410.7905661708
1,[],[],0,0.0
2,[],[],0,0.0
3,"[70, 99, 139, 147, 113, 111, 75, 104, 77, 78, 102, 55, 25, 57]","[1, 1, 1, 1, 1, 1, 2, 1, 1, 1, 1, 1, 1, 1]",0,5646.939561101
4,[116],[1],0,342.089766266
