,task,distance
0,[0],5168.972324394
1,[1],6216.529248887
2,[2],3340.018386443
