,customer,weight,round,length
0,"[121, 11, 93, 49, 44, 56, 47, 69, 126, 9]","[2, 1, 1, 4, 1, 1, 1, 1, 2, 1]",0,2990.4096480771
1,"[64, 72, 39, 61, 62, 96, 6, 103, 58]","[2, 1, 1, 1, 1, 2, 1, 4, 2]",1,3334.7476292908
2,"[95, 137, 133, 104, 82, 105, 106]","[1, 2, 1, 1, 1, 1, 1]",2,2721.212774078
