,customer,weight,round,length
0,[],[],0,0.0
1,"[9, 8, 79, 72]","[4, 1, 1, 2]",0,8431.16701434
2,[0],[2],0,323.415617598
