,customer,weight,round,length
0,"[43, 57, 56, 45, 34, 18, 29, 16, 22, 41, 46, 47]","[1, 1, 1, 1, 1, 1, 1, 1, 2, 3, 1, 1]",0,5233.074004465
1,[],[],0,0.0
2,[28],[4],0,1945.52336323
3,[21],[2],0,141.648483707
