,task,distance
0,[0],0.0
1,[1],3847.544201261
2,[2],329.009066704
3,[3],1522.3928438720002
