,task,distance
0,[0],5233.074004465
1,[1],0.0
2,[2],1945.52336323
3,[3],141.648483707
