,customer,weight,round,length
0,"[95, 139, 85, 142, 98, 116]","[2, 2, 3, 1, 3, 1]",0,1510.9152237456997
1,"[100, 99, 148, 59, 58, 147, 149, 84, 106, 107, 108, 131, 132]","[1, 1, 2, 2, 1, 1, 1, 1, 1, 1, 1, 1, 1]",0,2993.958874934
2,"[125, 151, 73, 72, 62, 86, 90, 118, 135, 68, 120, 76, 61]","[1, 2, 1, 1, 1, 1, 1, 1, 1, 2, 1, 1, 1]",0,5306.909010425
3,"[126, 127, 128, 104, 105, 111, 133]","[1, 1, 1, 1, 2, 1, 1]",0,1584.829155043
