,customer,weight,round,length
0,"[116, 117, 134, 110, 111, 105, 104, 103, 102, 107, 108, 109]","[1, 1, 2, 1, 1, 2, 1, 1, 1, 1, 1, 1]",0,1969.4381587256999
1,"[133, 128, 127, 126, 119, 68, 135, 118, 84, 106, 129, 130, 131, 132]","[1, 1, 1, 1, 1, 2, 1, 1, 1, 1, 1, 1, 1, 1]",0,5198.947708719
2,"[97, 98, 142, 141]","[1, 3, 1, 8]",0,854.5632829040001
3,"[96, 95, 46, 85, 139, 112, 113, 114, 115]","[1, 2, 1, 3, 2, 1, 1, 1, 1]",0,1558.2576214101
