,task,distance
0,[0],3319.5514545053
1,[1],2309.740287304
2,[2],3040.675992761
3,[3],2627.681315254
