,task,distance
0,[0],2395.9409474689
1,[1],0.0
2,[2],3630.0408778083
3,[3],1934.880045562
