,customer,weight,round,length
0,"[11, 56, 45, 23, 49, 22, 79]","[1, 1, 1, 1, 1, 1, 1]",0,2899.6073291364005
1,"[18, 25]","[3, 1]",0,862.4950433839999
