,customer,weight,round,length
0,"[68, 67, 24, 66, 65, 46, 47, 31]","[1, 1, 1, 1, 1, 1, 1, 1]",0,1210.4428681609
1,[69],[1],0,92.4526431904
