,customer,weight,round,length
0,[],[],0,0.0
1,[],[],0,0.0
2,"[31, 44, 27, 18, 46]","[3, 2, 2, 3, 1]",0,2553.688022975
3,"[36, 33, 54, 25]","[3, 2, 3, 2]",0,3184.5737581169997
