,customer,weight,round,length
0,"[30, 31, 57, 2, 0, 25, 59, 62]","[2, 3, 2, 1, 1, 2, 1, 3]",0,3954.3201747049998
1,[],[],0,0.0
2,[],[],0,0.0
3,[29],[1],0,190.6428795168
