,task,distance
0,[0],3991.0268742322
1,[1],728.6891921514
