,CID,TTDDemd
0,7003,4.19587993622
1,7004,0.251863002777
2,53199,3.92921996117
3,53201,6.05670022964
