,customer,weight,round,length
0,"[24, 69]","[2, 1]",0,1126.8533782979998
1,"[140, 29, 35, 43, 42, 97, 41, 60, 11, 110, 113]","[1, 1, 2, 3, 1, 1, 1, 1, 1, 1, 2]",0,10700.486485589
2,"[105, 53, 152, 87, 15, 91, 19, 10, 121, 8]","[1, 1, 3, 1, 2, 1, 1, 1, 1, 3]",0,11605.484381839002
