,task,distance
0,[0],6875.5190092501
1,[1],8859.379199258901
2,[2],0.0
