,task,distance
0,[0],5638.317962519
1,[1],1670.7118753155
2,[2],12465.906539898
