,task,distance
0,[0],1126.8533782979998
1,[1],10700.486485589
2,[2],11605.484381839002
