,task,distance
0,[0],7108.226152683999
1,[1],11417.997097041
2,[2],0.0
