,customer,weight,round,length
0,"[42, 82, 115, 116, 56, 142, 99, 81, 100, 153, 70, 21, 76]","[1, 1, 1, 1, 1, 1, 1, 1, 1, 2, 1, 1, 1]",0,13602.2515445526
1,[59],[9],0,304.68945783
2,[58],[7],0,356.383411378
