,customer,weight,round,length
0,[],[],0,0.0
1,"[25, 185, 182, 189, 104, 177, 179, 27, 109, 121, 14, 132, 20, 114]","[1, 1, 1, 2, 1, 1, 1, 1, 1, 1, 1, 1, 1, 1]",0,6859.780843412001
2,[35],[1],0,233.373367388
