,task,distance
0,[0],0.0
1,[1],6859.780843412001
2,[2],233.373367388
