,task,distance
0,[0],14157.441614977004
1,[1],356.383411378
2,[2],304.68945783
