,task,distance
0,[0],4500.391512233
1,[1],0.0
2,[2],5295.153860563
