,customer,weight,round,length
0,"[71, 4, 79, 46, 45, 1, 7, 2, 0, 11, 10, 109]","[1, 1, 2, 1, 2, 2, 1, 1, 1, 1, 1, 1]",0,3130.7468781807997
1,"[90, 78, 76, 100, 77, 80, 119, 117, 101, 102, 81, 86, 85]","[1, 1, 1, 1, 1, 3, 1, 1, 1, 1, 1, 1, 1]",0,3222.6734504110004
2,"[93, 91, 3, 94, 95, 89, 27, 120]","[1, 2, 1, 1, 1, 2, 1, 1]",1,5136.8098728847
3,[],[],1,0.0
