,customer,weight,round,length
0,"[101, 117, 22, 122, 17, 30, 105, 120, 119]","[1, 1, 1, 3, 2, 1, 4, 1, 1]",0,5355.972973671501
1,"[90, 78, 77, 0, 91, 2, 94, 89, 1, 4, 86, 85]","[1, 1, 1, 1, 2, 1, 1, 2, 2, 1, 1, 1]",0,5459.198845916
2,[],[],1,0.0
3,"[13, 69, 16, 37, 97, 64, 62, 60, 24, 108, 42, 19]","[1, 1, 1, 3, 1, 1, 1, 1, 1, 1, 1, 1]",1,7712.0663022266
