,customer,weight,round,length
0,"[71, 79, 45, 46, 95, 3, 7, 93, 109, 10, 11, 76, 100]","[1, 2, 2, 1, 1, 1, 1, 1, 1, 1, 1, 1, 1]",0,6356.824632236
1,"[31, 51, 106, 36, 44, 104, 80, 102, 81, 27]","[3, 1, 2, 1, 1, 1, 3, 1, 1, 1]",0,4746.30508388
2,"[52, 59, 99, 98, 61, 63, 25, 40]","[1, 1, 2, 2, 1, 1, 1, 1]",1,2754.5907565403
3,"[18, 15, 103]","[1, 3, 2]",1,1444.352420385
