,task,distance
0,"[0, 2]",6470.794708076201
1,"[1, 3]",5605.7909845263
