,customer,weight,round,length
0,"[13, 12, 11, 46, 23]","[1, 2, 1, 3, 1]",0,1689.7056318762002
1,"[21, 121, 20, 67, 32, 65, 9]","[1, 1, 1, 1, 1, 3, 4]",0,1453.6517944656
2,"[125, 62, 63, 138, 137, 103, 5, 39, 85, 104, 81, 9]","[2, 1, 1, 1, 1, 1, 2, 1, 1, 1, 1, 2]",0,5123.647288550699
