,task,distance
0,[0],2621.6321054909
1,[1],4483.3674250329
2,[2],828.5838958085999
