,task,distance
0,[0],0.0
1,[1],3259.2585118259
2,[2],6499.437809638999
