,customer,weight,round,length
0,[],[],0,0.0
1,[],[],0,0.0
2,"[13, 54, 55, 26, 51, 49]","[1, 2, 1, 1, 1, 1]",0,49184.754929466
3,"[46, 59, 58, 39, 23, 43, 36, 50]","[1, 4, 2, 1, 1, 4, 1, 1]",0,48872.142396824005
