,customer,weight,round,length
0,"[122, 71, 72, 73, 30, 116, 93, 12]","[2, 1, 1, 1, 6, 1, 1, 2]",0,3232.0473361640006
1,"[22, 74, 45, 68, 69, 99, 47, 77, 43, 41]","[1, 1, 1, 1, 1, 1, 2, 5, 1, 1]",0,3224.0246401390004
2,"[103, 29, 49, 114, 115, 123, 23, 39, 117, 119]","[1, 1, 1, 2, 1, 1, 1, 1, 5, 1]",0,5535.528185630999
3,"[113, 80, 75]","[8, 1, 6]",1,2455.149012355
4,[],[],1,0.0
5,[],[],1,0.0
