,customer,weight,round,length
0,"[12, 9, 8, 43, 6, 5, 49, 22, 23, 21, 11]","[1, 1, 1, 1, 2, 1, 2, 2, 2, 1, 1]",0,2587.8284216398997
1,"[46, 29, 30, 31, 34, 33, 15, 51, 37, 36, 35, 25, 20]","[1, 1, 1, 1, 1, 1, 2, 1, 1, 1, 2, 1, 1]",0,3127.9064379139
2,"[16, 26, 28, 40, 38]","[2, 3, 1, 1, 1]",1,2625.2045214
3,[],[],1,0.0
