,customer,weight,round,length
0,[],[],0,0.0
1,"[65, 98, 154, 132, 128, 18, 106, 10, 11, 12, 13, 69]","[2, 1, 2, 1, 1, 1, 1, 1, 1, 1, 2, 1]",0,4964.1018980859
2,[],[],0,0.0
3,"[39, 91, 96]","[1, 1, 2]",0,1956.104488437
4,[],[],0,0.0
