,customer,weight,round,length
0,"[79, 43, 92, 106, 51, 135, 48, 69, 25, 21]","[2, 1, 1, 1, 1, 1, 1, 1, 2, 1]",0,8551.646763547
1,"[9, 11, 10, 86, 121, 73]","[1, 1, 1, 1, 2, 2]",0,2142.7598011269997
2,[],[],0,0.0
