,customer,weight,round,length
0,[],[],0,0.0
1,"[142, 133, 48]","[1, 1, 1]",0,796.6337007129999
2,"[50, 125, 126, 135, 119, 51, 54, 156, 95, 26, 153, 69, 157]","[1, 1, 1, 1, 1, 1, 1, 1, 1, 1, 2, 1, 1]",0,5421.6209151032
