,customer,weight,round,length
0,[7],[6],0,1328.14076298
1,[34],[1],0,577.066873294
2,[],[],0,0.0
3,"[26, 14, 42, 12, 45, 24, 47]","[1, 1, 3, 3, 1, 1, 2]",0,5514.089821163
