,task,distance
0,"[0, 7]",14116.913888162198
1,"[1, 6]",4683.1397462914
2,"[2, 4]",11481.7002919552
3,"[3, 5]",4776.329398119
