,task,distance
0,"[0, 6]",7583.7516251633015
1,"[1, 4]",4650.6501347001
2,"[2, 7]",12362.565884105901
3,"[3, 5]",2096.0640963434
