,task,distance
0,[0],0.0
1,[1],3640.962390346
2,[2],2948.7712719875
