,customer,weight,round,length
0,"[99, 73, 61, 30, 53]","[1, 1, 1, 1, 1]",0,1563.72513264
1,"[91, 93, 92, 32, 88, 40, 38, 57, 96, 55, 13, 20]","[1, 1, 1, 2, 1, 1, 1, 1, 2, 1, 1, 1]",0,2673.6529606535
