,task,distance
0,[0],3398.656848753
1,[1],3877.490408745
