,customer,weight,round,length
0,[],[],0,0.0
1,[],[],0,0.0
2,[],[],0,0.0
3,"[101, 195, 223, 5, 20, 21, 169, 38, 39, 154, 144, 210, 84]","[1, 1, 2, 1, 1, 1, 1, 1, 1, 1, 1, 1, 1]",0,15088.650260822697
4,"[60, 199, 181, 122, 44, 177, 151, 101]","[2, 2, 1, 1, 2, 2, 2, 1]",0,5407.8117297267
