,customer,weight,round,length
0,[],[],0,0.0
1,"[19, 16, 2, 26, 201, 4, 204, 213, 107, 173, 145]","[1, 1, 1, 1, 1, 1, 1, 1, 1, 3, 1]",0,10234.924351149999
2,[],[],0,0.0
3,"[45, 178, 179, 76, 63, 88, 96, 215, 176]","[1, 1, 1, 1, 1, 1, 2, 1, 1]",0,7206.136455271001
4,[],[],0,0.0
