,task,distance
0,[0],0.0
1,[1],0.0
2,[2],3320.5060065827
3,[3],5320.316577372
4,[4],0.0
