,task,distance
0,[0],3940.305463068
1,[1],0.0
2,[2],0.0
3,[3],10664.197044885
4,[4],0.0
