,customer,weight,round,length
0,[],[],0,0.0
1,[],[],0,0.0
2,[184],[5],0,111.1216865952
3,"[219, 18, 26, 149, 125, 137, 87, 88, 67, 191, 184]","[1, 1, 1, 1, 1, 1, 1, 1, 1, 1, 3]",0,14847.149738224598
4,[],[],0,0.0
