,customer,weight,round,length
0,"[11, 103, 63, 99, 107, 50, 46]","[3, 1, 1, 1, 1, 2, 1]",0,7608.2979567717
1,"[90, 75, 73, 31, 56]","[1, 9, 1, 1, 3]",0,3154.524892788
2,[],[],0,0.0
3,[],[],0,0.0
