,customer,weight,round,length
0,"[28, 6, 65, 66, 53, 133, 52, 51, 23, 84, 71]","[2, 1, 2, 1, 1, 1, 1, 1, 2, 2, 1]",0,3340.1383205749
1,"[77, 78, 125, 7, 8, 132, 134, 25]","[1, 1, 1, 1, 1, 1, 1, 2]",1,6086.726870416
