,customer,weight,round,length
0,"[81, 102]","[1, 4]",0,787.067573896
1,[],[],0,0.0
2,[],[],0,0.0
3,"[121, 105, 35, 58, 120, 56, 48, 46, 17]","[1, 2, 1, 2, 1, 2, 3, 1, 2]",0,3268.7623272859996
