,task,distance
0,[0],787.067573896
1,[1],0.0
2,[2],0.0
3,[3],3268.762327286
