,task,distance
0,[0],304.580413818
1,[1],0.0
2,[2],2744.209316499
3,[3],0.0
