,customer,weight,round,length
0,"[132, 134, 88, 149, 24]","[1, 1, 1, 2, 10]",0,4414.521881335
1,[24],[15],0,590.475899352
2,"[122, 54, 93, 51, 50, 1, 111, 56, 133]","[5, 1, 1, 2, 1, 1, 1, 1, 1]",1,16058.880338279
3,[],[],1,0.0
