,task,distance
0,[0],1240.607214598
1,[1],5371.6701627156
