,task,distance
0,[0],13955.198710236
1,[1],22598.423492134
