,task,distance
0,"[0, 3]",8974.928642941999
1,"[1, 2]",20866.083753097
