,customer,weight,round,length
0,[19],[2],0,763.835522696
1,"[0, 17]","[2, 1]",0,934.727694422
