,customer,weight,round,length
0,"[25, 50, 58, 19, 38, 26, 46]","[8, 1, 1, 1, 1, 2, 1]",0,2000004651.4883544
1,[59],[14],1,676.32921992
