,task,distance
0,[0],3000002033.602591
1,[1],2000007944.738436
2,[2],0.0
3,[3],0.0
