,task,distance
0,[0],0.0
1,[1],2000002107.5812352
2,[2],0.0
3,[3],2000007619.5870936
