,task,distance
0,[0],0.0
1,[1],0.0
2,[2],2000003983.845138
3,[3],676.32921992
