,customer,weight,round,length
0,"[144, 32, 29, 105, 104, 123, 122, 37, 96, 99, 97, 98, 34, 94]","[1, 1, 1, 1, 1, 1, 1, 1, 1, 1, 1, 1, 1, 1]",0,5215.718450441899
1,"[53, 152, 151, 85, 86, 87, 93, 15, 16, 52]","[1, 3, 1, 1, 1, 1, 3, 2, 1, 1]",0,3047.9671621634
2,"[143, 62, 120, 19, 92, 91, 89, 14, 17, 18]","[1, 5, 2, 1, 1, 1, 1, 1, 1, 1]",0,3253.6617392434
3,"[45, 128, 35]","[2, 1, 2]",0,1097.721243263
4,"[118, 117, 4, 6, 103, 7, 43, 83, 42]","[1, 1, 1, 1, 2, 3, 3, 1, 1]",0,2354.8236908057997
