,task,distance
0,[0],796.989692641
1,[1],11100.018905085
2,[2],7361.8654965778
3,[3],9295.595720123
4,[4],11961.6400296853
