,task,distance
0,[0],5675.4243069351
1,[1],8181.2150382561
2,[2],0.0
3,[3],3876.2421205585993
4,[4],10324.095253392
