,task,distance
0,[0],1408.9098665655
1,[1],1206.785876051
2,[2],3355.4046349105006
3,[3],3707.300860474
4,[4],0.0
