,task,distance
0,"[0, 3, 4]",8114.354880696
1,"[1, 2, 5]",10378.784822918102
