,customer,weight,round,length
0,"[89, 38, 99, 86, 104]","[2, 8, 1, 1, 1]",0,3122.5468833639998
1,"[56, 53, 51, 95, 83, 80]","[4, 3, 3, 1, 1, 2]",0,4182.109814228999
2,[],[],0,0.0
3,[],[],0,0.0
