,task,distance
0,[0],251.812194396
1,[1],0.0
2,[2],4702.95317734
3,[3],0.0
