,task,distance
0,[0],109.4698320574
1,[1],673.087658424
2,[2],0.0
3,[3],4082.196186207
