,task,distance
0,[0],0.0
1,[1],2808.263784214
2,[2],116.2422052064
3,[3],0.0
