,task,distance
0,[0],0.0
1,[1],6000.669878026
2,[2],995.5666872508
