,customer,weight,round,length
0,"[0, 8]","[7, 4]",0,2453.705731213
1,[3],[9],0,554.951713458
2,[],[],0,0.0
3,[5],[10],0,223.66969886
4,[],[],0,0.0
