,task,distance
0,[0],0.0
1,[1],8138.6245188861
2,[2],0.0
3,[3],7370.977655807998
4,[4],0.0
