,task,distance
0,[0],2656.386935907
1,[1],205.274440068
