,customer,weight,round,length
0,"[100, 116, 106, 117, 63]","[1, 2, 1, 2, 3]",0,1764.5627403540002
1,[],[],0,0.0
2,[],[],0,0.0
3,[],[],0,0.0
4,"[95, 75, 74, 105, 73, 72]","[2, 1, 1, 2, 1, 1]",0,1525.9347846167002
