,customer,weight,round,length
0,"[10, 168, 150, 164, 71, 160, 111, 37, 157, 163, 6]","[1, 2, 1, 1, 2, 1, 2, 1, 1, 2, 1]",0,13611.787542677
1,"[169, 38, 171, 129, 65, 191, 119, 12, 11, 131]","[1, 1, 1, 1, 3, 3, 1, 1, 1, 2]",0,13971.242127043799
2,[],[],1,0.0
3,[115],[2],1,11992.63091882
