,task,distance
0,"[0, 2]",2482.471021955
1,"[1, 3]",5862.8445883524
