,customer,weight,round,length
0,[],[],0,0.0
1,"[49, 85, 108, 88, 89, 91, 93, 101, 24, 99, 21]","[1, 2, 1, 1, 1, 1, 1, 1, 1, 2, 1]",0,4610.781712306
2,"[36, 82, 10, 66, 127, 128, 40, 26]","[5, 1, 2, 1, 1, 1, 2, 2]",0,6303.1817233484
3,"[9, 95, 110, 97, 96, 109, 54, 52]","[1, 1, 3, 1, 1, 1, 3, 3]",0,1730.4332886146
4,"[53, 19, 20, 102, 47, 44, 69, 50, 55, 51]","[3, 1, 2, 3, 1, 1, 1, 1, 1, 1]",0,3887.091840475
