,task,distance
0,[0],2626.44029684
1,[1],2577.4569802556
2,[2],0.0
3,[3],3407.7794790116004
4,[4],0.0
