,task,distance
0,[0],6298.853534182099
1,[1],1863.070629623
2,[2],0.0
3,[3],4244.485235576
4,[4],4410.4821718702
