,task,distance
0,[0],0.0
1,[1],363.993060876
2,[2],5756.245907495001
