,task,distance
0,[0],0.0
1,[1],3395.090598865
2,[2],489.658369908
