,task,distance
0,[0],4107.319412921001
1,[1],0.0
2,[2],1139.173388924
