,task,distance
0,[0],274.002379352
1,[1],2913.168585733
2,[2],0.0
