,task,distance
0,[0],2000011016.1099744
1,[1],2000002692.0415149
