,task,distance
0,[0],458.977817886
1,[1],0.0
2,[2],3078.977273247
