,customer,weight,round,length
0,"[59, 31, 126, 129, 14, 78, 77, 98, 123, 103, 55, 12, 154, 148]","[1, 1, 1, 1, 1, 1, 1, 1, 1, 1, 1, 1, 2, 1]",0,2998.8933958439998
1,"[118, 127, 17, 96, 131, 37, 33, 94, 70, 10, 83, 23, 38]","[1, 1, 1, 2, 1, 2, 1, 1, 1, 1, 1, 1, 1]",0,3125.7376063189995
2,"[48, 57, 108, 109, 121, 142, 52, 112, 138, 69, 100, 82]","[1, 1, 1, 1, 1, 3, 1, 1, 2, 1, 1, 1]",0,3489.7442698399996
3,[],[],1,0.0
4,"[111, 114, 40, 26, 64, 147, 91, 51, 143, 130]","[1, 1, 1, 1, 1, 1, 1, 1, 2, 1]",1,5062.791227232
5,[],[],1,0.0
