,customer,weight,round,length
0,"[141, 84, 113, 67, 139, 152, 101, 102, 153, 11, 56, 13, 15, 110]","[1, 1, 1, 1, 1, 1, 1, 1, 1, 1, 2, 1, 1, 1]",0,2795.6986027536004
1,"[34, 95, 116, 19, 155, 136, 73, 119, 135, 97]","[1, 1, 1, 1, 1, 6, 1, 1, 1, 1]",0,4480.354398669
2,"[122, 124, 25, 125, 49, 80, 22, 61, 71, 9, 99, 81, 107]","[1, 2, 1, 1, 1, 1, 1, 2, 1, 1, 1, 1, 1]",0,3048.9234586119996
3,[],[],1,0.0
4,"[120, 104, 76, 144, 75]","[6, 1, 1, 1, 2]",1,1235.111003105
5,"[52, 90, 30, 27, 92, 7, 66]","[2, 1, 1, 1, 3, 1, 1]",1,2676.1445973758996
