,customer,weight,round,length
0,"[48, 39, 37, 35, 33, 63, 61, 12, 53, 3, 49]","[1, 1, 1, 1, 3, 1, 1, 1, 2, 1, 2]",0,1611.098510313
1,"[46, 54, 4, 24, 21, 51, 16, 38, 8, 9, 62]","[2, 1, 4, 1, 1, 1, 1, 1, 1, 1, 1]",0,1431.3052059125
2,"[30, 32, 31, 47, 45, 11, 34, 7, 10, 50, 40]","[1, 1, 1, 1, 1, 1, 1, 1, 1, 3, 3]",0,637.310835551
3,"[5, 44, 36, 20, 65, 6, 13, 56, 17, 64, 27]","[1, 1, 1, 3, 2, 2, 1, 1, 1, 1, 1]",1,1851.8670425720002
4,"[14, 66, 0, 26, 23, 50, 29, 22]","[1, 1, 1, 2, 1, 7, 1, 1]",1,1310.6358230380001
5,"[60, 15, 55, 28, 25, 58, 41, 52, 1]","[1, 1, 3, 1, 1, 2, 4, 1, 1]",1,1821.046509153
6,"[18, 2]","[3, 10]",2,1514.768957643
7,"[19, 43, 59, 57, 42]","[3, 1, 1, 4, 1]",2,1393.758268199
8,[],[],2,0.0
