,customer,weight,round,length
0,[],[],0,0.0
1,"[28, 20, 21, 29, 40, 88, 87, 86, 38]","[1, 2, 1, 1, 1, 1, 1, 2, 2]",0,2220.384616522
2,"[26, 25, 61, 93, 60, 53, 52, 45, 75, 46, 39]","[1, 4, 1, 1, 1, 2, 1, 1, 1, 1, 1]",0,5323.632391807299
