,customer,weight,round,length
0,"[82, 73, 72, 85]","[3, 3, 2, 7]",0,1684.695044423
1,"[96, 31, 81]","[7, 7, 1]",0,556.0518675000001
2,"[63, 97, 62, 54, 48, 65, 64]","[2, 7, 1, 1, 1, 2, 1]",0,3115.7758688219997
3,[],[],1,0.0
4,[],[],1,0.0
5,"[78, 95, 66, 83, 24]","[3, 1, 1, 1, 2]",1,3565.271891678
