,task,distance
0,[0],0.0
1,[1],2220.384616522
2,[2],5323.632391807299
