,customer,weight,round,length
0,[5],[12],0,248.148018988
1,"[12, 2]","[1, 13]",0,2001.4942940170001
2,[],[],0,0.0
3,[1],[12],0,1793.495236546
4,[2],[8],0,1497.59254802
