,customer,weight,round,length
0,[29],[13],0,90.2681432194
1,"[125, 8, 39, 69, 112, 111, 103, 26, 28, 20]","[3, 2, 1, 1, 2, 1, 1, 1, 2, 1]",0,5693.1588881669995
2,[52],[1],0,1382.04731785
3,[29],[7],0,90.2681432194
