,task,distance
0,[0],90.2681432194
1,[1],5693.158888167
2,[2],1382.04731785
3,[3],90.2681432194
