,task,distance
0,[0],0.0
1,[1],1771.452794746
2,[2],7728.867835269001
3,[3],0.0
