,customer,weight,round,length
0,"[126, 99, 279, 79, 251, 254, 55, 150, 222]","[3, 1, 3, 1, 2, 1, 2, 1, 1]",0,8146.09614332
1,"[38, 138, 258, 141, 144, 146, 197, 274, 275, 207, 29]","[1, 1, 1, 1, 2, 1, 1, 2, 3, 1, 1]",0,6182.999976868
2,[],[],1,0.0
3,"[182, 271, 171, 241, 203, 129, 22]","[1, 1, 6, 2, 1, 2, 2]",1,6451.926437667001
