,customer,weight,round,length
0,"[236, 237, 152, 153, 260, 259, 29, 33, 190, 264, 159, 217, 160]","[2, 1, 1, 1, 1, 1, 1, 1, 1, 1, 1, 1, 2]",0,3325.489650673
1,"[92, 157, 132, 38, 88, 84, 178, 188, 222, 27, 263, 172]","[2, 2, 2, 1, 1, 1, 1, 1, 1, 1, 1, 1]",0,3330.462893092
2,[],[],1,0.0
3,"[271, 171]","[1, 6]",1,3382.816444893
