,customer,weight,round,length
0,"[149, 49, 10, 76, 4, 113, 18, 188, 209, 227, 125]","[3, 2, 1, 1, 1, 1, 1, 1, 2, 1, 1]",0,6817.091209245001
1,"[166, 200, 142, 147, 198, 71, 182, 31, 264, 172, 236, 237]","[1, 1, 1, 1, 1, 2, 2, 1, 1, 1, 2, 1]",0,6447.786956895
2,"[212, 219, 202, 216]","[1, 1, 1, 2]",1,7261.8067792130005
3,[],[],1,0.0
