,task,distance
0,"[0, 3]",9175.720377145
1,"[1, 2]",3809.382743693001
