,customer,weight,round,length
0,"[6, 4, 9, 5, 8, 2, 3, 11, 12, 1, 10, 0, 13, 7]","[1, 1, 1, 1, 1, 1, 2, 1, 1, 1, 1, 1, 1, 1]",0,3938.0715123500004
1,[14],[1],0,3830.70178592
