,customer,weight,round,length
0,"[50, 34, 9]","[1, 2, 12]",0,2322.9460169530003
1,"[8, 25, 56, 51, 32, 53, 54]","[7, 1, 1, 2, 2, 1, 1]",0,4154.067343395
2,"[18, 12, 11, 35, 13, 33, 40, 41, 10]","[1, 1, 1, 3, 1, 1, 3, 1, 3]",0,2885.4657849484
3,"[24, 22, 28, 29, 44, 38, 37, 45, 36, 19, 49]","[2, 1, 1, 1, 2, 1, 1, 1, 1, 3, 1]",0,2384.159189755
4,[],[],1,0.0
5,[],[],1,0.0
6,[8],[5],1,2644.870245
7,[],[],1,0.0
