,customer,weight,round,length
0,"[8, 1, 19, 23]","[1, 12, 1, 1]",0,1616.068244897
1,"[10, 9, 18, 3, 26, 16, 14, 5, 7]","[1, 2, 1, 1, 2, 3, 1, 1, 3]",0,1328.250019487
2,"[15, 0, 22, 12, 4, 13]","[2, 7, 2, 1, 1, 2]",0,1907.202594054
3,"[25, 28, 11, 17, 2, 21, 6, 29, 27, 20, 24]","[1, 1, 1, 1, 3, 1, 1, 1, 1, 3, 1]",0,173.4035660475
4,[],[],1,0.0
5,[],[],1,0.0
6,[0],[5],1,1247.035060216
7,[],[],1,0.0
