,customer,weight,round,length
0,"[9, 34, 50]","[12, 2, 1]",0,2322.9460169530003
1,"[49, 10, 41, 40, 33, 13, 18, 19, 36]","[1, 3, 1, 3, 1, 1, 1, 3, 1]",0,2529.362110514
2,"[54, 53, 56, 51, 32, 28, 29, 44, 22, 38, 37, 45]","[1, 1, 1, 2, 2, 1, 1, 2, 1, 1, 1, 1]",0,2702.5163704208
3,"[8, 25, 24]","[12, 1, 2]",0,2938.160261594
4,[],[],1,0.0
5,[],[],1,0.0
6,"[35, 11, 12]","[3, 1, 1]",1,2381.4413973164
7,[],[],1,0.0
