,task,distance
0,"[0, 6]",4704.3874142694
1,"[1, 7]",2529.362110514
2,"[2, 5]",2702.5163704208
3,"[3, 4]",2938.160261594
