,task,distance
0,"[0, 6]",4967.816261953
1,"[1, 4]",4154.067343395
2,"[2, 5]",2885.4657849484
3,"[3, 7]",2384.159189755
