,task,distance
0,[0],624.216158139
1,[1],3470.7799921786
2,[2],7420.561080398
