,customer,weight,round,length
0,[],[],0,0.0
1,[],[],0,0.0
2,"[0, 45, 88, 9, 98, 32, 57, 42, 71, 67]","[1, 1, 3, 1, 1, 1, 1, 1, 1, 4]",0,6064.7234202770005
3,[67],[4],0,447.986826874
