,customer,weight,round,length
0,[],[],0,0.0
1,"[19, 132, 96, 60, 24, 66, 46, 109, 7, 9]","[1, 1, 1, 1, 1, 3, 1, 1, 2, 1]",0,5799.419614511
2,"[13, 144, 142, 79, 105, 126, 25, 108]","[2, 1, 1, 1, 3, 3, 2, 1]",0,4156.8787768170005
3,[],[],0,0.0
