,task,distance
0,[0],0.0
1,[1],829.5921652923
2,[2],5286.416218731
3,[3],2816.894216335
