,task,distance
0,[0],0.0
1,[1],3802.490150196
2,[2],2594.74100913
3,[3],0.0
