,task,distance
0,[0],2398.132548134
1,[1],0.0
2,[2],0.0
3,[3],0.0
4,[4],1022.321125872
