,customer,weight,round,length
0,"[39, 53, 40]","[1, 3, 1]",0,2043.464680177
1,[],[],0,0.0
2,"[65, 14, 15, 7, 8, 10, 44, 46, 88]","[3, 2, 1, 1, 1, 2, 1, 1, 3]",0,6092.265213815
3,[],[],0,0.0
4,"[42, 109, 81]","[1, 1, 1]",0,1164.204944479
