,task,distance
0,[0],0.0
1,[1],8443.2572649411
2,[2],7618.887688393001
3,[3],0.0
4,[4],0.0
