,task,distance
0,[0],323.110453198
1,[1],10561.1734315571
2,[2],323.110453198
