,task,distance
0,[0],4116.721508503
1,[1],3107.211130297
2,[2],3243.98871654
3,[3],0.0
4,[4],3978.074529752
