,task,distance
0,[0],1849.469053902
1,[1],2054.0084745490003
