,customer,weight,round,length
0,"[168, 150, 164, 71, 160, 111, 37, 157, 163, 6, 11]","[2, 1, 1, 2, 1, 2, 1, 1, 2, 1, 1]",0,13672.428497793
1,"[169, 10]","[1, 1]",0,297.1369352705
2,"[131, 12, 119, 191, 115, 65, 129, 171, 38]","[2, 1, 1, 3, 2, 3, 1, 1, 1]",0,14726.323209201299
