,customer,weight,round,length
0,"[134, 107, 133, 188]","[3, 2, 1, 2]",0,1301.336233857
1,"[46, 54, 55, 23, 101, 100, 125, 110, 0, 50, 72]","[1, 1, 2, 1, 2, 1, 1, 1, 1, 2, 1]",0,16609.7972699036
2,"[27, 28, 189, 60, 61, 76, 121]","[2, 2, 2, 1, 1, 3, 2]",0,2010.4010543969998
