,customer,weight,round,length
0,[87],[2],0,197.9695322002
1,"[51, 19, 18, 124, 14, 151, 152, 103, 80]","[2, 1, 3, 1, 2, 2, 1, 1, 1]",0,17736.5874465851
2,"[102, 153, 154, 147, 155, 149, 122, 148, 79, 84, 86, 49]","[1, 1, 1, 1, 1, 1, 2, 1, 1, 1, 1, 3]",0,2069.169069949
