,customer,weight,round,length
0,"[6, 131, 171, 16, 185, 91, 67, 117, 65, 129]","[1, 2, 1, 2, 2, 1, 1, 1, 3, 1]",0,26381.353274169
1,"[103, 72, 154, 147]","[1, 1, 1, 1]",0,1329.2375168410001
2,"[113, 138, 181, 114, 18, 23, 76, 134]","[2, 1, 1, 1, 3, 1, 3, 3]",0,17256.971240213
