,task,distance
0,[0],14940.23808909
1,[1],14859.038400361
2,[2],14690.962266257
