,customer,weight,round,length
0,"[101, 106, 46, 11, 4, 114, 99, 140, 91]","[1, 1, 1, 1, 2, 1, 2, 2, 1]",0,2000003999.2776365
1,"[75, 67, 93, 89, 72, 87, 144]","[1, 4, 1, 1, 1, 3, 3]",0,2000002810.14167
