,customer,weight,round,length
0,[],[],0,0.0
1,"[17, 55]","[13, 1]",0,343.49973065029997
2,[],[],0,0.0
3,[57],[3],0,88.452312474
