,customer,weight,round,length
0,"[104, 79, 38, 31, 3, 1, 103, 81, 55]","[2, 1, 1, 1, 2, 1, 3, 1, 3]",0,3353.2124741269995
1,"[105, 19, 57, 114, 47, 82, 29, 92]","[1, 1, 2, 2, 2, 3, 3, 1]",1,2000002967.4990654
2,"[70, 88, 13, 130]","[1, 3, 2, 1]",2,2000001399.5441444
