,customer,weight,round,length
0,"[82, 125, 126, 76, 49, 64, 65, 78, 68, 33, 23]","[1, 1, 1, 2, 2, 2, 2, 1, 1, 1, 1]",0,2000003016.4096336
1,"[16, 102, 48, 28, 119, 87, 69, 56, 14]","[1, 1, 1, 2, 2, 1, 1, 2, 1]",1,3000003093.0051675
