,customer,weight,round,length
0,"[87, 114, 84, 72, 57, 70, 18, 66, 60, 117, 13]","[1, 2, 1, 2, 1, 1, 1, 1, 1, 2, 2]",0,2271.7901227599996
1,"[119, 130, 28, 101, 39, 29, 47, 19, 56, 57]","[2, 1, 2, 1, 1, 3, 1, 1, 2, 1]",1,2000003936.9878163
