,customer,weight,round,length
0,"[63, 66, 84, 83, 118, 182, 181, 64, 65]","[2, 1, 2, 1, 1, 1, 3, 2, 2]",0,1500.3423596588
1,"[177, 140, 106, 188, 185, 186, 227, 187, 41]","[1, 1, 1, 2, 2, 1, 5, 1, 1]",0,10654.795206210401
2,"[106, 75, 203, 205, 153, 197, 44]","[1, 1, 2, 1, 1, 1, 1]",1,37828.90664325601
3,[],[],1,0.0
