,customer,weight,round,length
0,"[30, 263, 132, 265, 134, 124, 133, 161, 162]","[2, 1, 3, 2, 1, 1, 1, 2, 2]",0,17042.763710340398
1,"[120, 121, 125, 160, 159, 157, 49, 123, 122, 209, 239, 27]","[1, 1, 1, 1, 1, 2, 2, 1, 1, 2, 1, 1]",0,3100.4689059447
2,"[20, 70, 198, 45, 206]","[2, 1, 2, 1, 2]",1,19585.203485531994
3,[],[],1,0.0
