,customer,weight,round,length
0,"[29, 47, 68, 45, 46]","[1, 8, 3, 1, 2]",0,1241.8153739513
1,"[32, 83, 55, 79, 80, 81, 75, 30, 31]","[1, 1, 1, 1, 1, 1, 2, 1, 1]",0,1725.5439073103
2,"[37, 59, 60, 17, 49, 35, 39, 23, 38, 85, 107, 86, 57, 84]","[2, 1, 1, 1, 1, 1, 1, 1, 1, 1, 1, 1, 1, 1]",0,2457.0153977099
