,customer,weight,round,length
0,"[104, 28, 27, 96, 95, 94, 117, 102, 103]","[1, 2, 2, 1, 1, 1, 5, 1, 1]",0,1277.0841367921
1,"[50, 51, 43, 36, 48, 105]","[3, 1, 2, 7, 1, 1]",0,2935.3136736919996
2,"[93, 106, 92, 71, 114, 110, 111, 112, 40, 82, 108, 118, 78]","[1, 1, 1, 1, 1, 1, 1, 1, 1, 1, 1, 2, 2]",0,3774.3248009729996
