,task,distance
0,[0],1725.2362723297997
1,[1],4563.641663504201
2,[2],1111.1043914987
