,task,distance
0,[0],281.204632598
1,[1],2489.353471094
2,[2],3368.410652346
3,[3],135.732625796
