,customer,weight,round,length
0,"[26, 17, 186, 16]","[1, 1, 8, 5]",0,2182.10139226
1,"[101, 120, 125, 83, 82, 81, 121, 123, 100, 24]","[1, 1, 2, 1, 1, 1, 2, 2, 2, 2]",0,4465.547325419
2,"[58, 149, 64, 1, 150, 128, 175, 113, 114, 126, 85, 135, 151, 193]","[1, 1, 1, 2, 1, 1, 1, 1, 1, 1, 1, 1, 1, 1]",0,5019.9448007191995
3,"[106, 57, 184, 56, 54, 53, 21, 211, 112, 10]","[2, 1, 1, 1, 2, 2, 1, 2, 2, 1]",1,7092.26137978
4,"[0, 182, 140, 148, 174, 79, 45, 60, 46, 25, 171, 9, 42, 44]","[1, 1, 2, 1, 1, 1, 1, 1, 1, 1, 1, 1, 1, 1]",1,8593.073363405
5,"[115, 186, 172]","[2, 12, 1]",1,4489.943573198
6,"[27, 32, 31, 211]","[1, 2, 2, 1]",2,14782.025194542
7,[],[],2,0.0
8,[],[],2,0.0
