,customer,weight,round,length
0,[],[],0,0.0
1,"[8, 105, 13, 14]","[1, 1, 1, 3]",0,2237.201982465
2,"[136, 41, 29, 30, 20, 57, 19, 88, 84, 37, 130, 3, 2, 127, 65]","[1, 1, 1, 1, 1, 1, 1, 1, 1, 1, 1, 1, 1, 1, 1]",0,8049.7992203136
