,task,distance
0,[0],0.0
1,[1],2727.482112205
2,[2],2528.896228027
