,task,distance
0,[0],5682.3557293002
1,[1],0.0
2,[2],2059.7389909026
