,task,distance
0,[0],471.974235486
1,[1],2249.7586057048
2,[2],180.4569630156
3,[3],0.0
