,task,distance
0,[0],1629.9202936962
1,[1],270.055428874
2,[2],113.8447262164
3,[3],0.0
