,customer,weight,round,length
0,"[62, 40, 41, 36, 18, 17, 34, 53, 64, 11, 57, 54, 29]","[1, 2, 1, 2, 1, 1, 1, 1, 1, 1, 1, 1, 1]",0,4605.4799875328
1,"[24, 30, 28, 12, 26, 52, 61]","[1, 2, 1, 1, 1, 1, 1]",1,2295.591007941
