,customer,weight,round,length
0,[],[],0,0.0
1,"[72, 172, 107, 188, 248, 39]","[1, 1, 1, 1, 1, 1]",0,7360.920972429001
2,[],[],0,0.0
3,"[258, 116, 87, 224, 157, 208, 32, 226, 0, 86, 48, 143, 186, 187]","[1, 2, 1, 1, 1, 1, 1, 1, 1, 1, 1, 1, 1, 1]",0,13221.701616078
