,task,distance
0,[0],0.0
1,[1],0.0
2,[2],10587.282855499
3,[3],10748.712768495005
