,customer,weight,round,length
0,[78],[1],0,139.6484361746
1,"[100, 87, 3, 57, 58, 42, 44, 50, 73]","[1, 1, 1, 3, 2, 1, 4, 1, 1]",0,4257.513586909
2,[],[],0,0.0
3,[],[],0,0.0
