,customer,weight,round,length
0,[],[],0,0.0
1,[],[],0,0.0
2,[],[],0,0.0
3,"[17, 41, 26, 47, 44, 57, 11, 32, 10, 40, 39, 38]","[2, 1, 1, 1, 1, 1, 1, 2, 1, 2, 1, 1]",0,2389.1736057368003
4,"[3, 1, 31, 35, 9, 49, 37, 4]","[2, 2, 2, 1, 2, 2, 1, 1]",0,2179.332127044
