,task,distance
0,[0],357.913346846
1,[1],1575.973240298
2,[2],7874.6864767084
3,[3],5175.2738748455
4,[4],1218.059893452
