,task,distance
0,[0],22222.940753957
1,[1],12465.964939348
2,[2],12115.161864373
3,[3],6706.874695988101
4,[4],5200.910951254999
