,customer,weight,round,length
0,"[165, 70, 53, 17, 115]","[1, 1, 1, 2, 2]",0,7748.715061862999
1,"[152, 65, 9, 101, 103, 118, 120, 143, 86, 68, 18, 51]","[1, 1, 1, 1, 1, 1, 3, 2, 1, 1, 1, 1]",0,17238.344858646
