,task,distance
0,"[0, 3]",7088.923399038
1,"[1, 2]",5607.3896741277
