,task,distance
0,[0],821.8619896391999
1,[1],3764.837000488
