,task,distance
0,[0],7748.715061862999
1,[1],17238.344858646
