,customer,weight,round,length
0,"[37, 56, 85, 162, 87, 164, 12, 160, 173, 80, 170, 57]","[1, 2, 1, 1, 1, 2, 1, 1, 1, 1, 1, 2]",0,3600.7093200850004
1,[54],[1],0,214.6159994
2,"[120, 175, 125, 50, 78, 112, 63, 82, 10, 166, 74, 8, 7]","[1, 1, 1, 2, 1, 2, 1, 1, 1, 1, 1, 1, 1]",0,3816.2808449740005
3,[],[],0,0.0
