,task,distance
0,[0],1261.0552249286998
1,[1],33.8146687494
2,[2],6158.8796845724
3,[3],5660.621606264
