,task,distance
0,"[0, 8]",3184.5278458209996
1,"[1, 6]",3200.9643519990004
2,"[2, 7]",2557.2813597140002
3,"[3, 5]",3513.0413001099996
4,"[4, 9]",2603.7235385292
