,task,distance
0,[0],0.0
1,[1],1155.8845214859998
2,[2],0.0
3,[3],553.220150506
4,[4],0.0
