,task,distance
0,"[0, 3]",5058.333302421401
1,"[1, 4]",4175.2431724184
2,"[2, 5]",2715.3794973368
