,task,distance
0,[0],1058.3188709659
1,[1],3978.5935127066
