,customer,weight,round,length
0,"[80, 104, 81]","[5, 4, 6]",0,346.104712653
1,"[79, 78, 91, 15, 83, 95, 94, 103]","[1, 2, 1, 1, 1, 1, 1, 1]",1,3669.3162886215
