,CID,TTDDemd
0,9717,0.159309998155
1,9718,0.403854012489
2,9719,0.123691000044
3,16319,1.08127999306
4,16320,0.69510602951
5,16321,0.360112011433
6,23329,2.53579998016
7,30594,4.86475992203
8,37851,0.449768990278
9,37852,0.843474984169
10,40438,0.0403205007315
11,47010,0.142770007253
12,52526,1.88625001907
13,52527,1.56773996353
14,59210,0.676213979721
