,task,distance
0,[0],0.0
1,[1],2768.2189184326
2,[2],4218.247109133
