,customer,weight,round,length
0,"[24, 238, 261, 237, 175, 259, 85, 144]","[1, 1, 1, 1, 1, 1, 1, 1]",0,2940.1767008770007
1,"[196, 58, 177, 0, 96, 65, 217, 98, 218, 219, 87]","[1, 1, 1, 1, 1, 2, 2, 1, 1, 1, 1]",0,3719.5095222587997
