,customer,weight,round,length
0,"[160, 153, 80, 43, 207]","[1, 1, 1, 9, 1]",0,3117.2959431830004
1,"[154, 134, 261, 196, 58, 218, 87, 175, 204, 101, 188, 213, 3, 115]","[1, 1, 1, 1, 1, 1, 1, 1, 1, 1, 1, 2, 1, 1]",0,8511.909790793
