,customer,weight,round,length
0,[],[],0,0.0
1,[],[],0,0.0
2,"[211, 164, 165, 5, 38, 174, 138, 212]","[1, 1, 1, 1, 1, 1, 1, 1]",0,2926.0296704442994
3,"[210, 206, 217, 75, 142, 30, 178, 103, 13, 141, 65, 203, 146, 163, 172]","[1, 1, 1, 1, 1, 1, 1, 1, 1, 1, 1, 1, 1, 1, 1]",0,31614.547081691395
