,customer,weight,round,length
0,"[35, 93, 179, 140, 157, 33, 50, 159, 173, 154, 106, 220]","[1, 1, 1, 1, 1, 2, 1, 1, 1, 1, 2, 1]",0,36094.835531204
1,[],[],0,0.0
2,"[168, 83, 205, 2, 3, 52, 213, 214, 170, 51, 78]","[1, 1, 1, 1, 1, 1, 1, 1, 1, 1, 1]",0,16806.778471032
3,[],[],0,0.0
