,customer,weight,round,length
0,"[28, 29, 50, 30, 0, 4, 45, 3, 34, 18]","[4, 1, 1, 1, 1, 3, 1, 1, 1, 1]",0,2254.6172211197
1,"[52, 39, 8, 22, 24, 32, 23, 41, 15, 16, 17]","[1, 1, 2, 2, 1, 1, 1, 3, 1, 1, 1]",0,1530.0103619284002
2,"[20, 2, 55, 61, 46, 47, 37, 62, 13]","[2, 1, 6, 1, 1, 1, 1, 1, 1]",1,3860.3826700802
3,"[40, 26, 12, 31, 9, 43, 58, 57, 25, 56, 11]","[3, 1, 2, 2, 1, 1, 1, 1, 1, 1, 1]",1,4061.897873836999
4,"[33, 21, 26]","[1, 2, 1]",2,3480.4975421760005
5,[],[],2,0.0
