,task,distance
0,"[0, 3, 4]",3119.9548182299995
1,"[1, 2, 5]",1662.830325258
