,customer,weight,round,length
0,"[45, 46, 138, 49, 136, 135, 66, 26, 82, 44]","[1, 2, 1, 3, 1, 1, 2, 1, 1, 2]",0,3231.9881616190005
1,"[139, 46, 3, 21, 6, 84, 14, 25, 43, 39]","[1, 1, 2, 1, 1, 2, 2, 2, 2, 1]",1,5316.8390625
2,"[100, 65, 81, 123, 16, 77, 113, 31, 137, 4]","[1, 2, 2, 1, 2, 1, 2, 1, 1, 2]",2,5321.798902898
3,"[13, 89, 134, 38, 116, 102, 40, 19, 32, 22]","[2, 1, 2, 1, 1, 1, 2, 2, 1, 2]",3,5403.600800358001
4,"[99, 88, 42, 24, 83, 15, 78, 33, 36]","[2, 1, 1, 1, 2, 2, 3, 1, 2]",4,6141.813781891
5,"[80, 64, 133, 37, 101, 97, 34]","[1, 3, 2, 3, 2, 3, 1]",5,6258.748878587
6,"[12, 85, 20]","[4, 1, 3]",6,4821.80848089
