,task,distance
0,[0],1216.260696268
1,[1],1666.728587122
