,customer,weight,round,length
0,"[22, 4]","[1, 1]",0,1539.9248674310002
1,"[11, 7, 36, 106, 44, 47, 1, 73, 81, 17, 87]","[1, 1, 1, 2, 1, 2, 2, 1, 1, 2, 1]",0,5270.624269255
2,[],[],0,0.0
