,customer,weight,round,length
0,"[22, 23, 12, 6, 47, 5]","[1, 2, 9, 1, 1, 1]",0,4598.178481301
1,[],[],0,0.0
2,"[1, 48, 8, 9, 2, 10, 7, 11, 49, 21, 24]","[1, 1, 1, 1, 1, 1, 1, 1, 1, 1, 5]",0,2995.0083493681004
3,"[33, 31, 42, 41, 32, 34, 35]","[1, 1, 1, 1, 2, 2, 4]",0,2049.5416192947
4,"[14, 50, 45, 29, 43, 37]","[2, 6, 1, 3, 1, 2]",0,2931.4068205818003
