,customer,weight,round,length
0,"[50, 64, 12, 11, 10, 102, 8]","[2, 1, 1, 2, 2, 2, 3]",0,2192.2370802230002
1,[9],[3],0,276.94715496
2,[],[],0,0.0
3,[],[],0,0.0
