,customer,weight,round,length
0,"[25, 24, 75, 26]","[1, 1, 1, 1]",0,1781.930055108
1,[],[],0,0.0
2,[],[],0,0.0
3,"[73, 36, 56]","[1, 1, 1]",0,1237.585435191
