,task,distance
0,[0],252.344834234
1,[1],0.0
2,[2],0.0
3,[3],2021.34562515
