,customer,weight,round,length
0,"[1, 22]","[4, 5]",0,694.448483411
1,[],[],0,0.0
2,[],[],0,0.0
3,[],[],0,0.0
4,"[13, 26, 25, 24, 2]","[5, 1, 1, 1, 1]",0,703.7152240861001
