,task,distance
0,[0],694.448483411
1,[1],0.0
2,[2],0.0
3,[3],0.0
4,[4],703.7152240861001
