,customer,weight,round,length
0,"[66, 69, 79, 29, 55, 61, 59]","[1, 5, 3, 3, 1, 1, 1]",0,5371.822454499
1,"[82, 156, 91, 8, 98, 158, 77]","[1, 1, 3, 1, 3, 2, 4]",0,2504.6200433428003
2,"[42, 119, 120, 78, 75, 140, 65]","[1, 1, 1, 7, 2, 1, 2]",1,4703.54113426
3,"[22, 17, 115, 116, 27, 26, 114, 15, 14, 85]","[3, 1, 1, 2, 1, 1, 1, 2, 1, 2]",1,2777.0249448836003
4,"[161, 39, 132, 124, 142, 145, 25, 134, 71, 49]","[1, 1, 3, 1, 1, 1, 2, 1, 1, 3]",2,4051.2689297733
5,"[83, 125, 126, 3, 96, 32, 147, 5, 81, 88, 149, 110, 111]","[1, 1, 1, 1, 1, 1, 3, 1, 1, 1, 1, 1, 1]",2,5992.5562156451
6,"[6, 103, 106]","[3, 1, 1]",3,5659.337137707999
7,[],[],3,0.0
