,customer,weight,round,length
0,"[139, 159, 63, 68, 79, 123, 122, 99, 121]","[1, 1, 3, 3, 1, 1, 2, 2, 1]",0,3028.4072125260004
1,"[56, 54, 53, 60, 10, 23, 9, 7, 86, 28, 17, 16, 113]","[1, 1, 1, 1, 1, 1, 3, 1, 1, 1, 1, 1, 1]",0,5733.346932986199
2,"[40, 43, 41, 64, 84, 62, 76, 112, 93, 94, 109, 38]","[2, 1, 1, 1, 2, 1, 1, 1, 1, 1, 1, 2]",1,4288.117400983199
3,"[127, 48, 37, 36, 33, 155, 72, 143, 144, 135, 136]","[1, 2, 1, 1, 1, 2, 2, 1, 1, 1, 2]",1,2858.2555670364004
4,"[129, 131, 44, 105, 46, 104, 107, 146, 154, 97, 160]","[1, 1, 2, 1, 1, 1, 1, 3, 2, 1, 1]",2,5819.428893776
5,[],[],2,0.0
