,customer,weight,round,length
0,"[25, 79, 85, 9, 8, 28, 49, 70, 18]","[1, 1, 1, 2, 1, 1, 1, 6, 1]",0,5058.333302421401
1,"[18, 70]","[1, 14]",0,4175.2431724184
2,[18],[15],0,129.3776329568
3,[18],[15],0,129.3776329568
4,[],[],1,0.0
5,[],[],1,0.0
6,[60],[2],1,2586.00186438
7,[],[],1,0.0
