,customer,weight,round,length
0,"[77, 76, 206, 23, 262, 261, 114, 201, 72]","[2, 3, 2, 2, 1, 1, 1, 1, 2]",0,13516.9635173055
1,"[205, 150, 259, 233, 152, 189, 191, 192, 231, 43, 20, 19]","[1, 1, 1, 1, 1, 2, 1, 2, 1, 1, 2, 1]",0,18331.500730465003
2,"[27, 120, 121, 125, 160, 123, 49, 265, 132, 190]","[1, 1, 1, 1, 1, 1, 2, 2, 3, 2]",1,21927.072197182202
3,"[134, 66, 84, 59, 221, 142, 177, 106, 257, 69, 34, 219, 248, 7]","[1, 1, 1, 1, 1, 1, 1, 2, 1, 1, 1, 1, 1, 1]",1,32253.424507470994
4,"[33, 155, 24, 127, 91, 89, 86]","[1, 1, 1, 2, 1, 1, 1]",2,2000001963.1133068
5,"[185, 227, 181, 64, 118, 65]","[2, 5, 3, 2, 1, 2]",2,25749.819978854
