,task,distance
0,"[0, 3]",7351.6504216299
1,"[1, 2]",6735.898718431
