,customer,weight,round,length
0,"[21, 33, 0, 2, 14, 20, 32, 31, 19, 15, 16, 22]","[1, 1, 1, 1, 3, 1, 1, 1, 1, 1, 2, 1]",0,1546.247495028
1,"[29, 30, 23, 1, 34, 17]","[1, 1, 1, 1, 1, 10]",0,1609.054606336
2,"[18, 6, 24, 8, 10, 5, 3, 13, 9, 25]","[1, 1, 3, 1, 1, 1, 1, 4, 1, 1]",1,1170.031427657
3,"[35, 27, 4, 28, 11, 7]","[2, 2, 6, 2, 2, 1]",1,1597.343857926
4,[],[],2,0.0
5,"[12, 26]","[1, 5]",2,1150.99261402
