,task,distance
0,"[0, 3, 4]",7702.7007661515
1,"[1, 2, 5]",11665.9190116717
