,customer,weight,round,length
0,[],[],0,0.0
1,"[29, 42, 44, 71, 21, 90, 46, 11, 96, 33, 74, 80]","[3, 1, 1, 1, 1, 1, 1, 1, 1, 1, 1, 1]",0,9106.280175941
2,[65],[2],0,197.4348677828
