,customer,weight,round,length
0,"[37, 26, 38, 40]","[3, 1, 1, 6]",0,2817.0618730585
1,"[80, 74, 79, 56, 11, 13, 9, 52, 57]","[1, 1, 2, 1, 1, 1, 1, 1, 2]",0,4406.929623151
2,[],[],0,0.0
