,task,distance
0,[0],2817.0618730585
1,[1],4406.929623151
2,[2],0.0
