,task,distance
0,[0],0.0
1,[1],2238.7335791463
2,[2],9087.35782882
