,task,distance
0,"[0, 5]",2000005364.113372
1,"[1, 4]",2000005488.8040571
2,"[2, 3]",4000012123.814623
