,customer,weight,round,length
0,"[56, 58, 79, 66, 67, 76, 41, 34, 6, 12]","[1, 1, 1, 1, 1, 1, 1, 1, 2, 5]",0,2788.194220477
1,"[13, 21, 36, 11]","[5, 1, 3, 6]",0,2013.899625224
2,"[8, 31, 63, 71, 9, 10]","[4, 1, 2, 2, 4, 2]",0,1830.745941478
3,[],[],1,0.0
4,"[75, 82, 86, 74, 16, 62, 20, 84]","[1, 1, 5, 3, 1, 1, 1, 2]",1,4340.556093193
5,"[37, 54, 47, 73, 81, 85, 53]","[1, 1, 1, 1, 1, 6, 2]",1,3663.5564466978
