,task,distance
0,"[0, 5]",1827.651793057
1,"[1, 4]",1918.0860067140002
2,"[2, 3]",2039.9771686259999
