,customer,weight,round,length
0,"[71, 208, 70, 69, 207, 275]","[2, 1, 3, 1, 1, 3]",0,1631.6431870887
1,"[238, 190, 29, 172, 113, 259, 237, 152, 31, 169, 170, 266]","[1, 1, 1, 1, 1, 1, 1, 1, 1, 2, 1, 2]",0,6365.805747642
2,"[133, 216, 182]","[1, 2, 3]",0,1718.51980494
3,"[196, 145, 144, 146, 200, 163, 148, 147, 197, 198, 57, 274]","[1, 1, 2, 1, 1, 1, 1, 1, 1, 1, 2, 2]",0,2850.6624180973
