,customer,weight,round,length
0,"[258, 257, 234, 235, 61, 141, 174, 142, 166, 231]","[1, 2, 1, 1, 1, 1, 1, 1, 1, 1]",0,2256.4613077850004
1,"[149, 46, 122, 126, 125, 137, 138]","[3, 1, 3, 3, 1, 1, 1]",0,2052.7601406000003
2,"[181, 28, 214, 279]","[3, 1, 1, 3]",0,2822.8491063849997
3,"[49, 281, 99, 13, 63, 243, 85, 263, 260, 153, 229, 230]","[2, 1, 1, 1, 2, 2, 1, 1, 1, 1, 1, 1]",0,6516.163626255
