,customer,weight,round,length
0,"[63, 66, 65, 226, 221, 176, 245, 34, 247, 219, 37, 59]","[2, 1, 2, 1, 1, 2, 1, 1, 1, 1, 1, 1]",0,9396.685241608999
1,"[41, 84, 83, 118, 64, 182, 227, 186, 187]","[1, 2, 1, 1, 2, 1, 5, 1, 1]",0,6793.328693445599
2,"[177, 142, 140, 106, 107, 196, 257, 69, 7, 6, 174, 248, 139]","[1, 1, 1, 2, 1, 2, 1, 1, 1, 1, 1, 1, 1]",0,6964.2560331839995
