,customer,weight,round,length
0,"[139, 248, 174, 6, 7, 69, 257, 196, 107, 106, 140, 142, 177]","[1, 1, 1, 1, 1, 1, 1, 2, 1, 2, 1, 1, 1]",0,6964.256033184
1,"[59, 37, 219, 247, 34, 245, 176, 221, 226]","[1, 1, 1, 1, 1, 1, 2, 1, 1]",0,4485.6906851740005
2,"[63, 66, 65, 118, 83, 84, 41]","[2, 1, 2, 1, 1, 2, 1]",0,5338.604943730599
