,customer,weight,round,length
0,"[124, 75, 203, 115, 116, 197, 44, 232, 153, 260, 74, 73]","[1, 1, 2, 1, 1, 1, 1, 1, 1, 1, 2, 2]",0,21141.038278720996
1,"[63, 118, 181, 227, 33, 127, 89]","[2, 1, 3, 5, 1, 2, 1]",0,2000015777.7451847
2,"[176, 196, 37, 226, 140, 139, 30, 162, 209, 159]","[2, 2, 1, 1, 1, 1, 2, 2, 2, 1]",0,28705.902731514
