,customer,weight,round,length
0,"[75, 73, 263, 203, 205, 45, 231, 20, 77, 30]","[1, 2, 1, 2, 1, 1, 1, 2, 2, 2]",0,19621.43457915
1,"[239, 157, 209, 122, 123, 49, 159, 160, 125, 121, 120]","[1, 2, 2, 1, 1, 2, 1, 1, 1, 1, 1]",0,2495.1092274287
2,"[132, 265, 134, 124, 133, 161, 162, 27]","[3, 2, 1, 1, 1, 2, 2, 1]",0,4439.5464658004
