,task,distance
0,[0],21141.038278721
1,[1],2000015777.745185
2,[2],28705.902731514
