,task,distance
0,[0],4852.410257916001
1,[1],1932.3112699095
2,[2],2116.1415316555003
