,task,distance
0,[0],0.0
1,[1],2052.7233588950003
2,[2],1742.102650337
