,task,distance
0,[0],242.247197532
1,[1],845.3221549120001
