,task,distance
0,[0],346.294388894
1,[1],79.0290191736
