,customer,weight,round,length
0,"[110, 85, 79, 92, 63, 0, 61, 136, 40]","[1, 1, 1, 1, 1, 1, 3, 3, 1]",0,5001.7199599880005
1,"[137, 9]","[2, 1]",0,777.5387849376
2,[],[],0,0.0
3,"[16, 47, 106, 50, 75, 119, 20, 101, 124, 125, 68, 30]","[1, 2, 1, 1, 1, 1, 1, 1, 1, 1, 1, 1]",0,6800.1142469056
