,customer,weight,round,length
0,"[128, 127]","[1, 1]",0,177.482874842
1,[52],[1],0,175.0696231426
2,[],[],0,0.0
3,[],[],0,0.0
