,customer,weight,round,length
0,"[127, 217, 216, 154, 153, 156, 157, 158, 168, 167, 52]","[1, 1, 1, 1, 1, 1, 1, 1, 3, 3, 1]",0,2000001455.037109
1,[163],[15],0,2000000000.0
2,"[128, 197, 179, 180, 182, 181, 178, 131, 202, 219, 204, 140, 136, 206]","[1, 1, 1, 1, 1, 1, 1, 2, 1, 1, 1, 1, 1, 1]",0,2000009369.2118912
3,"[223, 143, 166, 148, 119, 120, 220, 149, 152]","[1, 1, 2, 3, 1, 1, 2, 1, 3]",0,2000003487.148266
4,"[106, 38, 186, 5, 4]","[2, 1, 2, 1, 1]",1,2000002109.662663
5,[],[],1,0.0
6,[90],[15],1,2000000000.0
7,"[28, 82, 53, 115, 101, 102, 22]","[1, 1, 2, 2, 1, 1, 1]",1,2000004606.3818393
