,task,distance
0,"[0, 5]",4790.035172095701
1,"[1, 7]",2958.6625590553
2,"[2, 6]",9098.4443477059
3,"[3, 4]",6295.706470832601
