,customer,weight,round,length
0,[],[],0,0.0
1,"[71, 24]","[1, 2]",0,702.292694933
2,"[68, 23, 11, 40]","[1, 1, 1, 1]",0,978.5631458517
