,customer,weight,round,length
0,"[100, 20, 79, 103, 104, 98, 8, 99, 33, 48, 70, 5]","[1, 1, 2, 1, 2, 1, 2, 1, 1, 1, 1, 1]",0,2982.1350856141007
1,"[27, 68, 41, 75, 77, 30]","[1, 1, 1, 1, 1, 1]",0,1170.6824449936
2,[102],[11],0,221.478652384
