,task,distance
0,[0],2357.5822658114
1,[1],1417.846368802
2,[2],0.0
