,task,distance
0,[0],2982.1350856141007
1,[1],1170.6824449936
2,[2],221.478652384
