,task,distance
0,[0],3627.943267307001
1,[1],0.0
2,[2],0.0
3,[3],6334.208299146
