,task,distance
0,"[0, 6, 7, 9, 8]",4000001929.97504
1,[1],2000000000.0
2,"[2, 5]",2000005279.869001
3,[3],2000000000.0
4,[4],2000000000.0
