,task,distance
0,"[0, 9]",6572.70034182
1,"[1, 6]",9014.825137435
2,"[2, 7]",3423.89492266
3,"[3, 8]",3423.8949226580003
4,"[4, 5]",4871.997170086001
