,customer,weight,round,length
0,[53],[9],0,172.0324814648
1,"[74, 61]","[1, 3]",0,1349.2855421470001
2,"[53, 118, 91, 8, 51, 50, 1, 69, 127]","[1, 2, 1, 1, 1, 1, 3, 1, 2]",0,4058.4487857593995
3,[],[],0,0.0
