,customer,weight,round,length
0,"[41, 58, 57, 14, 13, 87, 98, 100, 48]","[1, 1, 1, 1, 1, 3, 2, 1, 2]",0,3232.727402742
1,[],[],0,0.0
2,[],[],0,0.0
3,"[25, 24]","[1, 2]",0,542.450718712
