,task,distance
0,[0],6114.872965405
1,[1],766.01843283
2,[2],187.29824439
3,[3],0.0
