,customer,weight,round,length
0,"[29, 49, 114, 115, 123, 39, 69, 68, 30]","[1, 1, 2, 1, 1, 1, 1, 1, 6]",0,5364.7682490239995
1,[],[],0,0.0
2,[103],[1],0,480.408689646
3,[],[],0,0.0
4,[],[],0,0.0
