,task,distance
0,[0],6815.6267134941
1,[1],938.677752056
2,[2],0.0
