,task,distance
0,[0],0.0
1,[1],469.6149740582
2,[2],6920.782639229999
