,customer,weight,round,length
0,"[75, 79]","[2, 4]",0,1633.752794732
1,"[140, 40, 42, 37, 36, 48, 126, 3, 97, 96, 160, 134, 119]","[1, 2, 1, 1, 1, 2, 1, 1, 1, 1, 1, 1, 1]",0,4799.797185936
2,"[55, 53, 9, 7, 86, 14, 110, 84, 83, 38, 125]","[1, 1, 3, 1, 1, 1, 1, 2, 1, 2, 1]",0,5155.0217222480005
3,"[8, 23, 91, 82, 16, 116, 76, 44, 105, 103, 88]","[1, 1, 3, 1, 1, 2, 1, 2, 1, 1, 1]",0,8160.099585931001
