,task,distance
0,[0],16248.69595615
1,[1],3502.772460286
2,[2],24892.683849578
