,customer,weight,round,length
0,"[24, 18, 17, 19, 5, 14, 13]","[2, 2, 3, 2, 1, 2, 3]",0,2172.0903889192
1,[24],[15],0,113.8447262164
2,[25],[14],0,270.055428874
3,"[22, 33, 23, 1]","[2, 1, 2, 2]",0,1400.291609885
