,task,distance
0,"[0, 5]",6692.095345657999
1,"[1, 3]",7713.178707977999
2,"[2, 4]",4034.5172569014994
