,customer,weight,round,length
0,"[82, 71, 27, 3, 61, 40, 81, 72, 80, 79, 39, 62]","[1, 2, 2, 2, 1, 1, 1, 1, 1, 1, 1, 1]",0,2389.430569838
1,"[42, 35, 49, 46, 78, 38, 69, 20, 44, 64, 2, 70, 5, 14]","[2, 1, 1, 1, 1, 1, 1, 1, 1, 1, 1, 1, 1, 1]",1,2553.5970056799997
2,"[58, 36, 57, 22, 4, 0, 53, 19, 13, 41, 63, 56, 67, 34, 37]","[1, 1, 1, 1, 1, 1, 1, 1, 1, 1, 1, 1, 1, 1, 1]",2,1281.186400443
3,"[60, 12, 41, 65, 15, 45, 26, 21, 43, 59, 51, 18, 74, 7, 17]","[1, 1, 1, 1, 1, 1, 1, 1, 1, 1, 1, 1, 1, 1, 1]",3,2058.140454853
4,"[66, 16, 11, 50, 75, 33, 1, 30, 29, 31, 68, 32, 83]","[1, 1, 1, 1, 1, 1, 2, 1, 1, 1, 1, 2, 1]",4,1926.274839594
5,"[52, 55, 48, 10, 73, 54, 6, 9, 23, 28, 76, 77, 8, 47]","[1, 1, 1, 1, 2, 1, 1, 1, 1, 1, 1, 1, 1, 1]",5,2339.9024894599997
6,"[25, 24]","[1, 3]",6,1667.0475922790001
