,customer,weight,round,length
0,"[207, 206, 136, 137, 262, 263, 105, 239, 237, 258, 30, 260]","[1, 1, 1, 1, 1, 1, 2, 1, 2, 1, 2, 1]",0,2897.8724961372
1,"[231, 174, 69, 38, 77, 257, 234, 129, 27, 214, 135, 144, 150, 154]","[1, 1, 1, 1, 1, 1, 1, 1, 1, 1, 1, 2, 1, 1]",1,4596.848588679
2,"[199, 182, 128, 200, 68, 201, 76, 132, 13, 34, 212, 84, 225, 134, 143]","[1, 1, 1, 1, 1, 1, 1, 1, 1, 1, 1, 1, 1, 1, 1]",2,5606.029770194999
3,"[103, 71, 73, 67, 203, 202, 75, 45, 243, 143, 81, 148, 151, 219, 177]","[1, 1, 1, 1, 1, 1, 1, 1, 1, 1, 1, 1, 1, 1, 1]",3,6859.8335563519995
4,"[72, 14, 66, 110, 111, 112, 114, 125, 175, 220, 265, 228, 245]","[1, 2, 1, 1, 1, 1, 2, 1, 1, 1, 1, 1, 1]",4,7862.986859096001
5,"[108, 88, 181, 240, 63, 193, 246, 195, 41, 55, 54, 166, 158, 251]","[1, 1, 1, 2, 1, 1, 1, 1, 1, 1, 1, 1, 1, 1]",5,8239.963532668
6,"[100, 97]","[1, 3]",6,3546.6876234750002
