,task,distance
0,[0],6720.967612021501
1,[1],336.007256574
2,[2],1579.007094731
3,[3],946.444237718
