,customer,weight,round,length
0,"[45, 6, 8, 56, 71]","[1, 1, 1, 1, 1]",0,3281.4464353519998
1,[24],[13],0,198.8675111956
2,[24],[10],0,198.8675111956
