,customer,weight,round,length
0,"[99, 24, 101, 93, 91, 89, 88, 108, 85, 49]","[2, 1, 1, 1, 1, 1, 1, 1, 2, 1]",0,2870.1115730029996
1,"[21, 102, 44, 47, 129, 97, 54, 52]","[1, 3, 1, 1, 2, 1, 3, 3]",0,5971.283307671
