,task,distance
0,[0],6367.496791734001
1,[1],3316.5714309388
