,task,distance
0,[0],4457.307558503
1,[1],8175.964654259001
