,task,distance
0,[0],5274.8334628284
1,[1],7569.601487438999
