,task,distance
0,"[0, 2, 5]",5080.68349707
1,"[1, 3, 4]",5267.580815661
