,customer,weight,round,length
0,[74],[3],0,146.6401271784
1,[],[],0,0.0
2,[],[],0,0.0
3,[],[],0,0.0
4,"[13, 79, 85, 54, 75, 34]","[5, 1, 6, 1, 1, 1]",0,5182.775767069999
