,customer,weight,round,length
0,"[16, 9, 15, 13, 0]","[1, 1, 1, 1, 1]",0,2747.32586949
1,"[11, 17, 1, 6, 14, 10]","[1, 1, 1, 8, 1, 1]",0,2049.856643989
2,"[4, 8, 2, 7, 12, 5, 3]","[1, 1, 1, 1, 2, 7, 1]",0,1737.9641517300001
