,customer,weight,round,length
0,"[19, 53, 54, 120, 14, 100, 43, 80, 42, 49, 102]","[1, 1, 1, 1, 1, 1, 1, 1, 1, 1, 1]",0,7646.248654398999
1,"[76, 38]","[1, 7]",0,5137.77517406
2,"[39, 68, 22, 16, 8]","[8, 2, 1, 1, 1]",0,7050.679186088
