,customer,weight,round,length
0,[],[],0,0.0
1,[],[],0,0.0
2,[61],[5],0,224.486432414
3,[],[],0,0.0
4,"[32, 34, 68, 45, 44, 66, 35, 6, 3, 26, 50]","[1, 1, 1, 1, 1, 1, 2, 1, 1, 1, 1]",0,5927.145319885
