,task,distance
0,[0],0.0
1,[1],0.0
2,[2],224.486432414
3,[3],0.0
4,[4],5927.145319885
