,task,distance
0,[0],0.0
1,[1],1372.8776102805998
2,[2],0.0
3,[3],0.0
4,[4],1057.182461582
