,customer,weight,round,length
0,"[14, 9, 16, 23, 0, 22]","[2, 9, 1, 1, 1, 1]",0,2103.13234237
1,"[18, 4, 21, 15, 1, 11, 12, 14]","[1, 1, 2, 3, 1, 1, 1, 2]",0,1672.149951177
2,"[24, 26, 3, 27, 2, 13, 5, 28, 8, 6, 25, 10, 7]","[1, 1, 1, 1, 1, 2, 1, 1, 1, 1, 1, 2, 1]",0,1430.809284578
3,"[20, 17, 19, 29, 14]","[4, 2, 2, 6, 1]",0,2022.1754181720003
