,customer,weight,round,length
0,"[35, 34, 32, 41, 42, 31, 33]","[4, 2, 2, 1, 1, 1, 1]",0,2049.5416192947
1,"[1, 48, 8, 9, 2, 10, 7, 11, 49, 21, 24]","[1, 1, 1, 1, 1, 1, 1, 1, 1, 1, 5]",0,2995.0083493681004
2,"[22, 23, 12, 6, 47, 5]","[1, 2, 9, 1, 1, 1]",0,4598.178481301
3,"[14, 45, 50, 29, 43, 37]","[2, 1, 6, 3, 1, 2]",0,2931.4068205818003
