,task,distance
0,[0],2049.5416192947
1,[1],2995.0083493681004
2,[2],4598.178481301
3,[3],2931.4068205818003
