,customer,weight,round,length
0,"[55, 108, 98, 190, 148, 187, 111, 165, 102, 146, 145, 41, 196, 110]","[1, 1, 2, 1, 1, 1, 1, 1, 1, 1, 1, 1, 1, 1]",0,10698.939529389
1,"[164, 45, 60, 61, 57, 51, 132, 66, 174, 154]","[1, 1, 2, 2, 1, 1, 1, 1, 1, 1]",1,15214.125414782004
