,customer,weight,round,length
0,"[1, 58, 182, 183, 59, 60, 61, 99, 57]","[2, 3, 2, 1, 1, 2, 2, 1, 1]",0,1832.4126567989
1,"[180, 62, 179, 45, 52, 51, 160, 141]","[1, 5, 2, 1, 2, 1, 1, 2]",1,5899.330126570001
2,"[50, 77, 97, 98, 7, 187, 148]","[1, 1, 1, 2, 1, 1, 1]",2,6367.7408169189985
