,customer,weight,round,length
0,"[154, 173, 23, 153, 138, 139, 174, 175, 84, 131, 132, 149, 66, 82, 157]","[1, 1, 1, 1, 1, 1, 1, 1, 1, 1, 1, 1, 1, 1, 1]",0,3337.328769112001
1,"[63, 79, 48, 129, 42, 40, 204, 163, 177]","[1, 1, 1, 1, 1, 1, 1, 1, 1]",1,5981.942948523
