,customer,weight,round,length
0,"[67, 140, 118, 89, 119, 79, 122, 110, 136, 129, 130]","[1, 2, 1, 2, 2, 1, 1, 2, 1, 1, 1]",0,2877.0736322969005
1,"[114, 116, 84, 86, 77, 78, 124, 123, 137, 127, 128]","[1, 5, 1, 1, 1, 1, 1, 1, 1, 1, 1]",1,3658.80565079
2,"[138, 80, 81, 88, 85, 109, 106, 115, 114, 112, 31, 97, 33]","[1, 1, 1, 1, 1, 1, 1, 2, 1, 1, 2, 1, 1]",2,5368.7861543307
3,"[132, 0, 29, 121, 111, 90, 50, 40, 117, 135, 133, 108, 107, 87]","[1, 1, 2, 1, 1, 1, 1, 1, 1, 1, 1, 1, 1, 1]",3,7361.825067875
4,"[134, 117, 120, 94, 95, 139, 146, 35, 102, 26]","[1, 2, 2, 1, 2, 2, 1, 2, 1, 1]",4,6899.888123834
5,"[146, 51, 131]","[1, 2, 4]",5,3420.3177947859995
