,task,distance
0,[0],210.729243718
1,[1],5877.837288326
