,customer,weight,round,length
0,"[77, 56, 55, 111, 112, 21, 22, 24, 113, 74, 75, 64, 63]","[1, 1, 1, 1, 1, 2, 1, 1, 1, 1, 1, 2, 1]",0,10465.878473059001
1,"[17, 27, 36, 37, 79, 80, 34, 78, 33, 28, 29]","[2, 2, 2, 1, 2, 1, 1, 1, 1, 1, 1]",0,3190.8775361273
2,"[94, 92, 5, 4, 18, 100, 103, 90, 102, 20, 62, 89]","[1, 1, 1, 1, 2, 1, 3, 1, 1, 1, 1, 1]",0,3628.9105674230004
3,[],[],1,0.0
4,[],[],1,0.0
5,"[58, 49, 51, 19, 54, 72, 7, 25]","[1, 1, 1, 2, 1, 2, 1, 1]",1,37668.073321773
