,task,distance
0,[0],2000009606.0792232
1,[1],2000014800.600875
2,[2],0.0
