,task,distance
0,[0],2000016662.6319008
1,[1],4029.962678903999
2,[2],741.014182995
