,customer,weight,round,length
0,"[16, 87, 82, 81, 92, 0, 128, 91, 14]","[1, 1, 4, 3, 1, 2, 1, 1, 1]",0,3000002824.308202
1,"[23, 105, 65, 64, 102, 47]","[1, 1, 2, 2, 1, 2]",1,2000003235.9894118
