,customer,weight,round,length
0,"[5, 10, 11, 1, 0, 9, 2]","[4, 1, 3, 1, 1, 3, 2]",0,220.04171783470002
1,"[5, 12, 4, 8, 3, 7]","[6, 5, 1, 1, 1, 1]",1,548.189844944
2,"[12, 6]","[5, 8]",2,1139.900463734
