,customer,weight,round,length
0,"[8, 57, 71, 90, 17, 128, 72, 73, 37, 87, 134, 122]","[1, 1, 1, 2, 1, 1, 3, 1, 1, 1, 1, 1]",0,3721.003025518
1,[115],[1],0,137.221710516
2,"[119, 83, 85, 92, 63, 58]","[1, 1, 1, 2, 1, 2]",0,4685.9916328750005
3,[],[],0,0.0
