,task,distance
0,[0],3721.003025518
1,[1],137.221710516
2,[2],4685.9916328750005
3,[3],0.0
