,task,distance
0,[0],372.14332543
1,[1],5796.918212014999
