,customer,weight,round,length
0,[66],[1],0,659.40069342
1,"[80, 56, 26]","[2, 1, 1]",0,7667.346207533
2,"[31, 86, 11, 10, 8, 3, 48, 106]","[2, 1, 2, 2, 3, 1, 1, 3]",0,4155.563462122999
3,[],[],0,0.0
