,task,distance
0,[0],0.0
1,[1],0.0
2,[2],1063.435353255
3,[3],4291.971514785
