,customer,weight,round,length
0,"[61, 8, 62, 88, 60, 90, 45, 64]","[2, 5, 2, 1, 2, 1, 1, 1]",0,1457.5217340447002
1,"[100, 37, 88, 99, 44]","[8, 1, 2, 1, 1]",1,5132.361779505
