,customer,weight,round,length
0,"[32, 33, 97, 98, 35, 20, 57, 40, 39, 91, 92, 78]","[1, 1, 1, 1, 2, 2, 1, 1, 2, 1, 1, 1]",0,3090.5873144339
1,[77],[3],1,867.058929536
