,customer,weight,round,length
0,"[25, 57, 56, 19, 20, 28, 29, 27, 26]","[2, 1, 1, 1, 2, 2, 2, 2, 2]",0,1323.5787823465
1,"[27, 55, 7, 21, 48]","[1, 2, 1, 1, 2]",1,1800.486308561
