,task,distance
0,"[0, 6]",4562.431858792001
1,"[1, 5]",3353.022753687
2,"[2, 7]",1103.397293747
3,"[3, 4]",4184.736956176001
