,customer,weight,round,length
0,"[118, 57, 56, 24, 94, 66, 83, 76, 58, 70]","[4, 1, 2, 1, 1, 1, 1, 1, 1, 2]",0,3646.7862910428003
1,"[22, 52, 47, 88, 2, 46, 98, 99, 102, 103, 89, 69]","[1, 1, 2, 2, 1, 1, 1, 1, 1, 1, 2, 1]",0,2693.0521840230003
2,"[115, 120, 112, 91, 92, 51]","[7, 1, 1, 1, 1, 4]",0,1422.9386214080002
3,"[82, 81, 63, 80, 49, 71, 84]","[1, 1, 2, 1, 1, 1, 1]",1,2868.6963439428996
4,"[114, 48, 20, 19, 35, 33, 72, 7]","[1, 2, 1, 1, 1, 1, 2, 2]",1,3681.653368458
5,"[38, 62, 61, 60, 59, 36, 86, 45, 97]","[1, 1, 1, 1, 1, 1, 1, 1, 1]",1,3187.1491424989995
