,task,distance
0,"[0, 3]",6515.482634985699
1,"[1, 5]",5880.201326521999
2,"[2, 4]",5104.591989866
