,customer,weight,round,length
0,[],[],0,0.0
1,[39],[8],0,161.429955069
2,[],[],0,0.0
3,"[68, 22, 16, 100, 38]","[2, 1, 1, 1, 7]",0,8872.7459499331
4,[],[],0,0.0
