,task,distance
0,[0],0.0
1,[1],6123.974778717
2,[2],0.0
3,[3],0.0
4,[4],2184.40311728
