,customer,weight,round,length
0,[],[],0,0.0
1,"[74, 29, 24, 42, 96, 32, 33, 34, 11, 50, 70, 65, 8]","[1, 1, 1, 1, 1, 1, 1, 2, 1, 2, 1, 1, 1]",0,7970.538786521999
2,[],[],0,0.0
3,"[75, 45, 72, 87]","[2, 2, 1, 1]",0,2630.064875355
4,[],[],0,0.0
