,task,distance
0,[0],0.0
1,[1],7970.538786521999
2,[2],0.0
3,[3],2630.064875355
4,[4],0.0
