,customer,weight,round,length
0,[],[],0,0.0
1,[76],[3],0,50.2030497982
2,"[54, 56, 57, 4, 39, 38]","[1, 1, 1, 1, 2, 8]",0,2164.3449129883998
3,[],[],0,0.0
