,customer,weight,round,length
0,"[239, 157, 209, 122, 123, 49, 159, 160, 125, 121, 120, 75]","[1, 2, 2, 1, 1, 2, 1, 1, 1, 1, 1, 1]",0,16804.3239661267
1,"[77, 76, 204, 206, 23, 205, 203, 263, 73]","[2, 3, 1, 2, 1, 1, 2, 1, 2]",0,13230.072103270002
2,"[161, 162, 27, 133, 124, 134, 265, 132, 30]","[2, 2, 1, 1, 1, 1, 2, 3, 2]",0,5240.629165372399
3,"[139, 59, 142, 106, 107, 37]","[1, 1, 1, 2, 1, 1]",1,23451.308907124
4,"[23, 46, 262, 261, 114, 115, 116, 19, 20]","[1, 1, 1, 1, 1, 1, 1, 1, 2]",1,14262.036519417701
5,"[72, 74, 71, 150, 232, 233, 68, 67, 230, 43, 45, 44, 70]","[2, 2, 1, 1, 1, 1, 1, 1, 1, 1, 1, 1, 1]",1,17167.331111829
