,task,distance
0,"[0, 4]",31066.3604855444
1,"[1, 5]",30397.403215099002
2,"[2, 3]",28691.9380724964
