,customer,weight,round,length
0,"[100, 99, 114, 26, 73, 106, 89, 24, 67, 66]","[1, 2, 1, 3, 2, 1, 1, 2, 1, 1]",0,5838.296004690999
1,[],[],0,0.0
2,"[29, 71, 35]","[1, 1, 13]",0,3376.752665808
