,task,distance
0,[0],0.0
1,[1],247.648002506
2,[2],5849.608582104
