,task,distance
0,[0],2463.740577455
1,[1],0.0
2,[2],5403.653486781
