,task,distance
0,[0],1276.79587154
1,[1],2723.732846257
2,[2],0.0
