,customer,weight,round,length
0,"[97, 78, 86, 40, 45, 53]","[6, 3, 2, 1, 1, 2]",0,4003.0268148309997
1,"[31, 81, 66, 60]","[1, 1, 1, 1]",1,2262.2882863812997
