,customer,weight,round,length
0,[],[],0,0.0
1,[2],[12],0,4064.30423472
2,[2],[15],0,4064.30423472
3,"[1, 0, 3, 4]","[1, 6, 4, 2]",0,3650.04165999
