,task,distance
0,[0],0.0
1,[1],9733.4898612215
2,[2],249.229065696
3,[3],249.229065696
