,customer,weight,round,length
0,"[42, 43, 49, 37, 65, 64, 161, 39, 132, 41]","[1, 1, 3, 1, 2, 1, 1, 1, 3, 1]",0,2542.9445776725997
1,"[66, 139, 40, 48, 36, 38, 84, 112, 62, 85]","[1, 1, 2, 2, 1, 2, 2, 1, 1, 2]",1,3359.3199765530003
2,"[15, 116, 8]","[2, 2, 1]",2,3620.3630592850004
