,task,distance
0,[0],18566.395186248003
1,[1],2831.988133802
2,[2],26505.421224072
3,[3],442.407617056
