,task,distance
0,[0],0.0
1,[1],3289.9716282870004
2,[2],3189.9075740827
3,[3],2842.281616034
