,task,distance
0,[0],17915.3992352891
1,[1],1516.3788686325
2,[2],2017.015001479
3,[3],0.0
