,customer,weight,round,length
0,"[15, 103, 12, 57, 66, 65, 9, 8, 107, 18, 92, 19, 51, 44, 90]","[1, 1, 1, 1, 1, 1, 1, 1, 1, 1, 1, 1, 1, 1, 1]",0,9998.0779671932
1,"[74, 31, 82, 83, 27, 25]","[1, 1, 1, 2, 1, 4]",0,2594.4217352117003
2,[],[],0,0.0
3,[],[],0,0.0
