,task,distance
0,[0],9998.0779671932
1,[1],2594.4217352117003
2,[2],0.0
3,[3],0.0
