,task,distance
0,[0],3129.3738084772
1,[1],1802.3705812850003
2,[2],8216.991049404998
3,[3],0.0
