,customer,weight,round,length
0,[],[],0,0.0
1,[],[],0,0.0
2,[],[],0,0.0
3,[40],[1],0,110.700312832
4,"[10, 7, 14, 16]","[1, 1, 1, 1]",0,673.5942616857001
