,task,distance
0,[0],206.721971406
1,[1],0.0
2,[2],839.3803185922999
3,[3],0.0
4,[4],0.0
