,customer,weight,round,length
0,"[34, 77, 61, 90, 19, 20, 85, 59, 80, 42, 94, 49]","[1, 1, 1, 1, 1, 1, 2, 2, 1, 1, 2, 1]",0,8349.551613273
1,[79],[6],1,489.054444328
