,customer,weight,round,length
0,"[23, 27, 97, 11, 71, 70, 89, 8, 58]","[1, 1, 1, 1, 1, 1, 1, 7, 1]",0,9188.936550222
1,"[24, 83, 34]","[1, 1, 13]",1,6716.9730591649995
2,[79],[15],2,4146.1499527
