,task,distance
0,[0],110.2096575616
1,[1],864.270324073
