,task,distance
0,"[0, 3, 5]",7676.9255004184
1,"[1, 2, 4]",5915.837312283
