,customer,weight,round,length
0,"[21, 11, 1, 4, 13, 15, 3, 31, 14]","[1, 1, 1, 1, 2, 2, 3, 2, 1]",0,1180.581357297
1,"[28, 8, 29, 16, 10, 27]","[1, 1, 2, 4, 1, 1]",0,1266.823973994
2,"[24, 7, 30, 5, 25, 12, 17, 22, 20]","[2, 1, 1, 1, 2, 1, 1, 2, 1]",0,1103.1399637539998
3,[],[],0,0.0
4,"[19, 23, 18, 0, 26, 9, 2, 6]","[1, 2, 6, 2, 1, 1, 1, 1]",0,1053.03323561
