,customer,weight,round,length
0,"[139, 15, 207, 122, 213, 19, 0, 218, 85, 237, 43]","[1, 1, 1, 1, 2, 1, 1, 1, 1, 1, 1]",0,7961.577301825901
1,[43],[8],0,106.9940449678
