,customer,weight,round,length
0,"[7, 16, 17, 26, 23, 28, 2]","[1, 1, 1, 3, 1, 1, 2]",0,6444.599000259999
1,"[5, 0, 22, 19, 15, 27, 30, 9, 11, 4, 6]","[1, 2, 1, 1, 1, 1, 2, 1, 3, 1, 1]",0,8696.4392174
2,"[20, 25, 21, 32, 33, 18, 13]","[1, 1, 2, 1, 1, 2, 2]",0,2485.184242676
3,"[29, 31, 3, 24, 14, 12, 1, 10, 8]","[1, 2, 3, 1, 1, 1, 3, 2, 1]",0,1092.9842859359999
