,customer,weight,round,length
0,"[57, 72, 37, 71, 69, 68, 70, 45, 53, 46, 31, 47, 61]","[1, 1, 1, 1, 1, 1, 1, 1, 1, 1, 1, 3, 1]",0,2721.0140495225
1,[],[],0,0.0
2,"[137, 144]","[3, 3]",0,868.587062218
