,task,distance
0,[0],1855.477551896
1,[1],1579.773601338
2,[2],0.0
3,[3],987.7372426651
