,task,distance
0,[0],0.0
1,[1],8065.3229117985
2,[2],7446.100515864
3,[3],0.0
