,task,distance
0,[0],4115.008774065
1,[1],0.0
2,[2],0.0
3,[3],7523.665009388
