,customer,weight,round,length
0,"[78, 10, 7, 169, 12, 11, 106, 109, 111, 37]","[1, 1, 1, 3, 1, 1, 1, 1, 2, 2]",0,9716.135232862101
1,[],[],0,0.0
2,"[206, 60, 52, 64, 158, 177, 174, 61, 99, 98, 189, 48]","[1, 1, 1, 1, 2, 1, 1, 1, 1, 1, 2, 1]",0,6942.438132445999
3,"[154, 142, 89, 121, 252, 32, 18, 255, 237, 170, 131]","[1, 1, 1, 1, 1, 1, 2, 1, 1, 1, 1]",0,8273.872615135
