,task,distance
0,[0],0.0
1,[1],4699.2871083275
2,[2],5804.103631374899
3,[3],2238.7123397072
