,customer,weight,round,length
0,"[27, 81, 82, 66, 87, 79, 44]","[3, 1, 1, 1, 1, 1, 1]",0,3646.9339353779997
1,"[75, 8, 33, 34, 48, 47, 46]","[1, 2, 1, 1, 5, 4, 1]",0,5406.6247752903
