,customer,weight,round,length
0,"[52, 60, 72, 19, 25, 8, 45, 38, 84]","[1, 1, 1, 2, 1, 6, 1, 1, 1]",0,3616.3015593600003
1,"[36, 35, 49]","[1, 1, 13]",0,1352.066888586
2,"[78, 74, 73]","[1, 1, 1]",1,3015.1022022759
3,[],[],1,0.0
