,task,distance
0,[0],1830.052891236
1,[1],5981.855224038
