,customer,weight,round,length
0,"[4, 125]","[6, 9]",0,4377.032416958
1,"[9, 102, 34]","[13, 1, 1]",1,5839.003933377001
2,"[101, 14, 99, 79, 139, 111, 65, 67, 69, 71, 131, 109, 110]","[1, 1, 1, 1, 1, 1, 1, 1, 1, 1, 3, 1, 1]",2,11433.8778511537
3,"[130, 129, 126, 127, 73, 74, 7, 45, 84, 77]","[1, 2, 1, 2, 1, 1, 1, 2, 1, 2]",3,14246.4981363749
