,customer,weight,round,length
0,"[125, 9]","[9, 6]",0,2348.822897543
1,"[44, 18, 34, 9]","[6, 1, 1, 7]",1,10795.880970365
2,"[102, 119, 101, 14, 100, 99, 32, 33, 4]","[1, 1, 1, 1, 1, 1, 2, 1, 6]",2,9311.731395605602
3,"[139, 30, 121, 55, 46, 117, 95, 127, 131]","[1, 3, 1, 1, 1, 2, 1, 2, 3]",3,14678.440346103002
4,"[126, 130, 89, 8, 91]","[1, 1, 1, 4, 1]",4,10533.167113622001
