,customer,weight,round,length
0,"[205, 69, 117]","[6, 1, 2]",0,1174.2540660539998
1,"[79, 160, 175, 133, 113, 107, 123, 31]","[1, 2, 1, 2, 4, 2, 2, 1]",0,4790.7991166130005
2,[],[],0,0.0
3,"[48, 47, 98, 11, 137, 92, 6, 15, 62]","[1, 2, 1, 1, 1, 4, 1, 1, 1]",0,3171.0197486626003
4,"[158, 75, 1, 77, 157, 39, 124, 125]","[5, 1, 4, 1, 1, 1, 1, 1]",0,5562.712475944
