,customer,weight,round,length
0,[],[],0,0.0
1,"[136, 97, 99, 44, 149, 195, 194, 142, 171, 197, 111, 108]","[2, 1, 1, 1, 1, 1, 1, 1, 1, 1, 1, 2]",0,4319.749754109
2,[],[],0,0.0
3,"[33, 190, 161, 132]","[8, 1, 4, 2]",0,4801.547909376999
4,"[147, 143, 115, 94, 93, 71, 72, 155, 101, 100, 126]","[1, 1, 1, 1, 1, 1, 2, 2, 1, 3, 1]",0,7622.745536634001
