,customer,weight,round,length
0,[55],[6],0,189.706315425
1,"[30, 50, 29, 8, 0, 3, 34, 20]","[1, 1, 1, 2, 1, 1, 1, 2]",0,2705.410883777
