,task,distance
0,[0],189.706315425
1,[1],2705.410883777
