,task,distance
0,[0],2000001412.7370071
1,[1],0.0
2,[2],2000003479.2429535
3,[3],0.0
4,[4],0.0
