,task,distance
0,[0],0.0
1,[1],471.132760854
2,[2],0.0
3,[3],0.0
4,[4],2253.3423283423
