,customer,weight,round,length
0,"[19, 127, 95, 109, 151, 121, 11, 53, 182, 62, 129, 52]","[2, 1, 1, 1, 1, 1, 1, 1, 2, 1, 1, 2]",0,7243.587259445801
1,[],[],0,0.0
2,[],[],0,0.0
3,"[140, 33, 139, 125, 126, 93, 37]","[2, 1, 1, 3, 2, 1, 1]",0,3343.8563654110003
