,task,distance
0,[0],8414.156529429001
1,[1],0.0
2,[2],3987.764401816
3,[3],0.0
