,task,distance
0,[0],7302.328543682
1,[1],2606.821996241
2,[2],2201.581270136
3,[3],0.0
