,task,distance
0,[0],906.502019606
1,[1],1975.823748312
