,customer,weight,round,length
0,"[102, 77, 22, 79, 51, 52, 109]","[4, 3, 1, 1, 1, 1, 2]",0,2050.7735525569
1,"[3, 72, 34, 33, 70, 107, 117, 32, 23, 24]","[2, 1, 3, 1, 1, 1, 3, 1, 1, 1]",0,2031.3804374641
2,"[87, 88, 0, 5, 1, 106, 39, 74, 75, 15, 43, 113]","[1, 1, 1, 1, 2, 1, 2, 1, 1, 1, 1, 1]",0,2608.0496455582997
3,"[103, 120, 121]","[2, 3, 3]",0,1086.771287345
