,customer,weight,round,length
0,[],[],0,0.0
1,[34],[15],0,5146.8277707
2,"[50, 34, 36, 10, 64, 32, 33, 31, 52]","[1, 6, 1, 1, 1, 1, 1, 1, 2]",0,9986.3637956767
3,"[26, 30, 57, 4, 5, 84, 82, 81, 15, 98, 41, 44, 95]","[1, 1, 1, 1, 1, 1, 1, 1, 2, 1, 1, 1, 2]",0,3618.778113276
4,[],[],0,0.0
