,customer,weight,round,length
0,"[24, 19, 18, 35, 37, 44, 28]","[2, 3, 1, 3, 1, 2, 1]",0,3490.6772543288
1,"[24, 9, 50, 53]","[1, 12, 1, 1]",0,2439.0238231318
