,customer,weight,round,length
0,"[15, 4, 8, 9, 20, 3, 5, 7, 16, 13, 17, 6, 1, 21, 22]","[1, 1, 1, 1, 1, 1, 1, 1, 1, 1, 1, 1, 1, 1, 1]",0,4894.61857064
1,"[14, 10, 24, 19, 2, 12, 23, 26, 11, 0, 18]","[1, 3, 1, 1, 1, 3, 1, 1, 1, 1, 1]",1,7351.62316265
2,[25],[2],2,3052.66091478
