,customer,weight,round,length
0,"[35, 37, 34]","[1, 1, 2]",0,1245.6548859741001
1,[15],[1],0,187.3062498416
