,task,distance
0,[0],4024.797684091001
1,[1],5753.926452786
2,[2],0.0
3,[3],0.0
