,task,distance
0,"[0, 4]",13237.545002096998
1,"[1, 5]",27869.036186479
2,"[2, 3]",15155.9978881133
