,task,distance
0,[0],1970.1838297792
1,[1],4628.715574421
2,[2],137.0395367818
