,customer,weight,round,length
0,"[7, 22, 14, 15, 16, 17, 3, 12, 10, 21, 19, 6]","[1, 1, 1, 1, 1, 1, 1, 1, 1, 1, 2, 3]",0,2645.308160738
1,"[1, 20, 4, 9, 11, 8, 23, 18, 2, 0, 5]","[2, 1, 1, 1, 1, 1, 1, 2, 3, 1, 1]",0,1579.773601338
2,[],[],1,0.0
3,[13],[1],1,653.702084694
