,customer,weight,round,length
0,"[16, 8, 60, 32, 64, 62, 9, 45, 46, 63, 47, 21, 20, 48]","[1, 1, 2, 1, 1, 1, 1, 1, 1, 1, 1, 1, 1, 1]",0,6338.089812088
1,"[12, 3, 25, 1, 2, 65, 11, 53, 13]","[3, 3, 1, 1, 2, 1, 1, 2, 1]",0,2394.3605976909002
2,[],[],1,0.0
3,[39],[1],1,3987.07894186
