,customer,weight,round,length
0,"[14, 26, 52, 46, 42, 16, 1, 33]","[4, 3, 1, 2, 1, 1, 1, 2]",0,3082.50345314
1,"[51, 23, 18, 39, 21, 48, 37, 25, 47, 0, 41, 36]","[1, 1, 3, 1, 1, 2, 1, 1, 1, 1, 1, 1]",0,2144.726342247
2,"[34, 8, 31, 22, 53, 55]","[4, 3, 1, 1, 3, 3]",0,492.283903878
3,"[17, 9, 54, 40, 32, 19, 13, 50, 24]","[3, 1, 3, 1, 2, 1, 2, 1, 1]",0,3240.4471105599996
4,"[43, 7, 35, 45, 10, 38, 6, 2]","[2, 2, 1, 2, 1, 2, 1, 2]",1,2341.9078158760003
5,[],[],1,0.0
6,"[11, 28, 57, 15, 44, 12, 3]","[3, 2, 4, 1, 1, 1, 1]",1,3657.98008143
7,"[49, 5, 56, 30, 29, 20, 4, 27]","[1, 1, 1, 1, 7, 1, 1, 2]",1,2909.7218481709997
