,task,distance
0,"[0, 7]",8169.5894005235
1,"[1, 4]",6451.382366186999
2,"[2, 6]",8203.905798768
3,"[3, 5]",3287.8813896288
