,task,distance
0,[0],241.006873256
1,[1],8533.842627999
2,[2],6838.723058164999
3,[3],0.0
