,customer,weight,round,length
0,"[42, 8, 0, 74, 49]","[5, 1, 1, 2, 1]",0,2728.4264515516998
1,[],[],0,0.0
2,"[61, 72, 64, 78, 76, 12, 79]","[1, 7, 1, 2, 1, 1, 1]",0,3435.542644637
3,[44],[15],0,1265.379056978
4,[],[],0,0.0
