,task,distance
0,[0],9020.328357422
1,[1],0.0
2,[2],0.0
3,[3],0.0
4,[4],5878.185588996301
