,customer,weight,round,length
0,"[30, 10, 27, 9, 63, 133]","[4, 1, 1, 1, 3, 3]",0,1697.448188525
1,"[50, 74, 49, 157, 75, 158, 78, 18, 60, 146, 72, 114]","[1, 1, 1, 1, 1, 1, 1, 1, 2, 1, 1, 2]",0,5950.915657769
2,[61],[3],0,211.915718702
