,customer,weight,round,length
0,"[133, 9, 27, 10, 30]","[3, 1, 1, 1, 4]",0,1429.5353199469998
1,"[63, 164, 150, 16, 59, 60, 61]","[3, 2, 1, 1, 1, 2, 3]",0,6379.516433547999
2,"[50, 74, 102, 75, 49, 158, 111, 112, 146, 113, 72, 114]","[1, 1, 1, 1, 1, 1, 1, 1, 1, 1, 1, 2]",0,1795.6186935970995
