,customer,weight,round,length
0,"[139, 123, 63, 26, 27, 120, 65, 96, 57]","[1, 1, 3, 1, 1, 2, 1, 1, 1]",0,12956.772860124698
1,[],[],0,0.0
2,"[114, 158, 75, 91, 143, 20, 141, 162, 150, 89]","[2, 1, 1, 1, 3, 2, 1, 2, 1, 1]",0,16738.591419423
