,customer,weight,round,length
0,"[103, 102, 112, 113, 111, 117, 118, 98, 120, 124, 123, 122]","[1, 1, 1, 1, 1, 1, 1, 1, 2, 2, 1, 2]",0,2000003749.254921
1,[],[],0,0.0
2,"[162, 32, 161, 160, 90, 89, 107, 108]","[2, 1, 2, 2, 1, 1, 1, 1]",0,2000001615.6653779
