,task,distance
0,[0],8404.6859059932
1,[1],0.0
2,[2],1485.357269575
