,task,distance
0,[0],12956.772860124698
1,[1],0.0
2,[2],16738.591419423
