,task,distance
0,[0],10064.0177240795
1,[1],2604.77899571
2,[2],0.0
