,task,distance
0,"[0, 5]",5571.686634600201
1,"[1, 7]",5755.790043933001
2,"[2, 4]",3581.8958804906
3,"[3, 6]",2350.3277930898
