,customer,weight,round,length
0,"[146, 149, 208, 171, 150, 151, 25, 166, 257, 81, 82, 85, 301, 83]","[1, 2, 1, 1, 1, 1, 1, 1, 1, 1, 1, 1, 1, 1]",0,3593.1767505172998
1,"[106, 99, 80, 88, 84, 87, 51, 91, 65, 147, 58, 59]","[1, 2, 1, 1, 2, 1, 1, 2, 1, 1, 1, 1]",1,6696.623847483001
2,[41],[2],2,2509.42092894
