,customer,weight,round,length
0,"[37, 52, 121, 188, 22, 227, 176, 164, 209, 151, 82, 87]","[1, 2, 2, 1, 1, 1, 1, 1, 2, 1, 1, 1]",0,10504.93792886
1,"[43, 152, 140, 278, 246, 248, 257, 59, 166, 41, 286, 243, 245]","[1, 1, 1, 1, 1, 2, 1, 1, 1, 2, 1, 1, 1]",1,10336.226966738002
2,"[145, 173, 96]","[1, 2, 1]",2,2000002055.93935
