,customer,weight,round,length
0,"[5, 297, 138, 278, 0, 100, 102, 14, 241, 242, 246, 286, 245, 280]","[1, 1, 1, 1, 2, 1, 1, 1, 1, 1, 1, 1, 1, 1]",0,2906.8560442986
1,"[16, 248, 17, 42, 283, 282, 284, 243, 298, 269, 141, 140, 145]","[1, 2, 1, 2, 1, 1, 1, 1, 1, 1, 1, 1, 1]",1,4710.135673856
2,"[204, 12, 210, 143, 56]","[1, 2, 1, 1, 1]",2,5722.268024188
