,task,distance
0,"[0, 2, 5]",8695.07505238
1,"[1, 3, 4]",13842.033829633001
