,customer,weight,round,length
0,[],[],0,0.0
1,"[140, 141, 143, 103, 180, 185]","[5, 2, 1, 4, 2, 1]",0,2052.776222101
2,"[110, 160, 177, 201, 195, 10, 28, 151, 6, 129, 145, 178, 107]","[2, 1, 1, 1, 1, 1, 1, 1, 1, 1, 1, 1, 2]",0,6668.196613892999
3,[],[],0,0.0
4,[98],[2],0,348.615633196
