,task,distance
0,[0],4402.477104653
1,[1],0.0
2,[2],2546.737386143
3,[3],3131.1787708219995
4,[4],0.0
