,customer,weight,round,length
0,"[130, 60, 45, 96, 133, 19, 20, 95, 132, 63]","[1, 1, 4, 1, 1, 1, 1, 1, 1, 1]",0,2651.1887948112
1,[],[],0,0.0
2,"[67, 37, 24, 23]","[1, 4, 1, 2]",0,971.7362862766
3,"[64, 47, 65, 66, 137, 136, 34, 69]","[1, 1, 1, 3, 5, 1, 1, 2]",0,979.7095893532999
