,customer,weight,round,length
0,"[81, 13, 14, 144, 141, 125, 79, 143, 142, 139, 124, 123]","[1, 2, 2, 1, 1, 1, 1, 1, 1, 1, 2, 1]",0,3004.8549379847
1,"[53, 21, 154, 17, 91, 29, 156, 128, 93, 151, 55]","[2, 1, 1, 1, 1, 1, 1, 2, 1, 2, 1]",0,4168.065371098501
2,[],[],0,0.0
3,[],[],0,0.0
