,customer,weight,round,length
0,"[47, 49, 85, 74, 100, 64, 102, 76, 32]","[1, 1, 1, 1, 4, 1, 1, 2, 3]",0,3346.163738951999
1,"[41, 31, 67, 4, 35, 25, 26]","[2, 3, 2, 3, 1, 1, 2]",1,3951.2395658
