,task,distance
0,[0],3948.307008419
1,[1],9711.98513226
2,[2],0.0
3,[3],0.0
4,[4],0.0
