,task,distance
0,[0],821.507051955
1,[1],0.0
2,[2],0.0
3,[3],1589.89463635
4,[4],0.0
