,customer,weight,round,length
0,"[143, 107, 161, 29]","[3, 4, 2, 4]",0,11184.667043356
1,"[177, 146, 41, 5, 173, 150, 175, 74]","[1, 1, 1, 1, 4, 1, 2, 1]",0,19410.475591811002
2,"[30, 158, 38, 85, 15, 141, 83, 117, 125, 182, 162, 23, 94]","[1, 1, 1, 1, 1, 1, 1, 1, 1, 1, 1, 1, 1]",0,5488.025384708
3,[],[],0,0.0
4,[57],[15],0,842.21978025
