,customer,weight,round,length
0,"[63, 27, 66, 49, 72, 84, 29, 32, 60, 34]","[1, 3, 1, 1, 1, 2, 2, 1, 1, 2]",0,4346.2261628259
1,"[91, 88, 7, 90, 51]","[3, 4, 1, 3, 4]",0,1390.7167729095002
2,"[70, 62, 40, 41, 45]","[1, 1, 4, 1, 8]",1,2940.4819627829997
3,"[17, 12, 1, 57, 25]","[1, 1, 1, 1, 6]",1,2211.430809601
