,customer,weight,round,length
0,"[42, 58]","[14, 1]",0,3573.8448438140003
1,"[3, 25]","[1, 14]",0,2659.817102403
2,[],[],1,0.0
3,"[19, 5, 24, 12, 9]","[1, 1, 1, 1, 1]",1,4128.877373021
