,customer,weight,round,length
0,[59],[14],0,676.32921992
1,"[50, 13, 57, 48, 43, 37, 31, 17]","[1, 1, 1, 4, 1, 1, 2, 1]",0,2000003983.845138
