,task,distance
0,[0],3631.9349915945
1,[1],1750.4230084663998
