,task,distance
0,[0],24367.441327094395
1,[1],9688.844059561
2,[2],6284.7227678300005
3,[3],25124.642982858
4,[4],5855.5871719176
