,customer,weight,round,length
0,"[34, 4]","[1, 1]",0,892.8628965190001
1,[],[],0,0.0
2,[],[],0,0.0
3,[30],[15],0,1405.06533165
