,task,distance
0,[0],0.0
1,[1],5049.989002803
2,[2],4512.10082042
3,[3],0.0
