,customer,weight,round,length
0,"[25, 8, 4, 177, 135, 179, 181, 176, 89, 90, 3, 157]","[1, 1, 1, 1, 4, 1, 1, 1, 1, 1, 1, 1]",0,9571.015051965
1,"[29, 2, 114]","[1, 1, 1]",1,10187.696431666001
