,task,distance
0,[0],5611.087250141
1,[1],3023.8581928870003
2,[2],0.0
3,[3],0.0
4,[4],3103.280235231
