,customer,weight,round,length
0,"[235, 8, 7, 5, 169, 233, 234, 12, 11, 10, 9]","[3, 1, 1, 1, 3, 1, 1, 1, 1, 1, 1]",0,1626.0091274738
1,"[5, 6, 253, 252, 32, 168, 232, 106, 55, 113, 112]","[1, 1, 2, 1, 1, 4, 1, 1, 1, 1, 1]",1,7784.164728303
2,"[73, 19, 18, 160, 44, 124, 196, 123, 78, 75, 33, 260]","[1, 1, 2, 1, 1, 1, 1, 1, 1, 1, 1, 1]",2,14274.764094588
