,customer,weight,round,length
0,"[206, 52, 60, 64, 174, 177, 158, 61, 99, 98, 189, 48, 131]","[1, 1, 1, 1, 1, 1, 2, 1, 1, 1, 2, 1, 1]",0,7235.363543713001
1,"[237, 170, 154, 171, 151, 169, 7, 12, 11, 10, 35, 37]","[1, 1, 1, 1, 1, 3, 1, 1, 1, 1, 1, 2]",1,7080.895902223101
2,"[249, 27, 253, 19, 196, 124, 115, 110]","[1, 1, 2, 1, 1, 1, 1, 1]",2,11814.950597271998
