,customer,weight,round,length
0,"[242, 214, 25, 157, 219, 44, 47, 46, 100, 147, 240, 53]","[1, 1, 2, 2, 1, 1, 1, 1, 1, 2, 1, 1]",0,4755.818901485301
1,"[36, 35, 235, 234, 144, 236, 223, 224, 138, 15]","[1, 4, 3, 1, 1, 1, 1, 1, 1, 1]",1,7861.840707658999
2,"[248, 250, 159, 73, 6, 5, 123, 260, 38, 112, 114]","[1, 2, 1, 1, 1, 2, 1, 1, 1, 1, 1]",2,14890.627272107999
