,customer,weight,round,length
0,[],[],0,0.0
1,"[156, 209, 210, 79, 78, 89, 126, 112]","[1, 1, 2, 3, 1, 1, 1, 1]",0,15636.993769972001
2,[],[],0,0.0
3,[141],[1],0,263.113747678
4,[],[],0,0.0
