,task,distance
0,[0],2374.1244040198003
1,[1],1397.7213209018
