,customer,weight,round,length
0,"[7, 9, 10, 27, 26, 8]","[1, 4, 1, 4, 4, 1]",0,978.752310569
1,"[21, 31, 30, 28]","[3, 1, 9, 2]",1,2014.2986450170001
2,"[6, 12, 4, 2, 32, 33, 31]","[1, 2, 1, 1, 5, 2, 3]",2,1345.69087769
3,"[3, 17, 35, 34, 1, 24, 23, 5]","[1, 1, 4, 3, 1, 1, 1, 3]",3,1325.825311433
4,"[14, 22, 0, 11, 13, 16, 20, 18, 15, 19, 25]","[1, 2, 1, 1, 1, 1, 1, 3, 2, 1, 1]",4,1590.426974473
5,[22],[4],5,4358.20262326
