,customer,weight,round,length
0,[140],[1],0,53.625932199
1,"[23, 40, 42, 121, 94, 113, 51]","[1, 1, 1, 1, 1, 7, 2]",0,4237.976599306
2,"[161, 67, 165, 14, 155, 89, 151, 164, 181, 131, 149, 48, 56]","[1, 1, 1, 1, 1, 1, 1, 1, 1, 1, 1, 1, 3]",0,10251.5278308608
3,"[96, 63, 70]","[1, 3, 1]",0,4560.508106701
