,customer,weight,round,length
0,"[23, 113, 138, 56, 51]","[1, 7, 2, 3, 2]",0,4260.059803124
1,"[93, 40, 96, 41, 122, 31, 79, 176, 80, 131, 149, 48, 134, 132]","[1, 1, 1, 1, 1, 1, 1, 1, 1, 1, 1, 1, 2, 1]",0,8565.027981038998
2,"[20, 140]","[10, 1]",0,376.7363853965
3,"[20, 160, 52, 44]","[9, 1, 1, 1]",0,3140.32097385
