,task,distance
0,"[0, 3, 5]",8475.2582893715
1,"[1, 2, 4]",8278.7865041979
