,customer,weight,round,length
0,[],[],0,0.0
1,"[79, 60, 12, 99, 9, 85, 84, 92, 86, 35, 66]","[1, 1, 1, 1, 3, 2, 1, 1, 1, 2, 1]",0,8828.462903734999
2,"[67, 2, 1, 31, 97, 20]","[1, 1, 2, 1, 2, 1]",0,3532.488247762
