,customer,weight,round,length
0,"[3, 19, 1, 14, 27]","[1, 1, 1, 10, 2]",0,1413.7157432037002
1,"[5, 13, 7, 24, 25, 28, 27, 26]","[2, 1, 1, 1, 3, 5, 1, 1]",1,2332.414472015
2,"[28, 16]","[5, 8]",2,2280.398456727
