,task,distance
0,[0],11457.903865166
1,[1],0.0
2,[2],5109.18817372
3,[3],0.0
4,[4],1974.439828252
