,customer,weight,round,length
0,"[48, 37, 176, 111]","[2, 1, 1, 2]",0,1695.154786565
1,"[21, 113, 24, 71, 0, 40, 20, 34, 33]","[1, 4, 2, 2, 1, 1, 1, 1, 1]",0,3151.2613037676006
2,"[17, 69, 182, 179, 149, 11, 119, 95, 101, 102, 171]","[1, 3, 2, 1, 1, 1, 1, 1, 1, 1, 2]",0,7018.061755246001
