,task,distance
0,[0],1695.154786565
1,[1],3151.261303767601
2,[2],7018.061755246001
