,task,distance
0,"[0, 3]",6667.311198623
1,"[1, 5]",3910.017512066001
2,"[2, 4]",5750.366544503001
