,task,distance
0,"[0, 4]",2879.9112572392
1,"[1, 5]",2783.9189894985
2,"[2, 3]",5331.7489279619
