,task,distance
0,[0],5193.392771530001
1,[1],0.0
2,[2],2102.908208021
3,[3],1667.051968999
4,[4],0.0
