,customer,weight,round,length
0,[15],[10],0,205.274440068
1,"[27, 22, 19, 4]","[1, 1, 1, 3]",0,1641.4563475650002
2,[],[],0,0.0
3,[],[],0,0.0
4,[],[],0,0.0
