,task,distance
0,[0],7408.38562615
1,[1],305.339943948
2,[2],0.0
