,task,distance
0,[0],0.0
1,[1],6471.614268824501
2,[2],305.339943948
