,task,distance
0,[0],7206.136455271
1,[1],10234.92435115
