,task,distance
0,[0],218.003922334
1,[1],0.0
2,[2],518.5077941315
3,[3],0.0
