,customer,weight,round,length
0,"[39, 71]","[1, 1]",0,796.549963679
1,"[53, 72, 13, 21, 20, 34, 41, 10, 61]","[1, 1, 4, 1, 4, 1, 1, 1, 1]",0,10475.039058958
2,[],[],0,0.0
