,task,distance
0,[0],925.915403752
1,[1],9357.110343288
2,[2],0.0
