,customer,weight,round,length
0,"[85, 198, 9, 16, 50, 215, 2, 57, 125]","[1, 1, 1, 2, 1, 5, 1, 1, 1]",0,7781.138084773001
1,"[92, 202]","[1, 1]",0,544.4577253919999
