,customer,weight,round,length
0,"[92, 202, 2, 57, 125, 147, 146, 148, 198, 85]","[1, 1, 1, 1, 1, 1, 1, 1, 1, 1]",0,3022.0924381933
1,"[207, 210, 190, 50, 188, 77, 215, 16, 9]","[1, 1, 1, 1, 1, 1, 5, 2, 1]",0,8243.288775580002
