,customer,weight,round,length
0,[],[],0,0.0
1,"[14, 5]","[2, 7]",0,320.5634809398
2,"[108, 54, 41, 21, 64, 130, 63, 85, 93, 111]","[2, 3, 1, 1, 2, 1, 1, 1, 1, 2]",0,4453.124305104
