,customer,weight,round,length
0,"[1, 2, 0]","[1, 9, 5]",0,3541.36140965
1,[0],[13],0,3759.79932946
2,[2],[9],0,1974.439828252
