,customer,weight,round,length
0,"[3, 7, 2]","[1, 9, 5]",0,11457.903865166001
1,[2],[13],0,1974.439828252
2,[7],[9],0,5109.18817372
