,task,distance
0,"[0, 5]",1568.339576525
1,"[1, 7]",2387.929516426
2,"[2, 6]",2633.621843451
3,"[3, 4]",2801.6703613050004
