,task,distance
0,[0],1167.8322115545002
1,[1],7455.0823517623
