,task,distance
0,[0],4644.112997151
1,[1],5475.640794167
