,customer,weight,round,length
0,"[16, 73, 71, 28, 97, 98, 30, 155, 42, 150]","[2, 2, 1, 1, 1, 2, 1, 1, 3, 1]",0,5298.143116737
1,"[92, 99]","[14, 1]",0,805.0570077613
2,[92],[15],0,195.0098141966
3,[92],[15],0,195.0098141966
4,[92],[15],0,195.0098141966
5,[],[],1,0.0
6,[],[],1,0.0
7,[],[],1,0.0
8,"[176, 175, 120, 36, 79, 170, 8, 37, 162, 163, 138, 41, 24, 132]","[1, 1, 1, 2, 1, 1, 1, 1, 1, 1, 1, 1, 1, 1]",1,6809.609985163399
9,[],[],1,0.0
