,customer,weight,round,length
0,[],[],0,0.0
1,"[1, 6, 3]","[1, 1, 4]",0,3408.89947673
2,"[8, 14, 4, 9, 11, 5, 0, 13, 12, 10, 7]","[3, 1, 1, 1, 1, 1, 2, 1, 1, 2, 1]",0,168.2196668727
3,[2],[1],0,3549.93895778
