,customer,weight,round,length
0,"[56, 26, 80, 66, 106, 3, 10, 11, 86, 31]","[1, 1, 2, 1, 3, 1, 1, 2, 1, 2]",0,10954.227312035002
1,"[48, 49, 8]","[1, 4, 1]",1,3735.3686696209998
