,customer,weight,round,length
0,"[6, 20, 21, 22, 24, 23]","[1, 1, 1, 2, 6, 4]",0,1771.7791988628
1,"[20, 14, 12]","[1, 2, 2]",1,3115.564812933
