,customer,weight,round,length
0,"[2, 11, 10, 9, 12, 13]","[1, 2, 1, 1, 4, 6]",0,5407.49799708
1,"[9, 6, 4]","[1, 2, 2]",1,6925.655182779999
