,customer,weight,round,length
0,"[2, 18, 33]","[12, 1, 2]",0,2147.4112813566
1,"[32, 1, 13, 33, 27, 17, 10]","[1, 2, 1, 5, 1, 1, 1]",1,9287.965969229997
