,task,distance
0,[0],1370.2739825929998
1,[1],5089.640786620999
