,task,distance
0,[0],1359.6834702136002
1,[1],2397.9438837047
