,customer,weight,round,length
0,"[48, 20, 21, 6, 33, 5, 92, 4, 61, 38, 17]","[2, 2, 1, 1, 1, 1, 2, 1, 1, 1, 2]",0,2659.9531634179
1,"[47, 25, 19, 56, 57, 26, 27, 29, 28]","[1, 2, 1, 1, 1, 2, 3, 2, 2]",0,2167.991884847
2,"[43, 49, 75, 40, 84, 13, 2, 62, 41, 6, 18, 45]","[2, 1, 2, 1, 1, 1, 1, 1, 1, 2, 1, 1]",1,2906.6217691791
3,"[42, 65, 81, 82, 54, 55, 7, 78, 8, 22]","[2, 1, 1, 2, 1, 2, 1, 2, 1, 2]",1,1574.5886072361
4,"[71, 70, 73, 72, 51, 52, 80, 79, 14, 74, 15]","[1, 1, 1, 4, 1, 1, 1, 1, 1, 2, 1]",2,3735.8452467255997
5,"[49, 91]","[1, 2]",2,1236.887451484
