,task,distance
0,[0],0.0
1,[1],991.4125909455
2,[2],3110.7218542365
