,task,distance
0,[0],963.187624708
1,[1],3079.9589693564003
2,[2],0.0
