,task,distance
0,[0],5789.497545968001
1,[1],0.0
2,[2],699.735816538
