,task,distance
0,[0],102.377075915
1,[1],5077.888399781
