,task,distance
0,[0],4313.2573534972
1,[1],490.612211828
