,task,distance
0,[0],3007.293253151
1,[1],3968.9241476366
