,task,distance
0,[0],4582.0864810331
1,[1],87.1264753552
