,customer,weight,round,length
0,"[107, 132, 102, 3, 77, 105, 36, 121, 129, 101]","[3, 1, 1, 1, 1, 2, 1, 1, 3, 1]",0,7031.252613318
1,"[22, 66, 23, 103, 12, 24, 44, 120, 126]","[1, 1, 2, 2, 1, 1, 1, 1, 3]",1,7853.1148740240005
