,customer,weight,round,length
0,"[65, 3, 34, 36, 19, 126, 109, 39, 103, 73, 41, 90, 97]","[1, 1, 1, 1, 2, 1, 1, 1, 1, 1, 1, 1, 1]",0,7559.056895715999
1,[],[],0,0.0
2,"[82, 64, 115, 117, 114, 128]","[1, 1, 1, 4, 1, 1]",0,2054.93786105
