,customer,weight,round,length
0,[],[],0,0.0
1,[],[],0,0.0
2,"[60, 65, 47, 31, 14, 15, 18, 24, 25, 26, 29]","[1, 1, 1, 3, 1, 1, 1, 1, 1, 2, 1]",0,2000002130.844929
3,"[76, 54, 41, 8, 20]","[1, 1, 1, 7, 3]",0,2000001454.9706872
4,[],[],0,0.0
