,customer,weight,round,length
0,"[71, 73, 72, 113, 0, 79, 78, 81, 22, 47, 67, 69]","[1, 2, 1, 1, 1, 1, 1, 1, 1, 1, 1, 1]",0,2000003861.3536842
1,"[25, 23, 38, 92, 61, 55, 56, 24, 65]","[2, 2, 2, 1, 1, 1, 1, 1, 3]",0,2000003032.500773
2,"[100, 84, 29, 76, 77, 110]","[1, 1, 2, 1, 1, 3]",0,2000001068.4241657
3,[],[],0,0.0
