,task,distance
0,"[0, 2]",4988.082486595999
1,"[1, 3]",6818.694896893299
