,customer,weight,round,length
0,"[27, 9, 10, 41, 11, 26]","[1, 2, 3, 1, 2, 3]",0,2467.899943606
1,[],[],0,0.0
2,[],[],0,0.0
3,"[29, 30, 65, 64, 28]","[1, 1, 2, 1, 2]",0,1442.5328390179
4,[],[],0,0.0
