,task,distance
0,[0],7555.112859372
1,[1],991.4515281072
2,[2],0.0
3,[3],0.0
4,[4],0.0
