,task,distance
0,[0],0.0
1,[1],13833.88504634
2,[2],531.370409764
3,[3],615.830681914
4,[4],0.0
