,task,distance
0,[0],5367.957476828001
1,[1],0.0
2,[2],2819.7699751803
