,customer,weight,round,length
0,"[103, 102, 135, 132, 131, 19, 178, 133, 134, 136, 137, 21, 20]","[1, 1, 1, 1, 2, 1, 1, 1, 1, 1, 1, 2, 1]",0,3956.4293875139997
1,"[130, 125, 129, 168, 70, 164, 5, 0, 83]","[2, 1, 1, 1, 1, 5, 1, 1, 2]",0,3982.3372269549996
2,"[16, 163, 31, 32, 171, 42]","[1, 1, 1, 1, 2, 1]",1,3599.643447742
3,"[82, 2, 99, 37, 22, 144, 34, 33, 18, 19, 177, 151, 152]","[1, 2, 1, 1, 2, 1, 1, 1, 1, 1, 1, 1, 1]",1,5779.429274823
