,customer,weight,round,length
0,"[125, 113, 104, 102, 101, 32, 84, 72, 74, 11, 107, 169, 168, 144, 164]","[1, 1, 1, 1, 1, 1, 1, 1, 1, 1, 1, 1, 1, 1, 1]",0,5674.768583724001
1,"[161, 163, 166, 177, 47, 185, 23, 191]","[1, 1, 1, 1, 1, 1, 1, 3]",1,5576.599893172
