,customer,weight,round,length
0,"[54, 45, 204, 90, 126, 43]","[2, 1, 3, 7, 1, 1]",0,3660.7439682910003
1,"[27, 25, 129, 38, 63, 141, 143, 203, 17, 42, 65, 59, 132, 41]","[1, 1, 1, 1, 2, 1, 1, 1, 1, 1, 1, 1, 1, 1]",1,4722.301993204501
2,"[188, 186]","[1, 1]",2,1941.158971676
