,task,distance
0,[0],0.0
1,[1],12097.610344401
2,[2],9744.779408005998
3,[3],0.0
4,[4],9300.905198441
