,task,distance
0,[0],12994.257302964
1,[1],1910.942267714
