,task,distance
0,[0],16694.233913214
1,[1],1171.956125717
