,customer,weight,round,length
0,[],[],0,0.0
1,[4],[4],0,217.460035836
2,"[5, 22, 23, 27, 19, 18, 17, 14]","[3, 2, 1, 1, 1, 1, 1, 2]",0,2372.4406184939
