,task,distance
0,[0],0.0
1,[1],217.460035836
2,[2],2372.4406184939
