,task,distance
0,[0],10802.219997625
1,[1],6621.3380397005
2,[2],4904.957027247
3,[3],0.0
4,[4],86.5465153758
