,task,distance
0,[0],885.2345262785
1,[1],6432.6540633672
2,[2],0.0
3,[3],0.0
4,[4],0.0
