,customer,weight,round,length
0,"[57, 28, 25]","[1, 2, 2]",0,2077.327950586
1,"[53, 36]","[2, 1]",0,411.531679264
