,task,distance
0,[0],870.9927950299999
1,[1],6629.761426
2,[2],463.24880363
3,[3],0.0
4,[4],0.0
