,task,distance
0,[0],0.0
1,[1],10544.903118569
2,[2],0.0
3,[3],2998.8928027
4,[4],0.0
