,task,distance
0,[0],31614.547081691395
1,[1],2926.0296704442994
