,customer,weight,round,length
0,"[7, 8]","[12, 3]",0,850.0919304344
1,"[39, 18, 20, 38, 36, 2, 15, 3]","[1, 3, 2, 2, 1, 1, 1, 4]",1,5357.9247305511
2,"[16, 31, 19]","[1, 1, 1]",2,3680.4890767499996
