,task,distance
0,[0],2943.7822524603
1,[1],1318.613328134
2,[2],5134.296786603
