,task,distance
0,[0],1668.3146025859996
1,[1],3167.119993677
2,[2],0.0
