,customer,weight,round,length
0,"[137, 48, 47, 52, 31, 46, 61]","[3, 1, 3, 1, 1, 1, 1]",0,2114.4408836578004
1,[],[],0,0.0
2,"[144, 38, 57, 72, 37, 74, 71, 68, 69, 70, 45, 53]","[3, 1, 1, 1, 1, 1, 1, 1, 1, 1, 1, 1]",0,2471.7578303655005
3,[],[],0,0.0
