,task,distance
0,[0],2000005053.0805917
1,[1],2000002663.382644
2,[2],0.0
3,[3],0.0
