,task,distance
0,[0],0.0
1,[1],10184.410343885
2,[2],1391.090528658
3,[3],0.0
