,task,distance
0,[0],0.0
1,[1],4027.914610612
2,[2],828.053895828
3,[3],0.0
