,customer,weight,round,length
0,"[73, 37, 35, 72, 16]","[2, 2, 1, 1, 2]",0,2006.9773843500002
1,"[40, 47, 52, 21, 17, 43, 42, 44, 80, 67]","[1, 2, 2, 2, 1, 1, 1, 1, 1, 2]",0,9342.027582140001
2,"[5, 0, 12, 79, 34, 33, 32]","[1, 1, 1, 2, 1, 1, 1]",0,2506.257296877
3,"[96, 97, 71, 58, 2, 62, 90, 89, 95, 15]","[1, 1, 1, 1, 3, 2, 1, 1, 1, 2]",0,2563.0166524079996
