,customer,weight,round,length
0,[16],[1],0,506.603741838
1,"[2, 29, 11, 22, 20, 9, 25, 13, 28, 30, 24]","[1, 1, 1, 1, 2, 1, 2, 1, 1, 1, 2]",0,1645.2144257700002
2,"[5, 3, 21, 17, 23, 19, 27, 10, 12, 31]","[2, 1, 2, 2, 1, 1, 1, 1, 2, 1]",0,480.03848733100006
3,"[4, 7, 18, 0, 6, 14, 15, 26, 1, 8]","[2, 2, 2, 1, 1, 1, 1, 1, 3, 1]",0,494.773229109
