,customer,weight,round,length
0,"[75, 81, 50]","[1, 1, 1]",0,2000000681.150879
1,"[0, 71, 72, 74, 96, 63, 64, 60, 54, 66, 67]","[1, 1, 1, 1, 1, 1, 2, 2, 1, 1, 3]",0,2000005593.6620605
2,[],[],0,0.0
