,task,distance
0,[0],551.209953004
1,[1],0.0
2,[2],2000005529.848385
