,task,distance
0,[0],4503.560968893999
1,[1],0.0
2,[2],2846.562908344501
