,task,distance
0,[0],639.838516506
1,[1],1475.3355147935
2,[2],3572.581057049
