,customer,weight,round,length
0,"[62, 63, 58, 103, 101, 161, 120, 22, 122]","[2, 1, 1, 1, 1, 1, 4, 1, 1]",0,5111.263118567
1,"[168, 84, 124, 53, 68, 177, 110, 115, 152, 90, 83, 55]","[2, 2, 1, 1, 1, 1, 1, 2, 1, 1, 1, 1]",0,17993.807007022002
2,[8],[15],0,4542.42138196
3,[],[],0,0.0
