,task,distance
0,[0],0.0
1,[1],2134.004003995
2,[2],2117.0114126407
