,customer,weight,round,length
0,"[125, 32, 100, 14, 101, 119]","[9, 2, 1, 1, 1, 1]",0,5321.181130143302
1,"[18, 44, 4, 61, 34]","[1, 6, 6, 1, 1]",0,14678.112236084002
2,"[33, 102, 9]","[1, 1, 13]",0,5666.5376065516
3,"[76, 130, 129, 89, 8, 91, 114, 110, 109]","[1, 1, 2, 2, 4, 1, 2, 1, 1]",1,6881.2377127869995
4,"[38, 67, 66, 79, 99, 139, 80, 111, 65, 46, 117, 30]","[1, 1, 1, 1, 1, 1, 1, 1, 1, 1, 2, 3]",1,3073.3039529318003
5,"[25, 71, 74, 73, 26, 69, 92, 70, 108, 131, 126, 127]","[1, 1, 1, 1, 1, 1, 1, 1, 1, 3, 1, 2]",1,7478.3554013889
6,[],[],2,0.0
7,[],[],2,0.0
8,"[95, 72, 6, 7, 45, 55, 121, 84, 77]","[1, 1, 1, 1, 2, 1, 1, 1, 2]",2,7544.455631588
