,task,distance
0,[0],364.2260739701
1,[1],0.0
2,[2],4703.660779734
3,[3],0.0
4,[4],0.0
