,customer,weight,round,length
0,"[20, 19, 7, 0, 45, 13, 31, 15, 8, 3, 2]","[2, 2, 1, 1, 1, 1, 1, 1, 3, 1, 1]",0,4167.424932851
1,"[53, 51, 40, 52, 23, 54, 71]","[1, 1, 1, 1, 1, 2, 1]",1,3457.648908324
