,task,distance
0,[0],2930.461967772
1,[1],1212.0337072937
2,[2],1899.704896695
