,customer,weight,round,length
0,"[164, 202, 201, 203]","[1, 6, 5, 1]",0,691.1641566615
1,"[125, 126, 116, 107, 106, 105, 42, 104, 101, 28, 195, 185, 17]","[1, 1, 1, 1, 1, 1, 1, 1, 1, 1, 1, 1, 1]",0,6589.697792932001
2,"[144, 160, 168, 169, 200, 193]","[1, 1, 1, 1, 6, 1]",0,2042.701971013
