,customer,weight,round,length
0,"[204, 152]","[3, 4]",0,925.1749650419999
1,"[74, 73, 72, 59, 84, 163, 166, 162, 111, 112, 43, 113, 44, 45, 88]","[1, 1, 1, 1, 1, 1, 1, 1, 1, 1, 1, 1, 1, 1, 1]",0,4125.311477103301
2,"[11, 90, 137, 136, 54]","[1, 7, 1, 1, 2]",0,1822.2204749399998
