,task,distance
0,[0],691.1641566615
1,[1],6589.697792932001
2,[2],2042.701971013
