,customer,weight,round,length
0,"[6, 7, 56, 58, 20, 74, 41, 42]","[1, 1, 4, 1, 3, 1, 1, 3]",0,5644.898320769
1,"[34, 11, 29, 25, 22, 15, 31, 33]","[2, 1, 1, 1, 1, 1, 3, 2]",0,2751.2220137359996
2,"[67, 65, 43, 13, 71, 72, 60, 68]","[1, 1, 1, 1, 2, 2, 1, 1]",0,1568.1358223771
3,[],[],0,0.0
