,customer,weight,round,length
0,"[95, 78, 77, 76, 3, 21, 70, 22, 75, 24]","[1, 1, 1, 1, 1, 1, 1, 2, 1, 2]",0,1849.1947976724002
1,"[94, 25, 57, 1, 60, 59, 13]","[1, 2, 1, 1, 1, 1, 1]",0,807.5225276566001
