,customer,weight,round,length
0,[79],[15],0,193.0679152404
1,"[79, 86, 29, 33]","[12, 1, 1, 1]",0,1385.4484797812
2,[],[],1,0.0
3,"[83, 36, 71, 41, 8, 62, 87, 2, 48, 49, 45, 68, 64, 72]","[1, 1, 1, 1, 1, 1, 1, 1, 1, 1, 1, 1, 1, 1]",1,5682.389940650401
