,task,distance
0,"[0, 2]",4961.324371806
1,"[1, 3]",4600.5433504694
