,customer,weight,round,length
0,"[33, 83, 36, 71, 41, 8, 62, 87, 2, 48, 49, 45, 68, 64, 72]","[1, 1, 1, 1, 1, 1, 1, 1, 1, 1, 1, 1, 1, 1, 1]",0,5686.875750421401
1,[79],[15],0,193.0679152404
2,"[79, 86, 29]","[12, 1, 1]",0,1165.2324831022
