,task,distance
0,"[0, 3, 4]",9845.6939533477
1,"[1, 2, 5]",6541.231497479001
