,customer,weight,round,length
0,"[112, 30, 102, 125, 78, 90, 38, 84, 136, 81, 40]","[1, 1, 1, 1, 1, 1, 1, 1, 3, 1, 1]",0,3463.017714168
1,[],[],0,0.0
2,[],[],0,0.0
3,[],[],0,0.0
4,"[110, 109, 88]","[1, 6, 1]",0,343.1712173844
