,task,distance
0,[0],0.0
1,[1],0.0
2,[2],0.0
3,[3],538.3132333026999
4,[4],2724.8200655152004
