,task,distance
0,[0],0.0
1,[1],2916.7812894905
2,[2],0.0
3,[3],0.0
4,[4],948.412417414
