,task,distance
0,"[0, 2, 4, 7]",13799.7895742499
1,"[1, 3, 5, 6]",14768.047060010002
