,task,distance
0,[0],218.003922334
1,[1],518.5077941315
