,task,distance
0,[0],442.68730023
1,[1],476.093645558
