,task,distance
0,[0],8395.057286082001
1,[1],3239.837612565
2,[2],0.0
3,[3],6850.540683929001
