,customer,weight,round,length
0,"[173, 203, 204, 201, 208, 209, 206, 96, 118, 117, 49, 174]","[2, 2, 1, 1, 1, 2, 1, 1, 1, 1, 1, 1]",0,2000005010.9076748
1,"[220, 283, 210, 166, 171, 226, 188, 189, 182, 184, 228, 227, 187, 180]","[1, 1, 1, 1, 1, 1, 1, 1, 1, 1, 1, 1, 1, 2]",1,2000008852.309698
2,"[52, 47, 54, 43, 153, 289, 291, 261, 262, 301, 235, 234]","[2, 1, 1, 1, 1, 3, 1, 1, 1, 1, 1, 1]",2,2000011213.3326685
3,"[41, 39, 58, 22, 38, 36]","[2, 1, 1, 1, 2, 1]",3,2000007610.800191
