,customer,weight,round,length
0,"[64, 221, 164, 163, 65, 222, 28, 176, 91, 25, 51, 87, 263, 86]","[1, 1, 1, 1, 1, 1, 1, 1, 2, 1, 1, 1, 1, 1]",0,4559.3552999469985
1,"[175, 226, 189, 188, 119, 122, 213, 151, 150, 171, 146, 82, 88, 84]","[1, 1, 1, 1, 1, 1, 1, 1, 1, 1, 1, 1, 1, 2]",1,6161.3805315453
2,"[209, 208, 149, 81, 83, 301, 85, 80, 120, 121, 182, 184]","[2, 1, 2, 1, 1, 1, 1, 1, 1, 2, 1, 1]",2,7538.6849108113
3,"[52, 73, 72, 107, 33, 61, 114, 206, 59, 147, 166, 257, 201]","[1, 1, 1, 2, 1, 2, 1, 1, 1, 1, 1, 1, 1]",3,9564.715385987298
4,"[22, 235, 307, 187, 228, 71, 37, 38, 52, 58, 99]","[1, 1, 1, 1, 1, 1, 1, 2, 1, 1, 2]",4,11772.311996922599
