,customer,weight,round,length
0,"[64, 221, 164, 163, 65, 222, 28, 176, 91, 25, 51, 87, 263, 86]","[1, 1, 1, 1, 1, 1, 1, 1, 2, 1, 1, 1, 1, 1]",0,4559.3552999469985
1,"[151, 150, 146, 83, 81, 82, 88, 84, 120, 121, 119, 122, 213, 175]","[1, 1, 1, 1, 1, 1, 1, 2, 1, 1, 1, 1, 1, 1]",1,6252.7494914883
2,"[107, 72, 73, 121, 33, 80, 85, 257, 149, 147, 114, 61]","[2, 1, 1, 1, 1, 1, 1, 1, 2, 1, 1, 2]",2,8923.674059312301
3,"[59, 99, 37, 71, 307]","[1, 2, 1, 1, 1]",3,9734.5193186056
