,customer,weight,round,length
0,"[4, 17, 2]","[1, 13, 1]",0,450.9412360384
1,"[55, 57, 56, 44, 18, 29, 37, 47, 45]","[1, 3, 2, 4, 1, 1, 1, 1, 1]",1,15878.110810166301
