,task,distance
0,[0],0.0
1,[1],0.0
2,[2],10855.1850001667
3,[3],1211.729550523
