,task,distance
0,[0],27815.1390120288
1,[1],5175.11826855
2,[2],0.0
3,[3],0.0
4,[4],0.0
