,task,distance
0,[0],1257.007349684
1,[1],0.0
2,[2],3065.6121382890005
3,[3],0.0
4,[4],1589.9229234689
