,customer,weight,round,length
0,"[193, 195, 177, 53, 201, 13]","[2, 1, 1, 1, 1, 1]",0,2169.9134552746
1,[],[],0,0.0
2,"[116, 175, 145, 34, 198, 129, 199, 7, 9, 6, 4]","[1, 2, 1, 1, 1, 1, 1, 1, 1, 1, 1]",0,3032.5599687650006
3,[],[],0,0.0
4,"[152, 16, 10, 28, 29, 202, 26, 24, 151]","[2, 2, 1, 1, 1, 1, 2, 3, 1]",0,1854.8101481643998
