,task,distance
0,[0],2169.9134552746
1,[1],0.0
2,[2],3032.5599687650006
3,[3],0.0
4,[4],1854.8101481644
