,customer,weight,round,length
0,"[54, 55, 44, 56]","[3, 5, 3, 4]",0,1232.8794124897
1,"[44, 93, 53, 85, 62, 89, 90, 61]","[1, 2, 3, 1, 4, 2, 1, 1]",1,4777.794194540001
2,[63],[1],2,2880.75641906
