,customer,weight,round,length
0,[],[],0,0.0
1,"[60, 48, 49, 13]","[2, 1, 2, 2]",0,2695.771311583
2,"[76, 22, 23, 63, 40, 26, 67, 91, 81, 16]","[1, 1, 1, 1, 2, 1, 3, 1, 1, 1]",0,9702.399421009
