,customer,weight,round,length
0,"[25, 28, 30, 26, 24, 23, 17]","[2, 3, 1, 3, 4, 1, 1]",0,4344.526736327
1,"[1, 8, 33, 34]","[1, 1, 1, 1]",0,972.7441352949999
2,[],[],0,0.0
