,task,distance
0,[0],3335.7763025322
1,[1],2731.91666449
2,[2],0.0
