,task,distance
0,"[0, 3, 4, 6]",17859.4534668639
1,"[1, 2, 5, 7]",13200.7173932479
