,customer,weight,round,length
0,"[47, 5, 32, 97, 111, 115, 91, 46, 54]","[1, 1, 1, 2, 1, 6, 1, 1, 1]",0,4988.757398467001
1,"[18, 15, 58, 108]","[1, 1, 1, 1]",1,4422.198469152
