,customer,weight,round,length
0,"[62, 61, 101, 112, 108]","[1, 1, 1, 10, 2]",0,1621.5336840745
1,"[125, 81, 104, 39, 85, 102, 103, 137, 95, 138, 63]","[2, 1, 1, 1, 1, 2, 1, 1, 3, 1, 1]",0,2562.894563265
2,"[68, 141, 93, 49, 48, 51, 72, 58, 57, 53, 126, 8, 28, 32]","[1, 1, 1, 1, 2, 1, 1, 1, 1, 1, 1, 1, 1, 1]",0,4037.2769360859998
3,"[67, 20, 121, 21, 23, 12, 13, 9, 65]","[1, 1, 1, 1, 1, 2, 1, 4, 3]",0,2364.72433848
4,"[42, 56, 55, 54, 97, 99, 98, 127]","[1, 1, 2, 1, 4, 1, 1, 3]",1,3151.2085795095004
5,"[11, 46, 44, 100, 131, 134]","[1, 3, 3, 1, 4, 2]",1,4767.364626690999
6,"[3, 4, 5, 123]","[1, 1, 10, 1]",1,3188.098722353
7,"[33, 35, 143, 129, 146, 36, 147, 135, 136, 52, 48]","[1, 1, 1, 1, 2, 1, 1, 1, 1, 1, 1]",1,3479.8901146756994
