,task,distance
0,"[0, 5]",6388.8983107654985
1,"[1, 6]",5750.993285618
2,"[2, 4]",7188.485515595501
3,"[3, 7]",5844.6144531557
