,task,distance
0,"[0, 4]",6392.177498679101
1,"[1, 7]",6864.956712059
2,"[2, 6]",6420.810743774
3,"[3, 5]",6301.903279587699
