,task,distance
0,[0],2177.26632674
1,[1],2663.141304027
2,[2],293.325347864
3,[3],0.0
4,[4],0.0
