,task,distance
0,[0],0.0
1,[1],754.743610164
2,[2],0.0
3,[3],0.0
4,[4],4208.480614772001
