,customer,weight,round,length
0,"[38, 62, 37, 41, 31, 70, 63, 76]","[1, 1, 1, 3, 1, 1, 1, 3]",0,1662.3633499805
1,"[69, 6, 27, 40, 36, 35]","[4, 1, 1, 1, 1, 1]",0,3136.1593835118
2,[],[],0,0.0
3,[],[],0,0.0
