,task,distance
0,[0],1662.3633499805
1,[1],3136.1593835118
2,[2],0.0
3,[3],0.0
