,customer,weight,round,length
0,"[38, 64, 32, 12, 59, 63, 62, 47]","[1, 3, 1, 2, 3, 1, 1, 3]",0,2849.245259787
1,"[37, 7, 44, 46, 45, 65, 13, 4, 43, 3, 15]","[1, 2, 1, 1, 1, 3, 1, 1, 1, 1, 2]",0,2474.4710921234
2,"[18, 53, 67, 50, 68, 27, 58, 30, 57, 25, 23]","[2, 1, 1, 1, 1, 1, 2, 2, 2, 1, 1]",1,3805.3434096329997
3,"[2, 41]","[1, 3]",1,1067.252625174
