,CID,TTDDemd
0,10390,0.271346002817
1,10392,0.226122006774
2,10393,0.316570997238
3,38722,0.390951007605
4,39411,0.562645018101
5,39412,0.311859995127
6,39413,0.103952996433
7,41067,0.207907006145
8,46198,0.633140981197
9,46880,0.803777992725
10,47151,0.164437994361
11,53824,0.135673001409
12,54967,0.123328000307
