,customer,weight,round,length
0,"[140, 44, 52, 132, 134, 84, 60, 174, 165, 110, 67]","[1, 1, 1, 1, 2, 1, 2, 3, 1, 1, 1]",0,8915.79278837
1,"[20, 160, 161, 163, 69, 68, 135]","[5, 1, 1, 1, 2, 1, 1]",0,4825.683590469001
2,[20],[14],0,323.110467672
