,task,distance
0,"[0, 3]",4583.061480384601
1,"[1, 5]",4180.8535366477
2,"[2, 4]",5889.559756994
