,task,distance
0,[0],3860.715456521
1,[1],4708.96022393
2,[2],1717.921167308
