,task,distance
0,[0],14488.048053465103
1,[1],0.0
2,[2],25162.904290658
3,[3],0.0
4,[4],24750.166803673
