,customer,weight,round,length
0,"[90, 63, 118]","[11, 3, 1]",0,5805.468302799
1,"[43, 30, 90, 93, 23, 44, 51, 130]","[1, 1, 7, 1, 1, 1, 2, 1]",0,8371.287479086
2,"[14, 79, 80, 20, 135, 67]","[1, 1, 1, 10, 1, 1]",1,6780.789167712001
3,[],[],1,0.0
