,customer,weight,round,length
0,"[94, 113]","[1, 7]",0,522.4935525221
1,"[138, 149, 24, 80, 176, 154, 123, 121, 41, 95, 40, 93, 23]","[2, 1, 1, 1, 1, 2, 1, 1, 1, 1, 1, 1, 1]",0,6273.461108129
