,customer,weight,round,length
0,"[143, 124, 125, 52, 20, 134]","[1, 1, 1, 1, 9, 2]",0,5705.995886467
1,"[151, 32, 104, 28, 149, 113, 121]","[1, 3, 1, 1, 1, 7, 1]",0,4534.3283500590005
2,[],[],1,0.0
3,"[68, 110]","[1, 1]",1,4382.103427815
