,customer,weight,round,length
0,"[103, 30, 104, 164, 150, 151, 43]","[1, 1, 1, 1, 1, 1, 2]",0,1681.3433521891002
1,"[28, 79, 179, 181, 182, 143, 38]","[1, 1, 1, 1, 1, 1, 5]",0,2198.2673690993
