,task,distance
0,[0],5633.610609505899
1,[1],88.9793889798
