,customer,weight,round,length
0,"[77, 72, 9, 21]","[1, 7, 3, 1]",0,3182.864300482
1,"[8, 52, 53, 59, 38, 60, 79]","[1, 2, 1, 1, 8, 1, 1]",0,5460.287665956
