,task,distance
0,[0],327.496963462
1,[1],5868.612239239001
