,customer,weight,round,length
0,"[7, 11, 4, 10]","[1, 1, 1, 2]",0,1600.4441332699998
1,[],[],0,0.0
2,[29],[1],0,808.046529288
3,[],[],0,0.0
4,[],[],0,0.0
