,task,distance
0,[0],443.787394156
1,[1],0.0
2,[2],0.0
3,[3],1997.633729827
4,[4],0.0
