,CID,TTDDemd
0,1829,0.0924327000976
1,2126,0.264733999968
2,2458,1.73400998116
3,2459,2.58906006813
4,5337,2.86031007767
5,8159,0.457650005817
6,8580,0.462401986122
7,8716,0.231200993061
8,8717,0.31068700552
9,12207,0.462401986122
10,12208,3.69921994209
11,16121,1.29405999184
12,23070,0.789842009544
13,23990,0.346801012754
14,23992,0.686474978924
15,38712,0.756990015507
16,38714,0.761552989483
17,38715,1.96767997742
