,task,distance
0,[0],0.0
1,[1],9770.627509367
2,[2],0.0
3,[3],3284.937391144
