,CID,TTDDemd
0,1827,0.470297008753
1,2115,0.0953470021486
2,2116,0.172275006771
3,5235,0.314202010632
4,8386,0.316583007574
5,8387,0.248170003295
6,16113,1.29017996788
7,16114,1.17757999897
8,16115,1.5415699482
9,16116,1.21501004696
10,23051,1.46434998512
11,23054,0.779744982719
12,23055,0.0643545016646
13,23056,1.98721003532
14,37674,1.1146800518
15,37683,0.19005599618
16,37692,0.904738008976
17,37693,0.712062001228
18,44964,0.835467994213
19,44968,0.625643014908
20,44978,1.34370005131
