,task,distance
0,[0],9098.858692117998
1,[1],2000005636.6849704
2,[2],3082.071342522
3,[3],0.0
