,task,distance
0,[0],4995.9885777516
1,[1],9647.15443735
2,[2],0.0
3,[3],5631.697538444
