,task,distance
0,[0],202.216894374
1,[1],0.0
2,[2],0.0
3,[3],2672.66414792
4,[4],0.0
