,customer,weight,round,length
0,"[53, 87, 117, 47, 71, 3, 93, 98, 59, 124]","[1, 2, 2, 1, 1, 1, 1, 1, 2, 2]",0,3177.1143199285
1,"[88, 69, 68, 67, 16, 9, 14, 15, 89, 38, 39, 77]","[1, 1, 1, 1, 1, 1, 1, 1, 1, 1, 1, 1]",0,3023.3265005714998
2,"[33, 108, 107, 109, 12, 13, 34, 73, 24]","[1, 3, 1, 1, 1, 1, 1, 2, 3]",0,2645.645507411
