,task,distance
0,[0],3177.1143199285
1,[1],3023.3265005715
2,[2],2645.645507411
