,customer,weight,round,length
0,"[4, 24, 11, 12, 6, 7]","[8, 2, 2, 1, 1, 1]",0,2511.7200792720005
1,"[13, 2]","[3, 1]",1,3840.977306977
