,customer,weight,round,length
0,"[176, 177, 221, 222, 127, 128, 62, 60, 107, 98, 263, 4, 248]","[1, 1, 1, 1, 1, 1, 1, 1, 1, 1, 1, 3, 1]",0,4810.4528347806
1,"[103, 227, 195, 223, 178, 179, 237, 83, 11, 132, 131]","[1, 1, 1, 1, 1, 1, 1, 1, 1, 1, 1]",1,12378.474003939
