,customer,weight,round,length
0,[],[],0,0.0
1,"[146, 148, 85, 198, 9, 122, 118, 81, 114, 186, 201]","[1, 1, 1, 1, 1, 2, 1, 1, 1, 2, 1]",0,2000010037.1630392
2,[],[],0,0.0
3,[],[],0,0.0
4,"[158, 152, 132, 184]","[1, 1, 4, 1]",0,2000002251.6826077
