,customer,weight,round,length
0,"[116, 77, 76, 114, 103, 82, 118, 161, 20, 122, 142, 106, 108]","[1, 1, 1, 1, 1, 1, 1, 2, 1, 2, 1, 1, 1]",0,7041.336066606
1,"[207, 9, 198, 85, 146, 125, 202, 16, 210, 190, 50, 188, 14]","[1, 1, 1, 1, 1, 1, 1, 2, 1, 1, 1, 1, 1]",0,8277.932362373
2,[],[],0,0.0
3,[],[],0,0.0
4,"[99, 215]","[1, 5]",0,1608.026663458
