,task,distance
0,[0],0.0
1,[1],2813.187910204
2,[2],5429.41594967
3,[3],0.0
4,[4],0.0
