,task,distance
0,[0],242.247197532
1,[1],0.0
2,[2],223.66969886
