,customer,weight,round,length
0,[],[],0,0.0
1,[],[],0,0.0
2,"[28, 4, 20, 2, 45, 78, 44, 81, 47, 18, 74]","[1, 1, 1, 1, 1, 1, 1, 1, 1, 2, 1]",0,6258.321044429
3,[60],[3],0,398.173862678
