,customer,weight,round,length
0,"[72, 70, 54, 58, 48, 17, 50]","[7, 1, 2, 1, 1, 1, 1]",0,2167.8171251070003
1,"[19, 18, 62, 25, 75, 43]","[3, 1, 1, 3, 1, 2]",0,2708.9459891348
2,[44],[15],0,117.4523962402
