,task,distance
0,[0],223.147227862
1,[1],622.7319539547
2,[2],3606.6267676439
