,task,distance
0,[0],0.0
1,[1],1640.618825944
2,[2],3168.2002164866
