,customer,weight,round,length
0,"[53, 54, 86, 75, 10, 96]","[2, 1, 2, 2, 2, 6]",0,7773.1562656040005
1,[96],[15],0,5820.80065356
2,"[108, 38, 30, 4, 8, 7, 37, 51]","[2, 2, 1, 1, 1, 1, 2, 1]",1,4749.8034475734
3,"[104, 106, 105, 89, 42, 81, 19]","[1, 1, 1, 1, 1, 1, 1]",1,2036.2081903442
