,task,distance
0,[0],2142.7026963731
1,[1],5693.4432312413
