,task,distance
0,"[0, 3, 7, 9, 12]",7091.355115775001
1,"[1, 5, 6, 10, 13]",9125.500215797201
2,"[2, 4, 8, 11, 12]",7171.882991294
