,customer,weight,round,length
0,"[104, 85, 79, 80, 47, 99, 98, 83, 52, 100]","[2, 1, 2, 3, 1, 1, 1, 1, 1, 2]",0,2530.9758537247003
1,"[49, 5, 8, 30, 128, 130, 129]","[2, 1, 1, 1, 1, 1, 1]",1,2644.1340529011
