,customer,weight,round,length
0,"[110, 25, 15, 125, 44, 81, 45, 31, 107, 106, 121, 50, 124, 54]","[1, 1, 1, 2, 1, 1, 1, 1, 1, 1, 1, 1, 1, 1]",0,2596.7249499196
1,"[73, 51, 108]","[1, 1, 4]",1,1860.8253789320001
