,customer,weight,round,length
0,"[52, 48, 102, 106, 105, 96, 63, 99, 16, 95]","[2, 1, 1, 3, 1, 3, 1, 1, 1, 1]",0,8824.002844678
1,"[82, 92, 19, 80, 21, 4, 3, 90, 91, 51, 50]","[1, 1, 1, 1, 1, 4, 1, 1, 2, 1, 1]",1,3743.721902045
