,task,distance
0,[0],943.653995092
1,[1],5909.0989820464
2,[2],0.0
