,customer,weight,round,length
0,"[55, 68, 125, 126, 83, 84, 100, 17]","[1, 1, 1, 1, 1, 1, 1, 1]",0,2480.917350996
1,"[66, 86, 72, 71, 88, 93, 121]","[1, 1, 1, 1, 1, 2, 1]",0,2014.647425443
