,task,distance
0,[0],1988.576659043
1,[1],2246.016730243
