,task,distance
0,[0],7823.492650195
1,[1],650.8979515
