,task,distance
0,[0],7632.109255946999
1,[1],1186.613055576
