,task,distance
0,[0],7250.134600541
1,[1],0.0
2,[2],0.0
3,[3],3333.2119105970005
