,task,distance
0,[0],6250.499518169
1,[1],0.0
2,[2],0.0
3,[3],4407.313993123
