,customer,weight,round,length
0,"[117, 118, 80, 51, 37, 5, 93, 72, 20, 24]","[1, 4, 2, 1, 1, 1, 1, 1, 1, 2]",0,6114.523701387001
1,"[27, 62, 64, 63, 22, 95, 23]","[1, 2, 1, 7, 1, 2, 1]",0,1551.4924136848997
2,[],[],1,0.0
3,"[25, 77]","[3, 1]",1,5232.214002008
