,customer,weight,round,length
0,[],[],0,0.0
1,[31],[1],0,592.534046844
2,[],[],0,0.0
3,[],[],0,0.0
4,"[22, 34, 35, 3, 24]","[1, 2, 1, 2, 2]",0,1941.4386662298
