,customer,weight,round,length
0,"[96, 166, 133, 95, 13, 1, 130, 132, 129, 56, 164]","[1, 3, 2, 2, 1, 1, 1, 1, 1, 1, 1]",0,3049.0638753537996
1,"[68, 78, 140, 109, 108, 122, 75, 77, 0]","[1, 1, 1, 1, 1, 1, 1, 1, 1]",0,2119.83077543
