,customer,weight,round,length
0,"[125, 162, 29, 118, 14, 119, 90, 93, 131, 74, 169, 136, 135, 115]","[1, 1, 1, 2, 1, 1, 1, 1, 1, 1, 1, 1, 1, 1]",0,6363.226885854601
1,"[114, 30, 157, 123, 111, 124]","[2, 1, 1, 1, 1, 1]",0,1170.0356139277
