,task,distance
0,[0],4285.06629571
1,[1],9189.159432610002
