,task,distance
0,[0],4937.609262934499
1,[1],1502.0230432608
