,task,distance
0,[0],20621.62885615
1,[1],0.0
2,[2],1407.955334408
