,task,distance
0,[0],472.942665264
1,[1],4481.565541171
