,customer,weight,round,length
0,[50],[1],0,384.657930734
1,"[55, 8, 65]","[1, 1, 3]",0,1138.339277982
2,[],[],0,0.0
3,[54],[1],0,194.3549372936
