,task,distance
0,[0],3184.573758117
1,[1],0.0
2,[2],2553.6880229749995
