,customer,weight,round,length
0,"[50, 27, 58, 5, 38, 40, 36, 44, 46, 51, 37, 45, 61, 49]","[1, 2, 1, 1, 1, 1, 1, 1, 1, 1, 1, 1, 1, 1]",0,9034.850702439999
1,"[56, 43, 28, 52, 59, 39, 42, 13, 48]","[1, 1, 1, 2, 2, 4, 1, 1, 2]",1,4489.691143974
2,"[16, 24, 4, 11, 17, 25, 19, 18, 47, 14, 23]","[1, 2, 1, 3, 1, 1, 1, 2, 1, 1, 1]",2,6593.70646589
3,"[41, 7, 60, 0, 15, 31, 32, 8]","[1, 1, 1, 8, 1, 1, 1, 1]",3,3129.2169313
4,"[29, 26, 34, 1, 33, 53, 20, 6, 0]","[1, 1, 1, 1, 1, 1, 1, 1, 7]",4,4990.92768671
5,"[54, 21, 2, 3, 63, 22, 55, 35, 62, 10, 57, 30, 12, 9]","[1, 1, 2, 1, 1, 1, 1, 1, 1, 1, 1, 1, 1, 1]",5,2829.328365422
6,[35],[1],6,9447.54413886
