,customer,weight,round,length
0,"[84, 78, 105, 94, 48, 108, 53, 92]","[2, 2, 1, 2, 1, 1, 1, 1]",0,5517.564304420001
1,"[102, 66, 99, 35, 112]","[2, 3, 1, 2, 6]",0,3463.5771726000003
2,[],[],0,0.0
3,[],[],0,0.0
