,task,distance
0,[0],0.0
1,[1],223.659083152
2,[2],4823.408601456001
3,[3],2766.339976159
