,customer,weight,round,length
0,"[118, 4, 6, 43, 42, 53, 94, 97, 96, 41, 49, 50, 105]","[1, 1, 1, 3, 1, 1, 1, 1, 1, 1, 1, 1, 1]",0,5675.4243069351
1,"[10, 55, 121, 8, 60, 23, 11, 108, 157, 29, 144, 35]","[1, 1, 1, 3, 1, 1, 1, 1, 1, 1, 1, 2]",0,8181.2150382561
2,"[27, 110, 113, 156, 69, 73, 24, 133, 76, 140, 124]","[1, 1, 2, 2, 1, 2, 2, 1, 1, 1, 1]",0,10324.095253391999
3,"[152, 86, 87, 93, 15, 89, 91, 19, 17, 52]","[3, 1, 1, 3, 2, 1, 1, 1, 1, 1]",0,3876.2421205585993
