,task,distance
0,[0],4088.528710794
1,[1],236.906121246
