,task,distance
0,[0],1774.808224423
1,[1],4267.234980947001
