,task,distance
0,[0],2045.7471830093
1,[1],1438.556414881
2,[2],173.071456592
3,[3],3155.9769637444
