,task,distance
0,[0],2000000788.5661051
1,[1],0.0
2,[2],2000008984.138118
