,customer,weight,round,length
0,"[47, 48, 45, 15, 8, 10, 17, 9, 60]","[1, 1, 1, 1, 1, 1, 1, 2, 6]",0,1332.2198312603
1,"[30, 57, 80, 81, 64, 39, 33, 3, 25]","[4, 2, 1, 2, 1, 1, 2, 1, 1]",0,6477.9346490649
2,"[44, 85]","[1, 14]",0,487.21591076
3,[],[],1,0.0
4,"[40, 78, 12, 75, 87, 49, 86, 68, 43, 23, 38]","[2, 1, 1, 1, 1, 1, 1, 3, 1, 1, 1]",1,6968.850876576599
5,[1],[10],1,4563.2193102
