,customer,weight,round,length
0,[39],[7],0,203.006074714
1,[40],[2],0,72.5896584432
2,"[15, 65, 7, 35, 45, 19, 69, 30, 110]","[1, 3, 1, 1, 1, 1, 1, 1, 3]",0,5782.8434057430995
