,task,distance
0,[0],5971.58565082
1,[1],2759.1528730551995
2,[2],0.0
