,task,distance
0,[0],5870.637144633
1,[1],0.0
2,[2],0.0
3,[3],85.9055938522
