,customer,weight,round,length
0,"[39, 57, 70, 71, 121, 122, 109, 72, 35, 105]","[1, 1, 3, 1, 1, 2, 1, 1, 1, 2]",0,2202.697210285
1,"[106, 26, 25]","[2, 1, 1]",0,542.3710544400001
2,"[28, 34, 49, 48, 93, 47, 76, 40, 91, 74, 75, 46]","[3, 1, 1, 2, 1, 1, 1, 1, 1, 1, 1, 1]",0,2060.5866947109
