,task,distance
0,[0],1502.003447397
1,[1],5489.8572045255
2,[2],2711.555106992
