,customer,weight,round,length
0,"[42, 64, 57, 0, 46, 65, 44, 26, 27, 59]","[1, 3, 1, 1, 1, 1, 2, 1, 2, 2]",0,1950.580677019
1,"[56, 45, 39, 14, 66, 74, 41, 63, 18, 67, 53, 43, 73]","[1, 1, 1, 1, 1, 1, 1, 2, 1, 1, 1, 1, 2]",0,4479.9410987599995
2,"[68, 22, 72, 33, 40, 48, 15, 58, 28]","[1, 1, 4, 1, 1, 1, 1, 2, 3]",0,4485.612243839
3,"[17, 60, 32, 25, 13, 30, 34, 10, 51, 50]","[1, 1, 3, 3, 1, 2, 1, 1, 1, 1]",1,4140.2238981
4,"[23, 11, 2, 36, 16, 31, 1, 29, 20, 49, 24]","[1, 1, 3, 1, 1, 2, 1, 1, 2, 1, 1]",1,7042.92573028
5,"[37, 47, 75, 71, 5, 35, 54, 62, 9, 19]","[1, 4, 1, 1, 1, 1, 1, 3, 1, 1]",1,4399.94339513
6,"[3, 38, 4, 7, 8, 21, 52, 69, 12, 61]","[1, 1, 1, 1, 4, 3, 1, 1, 1, 1]",2,2690.9875223500003
7,"[6, 55]","[1, 1]",2,3138.84576895
8,"[70, 21]","[2, 13]",2,4493.12730891
