,task,distance
0,"[0, 4, 6]",11684.493929649
1,"[1, 5, 7]",12018.73026284
2,"[2, 3, 8]",13118.963450849
