,task,distance
0,[0],0.0
1,[1],341.558176886
2,[2],2488.2715122651
