,task,distance
0,[0],524.602186456
1,[1],5801.74942582
2,[2],0.0
