,customer,weight,round,length
0,"[111, 65, 183, 136, 44, 43, 112]","[1, 1, 1, 1, 1, 1, 1]",0,1194.6521387424
1,"[110, 109, 28, 102, 64, 103, 51, 104, 200, 116, 113]","[1, 1, 1, 1, 1, 1, 1, 1, 5, 1, 1]",0,3071.415022567
