,task,distance
0,[0],1194.6521387424
1,[1],3071.415022567
