,customer,weight,round,length
0,"[10, 133, 131, 179, 107, 143, 7, 31]","[1, 1, 1, 2, 1, 1, 1, 1]",0,9060.857973925002
1,"[159, 122, 92, 79, 183, 49, 52, 77, 86, 9]","[1, 1, 2, 1, 1, 1, 1, 1, 1, 1]",0,11902.011903913
