,customer,weight,round,length
0,"[63, 90, 92, 51, 175, 54, 102, 59, 4, 5, 120, 118]","[1, 1, 2, 1, 1, 1, 2, 1, 1, 1, 1, 1]",0,7494.883459008699
1,"[115, 99, 60, 122, 57]","[1, 1, 1, 1, 1]",0,2135.477468715
