,task,distance
0,[0],10551.705052081
1,[1],5395.363092638
