,task,distance
0,"[0, 5]",1814.466547846
1,"[1, 4]",2666.861771549
2,"[2, 6]",2208.4779526374
3,"[3, 7]",2585.9308912730003
