,task,distance
0,[0],0.0
1,[1],0.0
2,[2],4890.2238316170005
3,[3],6052.026907554
4,[4],191.7857664644
