,customer,weight,round,length
0,"[136, 200, 125, 44, 45, 88, 204, 74]","[1, 6, 1, 1, 1, 1, 3, 1]",0,4808.2783055009995
1,"[29, 28, 42, 17, 168, 144, 201, 50, 51, 111, 32, 27]","[1, 1, 1, 1, 1, 1, 3, 2, 1, 1, 1, 1]",1,4462.528515152
2,"[129, 185, 186, 187, 191, 23, 167, 39, 25, 46]","[1, 1, 1, 1, 3, 1, 1, 1, 1, 1]",2,3477.3710277180007
