,customer,weight,round,length
0,"[123, 158, 88, 126, 144, 169, 7, 53, 30, 204]","[1, 1, 2, 1, 3, 1, 2, 1, 2, 1]",0,8305.646219545
1,"[162, 159, 65, 70, 165, 182, 181, 152, 90, 91]","[1, 1, 1, 2, 1, 2, 3, 1, 1, 2]",1,10477.265560038999
2,"[72, 115]","[1, 1]",2,3335.761719139
