,customer,weight,round,length
0,"[102, 36, 20, 40, 4, 49, 136]","[1, 2, 3, 2, 2, 3, 1]",0,4361.747723969
1,"[12, 43, 42, 64, 37, 134]","[4, 2, 1, 3, 3, 2]",0,3601.764307238
2,[],[],0,0.0
3,"[84, 77, 6, 33, 46, 45]","[2, 1, 1, 1, 3, 1]",0,3041.502344878
4,[],[],0,0.0
