,task,distance
0,[0],0.0
1,[1],2917.7677541050007
2,[2],4968.396219018001
3,[3],0.0
4,[4],810.9339079875001
