,task,distance
0,"[0, 2]",3616.052793563
1,"[1, 3]",6427.259782601701
