,customer,weight,round,length
0,"[77, 86, 3, 42, 57, 110, 30, 40, 65, 54, 19, 114, 72]","[1, 1, 1, 2, 2, 1, 1, 1, 1, 1, 1, 1, 1]",0,4687.663557478
1,"[104, 119, 1, 74]","[2, 1, 1, 1]",1,1845.1686071718
