,customer,weight,round,length
0,"[37, 36, 122]","[3, 1, 3]",0,1286.796779669
1,"[97, 64, 59, 99, 98, 61, 60, 62, 63, 25, 24, 40, 108]","[1, 1, 1, 2, 2, 1, 1, 1, 1, 1, 1, 1, 1]",0,2966.277361470199
2,"[51, 106, 17, 105, 104, 30, 44, 103, 16]","[1, 2, 2, 4, 1, 1, 1, 2, 1]",0,2632.6774246839996
3,[],[],0,0.0
4,"[22, 42, 52, 19, 31, 13, 18, 15, 69]","[1, 1, 1, 1, 3, 1, 1, 3, 1]",0,3862.0416694203004
