,task,distance
0,[0],0.0
1,[1],7307.6100778766
2,[2],5469.1063630805
3,[3],5099.564133117
4,[4],0.0
