,task,distance
0,[0],2817.9816825007
1,[1],5419.463061874001
2,[2],0.0
3,[3],2850.6624180973
