,task,distance
0,[0],4540.5319142066
1,[1],3888.184496883001
2,[2],0.0
3,[3],2550.043380629
