,customer,weight,round,length
0,"[11, 15, 2]","[7, 1, 1]",0,2516.657206203
1,"[28, 6, 5, 13]","[3, 3, 1, 6]",0,1132.3495020699
