,customer,weight,round,length
0,[21],[15],0,404.790363764
1,[21],[15],0,404.790363764
2,[],[],1,0.0
3,[21],[9],1,404.790363764
