,task,distance
0,[0],1132.3495020699002
1,[1],2954.4473707680004
