,customer,weight,round,length
0,[],[],0,0.0
1,[65],[1],0,101.2983341632
2,"[53, 25, 10, 70, 12, 20]","[1, 2, 1, 2, 1, 4]",0,7695.219378178
3,[],[],0,0.0
