,task,distance
0,[0],5744.083080345
1,[1],4639.188671874999
2,[2],4293.031442932999
