,customer,weight,round,length
0,"[21, 24, 37]","[13, 1, 1]",0,4079.049011798
1,"[6, 26, 103, 139, 82, 138, 109]","[1, 1, 1, 2, 1, 1, 7]",1,3681.120764543
