,customer,weight,round,length
0,"[28, 110, 113, 24, 156, 26, 73, 71, 133, 74]","[1, 1, 2, 2, 2, 1, 2, 1, 1, 2]",0,3028.3347293360007
1,"[27, 109, 68, 12, 23, 11, 1, 108, 60, 132, 77, 76, 140, 70, 69]","[1, 1, 1, 1, 1, 1, 1, 1, 1, 1, 1, 1, 1, 1, 1]",1,7653.951448958
2,"[157, 47, 9, 55, 155, 57, 58, 8]","[1, 3, 4, 1, 1, 1, 1, 3]",2,7535.9100259667985
3,"[33, 87, 89, 19, 41, 95, 115, 49, 50, 46, 124, 121, 10]","[2, 1, 1, 1, 1, 1, 1, 1, 1, 1, 1, 1, 1]",3,13172.486129264502
