,task,distance
0,[0],19295.9076723505
1,[1],14912.268377423
2,[2],17755.070737614
