,customer,weight,round,length
0,"[13, 30, 39, 38, 52, 66, 19, 49, 50, 51, 108]","[2, 1, 1, 2, 1, 2, 1, 1, 1, 1, 2]",0,2656.7561996548
1,"[86, 88, 100, 47, 26, 46, 45, 4, 15, 61]","[2, 3, 3, 1, 1, 1, 1, 1, 1, 1]",0,3201.4920543898
2,"[65, 37, 28, 29, 53, 54, 55, 56]","[3, 2, 1, 3, 3, 1, 1, 1]",0,1981.3180279008998
3,"[26, 75, 102, 44, 57, 8, 7, 58]","[1, 2, 2, 1, 3, 1, 1, 4]",1,3900.2237318200005
4,"[3, 14, 98, 89, 105, 106, 40, 104, 67]","[5, 2, 1, 1, 1, 1, 1, 1, 2]",1,5473.058820028899
5,"[82, 68, 69, 97, 23, 24, 109, 35, 34, 81]","[4, 1, 1, 3, 1, 1, 1, 1, 1, 1]",1,3611.9642531209993
6,"[96, 2, 10]","[11, 1, 2]",2,7515.5348456
7,[],[],2,0.0
8,"[17, 18, 41, 42, 96]","[1, 2, 1, 1, 10]",2,7269.5855687001
