,task,distance
0,[0],132.5386982992
1,[1],5853.964249626601
