,customer,weight,round,length
0,"[17, 18, 36, 48, 47, 29]","[1, 1, 7, 1, 4, 1]",0,3762.569110255
1,"[95, 96, 50, 51, 43, 105, 68, 81, 79, 94]","[1, 1, 3, 1, 2, 1, 3, 1, 1, 1]",0,4347.459216562
2,"[41, 34, 92, 110, 111, 115, 63, 64, 67, 13, 90, 1, 4]","[1, 1, 1, 1, 1, 1, 1, 2, 2, 1, 1, 1, 1]",1,3459.4761641448004
3,"[71, 83, 84, 57, 107, 82, 38, 42, 60, 39, 37, 40, 72, 14]","[1, 1, 1, 1, 1, 1, 1, 1, 1, 1, 2, 1, 1, 1]",1,4846.393920596301
