,customer,weight,round,length
0,[11],[11],0,183.183723649
1,[],[],0,0.0
2,[],[],0,0.0
3,[],[],0,0.0
4,"[11, 17, 1, 13]","[6, 4, 3, 2]",0,9447.719953238498
