,customer,weight,round,length
0,[32],[14],0,79.3129266994
1,"[7, 12]","[1, 2]",0,7995.168056528
2,[],[],0,0.0
3,[32],[14],0,79.3129266994
4,[],[],0,0.0
