,task,distance
0,[0],7048.19407438
1,[1],0.0
2,[2],8016.015126038
3,[3],0.0
4,[4],0.0
