,customer,weight,round,length
0,[40],[15],0,1539.912532216
1,[19],[15],0,1091.539961918
2,"[40, 41, 9, 19]","[3, 5, 1, 6]",0,3936.1964200730004
3,[],[],1,0.0
4,[26],[1],1,2093.20092604
5,"[42, 18, 38, 21, 45, 6, 23, 11, 15, 8]","[1, 1, 1, 2, 1, 1, 1, 1, 3, 3]",1,5776.4693276749995
