,task,distance
0,"[0, 3]",4642.760159974
1,"[1, 4]",2930.26243982
2,"[2, 5]",4169.309999282999
