,task,distance
0,[0],0.0
1,[1],0.0
2,[2],8781.427003081202
3,[3],5389.83313302
4,[4],0.0
