,task,distance
0,[0],0.0
1,[1],6429.679613693001
2,[2],2361.234143771
3,[3],0.0
4,[4],0.0
