,customer,weight,round,length
0,"[222, 47, 165, 17, 48, 97, 75, 98, 24, 96, 117, 116]","[1, 1, 1, 1, 1, 1, 1, 1, 1, 2, 1, 1]",0,3524.2182646147
1,"[40, 112, 15, 114, 91, 95, 94, 214, 93, 16]","[1, 1, 1, 1, 1, 1, 1, 2, 1, 2]",0,2491.1127436982997
2,"[85, 87, 86, 72, 13, 82, 147]","[1, 1, 2, 1, 1, 1, 2]",0,4300.6513750776
3,"[108, 81, 100, 21, 218, 64, 60, 205]","[2, 3, 1, 2, 2, 1, 1, 1]",0,5735.845139712999
4,"[66, 67, 141, 193, 71, 194, 195, 192, 69, 68]","[1, 1, 2, 3, 3, 1, 1, 1, 1, 1]",0,1887.4627888783
