,task,distance
0,"[0, 8]",4000000000.0
1,"[1, 7]",2000004811.260733
2,"[2, 6]",2000006488.1500275
3,"[3, 9]",2000003859.5580947
4,"[4, 5]",4000001299.745433
