,customer,weight,round,length
0,"[90, 111, 110, 43, 50]","[1, 2, 2, 5, 2]",0,1259.19443315
1,"[131, 74, 56, 82, 51, 137, 73, 37, 38, 55, 88]","[1, 1, 1, 2, 1, 1, 1, 2, 1, 3, 1]",0,7093.064907568999
