,customer,weight,round,length
0,"[123, 122, 121, 110, 90, 129, 139, 64, 116]","[1, 2, 3, 2, 1, 1, 2, 2, 1]",0,8028.229753240999
1,"[103, 125, 100, 53, 55, 35, 31]","[1, 1, 1, 2, 3, 1, 5]",0,3723.2084627540003
