,task,distance
0,[0],7519.18038511
1,[1],3472.411112435
