,task,distance
0,[0],279.567158728
1,[1],5428.603379231
2,[2],3027.194320671
