,customer,weight,round,length
0,[],[],0,0.0
1,"[84, 93, 14, 111, 105, 77, 39, 133, 8, 114, 115]","[1, 1, 2, 2, 1, 1, 1, 1, 1, 1, 1]",0,7538.860772964999
2,"[41, 118, 90, 107, 72, 100, 130, 63, 91]","[1, 1, 1, 1, 5, 1, 1, 1, 2]",0,5058.440865606
