,customer,weight,round,length
0,"[10, 2]","[1, 12]",0,1657.1506523205999
1,"[24, 1, 22, 32]","[6, 2, 2, 1]",0,7288.395388977001
2,[],[],0,0.0
