,task,distance
0,[0],0.0
1,[1],7947.284997829
2,[2],2305.602856981
