,task,distance
0,[0],0.0
1,[1],161.6442777084
2,[2],2148.1221326106
