,customer,weight,round,length
0,"[26, 24, 69, 68, 20, 21, 18, 136, 17, 146, 147]","[1, 2, 1, 1, 1, 1, 1, 1, 1, 4, 1]",0,1805.7362688430999
1,"[73, 25, 106, 61, 5, 15, 102, 16, 159, 133]","[2, 1, 2, 1, 1, 2, 1, 3, 1, 1]",1,3866.3260038070002
2,"[47, 46, 75, 30, 80, 108, 95, 81, 143, 84, 157, 87, 128, 65]","[1, 1, 1, 1, 1, 1, 1, 2, 1, 1, 1, 1, 1, 1]",2,4683.6611623034
3,"[127, 96, 64, 62, 105, 28, 76, 74, 14, 79]","[1, 2, 1, 1, 2, 3, 1, 1, 2, 1]",3,5220.994110787
4,"[78, 132, 13, 98, 83, 66, 55, 57, 48, 93, 91, 40]","[1, 1, 2, 1, 2, 1, 1, 1, 2, 1, 1, 1]",4,5420.540084690901
5,"[156, 139, 152, 97, 135, 126, 3, 70, 39, 72, 35]","[1, 1, 1, 1, 1, 1, 3, 3, 1, 1, 1]",5,4932.606520767002
6,"[34, 49, 90, 12, 153, 154, 155, 117, 116, 8, 110, 125]","[1, 1, 2, 2, 1, 1, 1, 1, 1, 1, 2, 1]",6,4923.069574538699
7,"[54, 129, 137, 138, 120, 113, 10, 9, 11, 90, 71, 109]","[1, 2, 1, 1, 2, 1, 1, 1, 2, 1, 1, 1]",7,6282.1687318765
8,"[51, 22, 119, 103, 121, 122]","[1, 1, 1, 2, 1, 2]",8,6592.4620457500005
