,task,distance
0,"[0, 3]",10465.878473059
1,"[1, 5]",40858.9508579003
2,"[2, 4]",3628.910567423
