,customer,weight,round,length
0,"[7, 34, 145, 175, 59, 4, 6, 126, 129, 198, 199, 9]","[1, 1, 1, 2, 1, 1, 1, 3, 1, 1, 1, 1]",0,2618.3199423352003
1,"[120, 30, 156, 157]","[1, 1, 2, 2]",1,2905.610271319
