,customer,weight,round,length
0,"[113, 24, 156, 26, 69, 73, 71, 70, 133, 74]","[2, 2, 2, 1, 1, 2, 1, 1, 1, 2]",0,2499.020859192
1,"[110, 28, 27, 109, 68, 12, 23, 11, 1, 108, 60, 132, 77, 76, 140]","[1, 1, 1, 1, 1, 1, 1, 1, 1, 1, 1, 1, 1, 1, 1]",0,7009.781717458
2,"[157, 32, 33, 29, 6]","[1, 1, 2, 1, 1]",1,9974.600593324998
3,[],[],1,0.0
