,customer,weight,round,length
0,"[53, 172, 136, 135, 88, 19, 67, 168, 85, 162, 69, 117, 90]","[1, 1, 1, 3, 1, 1, 1, 1, 1, 1, 1, 1, 1]",0,12200.175555065
1,"[34, 129, 132, 61, 79, 78]","[1, 3, 1, 1, 1, 1]",0,10375.427166533998
