,customer,weight,round,length
0,"[38, 46, 105, 65, 122, 19, 126, 29, 102, 78, 43, 90]","[1, 1, 1, 4, 1, 1, 1, 1, 1, 1, 1, 1]",0,6554.292126363999
1,"[48, 49, 10, 54, 81, 71, 26, 62, 134, 109]","[1, 1, 1, 4, 1, 1, 1, 1, 2, 2]",1,6971.123238514
2,"[36, 98, 115]","[1, 1, 1]",2,4478.256230939
