,task,distance
0,"[0, 5]",3699.950736718
1,"[1, 5]",2511.12575124
2,"[2, 5]",1356.798591206
3,"[3, 8]",2652.294776611
4,"[4, 5]",1853.363479026
