,customer,weight,round,length
0,[],[],0,0.0
1,"[63, 36, 11, 86, 92]","[1, 1, 1, 1, 1]",0,11076.335089565999
2,[],[],0,0.0
3,[],[],0,0.0
4,"[22, 124, 123, 74, 24, 25, 76, 23, 126, 97, 98]","[1, 1, 1, 1, 1, 2, 1, 1, 1, 1, 2]",0,6434.530612842998
