,customer,weight,round,length
0,"[26, 25, 5, 8, 104, 4, 45, 106, 33, 32]","[1, 2, 1, 2, 1, 1, 1, 2, 1, 3]",0,4507.123294182
1,"[60, 49, 50, 84, 82, 114, 36]","[3, 2, 1, 1, 1, 3, 4]",1,3045.5682106111
2,"[70, 54, 52, 77, 48, 20, 23, 118, 72, 37]","[2, 1, 1, 1, 3, 1, 1, 3, 1, 1]",2,6874.166802693401
3,"[27, 62, 63, 22]","[1, 2, 6, 1]",3,5876.720446477
