,customer,weight,round,length
0,[24],[1],0,1889.210695826
1,[26],[10],0,98.7567346056
2,"[26, 25]","[9, 4]",0,140.4405458342
3,[],[],0,0.0
