,task,distance
0,[0],1889.210695826
1,[1],98.7567346056
2,[2],140.4405458342
3,[3],0.0
