,task,distance
0,"[0, 3]",12626.171840733
1,"[1, 2]",45743.53570462
