,customer,weight,round,length
0,"[54, 53, 35, 34, 65, 66, 59, 19, 10]","[3, 4, 1, 1, 2, 1, 1, 1, 1]",0,1783.6949165669996
1,"[15, 33, 38, 31, 13, 62, 26, 56, 32]","[1, 1, 2, 1, 2, 1, 2, 2, 1]",1,3823.681189073
