,customer,weight,round,length
0,"[53, 56, 34, 15, 13, 14, 17, 19, 10, 66]","[4, 2, 1, 1, 2, 1, 1, 1, 1, 1]",0,3294.895284409
1,"[61, 50, 29, 24, 12, 58, 8, 67]","[1, 1, 1, 1, 1, 3, 1, 1]",1,3869.9400564910006
