,customer,weight,round,length
0,"[13, 30, 3, 23, 24, 7, 1, 22, 8, 28, 10, 34, 5, 0, 12]","[1, 1, 1, 1, 1, 1, 1, 1, 1, 1, 1, 1, 1, 1, 1]",0,843.860260014
1,"[21, 4, 28, 35]","[3, 2, 2, 3]",1,1895.3894894740001
