,customer,weight,round,length
0,"[64, 56, 66, 67, 48, 148, 147, 125, 152, 82, 6, 93]","[2, 1, 1, 1, 2, 1, 1, 2, 1, 1, 1, 1]",0,4305.4126216044
1,"[4, 75, 32]","[1, 2, 1]",0,664.0970778626
