,task,distance
0,[0],3001.2282722905
1,[1],459.4181254789
