,task,distance
0,[0],3837.154205052
1,[1],1528.0274366022
