,customer,weight,round,length
0,"[138, 9, 104, 112]","[1, 3, 1, 10]",0,4015.821803355
1,"[72, 13, 46, 44, 23, 67, 32, 8, 126, 53, 146]","[1, 1, 3, 3, 1, 1, 1, 1, 1, 1, 1]",1,6248.715065617
2,"[131, 99, 127]","[4, 1, 3]",2,3849.8539770410002
