,customer,weight,round,length
0,"[172, 33, 132, 19, 76, 75, 243, 99, 149, 144]","[1, 1, 2, 1, 1, 1, 2, 1, 3, 2]",0,6269.1524618403
1,"[260, 236, 157, 84, 255, 81, 66, 22, 182]","[1, 2, 2, 1, 2, 1, 1, 2, 3]",0,5437.088725539
2,"[28, 181, 258, 257, 147, 274, 207, 69, 70]","[1, 3, 1, 2, 1, 2, 1, 1, 3]",0,4705.3913284367
3,[],[],1,0.0
4,"[271, 212, 221, 176, 177]","[1, 1, 1, 1, 1]",1,5550.017435752
5,[],[],1,0.0
