,customer,weight,round,length
0,[4],[9],0,142.6452745412
1,"[6, 12, 9, 3]","[1, 1, 1, 1]",0,3864.43014728
