,customer,weight,round,length
0,"[44, 40]","[2, 13]",0,2558.17082276
1,"[13, 19, 26, 45]","[4, 1, 2, 1]",1,5294.481567392
