,customer,weight,round,length
0,[11],[1],0,1257.007349684
1,"[137, 17, 106, 105, 107, 108]","[1, 1, 1, 2, 1, 1]",0,947.2850185149
2,[],[],0,0.0
3,"[62, 55, 53, 35, 54, 82, 52, 102, 49, 89]","[1, 1, 1, 1, 1, 2, 1, 1, 3, 2]",0,2790.6022980709995
