,customer,weight,round,length
0,[],[],0,0.0
1,"[95, 27, 26, 7, 77, 70, 9, 84, 5, 29, 75, 72]","[2, 1, 1, 1, 2, 1, 1, 1, 1, 2, 1, 1]",0,5485.7169486816
2,"[96, 144, 143, 116, 31]","[1, 1, 1, 1, 1]",0,3727.668787838
3,[],[],0,0.0
