,customer,weight,round,length
0,[],[],0,0.0
1,"[132, 101, 4, 63, 65, 66, 97, 100]","[1, 1, 1, 5, 2, 1, 2, 1]",0,2509.9734865561
2,"[154, 123, 8, 147, 106, 152, 105]","[2, 1, 1, 1, 1, 1, 1]",0,2069.252905812
3,"[94, 12, 90, 148, 127, 83, 50, 46, 38, 37, 95]","[1, 1, 1, 1, 3, 2, 1, 2, 1, 1, 1]",0,4167.700727733601
