,customer,weight,round,length
0,"[126, 13, 14, 143, 8, 124, 9, 10]","[2, 2, 3, 1, 1, 2, 2, 1]",0,1087.4987421592
1,[],[],0,0.0
2,"[121, 123, 103, 98, 94, 12, 11]","[2, 1, 4, 1, 1, 1, 1]",0,950.3137276004001
3,"[90, 93, 83, 127, 69, 70, 48, 47, 148, 60]","[1, 1, 2, 3, 1, 1, 2, 1, 1, 2]",0,2852.7454930640997
