,customer,weight,round,length
0,"[62, 4, 61, 37, 21, 75, 95, 96, 97, 91]","[1, 1, 2, 1, 1, 2, 1, 2, 2, 1]",0,1318.965621923
1,[],[],0,0.0
2,"[63, 64, 65, 66, 67, 56]","[5, 2, 2, 1, 1, 1]",0,1044.3901510647001
3,"[32, 71, 49, 50, 46, 72, 39, 38, 146]","[1, 2, 4, 1, 2, 1, 1, 1, 1]",0,1620.7407632693
