,task,distance
0,[0],0.0
1,[1],2509.9734865561
2,[2],2069.252905812
3,[3],4167.700727733601
