,task,distance
0,[0],0.0
1,[1],0.0
2,[2],0.0
3,[3],31489.950077105
4,[4],21411.663925131
