,task,distance
0,"[0, 4]",2000004680.7945228
1,"[1, 5]",2000003108.4328916
2,"[2, 3]",4000003207.925272
