,task,distance
0,[0],329.647099004
1,[1],5239.992633177001
