,customer,weight,round,length
0,"[196, 143, 168, 153, 82, 198, 106, 107, 36, 4, 5]","[2, 1, 1, 1, 2, 1, 1, 1, 1, 1, 2]",0,5066.0151368079005
1,"[204, 176, 212, 211, 210, 100, 101, 3, 19, 149, 42]","[1, 1, 1, 1, 2, 1, 1, 2, 1, 2, 1]",0,5886.6026199802
2,"[180, 179, 64]","[1, 2, 1]",0,1004.98849953
3,"[159, 119, 120, 51, 34, 33, 71, 184, 183, 194, 89, 187, 50]","[1, 1, 1, 2, 1, 2, 1, 1, 1, 1, 1, 1, 1]",0,7319.633046454001
4,[],[],0,0.0
