,task,distance
0,[0],1157.044205345
1,[1],2667.3065316537
2,[2],1724.5373905421002
3,[3],859.6504530136999
4,[4],3797.1492660532
