,task,distance
0,"[0, 2, 4, 6]",12975.3734326781
1,"[1, 3, 5, 7]",13289.253676586402
