,customer,weight,round,length
0,"[89, 108, 59, 82, 35, 114, 49, 60]","[1, 1, 1, 1, 2, 3, 3, 3]",0,3768.4719550647
1,"[64, 27, 80, 93, 76, 68, 71]","[1, 1, 2, 1, 1, 1, 1]",1,8375.6355299
