,customer,weight,round,length
0,"[84, 59, 104, 4, 45, 89, 90, 61, 69, 108, 106]","[1, 1, 1, 1, 1, 1, 2, 2, 2, 1, 2]",0,3499.446376386
1,"[82, 50, 83, 33]","[1, 1, 1, 1]",1,2847.471622518
