,customer,weight,round,length
0,"[95, 22, 63, 27, 117, 62, 64]","[2, 1, 7, 1, 1, 2, 1]",0,1488.8212372086
1,"[23, 32, 115, 52, 76, 114, 25, 5]","[1, 3, 3, 1, 1, 3, 2, 1]",1,9442.332630078
