,customer,weight,round,length
0,"[41, 21, 84, 69, 101, 72, 102, 35, 90, 89, 103, 107, 108]","[1, 1, 1, 1, 1, 1, 2, 1, 1, 1, 1, 1, 2]",0,4589.006820506
1,"[54, 118, 111, 5, 14]","[3, 1, 2, 7, 2]",0,1904.1911144393
2,"[72, 100, 66]","[4, 1, 1]",1,6568.830122526
3,[],[],1,0.0
