,customer,weight,round,length
0,"[79, 8, 50, 94, 42]","[6, 5, 1, 2, 1]",0,5339.822719315
1,[79],[15],0,489.054444328
2,[79],[15],0,489.054444328
3,[],[],1,0.0
4,[],[],1,0.0
5,"[36, 95, 80, 81, 82, 15, 83, 84, 5, 59]","[1, 2, 1, 1, 1, 2, 1, 1, 1, 2]",1,11609.081083168001
