,customer,weight,round,length
0,[34],[15],0,639.406900134
1,"[49, 8, 64, 32, 71, 70, 10, 77, 34]","[1, 2, 1, 1, 1, 1, 1, 1, 6]",0,7418.347429499001
2,"[41, 98, 44, 4, 85, 58]","[1, 1, 1, 1, 2, 1]",0,6201.0519813500005
