,customer,weight,round,length
0,[89],[1],0,190.7753864736
1,"[97, 31, 61, 11, 33, 90, 19, 30, 20, 24, 23, 57, 27, 26]","[1, 1, 1, 1, 1, 1, 1, 1, 1, 1, 1, 1, 1, 1]",0,7669.7101597034
2,[52],[2],0,299.200436064
