,task,distance
0,"[0, 3]",5339.822719315
1,"[1, 4, 5]",12098.135527495999
2,[2],489.054444328
