,customer,weight,round,length
0,[],[],0,0.0
1,[59],[9],0,304.68945783
2,[58],[7],0,356.383411378
3,"[76, 21, 70, 100, 3, 189, 85, 41, 42]","[1, 1, 1, 1, 1, 2, 2, 1, 1]",0,14005.278841466
