,customer,weight,round,length
0,"[42, 32, 40, 41, 38, 37, 35, 18]","[1, 2, 2, 1, 1, 1, 1, 6]",0,2000001255.5014262
1,[18],[15],0,180.8016115202
2,[],[],1,0.0
3,"[46, 43]","[1, 1]",1,2000000226.716773
