,task,distance
0,"[0, 2]",8319.528210638999
1,"[1, 3]",5746.041551247
