,task,distance
0,[0],2000000835.1811185
1,[1],2000001024.4608777
