,task,distance
0,[0],974.476646625
1,[1],2324.4704402199995
