,customer,weight,round,length
0,[],[],0,0.0
1,[],[],0,0.0
2,"[210, 205, 111, 248, 202, 37, 149, 97, 241, 219, 20]","[2, 2, 1, 1, 1, 1, 1, 1, 1, 1, 1]",0,8339.955054514
3,"[243, 109, 161, 237, 213, 24, 51, 117, 216, 131, 8]","[1, 1, 1, 2, 1, 2, 2, 1, 2, 1, 1]",0,8971.456375846
4,[],[],0,0.0
