,task,distance
0,[0],0.0
1,[1],0.0
2,[2],8998.936388284
3,[3],1108.709845637
4,[4],10156.610084617
