,customer,weight,round,length
0,"[65, 97, 10, 71, 70, 108, 25, 24, 117]","[1, 1, 1, 1, 1, 2, 1, 1, 2]",0,2509.839635529
1,"[4, 1, 6, 5, 89, 81, 58, 84, 61, 64]","[1, 1, 2, 3, 1, 2, 1, 1, 1, 1]",0,3931.4934398018995
2,"[63, 95, 74, 105, 73, 72, 100, 116, 106, 49]","[3, 2, 1, 2, 1, 1, 1, 2, 1, 1]",0,3009.1833878846
