,task,distance
0,[0],854.933013954
1,[1],12159.817044316
2,[2],0.0
3,[3],0.0
4,[4],0.0
