,customer,weight,round,length
0,"[25, 74, 116, 22]","[3, 1, 3, 1]",0,1932.0194207100003
1,[],[],0,0.0
2,"[120, 14, 86, 13, 119, 27, 133]","[1, 1, 4, 1, 1, 3, 2]",0,3348.3158319870004
