,task,distance
0,[0],3626.7425239572
1,[1],1844.363986476
2,[2],0.0
