,task,distance
0,[0],0.0
1,[1],6255.988249485
2,[2],18003.962524838003
