,customer,weight,round,length
0,"[96, 64, 84, 103, 91, 150, 178, 179, 237, 180, 101]","[2, 1, 1, 1, 2, 1, 1, 1, 2, 2, 1]",0,4411.0027209817
1,"[215, 210, 213, 4, 204, 106, 103, 88, 199]","[1, 1, 1, 1, 1, 1, 1, 1, 2]",1,5573.917375946
