,task,distance
0,[0],6619.480184229001
1,[1],8324.247966266
2,[2],0.0
3,[3],0.0
4,[4],2630.487681418
