,customer,weight,round,length
0,"[172, 129, 114, 109, 110, 176, 66, 78, 175, 79]","[1, 3, 1, 1, 1, 1, 2, 1, 1, 3]",0,2075.4601954549003
1,"[108, 134, 164, 165, 83]","[1, 4, 2, 4, 4]",1,2522.628915013
2,"[162, 3, 58, 26, 30, 107, 25, 113]","[3, 1, 1, 1, 1, 1, 1, 1]",2,3112.4876608590002
