,customer,weight,round,length
0,"[66, 69, 193, 222, 48, 112, 114, 91, 93, 153, 24, 217, 117]","[1, 1, 3, 1, 1, 1, 1, 1, 1, 1, 1, 1, 1]",0,9025.643036468102
1,[],[],0,0.0
2,"[219, 218, 147, 223, 87, 13, 53, 28, 127, 106]","[1, 2, 2, 1, 1, 1, 2, 1, 1, 2]",0,2000008916.3210635
3,"[204, 108, 22, 100, 168, 60, 4, 131, 180]","[1, 2, 1, 1, 1, 1, 1, 2, 1]",0,8341.647488264998
