,task,distance
0,"[0, 6]",7895.9038350152
1,"[1, 5]",9679.022557351402
2,"[2, 7]",7361.0947419011
3,"[3, 4]",18107.9636434398
