,task,distance
0,[0],0.0
1,[1],2491.1127436983
2,[2],7149.6514920561
3,[3],1887.4627888783
