,task,distance
0,[0],3612.003754346
1,[1],1640.3018613089002
2,[2],0.0
