,task,distance
0,[0],14654.2996236264
1,[1],3550.048962508
2,[2],6693.418591845
