,customer,weight,round,length
0,"[77, 52, 139, 2, 173, 179, 131, 55, 107, 175, 143, 7, 31, 29]","[1, 1, 1, 1, 1, 2, 1, 1, 1, 1, 1, 1, 1, 1]",0,11416.919266985002
1,"[25, 133, 134, 142, 49, 183, 79, 90, 92, 5, 99, 60, 122, 59]","[1, 1, 1, 1, 1, 1, 1, 1, 2, 1, 1, 1, 1, 1]",0,12024.676822086998
2,"[9, 19, 86, 10, 33, 17]","[1, 1, 1, 1, 1, 1]",1,5550.572051243
3,[],[],1,0.0
