,customer,weight,round,length
0,[],[],0,0.0
1,[25],[14],0,2231.37686866
2,"[21, 5, 50, 24, 13, 9, 12, 57, 58, 3]","[1, 1, 1, 1, 1, 1, 1, 1, 1, 1]",0,2473.6690831502005
