,task,distance
0,[0],2000000000.0
1,[1],2000004551.5399983
2,[2],676.32921992
