,customer,weight,round,length
0,"[139, 11, 137, 14, 15, 95, 136, 5]","[2, 1, 2, 6, 1, 1, 1, 1]",0,6135.208006387
1,"[9, 142]","[5, 6]",0,2254.263880906
