,task,distance
0,[0],5525.4367170040005
1,[1],7079.046321002999
