,task,distance
0,[0],8099.048466129
1,[1],684.466653955
