,customer,weight,round,length
0,"[81, 82, 127, 40, 50, 47, 88, 101, 97, 110, 131, 43]","[1, 1, 1, 2, 1, 1, 1, 1, 1, 3, 1, 1]",0,7919.347834231001
1,"[106, 60, 67]","[1, 1, 1]",1,1436.54754586
