,customer,weight,round,length
0,[],[],0,0.0
1,[2],[1],0,161.024658093
2,"[34, 29, 14, 42, 17]","[1, 1, 1, 1, 2]",0,9327.986255509
