,task,distance
0,[0],273.680614128
1,[1],0.0
2,[2],11940.209648416
