,customer,weight,round,length
0,[18],[15],0,129.3777604514
1,"[4, 56, 60, 98, 10, 27]","[4, 2, 2, 1, 4, 1]",0,4560.850194364
2,[18],[12],0,129.3777604514
3,[18],[14],0,129.3777604514
4,"[58, 25, 79, 47, 59]","[1, 1, 1, 2, 10]",0,2333.0704525230003
