,customer,weight,round,length
0,[],[],0,0.0
1,"[22, 86, 72, 69, 70]","[1, 2, 1, 1, 7]",0,1232.8096087774
2,"[92, 100, 46, 26, 28, 35, 36, 49]","[1, 2, 1, 1, 1, 1, 1, 1]",0,2323.156123867
3,[],[],0,0.0
4,[70],[13],0,219.317905954
