,task,distance
0,[0],0.0
1,[1],1232.8096087774
2,[2],2323.156123867
3,[3],0.0
4,[4],219.317905954
