,customer,weight,round,length
0,"[68, 80, 148, 149, 150, 133, 28, 101, 61, 157, 168, 10]","[1, 1, 1, 1, 1, 1, 2, 2, 1, 1, 2, 1]",0,27919.468986442
1,[],[],0,0.0
2,"[192, 110, 144, 142, 115, 141, 14, 0, 119, 186]","[2, 1, 1, 1, 2, 1, 2, 1, 1, 1]",0,18088.331347978
3,[],[],0,0.0
