,customer,weight,round,length
0,"[113, 114, 181, 138, 18, 23, 76, 134]","[2, 1, 1, 1, 3, 1, 3, 3]",0,17256.971240213
1,[],[],0,0.0
2,"[103, 72, 154, 147]","[1, 1, 1, 1]",0,1329.2375168410001
3,"[129, 65, 117, 67, 91, 185, 16, 171, 131, 6]","[1, 3, 1, 1, 1, 2, 2, 1, 2, 1]",0,26381.353274168996
