,task,distance
0,[0],27919.468986442
1,[1],0.0
2,[2],18088.331347978
3,[3],0.0
