,task,distance
0,[0],1863.070629623
1,[1],6298.853534182101
2,[2],4410.4821718702
3,[3],4244.485235576
