,customer,weight,round,length
0,"[186, 17, 126, 128, 26, 135, 151, 83, 125, 120]","[5, 1, 1, 1, 1, 1, 1, 1, 2, 1]",0,2000003721.8156745
1,[],[],0,0.0
2,"[140, 148, 0, 79, 45, 64, 149, 58, 123, 9, 25, 24]","[2, 1, 1, 1, 1, 1, 1, 1, 2, 1, 1, 2]",0,2000004510.326395
3,[186],[15],0,2000000000.0
4,"[27, 32, 57, 106, 53, 21, 211]","[1, 2, 1, 2, 2, 1, 3]",0,2000007729.295259
