,customer,weight,round,length
0,[],[],0,0.0
1,[],[],0,0.0
2,[],[],0,0.0
3,"[20, 21, 50, 51, 46, 13, 3, 77]","[1, 1, 2, 1, 1, 1, 1, 1]",0,1746.0170773781
4,"[82, 27, 83, 92, 19, 18, 8, 16, 95, 107, 79, 80]","[1, 1, 2, 1, 1, 1, 1, 1, 1, 1, 3, 1]",0,2753.2330328012
