,customer,weight,round,length
0,[],[],0,0.0
1,[],[],0,0.0
2,"[34, 23, 16, 19, 72, 88, 83, 48, 126]","[1, 1, 1, 1, 2, 3, 2, 1, 1]",0,3000002163.461042
3,"[38, 103, 65]","[1, 3, 2]",0,1684.0153715830002
4,[],[],0,0.0
