,task,distance
0,[0],177.5552119736
1,[1],0.0
2,[2],0.0
3,[3],0.0
4,[4],3000003356.9706407
