,task,distance
0,[0],0.0
1,[1],0.0
2,[2],3000002163.461042
3,[3],1684.0153715830002
4,[4],0.0
