,customer,weight,round,length
0,[],[],0,0.0
1,[],[],0,0.0
2,[3],[1],0,87.1264753552
3,"[37, 1, 64, 53, 10, 2, 9, 34, 35, 46, 45]","[1, 1, 1, 1, 1, 3, 1, 1, 1, 1, 3]",0,4582.0864810331
4,[],[],0,0.0
