,task,distance
0,[0],0.0
1,[1],0.0
2,[2],87.1264753552
3,[3],4582.0864810331
4,[4],0.0
