,customer,weight,round,length
0,"[98, 97, 76, 25, 24, 74, 23, 123, 124, 22, 63, 86, 92]","[2, 1, 1, 2, 1, 1, 1, 1, 1, 1, 1, 1, 1]",0,11555.834984675997
1,"[36, 11, 126]","[1, 1, 1]",1,11988.50263581
