,customer,weight,round,length
0,"[13, 104, 65, 33]","[1, 1, 1, 6]",0,1387.966763594
1,"[14, 40, 36, 9, 79, 10]","[1, 3, 1, 1, 2, 1]",0,1492.607913663
2,"[102, 100, 73, 27, 67, 16, 41, 75, 76, 44, 3]","[1, 1, 1, 1, 1, 1, 1, 1, 1, 1, 4]",0,5198.191651513001
