,task,distance
0,[0],2837.8002899870003
1,[1],5256.524304086
2,[2],0.0
