,customer,weight,round,length
0,"[116, 102]","[1, 4]",0,669.1076836188
1,[],[],0,0.0
2,"[118, 39, 91, 90, 89, 87, 103, 28, 29, 26]","[1, 3, 1, 1, 1, 1, 3, 1, 1, 2]",0,2130.8779582951997
3,"[115, 33, 114, 69, 70, 71, 41, 36]","[1, 2, 1, 3, 1, 1, 2, 4]",0,2137.507469571
