,customer,weight,round,length
0,"[80, 49, 47, 48, 46, 35, 79, 99, 98]","[3, 2, 1, 3, 1, 1, 2, 1, 1]",0,2885.6456334261
1,[],[],0,0.0
2,[],[],0,0.0
3,"[83, 100, 128, 130, 129, 52, 5, 43, 7, 30, 104, 85]","[1, 2, 1, 1, 1, 1, 1, 1, 2, 1, 2, 1]",0,3513.6460862812
