,task,distance
0,[0],0.0
1,[1],2049.3477078156
2,[2],0.0
3,[3],2217.9198077558
