,task,distance
0,[0],669.1076836188
1,[1],0.0
2,[2],2130.8779582952
3,[3],2137.507469571
