,task,distance
0,[0],1611.5514228859004
1,[1],1591.2960392291998
2,[2],0.0
3,[3],1784.5034805281
