,task,distance
0,[0],0.0
1,[1],760.273173418
2,[2],2690.1907406130003
3,[3],5617.2854702397
