,task,distance
0,[0],1638.467790103
1,[1],3538.344617948
2,[2],0.0
3,[3],3693.947051787
