,customer,weight,round,length
0,"[88, 51, 118, 120, 102, 159, 97, 46]","[1, 1, 1, 1, 2, 1, 1, 1]",0,10730.951748087
1,[],[],0,0.0
2,[],[],0,0.0
3,[],[],0,0.0
4,"[184, 185, 137, 28, 168, 95, 176, 169, 128, 94]","[1, 2, 1, 1, 1, 1, 1, 1, 1, 2]",0,5395.363092638
