,customer,weight,round,length
0,"[7, 39, 74, 0, 56]","[1, 2, 1, 4, 4]",0,5270.649667417001
1,"[34, 59, 10]","[2, 5, 1]",0,2042.6325606960002
2,"[68, 66, 43, 75, 16, 71, 72, 61]","[1, 1, 1, 1, 1, 2, 2, 1]",0,2290.2035376696003
3,[],[],0,0.0
