,task,distance
0,[0],329.46852688
1,[1],1410.217605072
2,[2],312.276894272
3,[3],0.0
