,task,distance
0,[0],320.457493508
1,[1],6018.620380648
