,customer,weight,round,length
0,"[110, 30, 29, 76, 84, 100, 77]","[3, 1, 2, 1, 1, 1, 1]",0,2072.925768017
1,"[78, 81, 22, 47, 67, 69]","[1, 1, 1, 1, 1, 1]",0,4354.354090791
2,"[24, 25, 23, 38, 92, 61, 55, 56]","[1, 2, 2, 2, 1, 1, 1, 1]",0,2924.166039507
3,"[39, 40, 15, 65]","[7, 2, 1, 3]",0,1307.5421898047002
4,[],[],0,0.0
