,customer,weight,round,length
0,"[194, 8, 10, 6, 211, 7, 5]","[2, 2, 1, 2, 1, 3, 1]",0,3465.3317247679993
1,"[69, 60, 128, 129, 152, 57, 56, 16, 25, 13, 204, 205, 31, 46, 45]","[1, 1, 1, 1, 1, 1, 1, 1, 1, 1, 1, 1, 1, 1, 1]",0,7736.0518748342
2,[],[],0,0.0
3,"[67, 66, 65, 188, 0]","[1, 2, 1, 1, 1]",0,1139.108270969
