,task,distance
0,[0],3093.395213394
1,[1],0.0
2,[2],12891.452416979002
3,[3],7359.6483056918
