,task,distance
0,"[0, 3]",6834.367710496101
1,"[1, 2]",3904.429966443
