,customer,weight,round,length
0,"[45, 39, 36, 19, 10, 42, 34, 24, 1, 41, 21]","[1, 2, 1, 3, 1, 1, 1, 1, 1, 1, 1]",0,1112.156159093
1,"[15, 40, 38, 30, 18, 35, 25, 32, 20, 12, 13]","[1, 1, 1, 1, 1, 1, 1, 1, 1, 1, 3]",0,1837.515005447
2,"[9, 8, 44, 7, 11, 33, 6, 37, 0, 14, 26]","[1, 3, 1, 2, 1, 1, 1, 1, 1, 1, 1]",0,1956.502244629
3,"[16, 23, 4, 28, 22, 2, 27, 31, 17, 29, 3, 43, 5]","[1, 1, 1, 1, 1, 1, 1, 1, 1, 1, 2, 1, 1]",0,1587.757886896
