,task,distance
0,[0],1112.156159093
1,[1],1837.515005447
2,[2],1956.502244629
3,[3],1587.757886896
