,task,distance
0,[0],3428.889597625
1,[1],2882.4917046006
2,[2],3199.7058011697
3,[3],2750.6552841182
