,CID,TTDDemd
0,3177,0.0445738993585
1,6845,0.00813414994627
2,6846,0.0132799996063
3,6849,0.0388866998255
4,7327,0.322784990072
5,7328,0.28575399518
6,16568,3.81959009171
7,16569,2.71301007271
8,24041,4.93879985809
9,24042,0.51355701685
10,24043,0.418576002121
11,31475,0.738847017288
12,46288,0.963087022305
13,46290,0.492523014545
