,customer,weight,round,length
0,[],[],0,0.0
1,"[41, 122, 69, 68, 45, 113]","[1, 2, 1, 1, 1, 8]",0,3344.725751307
2,"[99, 71, 93, 116, 30, 29, 49, 114, 23]","[1, 1, 1, 1, 6, 1, 1, 2, 1]",0,5589.603598289
