,customer,weight,round,length
0,"[47, 18]","[2, 13]",0,1739.1535042597002
1,"[70, 22, 46, 8, 74]","[11, 1, 1, 1, 1]",0,4604.861329169001
2,"[58, 85, 84, 40, 70, 27]","[1, 1, 2, 1, 9, 1]",0,4779.9843340882
3,[],[],1,0.0
4,[],[],1,0.0
5,[56],[2],1,1754.700161128
