,customer,weight,round,length
0,"[22, 56, 48, 28, 5, 75, 52, 16, 14, 70, 42, 40, 20]","[1, 1, 2, 1, 1, 1, 1, 1, 1, 1, 1, 2, 1]",0,2256.42858908
1,"[10, 66, 9, 67, 72, 19, 3, 54, 49, 26, 45, 44, 17]","[1, 2, 1, 1, 2, 1, 1, 1, 1, 1, 1, 1, 1]",0,2442.554900944
2,"[2, 24, 47, 32, 79, 34, 35, 4, 25, 65, 8, 73, 21]","[2, 1, 1, 1, 1, 1, 1, 1, 1, 1, 1, 1, 2]",0,2608.67638619
3,"[69, 53, 46, 15, 29, 31, 27, 41, 55, 71, 33, 43, 68]","[1, 1, 1, 1, 1, 2, 1, 1, 1, 1, 1, 2, 1]",0,2310.600888148
4,"[63, 78, 50, 37, 64, 23, 77, 12, 74]","[1, 1, 2, 1, 1, 1, 3, 1, 1]",1,1817.32838913
5,"[6, 38, 61, 18, 58, 59, 60, 57, 36, 11, 7, 13, 30]","[1, 2, 2, 1, 1, 1, 1, 1, 1, 1, 1, 1, 1]",1,1510.343906029
6,[],[],1,0.0
7,"[1, 0, 51, 62, 39, 76]","[1, 1, 1, 1, 1, 1]",1,3347.55699231
