,task,distance
0,"[0, 7]",8173.8016045023
1,"[1, 4]",6038.728362141999
2,"[2, 6]",9547.8741583699
3,"[3, 5]",7140.7739147255015
