,task,distance
0,"[0, 6]",8495.2027311896
1,"[1, 7]",9733.9635808485
2,"[2, 4]",6475.101810436999
3,"[3, 5]",9380.124636246903
