,task,distance
0,[0],0.0
1,[1],2653.1486775672
2,[2],0.0
3,[3],8396.363237397702
4,[4],287.2092094836
