,task,distance
0,[0],0.0
1,[1],4777.1814581623
2,[2],4774.712479539
3,[3],2653.878859984
4,[4],4075.969570361
