,task,distance
0,"[0, 3]",13880.1258993942
1,"[1, 2]",9613.558714215102
