,customer,weight,round,length
0,"[46, 261, 201, 203, 263, 30, 265, 161, 120, 159, 160]","[1, 1, 1, 2, 1, 2, 2, 2, 1, 1, 1]",0,2000010265.9555092
1,"[20, 76, 74, 153, 233, 67, 189, 192, 70]","[2, 3, 2, 1, 1, 1, 2, 2, 1]",0,2000004596.791279
2,"[185, 182, 118, 84, 41, 88, 269]","[2, 1, 1, 2, 1, 1, 1]",1,2000001629.1826684
3,"[91, 210, 33, 122, 7, 69, 196, 245, 176, 59, 177]","[1, 1, 1, 1, 1, 1, 2, 1, 2, 1, 1]",1,2000016171.4103405
