,task,distance
0,"[0, 5, 7, 11]",24251.887524375503
1,"[1, 3, 6, 9]",19947.894025424
2,"[2, 4, 8, 10]",20920.4498995571
