,CID,TTDDemd
0,2972,1.56902003288
1,6384,0.0990154966712
2,6385,0.074484102428
3,6386,0.197264999151
4,11078,0.382665008307
5,11079,1.36550998688
6,24945,0.758616983891
7,24946,0.22758500278
8,24948,3.4549100399
9,24949,0.545882999897
10,54174,0.409411996603
11,54175,0.818823993206
12,54176,2.52558994293
13,55228,0.0464063994586
