,task,distance
0,[0],16918.398770595402
1,[1],0.0
2,[2],27465.799099980803
3,[3],4078.898026677
4,[4],1058.470740316
