,task,distance
0,[0],2877.002593656
1,[1],3679.759458894
