,task,distance
0,"[0, 2]",3368.410652346
1,"[1, 3]",3773.532398976
