,customer,weight,round,length
0,"[86, 53, 54, 78, 62, 45, 75, 88, 40, 21, 28]","[2, 2, 1, 3, 1, 1, 1, 1, 1, 1, 1]",0,4231.033157667999
1,"[97, 96, 64]","[7, 7, 1]",1,3321.1520509500006
2,"[31, 72, 73, 83, 66, 60]","[2, 2, 3, 1, 1, 1]",2,4666.968503882999
