,customer,weight,round,length
0,"[28, 29, 20, 26, 38, 86, 52, 45, 88, 87, 40, 39]","[1, 1, 2, 1, 2, 2, 1, 1, 1, 1, 1, 1]",0,3164.7629183843
1,"[25, 61, 93, 60, 53, 75, 46, 21]","[4, 1, 1, 1, 2, 1, 1, 1]",1,5845.433090802
