,task,distance
0,[0],1591.0507885948
1,[1],2554.7127527081
