,task,distance
0,"[0, 2]",3563.721220747
1,"[1, 3]",6037.6393689019005
