,task,distance
0,[0],5340.239195762001
1,[1],3516.53233936
