,task,distance
0,[0],3708.3297700143
1,[1],1679.1458230807998
