,task,distance
0,[0],3558.6314773678
1,[1],4165.599535735
