,customer,weight,round,length
0,"[156, 152, 213, 33, 94, 184, 186, 54, 81, 82, 142, 106, 77]","[2, 1, 1, 1, 1, 1, 2, 1, 1, 1, 1, 1, 1]",0,2000033192.6427622
1,"[215, 210, 207, 198, 92, 125, 57]","[5, 1, 1, 1, 1, 1, 1]",1,2000004438.1490712
