,task,distance
0,"[0, 3, 5]",2380.1996257378
1,"[1, 2, 4]",1951.336075069
