,task,distance
0,"[0, 3, 5]",7126.436486671
1,"[1, 2, 4]",12438.7076889528
