,customer,weight,round,length
0,"[76, 58, 39]","[1, 1, 2]",0,3000000666.1535606
1,"[71, 15, 5, 18, 59, 29, 6]","[2, 1, 3, 1, 5, 1, 1]",0,2000002218.1389406
