,task,distance
0,[0],467.6017439501
1,[1],2863.3908944342
