,customer,weight,round,length
0,"[75, 96, 0, 70, 66, 84, 34, 28]","[3, 1, 1, 3, 2, 1, 1, 3]",0,4235.024900179
1,"[31, 90, 67]","[1, 1, 1]",1,3948.9876402419995
