,task,distance
0,[0],0.0
1,[1],2000004150.06662
2,[2],0.0
3,[3],0.0
4,[4],2000000321.366418
