,customer,weight,round,length
0,"[65, 82, 76, 94, 128, 120, 22, 104, 19, 29, 3]","[1, 1, 3, 1, 1, 1, 2, 1, 2, 1, 1]",0,4849.706561455
1,"[86, 87, 72, 71, 90, 113, 112, 40, 73, 74, 109, 83, 84, 100]","[1, 2, 1, 1, 1, 1, 1, 1, 1, 1, 1, 1, 1, 1]",0,6154.5000367819
2,[],[],1,0.0
3,"[91, 24, 38, 103]","[1, 1, 1, 1]",1,3827.618514113
