,task,distance
0,[0],3944.4603734748
1,[1],0.0
2,[2],3418.68111698
3,[3],2000002470.1856797
4,[4],0.0
