,task,distance
0,[0],1938.588954559
1,[1],2000001393.4489276
2,[2],2000003259.2480395
3,[3],0.0
4,[4],0.0
