,task,distance
0,[0],0.0
1,[1],0.0
2,[2],1560.8060460235004
3,[3],2903.8103952123
