,task,distance
0,[0],4788.614032472
1,[1],5604.8103388340005
2,[2],0.0
3,[3],1656.321600674
