,customer,weight,round,length
0,"[41, 42]","[1, 1]",0,543.0094545540999
1,"[25, 24, 23, 22, 38, 17, 3, 34, 33, 4, 1]","[2, 4, 1, 1, 1, 1, 1, 1, 1, 1, 1]",0,3525.51279727
2,"[27, 21, 29, 30, 26, 28, 14, 0, 8]","[2, 1, 1, 1, 3, 3, 1, 2, 1]",0,5851.151663076002
