,task,distance
0,[0],3636.26109011
1,[1],0.0
2,[2],0.0
3,[3],717.3060130268
