,task,distance
0,[0],0.0
1,[1],0.0
2,[2],12876.366776364
3,[3],0.0
4,[4],559.444364168
