,task,distance
0,[0],13984.939918224
1,[1],0.0
2,[2],14053.584390018
3,[3],0.0
4,[4],0.0
