,task,distance
0,[0],145.1423584494
1,[1],9803.27529007
2,[2],0.0
