,customer,weight,round,length
0,"[211, 212, 213, 5, 50, 159, 154, 220, 141, 35, 103, 157, 203, 142, 78]","[1, 1, 1, 1, 1, 1, 1, 1, 1, 1, 1, 1, 1, 1, 1]",0,37550.641502394006
1,[206],[1],0,413.58337207
