,task,distance
0,[0],37550.641502394006
1,[1],413.58337207
