,customer,weight,round,length
0,"[15, 37, 20, 21]","[2, 1, 1, 1]",0,1575.5661635870001
1,[],[],0,0.0
2,[],[],0,0.0
3,[],[],0,0.0
4,"[23, 59, 53, 60]","[1, 2, 1, 2]",0,1134.6851343848
