,task,distance
0,[0],0.0
1,[1],216.036773912
2,[2],0.0
3,[3],0.0
4,[4],4092.192115173
