,task,distance
0,[0],10940.157813285
1,[1],225.954571292
