,task,distance
0,[0],1335.267602607
1,[1],2573.7415840423
