,customer,weight,round,length
0,[],[],0,0.0
1,[],[],0,0.0
2,"[115, 114, 49]","[1, 2, 1]",0,867.759659719
3,"[103, 99, 29]","[1, 1, 1]",0,3581.159525164
