,customer,weight,round,length
0,[117],[5],0,388.306909936
1,[],[],0,0.0
2,[],[],0,0.0
3,"[39, 123, 23, 12, 68, 93]","[1, 1, 1, 2, 1, 1]",0,4482.149766756
