,customer,weight,round,length
0,"[9, 13, 0, 3, 8, 14, 5, 2, 19, 16, 4, 17]","[1, 1, 2, 1, 1, 1, 1, 1, 1, 1, 1, 1]",0,2358.03118959
1,[10],[1],0,1398.56019925
2,"[6, 18, 7, 15, 1, 12, 11]","[2, 1, 7, 2, 1, 1, 1]",0,2252.705770189
