,task,distance
0,[0],2358.03118959
1,[1],1398.56019925
2,[2],2252.705770189
