,task,distance
0,[0],340.269316494
1,[1],2183.310849933
2,[2],3338.815578172
3,[3],2519.1086658522
