,customer,weight,round,length
0,"[22, 13, 12, 4, 31, 21, 27]","[2, 2, 1, 1, 2, 1, 1]",0,8046.9253975639995
1,[50],[15],0,204.480113214
2,[50],[14],0,204.480113214
3,[],[],0,0.0
