,customer,weight,round,length
0,"[44, 46, 45, 43]","[1, 1, 2, 1]",0,542.836338628
1,[],[],0,0.0
2,"[10, 40, 47, 42]","[1, 2, 1, 1]",0,594.1515747048
3,[],[],0,0.0
