,customer,weight,round,length
0,[5],[10],0,181.4443701256
1,"[28, 52, 11, 17, 9, 20, 29]","[2, 2, 1, 2, 2, 3, 1]",0,7983.746118904
2,[5],[11],0,181.4443701256
3,[],[],0,0.0
