,customer,weight,round,length
0,"[91, 5, 4, 2]","[2, 1, 1, 2]",0,1383.05110329
1,[],[],0,0.0
2,"[92, 10, 55, 11, 42, 66, 31, 34, 32, 12]","[2, 1, 2, 2, 1, 1, 1, 1, 1, 1]",0,5915.835258230999
3,[],[],0,0.0
4,"[95, 93, 99, 45, 13, 102, 79, 78, 90]","[1, 1, 1, 6, 1, 1, 1, 1, 1]",0,3805.0053080219996
