,customer,weight,round,length
0,"[11, 2, 15, 16, 9, 18, 10, 8, 4, 1, 6]","[1, 1, 1, 2, 2, 1, 1, 1, 1, 1, 1]",0,1009.557608196
1,[],[],0,0.0
2,"[12, 14, 3, 17, 19, 5, 13, 7, 0]","[1, 2, 1, 2, 1, 2, 3, 2, 1]",0,2096.299468171
3,[],[],0,0.0
4,[],[],0,0.0
