,task,distance
0,[0],1009.557608196
1,[1],0.0
2,[2],2096.299468171
3,[3],0.0
4,[4],0.0
