,task,distance
0,[0],0.0
1,[1],0.0
2,[2],0.0
3,[3],3365.413798565
4,[4],4306.887839793
