,task,distance
0,"[0, 3]",4000008977.5651383
1,"[1, 2]",4000009178.7956715
