,task,distance
0,[0],2000007926.3407123
1,[1],2000000324.531256
2,[2],0.0
3,[3],0.0
4,[4],0.0
