,customer,weight,round,length
0,"[46, 91, 18, 37, 104, 103, 102, 127]","[1, 1, 2, 4, 4, 1, 1, 1]",0,5042.808409431001
1,"[21, 76, 116, 44, 35, 19, 122]","[1, 1, 1, 1, 2, 1, 1]",0,3650.9930873224002
