,task,distance
0,[0],8510.085491603999
1,[1],336.007256574
2,[2],946.444237718
3,[3],3281.4307737195
