,customer,weight,round,length
0,"[36, 48, 28, 53, 14, 50, 49, 19, 30, 41, 51, 10, 15, 20]","[1, 1, 1, 2, 1, 1, 1, 1, 1, 1, 1, 1, 1, 1]",0,645.397844966
1,"[18, 91, 37, 74, 21, 31, 90, 13, 39, 72, 85]","[1, 2, 1, 1, 2, 1, 1, 1, 2, 1, 2]",1,2774.34025988
2,"[54, 32, 73, 75, 47, 77, 52, 33, 86, 27, 38, 25]","[2, 1, 1, 2, 1, 1, 2, 1, 1, 1, 1, 1]",2,1666.220620187
3,"[92, 42, 71, 65, 26, 76, 34, 12, 43, 95, 84, 70, 69]","[1, 1, 1, 1, 1, 1, 1, 1, 2, 1, 2, 1, 1]",3,731.980960141
4,"[93, 22, 88, 16, 82, 63, 35, 83, 96, 79, 81, 29, 80, 44]","[1, 2, 1, 1, 1, 1, 1, 1, 1, 1, 1, 1, 1, 1]",4,641.00329377
5,"[57, 24, 17, 56, 64, 78, 62]","[4, 2, 1, 3, 2, 1, 2]",5,1511.867933565
6,"[46, 68, 60, 59, 67, 55, 66, 62, 23, 11, 45, 4, 58]","[1, 1, 1, 1, 2, 1, 1, 1, 1, 1, 1, 1, 2]",6,1555.8823339169999
7,"[0, 97, 1, 5, 3, 87, 7, 6, 61]","[1, 2, 2, 2, 1, 1, 1, 4, 1]",7,1783.528407357
8,"[2, 89, 87, 94, 8, 9, 40]","[1, 3, 1, 2, 1, 2, 1]",8,2320.317532827
