,customer,weight,round,length
0,"[92, 91, 150, 153, 154, 122, 79, 129, 68]","[3, 1, 1, 1, 1, 2, 1, 1, 1]",0,24750.166803673
1,[],[],0,0.0
2,"[123, 109, 115, 183, 142, 113, 139, 2, 3]","[1, 1, 2, 1, 1, 2, 1, 1, 2]",0,14488.048053465101
3,"[187, 100, 55, 46, 133, 76, 111, 164, 6, 12]","[1, 1, 2, 1, 1, 3, 2, 1, 1, 1]",0,25162.904290658
