,task,distance
0,[0],2082.51761521
1,[1],519.354345147
2,[2],1115.037757518
3,[3],458.038837309
