,task,distance
0,[0],2349.281088747
1,[1],3260.956556929
2,[2],0.0
