,task,distance
0,[0],1294.70384051
1,[1],488.4082979473
2,[2],2171.2093930653
3,[3],0.0
4,[4],2487.993791279
