,customer,weight,round,length
0,"[60, 22, 19]","[7, 1, 7]",0,1328.5978194949998
1,"[34, 37]","[2, 2]",0,541.941748736
2,[],[],0,0.0
3,"[18, 11, 51, 48, 17, 16, 59]","[7, 1, 1, 1, 1, 1, 2]",0,3040.8003835909994
