,customer,weight,round,length
0,[],[],0,0.0
1,"[47, 13, 48, 17, 59, 22]","[1, 2, 1, 1, 2, 1]",0,3679.759458894
2,[],[],0,0.0
3,"[67, 54, 64, 55, 8]","[3, 6, 2, 3, 1]",0,2877.0025936560005
