,task,distance
0,[0],0.0
1,[1],2659.087072766
2,[2],1001.989646004
3,[3],541.142494232
