,task,distance
0,[0],866.2265869467
1,[1],2437.2546168427
2,[2],0.0
3,[3],0.0
