,task,distance
0,[0],8758.604148738
1,[1],0.0
2,[2],4210.538670735
