,customer,weight,round,length
0,"[2, 34, 19, 31, 3, 10, 18, 20, 1]","[1, 1, 2, 1, 1, 3, 1, 4, 1]",0,833.312193302
1,"[27, 26, 33, 12, 6, 21, 13, 29, 5, 25, 9]","[1, 1, 2, 1, 1, 1, 1, 1, 1, 1, 1]",0,1184.858819063
2,"[7, 11, 32, 15, 36, 23, 16, 8]","[1, 1, 1, 1, 5, 3, 1, 1]",0,462.084664837
3,"[14, 24, 22, 30, 17, 4]","[1, 1, 3, 5, 1, 2]",0,836.881179052
4,"[0, 35, 28]","[1, 5, 9]",0,702.525649917
