,customer,weight,round,length
0,"[62, 10, 68, 53, 12, 76, 4, 3, 21, 65, 64, 20, 9]","[1, 1, 1, 1, 1, 1, 1, 1, 1, 1, 1, 1, 3]",0,5388.6401083892015
1,"[75, 24, 25, 78, 26, 77]","[1, 2, 3, 2, 3, 1]",0,1663.3081384698
