,customer,weight,round,length
0,"[74, 104, 68, 14, 67, 16, 15, 5, 89, 54, 76, 105, 80]","[3, 1, 1, 1, 1, 1, 1, 1, 1, 1, 1, 1, 1]",0,5366.9748839618005
1,"[91, 47, 51]","[2, 2, 1]",1,7963.271732988
