,customer,weight,round,length
0,[],[],0,0.0
1,[],[],0,0.0
2,[],[],0,0.0
3,"[34, 87, 114, 10, 89, 121, 69, 156, 125, 135, 142, 7]","[2, 1, 1, 1, 1, 2, 1, 1, 1, 1, 1, 1]",0,6490.341264943001
4,"[109, 160, 42, 92, 91, 79, 96, 107, 99, 97]","[2, 1, 1, 1, 1, 2, 1, 1, 1, 1]",0,5822.594250961999
