,customer,weight,round,length
0,[],[],0,0.0
1,"[14, 100, 77, 41, 43, 85, 71, 67]","[1, 1, 1, 1, 1, 2, 1, 1]",0,4904.1588052160005
2,[],[],0,0.0
3,[],[],0,0.0
4,"[116, 11, 147, 21, 98, 6, 25, 95, 26, 48, 133, 126, 54]","[1, 1, 1, 1, 1, 2, 2, 1, 1, 1, 1, 1, 1]",0,8896.599371208
