,task,distance
0,[0],4356.852437923
1,[1],0.0
2,[2],0.0
3,[3],4023.33106372
4,[4],8597.512421559199
