,customer,weight,round,length
0,"[26, 86, 60, 59]","[1, 1, 1, 1]",0,1023.5481085012
1,"[49, 13, 83, 23, 22]","[1, 1, 1, 1, 1]",0,922.0188039147
