,customer,weight,round,length
0,"[186, 38, 197, 136, 13, 163, 66, 141, 68]","[2, 1, 1, 1, 1, 5, 1, 2, 1]",0,16819.896610623
1,"[205, 90, 71, 193, 114, 17, 148]","[1, 3, 3, 3, 1, 1, 3]",1,11542.707929376
2,"[21, 22, 157, 115, 24, 149, 97, 95, 128]","[2, 1, 1, 2, 1, 1, 1, 1, 1]",2,2000005607.719296
