,customer,weight,round,length
0,"[182, 179, 5, 4, 83, 53, 85, 87, 163]","[1, 1, 1, 1, 1, 2, 1, 1, 6]",0,13889.508928403
1,"[168, 218, 219, 202, 223, 192, 194, 165, 214, 94, 75]","[3, 2, 1, 1, 1, 1, 1, 1, 2, 1, 1]",1,10749.653308108998
2,"[127, 101, 217, 158, 156]","[1, 1, 1, 1, 1]",2,2000001472.4939356
