,task,distance
0,[0],2630.0006750483003
1,[1],5933.8497020800005
