,task,distance
0,[0],3275.2653005200004
1,[1],7375.714665379
