,task,distance
0,[0],2663.141304027
1,[1],293.325347864
2,[2],2177.26632674
