,task,distance
0,[0],307.860414364
1,[1],1196.503862068
2,[2],88.4254973656
3,[3],0.0
4,[4],0.0
