,task,distance
0,[0],4119.138476480201
1,[1],6174.632036474999
2,[2],566.505924992
