,customer,weight,round,length
0,"[99, 100, 78, 80, 151, 83, 82, 147, 148, 60, 59, 74]","[1, 1, 1, 1, 2, 1, 1, 1, 2, 1, 2, 1]",0,2099.0412036468
1,"[76, 61, 101, 89, 128, 105, 127, 126, 102, 125, 150, 146, 58]","[1, 1, 2, 2, 1, 1, 1, 1, 1, 1, 1, 1, 1]",1,3320.8147644889996
2,[105],[1],2,1273.113524564
