,customer,weight,round,length
0,"[12, 28, 29, 40, 69, 62]","[1, 1, 1, 10, 1, 1]",0,8097.596049529
1,[22],[3],0,784.477634928
2,"[26, 25, 40, 55, 12]","[2, 2, 9, 1, 1]",0,5584.424170368
