,task,distance
0,[0],0.0
1,[1],2340.8772790505
2,[2],2474.2389891243
