,task,distance
0,[0],254.44492968
1,[1],4717.503118462
2,[2],0.0
