,task,distance
0,[0],0.0
1,[1],2000011016.1099744
2,[2],2000002692.0415149
