,customer,weight,round,length
0,"[43, 122, 102, 105, 125, 37, 54, 93, 90]","[5, 1, 1, 1, 1, 2, 2, 1, 1]",0,7959.416019766999
1,"[62, 120, 77, 74]","[1, 1, 1, 1]",1,4953.2070619940005
