,customer,weight,round,length
0,"[137, 116, 105, 31, 61, 77]","[2, 1, 1, 5, 5, 1]",0,5904.276838469
1,"[108, 139, 54, 106, 68, 69, 70]","[3, 2, 2, 1, 1, 1, 3]",1,7296.850318781999
