,customer,weight,round,length
0,"[70, 99, 94, 55, 87, 111, 122, 98, 123]","[3, 1, 1, 3, 1, 2, 1, 2, 1]",0,6132.0586068966995
1,"[78, 112, 63, 31]","[2, 4, 2, 5]",1,6557.234366568
