,customer,weight,round,length
0,[49],[4],0,672.430754074
1,"[93, 6, 0, 89, 106, 54, 3, 70, 96, 47, 48]","[1, 1, 1, 1, 3, 1, 1, 1, 1, 1, 1]",0,3363.0275343186995
2,"[8, 102, 10, 11, 9, 64, 50]","[3, 2, 2, 2, 3, 1, 2]",0,2482.8359084750005
