,customer,weight,round,length
0,"[6, 25, 26, 36, 73, 80, 92, 91, 66, 0, 106]","[1, 1, 1, 1, 1, 2, 1, 2, 1, 1, 3]",0,10466.925161668998
1,"[47, 96, 3, 8, 102, 64, 50, 93]","[1, 1, 1, 3, 2, 1, 2, 1]",0,3444.0897203920003
2,[],[],0,0.0
