,customer,weight,round,length
0,[11],[7],0,509.756234614
1,[],[],0,0.0
2,"[13, 5, 6]","[6, 1, 3]",0,1083.1130441359999
3,[28],[3],0,49.2364579338
