,task,distance
0,[0],2000000000.0
1,[1],0.0
2,[2],2000001223.9034643
3,[3],2000000360.051512
