,customer,weight,round,length
0,"[98, 118, 117, 90, 89, 108, 107, 161, 32, 162, 163, 164]","[1, 1, 1, 1, 1, 1, 1, 2, 1, 2, 1, 2]",0,2000004067.2269292
1,"[95, 96, 123, 122, 124, 120, 113, 112, 111, 157, 102, 103]","[1, 1, 1, 2, 2, 2, 1, 1, 1, 1, 1, 1]",0,2000003704.8748472
