,customer,weight,round,length
0,[],[],0,0.0
1,"[124, 62, 102, 108, 94, 51, 13, 37]","[1, 1, 1, 1, 1, 2, 3, 1]",0,29307.59667631
2,"[130, 56, 95, 84, 29, 26]","[1, 1, 2, 1, 2, 1]",0,27106.007439451
