,task,distance
0,[0],3610.83730067
1,[1],0.0
2,[2],35715.179321174
