,task,distance
0,[0],16711.101266341
1,[1],21035.525779171
2,[2],1520.294457224
