,task,distance
0,[0],1487.640744776
1,[1],629.910131958
