,customer,weight,round,length
0,[],[],0,0.0
1,[],[],0,0.0
2,[],[],0,0.0
3,"[98, 53, 51, 19, 26, 25, 59, 18, 96]","[1, 1, 3, 1, 2, 1, 1, 1, 4]",0,2797.9491573739997
4,"[80, 36, 37, 28, 83, 72, 29, 34, 81, 84]","[2, 1, 1, 1, 1, 1, 1, 1, 3, 1]",0,1685.9999297498002
