,task,distance
0,[0],0.0
1,[1],0.0
2,[2],0.0
3,[3],4509.7820934522
4,[4],1947.285937559
