,task,distance
0,[0],0.0
1,[1],0.0
2,[2],0.0
3,[3],2797.949157374
4,[4],1685.9999297498002
