,customer,weight,round,length
0,"[97, 19]","[4, 8]",0,953.31667722
1,[],[],0,0.0
2,"[59, 108, 114, 99, 130, 105, 128, 9, 75, 124]","[1, 1, 1, 1, 2, 1, 3, 1, 1, 2]",0,6114.872965405
