,task,distance
0,[0],650.358503134
1,[1],5116.9539173354
2,[2],0.0
