,customer,weight,round,length
0,"[86, 206, 114, 91, 154, 108, 98, 119, 148, 17, 47]","[2, 1, 1, 1, 1, 2, 1, 1, 3, 1, 1]",0,9691.869184279
1,"[147, 60, 178, 180, 106, 205, 40, 193, 71]","[2, 1, 1, 1, 2, 1, 1, 3, 3]",0,10682.357070828999
2,[90],[15],0,2422.95512192
3,[],[],1,0.0
4,[],[],1,0.0
5,"[102, 216]","[1, 1]",1,4275.866003963
