,task,distance
0,[0],4159.00270626
1,[1],4105.509871023
2,[2],2000011256.1539607
