,task,distance
0,"[0, 4]",4478.594910324
1,"[1, 7]",4707.4386787063995
2,"[2, 5]",2490.717466129
3,"[3, 6]",1830.745941478
