,task,distance
0,"[0, 5]",7251.392642635001
1,"[1, 4]",2892.729726199799
2,"[2, 6]",2814.235153314
3,"[3, 7]",2588.5531540170005
