,customer,weight,round,length
0,"[57, 52, 60, 10, 61, 48, 47, 46, 11, 12, 13, 9]","[2, 1, 3, 1, 1, 1, 1, 1, 1, 1, 1, 1]",0,1693.3292573874999
1,"[79, 58, 56, 33, 55, 51, 50, 49, 39, 59, 74, 80]","[2, 1, 1, 1, 1, 1, 1, 1, 2, 2, 1, 1]",0,1774.5471933047
2,"[78, 96, 86, 85, 91, 89, 90, 88, 38]","[2, 1, 2, 2, 2, 2, 1, 2, 1]",0,4210.832185224999
3,"[28, 29, 64, 66, 63, 37]","[1, 3, 4, 3, 1, 3]",1,3794.649226700001
4,"[26, 40, 24, 21, 70, 67, 71, 84, 72, 23]","[1, 6, 1, 1, 1, 1, 1, 1, 1, 1]",1,7478.080437732999
5,"[65, 31, 30, 0, 42, 2, 43, 44, 17, 18, 83, 20, 82]","[2, 1, 1, 1, 1, 1, 2, 1, 1, 1, 1, 1, 1]",1,4624.026597389201
6,[],[],2,0.0
7,[],[],2,0.0
8,"[69, 35, 87, 4]","[2, 1, 1, 1]",2,7862.8270031110005
