,task,distance
0,"[0, 4, 6]",9171.4096951205
1,"[1, 5, 8]",14261.4007938049
2,"[2, 3, 7]",8005.481411925
