,task,distance
0,[0],2722.863583445
1,[1],0.0
2,[2],3193.574551007
