,customer,weight,round,length
0,"[168, 169, 193, 200, 106, 126, 125, 105, 42, 17]","[1, 1, 1, 6, 1, 1, 1, 1, 1, 1]",0,2854.9525681209993
1,"[203, 160, 144, 201, 202, 164]","[1, 1, 1, 5, 6, 1]",0,1297.8638326425
2,"[107, 116, 104, 101, 28, 195, 185]","[1, 1, 1, 1, 1, 1, 1]",1,6185.0252255450005
3,[],[],1,0.0
