,task,distance
0,[0],4896.8140127140005
1,[1],1296.072060892
