,customer,weight,round,length
0,"[11, 4, 12, 102, 103, 74, 40, 100, 110, 101, 86, 92, 67, 112]","[1, 1, 1, 1, 2, 1, 1, 1, 1, 1, 1, 1, 1, 1]",0,4258.0826925369
1,"[18, 47, 6, 106, 77, 115, 75, 50, 109, 35, 55]","[1, 1, 2, 1, 1, 1, 2, 1, 1, 2, 2]",0,3882.8662081320003
2,"[91, 90, 94, 93, 29]","[1, 1, 1, 1, 2]",1,2846.4046998771996
3,[],[],1,0.0
