,task,distance
0,"[0, 2]",5542.317861257001
1,"[1, 3]",4393.8469280675
