,customer,weight,round,length
0,"[18, 4, 7, 22, 13, 2]","[1, 8, 1, 1, 3, 1]",0,5939.126179201
1,"[10, 9]","[3, 2]",0,647.4624506160001
