,task,distance
0,[0],3984.042537388
1,[1],1255.08588108
2,[2],0.0
