,customer,weight,round,length
0,"[169, 85, 101, 28, 145, 143, 123, 91, 17, 156]","[1, 1, 2, 1, 1, 1, 1, 1, 1, 1]",0,5398.953596392999
1,"[112, 16, 133, 67, 23, 64, 118]","[1, 1, 1, 1, 2, 1, 1]",0,4847.627382643501
2,[33],[1],0,368.511761656
