,task,distance
0,[0],841.7386561467
1,[1],5646.268533496001
2,[2],5161.570646465
