,task,distance
0,[0],1308.098160304
1,[1],0.0
2,[2],0.0
3,[3],5260.9617323296
4,[4],0.0
