,task,distance
0,[0],215.205327462
1,[1],2351.481826016
