,customer,weight,round,length
0,"[103, 100, 157, 74, 1, 155, 56, 39]","[1, 3, 1, 1, 4, 2, 2, 1]",0,3286.228583208
1,"[125, 163, 94, 69, 117, 141, 126, 33]","[1, 1, 1, 1, 1, 1, 1, 8]",0,3109.038508976
2,"[11, 136, 108, 109, 160, 138, 190, 172, 31, 17]","[1, 2, 2, 1, 2, 2, 1, 2, 1, 1]",1,6081.163920747
3,"[143, 65, 7, 6, 97, 98, 0, 99, 44, 47, 195, 48]","[1, 3, 1, 1, 1, 1, 1, 1, 1, 2, 1, 1]",1,4148.561603386
4,"[113, 175, 132, 159]","[4, 1, 2, 2]",2,5962.319604689001
5,[],[],2,0.0
