,task,distance
0,"[0, 2, 5]",9976.976578177
1,"[1, 3, 4]",9570.3056519354
