,customer,weight,round,length
0,[],[],0,0.0
1,"[65, 64, 31, 30, 42, 43, 87, 83, 85]","[2, 4, 1, 1, 1, 2, 1, 1, 2]",0,6554.564952698
2,"[51, 33, 58, 84, 21, 24, 52, 9, 13, 11, 61, 47, 48]","[1, 1, 1, 1, 1, 1, 1, 1, 1, 1, 1, 1, 1]",0,5556.3778918126
