,task,distance
0,[0],1662.3177648919
1,[1],954.9408269882
2,[2],3716.2788547618993
