,customer,weight,round,length
0,"[79, 176, 66, 78, 134, 4, 164, 175]","[3, 1, 2, 1, 4, 1, 2, 1]",0,2037.7990963907
1,"[76, 3, 166, 151, 162, 165, 172, 129, 110]","[1, 1, 1, 1, 3, 4, 1, 2, 1]",1,3034.5417194789998
2,"[129, 83, 114, 109, 71, 75, 63, 11, 60, 12]","[1, 4, 1, 1, 2, 2, 1, 1, 1, 1]",2,3500.0856496807
3,"[35, 113, 25, 108, 107, 30, 74, 158, 9, 100, 60]","[3, 1, 1, 1, 1, 1, 2, 1, 2, 1, 1]",3,4228.795389702
4,"[8, 64, 53, 54, 103, 102, 116, 58, 26, 106, 112, 36]","[1, 2, 2, 1, 1, 2, 1, 1, 1, 1, 1, 1]",4,5960.415744583001
5,"[65, 13, 48, 174, 126, 89, 98, 34]","[2, 3, 2, 1, 2, 1, 1, 3]",5,6083.446361875
6,"[140, 123, 118, 41, 43, 42, 94, 22, 23, 146, 96, 45]","[1, 1, 2, 1, 1, 1, 2, 1, 1, 1, 1, 2]",6,5770.5435537210005
7,[118],[2],7,3694.54763386
