,customer,weight,round,length
0,"[55, 66, 32, 61, 67, 33, 27, 1]","[4, 1, 1, 2, 1, 3, 2, 1]",0,1624.358341635
1,"[31, 63, 46, 58, 60, 0, 64, 62, 54]","[1, 1, 1, 1, 3, 1, 1, 4, 2]",1,1176.1119775739999
2,"[4, 34, 23, 54, 28, 49, 24, 5, 45, 30]","[1, 4, 1, 1, 2, 1, 1, 1, 1, 2]",2,1002.483530431
3,"[48, 43, 13, 11, 23, 44, 39, 59, 3, 29, 9]","[1, 1, 3, 1, 1, 1, 1, 1, 2, 2, 1]",3,1678.227013246
4,"[25, 42, 14, 41, 40, 2, 10, 21, 47, 22, 20, 50]","[2, 1, 1, 1, 2, 1, 1, 1, 1, 1, 2, 1]",4,1170.114931496
5,"[53, 19, 12, 26, 38, 65, 6, 35]","[2, 2, 3, 2, 1, 1, 3, 1]",5,1539.7246406660001
6,"[52, 36, 17, 51, 15, 7, 18, 37, 56, 16, 57, 8]","[1, 2, 1, 2, 1, 1, 2, 1, 1, 1, 1, 1]",6,1737.235124255
7,[51],[2],7,779.334738494
