,task,distance
0,[0],1075.5595293207
1,[1],4261.506779714
