,customer,weight,round,length
0,"[62, 17, 14, 18, 16, 52, 53, 152, 143]","[5, 1, 1, 1, 1, 1, 1, 3, 1]",0,2495.9005390587004
1,"[42, 120, 92, 91, 88, 87, 86, 151, 85, 93, 15]","[1, 2, 1, 1, 1, 1, 1, 1, 1, 3, 2]",1,4039.4568840521
2,"[19, 20, 89, 102, 144, 83, 43, 103, 7]","[1, 2, 1, 1, 1, 1, 3, 2, 3]",2,5057.5565879758
3,"[117, 4]","[1, 1]",3,2210.8103288545
