,task,distance
0,[0],1087.01951033
1,[1],2942.1477244272
2,[2],2390.1676016596
