,customer,weight,round,length
0,"[40, 90, 84, 81, 101, 82, 11, 10, 71, 17, 9, 70, 99, 100, 69]","[1, 1, 1, 1, 1, 1, 1, 1, 1, 1, 1, 1, 1, 1, 1]",0,4591.833016139
1,"[26, 7, 92, 91, 147, 64]","[1, 1, 3, 1, 1, 1]",0,1338.4591515291002
2,"[66, 112, 67, 138, 139, 113, 114, 111, 51, 30, 27]","[1, 1, 1, 2, 1, 1, 1, 1, 1, 1, 1]",0,1974.2303373126997
3,[],[],0,0.0
