,task,distance
0,[0],893.9500489571001
1,[1],1842.499213283
2,[2],2103.1084804515003
3,[3],0.0
