,customer,weight,round,length
0,"[110, 115, 112, 81, 13, 119]","[8, 1, 1, 2, 2, 1]",0,2221.115234361
1,"[27, 120, 121, 122, 18, 177, 152, 31, 37, 41, 154]","[2, 1, 1, 1, 1, 1, 1, 1, 1, 1, 1]",1,7043.197564656999
