,customer,weight,round,length
0,"[24, 95, 122, 44, 179, 181, 180, 199, 76, 54, 234]","[1, 1, 1, 2, 1, 1, 2, 2, 1, 2, 1]",0,4775.496664273
1,"[237, 88, 63, 60]","[2, 1, 1, 2]",1,3284.338997463
