,customer,weight,round,length
0,"[227, 155, 151, 14, 144, 173, 38, 5, 169, 21, 93, 20]","[1, 1, 2, 1, 1, 3, 1, 1, 1, 1, 1, 1]",0,15416.646484592999
1,"[127, 26, 177]","[1, 1, 2]",1,10979.234225153
