,customer,weight,round,length
0,"[18, 70, 44, 177, 176, 115, 92, 65, 90, 9, 83]","[1, 1, 1, 1, 1, 2, 1, 1, 1, 1, 1]",0,16274.893909003998
1,"[172, 125, 86, 124, 143, 147, 145, 119, 22, 120]","[1, 1, 1, 1, 2, 1, 1, 1, 1, 4]",0,2758.82621924
2,"[19, 41, 103, 123, 63, 80, 62, 75, 55, 54, 166]","[1, 1, 1, 1, 1, 2, 2, 1, 1, 1, 1]",0,4526.208239368001
