,task,distance
0,"[0, 3]",14010.49440496
1,"[1, 4]",19956.662446030998
2,"[2, 5]",13509.752980041
