,task,distance
0,[0],11465.50953808
1,[1],0.0
2,[2],14599.38623314
3,[3],24649.9510656
