,task,distance
0,[0],0.0
1,[1],5123.295498539001
2,[2],89.108757036
3,[3],0.0
4,[4],89.108757036
