,customer,weight,round,length
0,"[158, 152, 132, 186, 114, 118, 122, 198, 148, 146, 201]","[1, 1, 4, 1, 1, 1, 2, 1, 1, 1, 1]",0,2000034734.6989017
1,"[186, 20, 2, 92]","[1, 1, 1, 1]",1,2000006805.5542905
