,customer,weight,round,length
0,"[108, 106, 122, 142, 207, 14, 188, 50, 190, 210, 16, 215, 99]","[1, 1, 2, 1, 1, 1, 1, 1, 1, 1, 2, 1, 1]",0,6072.712895052001
1,"[9, 215, 116, 77, 76, 114, 81, 82, 118, 161, 20]","[1, 4, 1, 1, 1, 1, 1, 1, 1, 2, 1]",1,9959.259565326
2,"[92, 2, 57, 147, 148]","[1, 1, 1, 1, 1]",2,6584.832389383001
