,customer,weight,round,length
0,"[147, 125, 202, 9, 142, 161, 116, 165, 120, 184, 156, 159, 149]","[1, 1, 1, 1, 1, 2, 1, 1, 1, 1, 2, 1, 1]",0,2000036142.4669437
1,"[85, 103]","[1, 1]",1,2000004455.2096236
