,task,distance
0,"[0, 7]",4740.6541028438005
1,"[1, 5]",4045.6958145599992
2,"[2, 9]",2160.282629692
3,"[3, 8]",2772.878552027
4,"[4, 6]",2971.4953397336
