,task,distance
0,[0],0.0
1,[1],0.0
2,[2],1489.628719086
3,[3],148.6754665454
