,task,distance
0,[0],2141.5652340627
1,[1],0.0
2,[2],101.211768127
3,[3],0.0
