,task,distance
0,"[0, 6]",6966.111141112
1,"[1, 8]",4247.044752002
2,"[2, 7]",13407.328517716998
3,"[3, 5]",8160.101463065
4,"[4, 9]",4134.3895274797
