,customer,weight,round,length
0,"[36, 112, 114, 76, 17, 86, 22, 23, 158, 60, 55]","[1, 1, 1, 1, 2, 1, 3, 1, 2, 1, 1]",0,7073.4322307620005
1,[69],[5],0,253.760693232
2,"[33, 3, 132, 105, 81, 146, 25, 144, 134, 120]","[1, 1, 3, 1, 1, 3, 2, 1, 1, 1]",0,7274.0532744827
3,[],[],0,0.0
4,[],[],0,0.0
