,customer,weight,round,length
0,"[43, 45, 41, 17, 4, 62, 75, 49, 91, 15]","[2, 1, 1, 2, 1, 1, 2, 2, 2, 1]",0,2206.8233899939996
1,"[65, 80, 81, 82, 54, 22, 42]","[1, 1, 1, 2, 1, 2, 2]",0,1353.0427300882998
2,[],[],0,0.0
