,task,distance
0,[0],15878.1108101663
1,[1],0.0
2,[2],408.5579088944
3,[3],42.383327144
