,customer,weight,round,length
0,[],[],0,0.0
1,[],[],0,0.0
2,"[77, 49, 48, 10, 2, 88, 70, 22, 75, 24, 94, 36, 34]","[1, 1, 1, 1, 1, 1, 1, 2, 1, 2, 1, 1, 1]",0,5087.4622097244
3,"[32, 74, 15, 57, 13, 8, 41, 68, 69, 54, 29]","[1, 1, 5, 1, 1, 1, 1, 1, 1, 1, 1]",0,3781.8123076260003
4,"[44, 33]","[14, 1]",0,628.7585507189999
