,customer,weight,round,length
0,[43],[1],0,362.4780803
1,[34],[2],0,414.032903532
2,[27],[1],0,615.051051254
