,customer,weight,round,length
0,"[103, 50]","[3, 1]",0,2000001119.0893915
1,[],[],0,0.0
2,[],[],0,0.0
3,"[25, 34, 68, 134, 45, 28, 32, 30, 61, 145, 94, 82, 110]","[1, 1, 1, 1, 1, 1, 2, 2, 1, 1, 1, 1, 1]",0,2000006139.483771
