,customer,weight,round,length
0,"[38, 47, 141]","[1, 3, 1]",0,2724.765789295
1,[],[],0,0.0
2,[],[],0,0.0
3,"[3, 137, 37, 74, 71, 35, 17, 105, 31, 12, 115, 100]","[1, 3, 1, 1, 1, 2, 1, 1, 1, 1, 1, 1]",0,6502.9371447798
