,customer,weight,round,length
0,"[52, 9, 10, 29, 43, 132, 131, 24]","[1, 1, 1, 1, 1, 1, 1, 4]",0,2000002588.1294777
1,[],[],0,0.0
2,"[81, 13, 20, 23, 143, 146, 48, 57]","[1, 1, 1, 1, 2, 2, 1, 1]",0,2000003296.898034
3,[],[],0,0.0
