,customer,weight,round,length
0,"[53, 70, 8, 16, 90, 69, 73]","[1, 1, 2, 1, 1, 1, 2]",0,3864.988217922
1,[],[],0,0.0
2,[],[],0,0.0
3,"[128, 109, 122, 142, 138, 40, 117, 41]","[1, 1, 3, 1, 2, 1, 1, 1]",0,5743.011906372
