,customer,weight,round,length
0,"[42, 41, 75]","[5, 2, 3]",0,736.0857476377
1,[],[],0,0.0
2,"[47, 55, 85, 10, 9, 32]","[1, 1, 1, 1, 1, 4]",0,2703.5556280159994
