,customer,weight,round,length
0,[],[],0,0.0
1,"[34, 82]","[6, 2]",0,793.073073376
2,"[38, 13, 26, 30, 27, 36, 37]","[1, 1, 2, 1, 1, 1, 1]",0,3384.9595066319
