,task,distance
0,[0],0.0
1,[1],793.073073376
2,[2],3384.9595066319
