,task,distance
0,[0],736.0857476377
1,[1],0.0
2,[2],2703.5556280159994
