,customer,weight,round,length
0,"[136, 41, 29, 30, 57, 20, 19, 88, 84, 37, 130, 3, 2, 127, 65]","[1, 1, 1, 1, 1, 1, 1, 1, 1, 1, 1, 1, 1, 1, 1]",0,8049.7992203136
1,"[105, 13, 14, 8]","[1, 1, 3, 1]",0,2237.201982465
