,customer,weight,round,length
0,"[78, 88, 89, 133, 14, 20, 57, 19, 86]","[1, 1, 1, 1, 3, 1, 1, 1, 1]",0,3588.7832646002
1,"[12, 67, 29, 47, 125, 127, 65, 126, 85, 64, 90]","[1, 4, 1, 2, 1, 1, 1, 1, 1, 1, 1]",0,3983.9291433736003
