,task,distance
0,[0],8049.7992203136
1,[1],2237.201982465
