,customer,weight,round,length
0,"[117, 118, 98, 97, 3, 2, 181, 17, 144, 192, 59, 176]","[1, 1, 1, 2, 2, 1, 1, 1, 1, 1, 2, 1]",0,2816.7426855820004
1,"[65, 0, 1, 139, 138, 142, 175, 123, 125, 192, 119, 67]","[3, 1, 1, 1, 1, 1, 2, 1, 1, 1, 1, 1]",1,4042.213931219
2,"[19, 113, 146, 141, 182, 191, 109, 58]","[1, 2, 2, 1, 2, 3, 1, 3]",2,3435.8132704689997
3,"[110, 108, 124, 145, 183, 115, 114, 18, 120, 105, 68]","[1, 1, 1, 2, 1, 2, 1, 3, 1, 1, 1]",3,5493.951026897001
4,"[52, 14, 129, 171, 38, 131, 12, 78, 16, 91, 186]","[2, 2, 1, 1, 1, 2, 1, 1, 2, 1, 1]",4,24029.615225978996
5,"[90, 185]","[2, 2]",5,11623.4386080466
