,customer,weight,round,length
0,"[107, 134, 37, 160, 71, 157, 11, 131, 10, 38]","[2, 3, 1, 1, 2, 1, 1, 2, 1, 1]",0,18826.285106566
1,"[50, 51, 151, 72, 121, 61, 189, 54, 101]","[2, 2, 2, 1, 2, 1, 2, 1, 2]",1,16091.712265989001
2,"[67, 119, 118, 103, 80, 87, 155, 149, 147, 84, 49, 105]","[1, 1, 1, 1, 1, 2, 1, 1, 1, 1, 3, 1]",2,16292.728334796599
3,"[98, 1, 0, 138, 181, 146, 175, 192, 125, 59, 176]","[1, 1, 1, 1, 1, 2, 2, 2, 1, 2, 1]",3,3818.0962668177003
4,"[16, 13, 18, 145, 182, 191, 108, 110]","[1, 2, 3, 2, 2, 3, 1, 1]",4,14646.425092944
5,"[187, 92, 91, 89, 14]","[1, 3, 1, 1, 2]",5,15631.5690009838
