,customer,weight,round,length
0,"[34, 40, 17, 32]","[2, 1, 11, 1]",0,5203.92794889
1,"[2, 74, 66, 64, 45, 44, 47, 63, 42]","[1, 1, 2, 1, 2, 1, 3, 3, 1]",1,5848.761840808999
2,"[50, 1, 71, 73, 11, 48]","[2, 1, 1, 1, 1, 9]",2,3952.3155146279005
3,"[25, 29, 53, 8, 75]","[1, 1, 1, 1, 11]",3,6090.315705907
4,"[75, 28, 23, 60, 68, 5, 15, 21, 20, 57, 9, 59]","[1, 1, 1, 2, 1, 1, 2, 1, 1, 1, 1, 2]",4,8550.041228878
5,"[19, 37]","[1, 1]",5,3171.750638846
