,customer,weight,round,length
0,[8],[15],0,627.133074118
1,[],[],0,0.0
2,"[86, 125, 126, 124, 141, 169, 168, 116, 140, 118, 149, 22]","[1, 1, 1, 1, 1, 1, 2, 1, 1, 1, 2, 1]",0,8416.1570767496
