,customer,weight,round,length
0,[],[],0,0.0
1,"[112, 90, 75, 80, 58, 41, 122, 140, 119, 149, 124, 165]","[1, 1, 1, 2, 1, 1, 1, 1, 1, 2, 1, 1]",0,16129.436149522702
2,[92],[1],0,1616.323502986
