,task,distance
0,[0],627.133074118
1,[1],0.0
2,[2],8416.1570767496
