,task,distance
0,[0],0.0
1,[1],16129.436149522702
2,[2],1616.323502986
