,customer,weight,round,length
0,[23],[14],0,2928.61629458
1,[0],[13],0,30.4994597002
2,"[0, 19, 20, 18, 25, 16, 54, 21]","[6, 1, 1, 1, 1, 1, 2, 1]",0,5508.1788445211
3,"[23, 0]","[9, 6]",0,2959.1157542801
