,task,distance
0,[0],17161.701916537997
1,[1],5183.771678036699
2,[2],4835.426913788
