,task,distance
0,[0],1740.2332660058
1,[1],0.0
2,[2],189.2409702
3,[3],0.0
4,[4],0.0
