,CID,TTDDemd
0,9077,0.646320998669
1,12288,1.02295005322
2,15865,0.340983986855
3,15866,0.684750974178
4,15867,0.684750974178
5,29553,0.00705874990672
6,37461,0.260210990906
7,44458,0.342375993729
8,44459,0.941533029079
9,48182,0.170491993427
10,58708,0.710856020451
11,58709,1.37343001366
