,task,distance
0,[0],2730.4517012839
1,[1],4960.456514751999
2,[2],3804.124225334
3,[3],1995.831620062
