,task,distance
0,[0],2728.730137945
1,[1],2354.0136797169
2,[2],1485.1235769729
3,[3],1741.044926044
