,customer,weight,round,length
0,"[3, 4]","[8, 7]",0,1278.78566065
1,"[0, 1, 2, 3]","[1, 11, 1, 2]",0,5898.8230362005
2,"[3, 0]","[2, 13]",0,435.41898394550003
3,[],[],1,0.0
4,[],[],1,0.0
5,[4],[6],1,956.010512394
