,customer,weight,round,length
0,"[80, 24, 155, 32, 33, 210, 93, 127]","[2, 1, 1, 1, 1, 1, 2, 2]",0,2052.7233588950003
1,"[269, 88, 86, 89, 270, 90, 91]","[1, 1, 1, 1, 1, 1, 1]",0,1742.102650337
