,customer,weight,round,length
0,"[44, 192, 115, 201, 133, 27, 49, 159, 77, 204, 19]","[1, 2, 1, 1, 1, 1, 2, 1, 2, 1, 1]",0,22409.441696359
1,"[67, 152, 210, 93, 86, 181, 83, 41, 59, 142, 226, 6]","[1, 1, 1, 2, 1, 3, 1, 1, 1, 1, 1, 1]",0,2000021150.4220138
