,task,distance
0,[0],2000003550.8355925
1,[1],3277.617335472
