,task,distance
0,[0],3499.699186142
1,[1],33116.151857642
