,customer,weight,round,length
0,[],[],0,0.0
1,"[66, 69, 67]","[1, 1, 1]",0,483.24197246759996
2,"[6, 7, 45, 55, 77, 65, 111, 79]","[1, 1, 2, 1, 2, 1, 1, 1]",0,3619.153019799
