,customer,weight,round,length
0,[],[],0,0.0
1,[9],[13],0,315.295058014
2,"[119, 99, 84, 65, 72, 25, 108, 110, 76, 126]","[1, 1, 1, 1, 1, 1, 1, 1, 1, 1]",0,15152.2561994965
