,task,distance
0,[0],0.0
1,[1],483.2419724676
2,[2],3619.153019799
