,task,distance
0,[0],0.0
1,[1],10206.853980942002
2,[2],470.640527716
