,task,distance
0,[0],14381.02003255
1,[1],0.0
2,[2],315.295058014
