,customer,weight,round,length
0,"[110, 111, 59, 58, 8, 78, 90, 36, 87, 28, 30, 40, 65, 68]","[1, 1, 1, 1, 1, 1, 2, 1, 1, 1, 1, 1, 1, 1]",0,2771.4878404718997
1,"[57, 56, 83, 12, 62, 3, 1, 121, 19, 20, 54, 55]","[2, 1, 1, 1, 1, 1, 1, 1, 1, 1, 1, 1]",1,4687.7779497174
