,customer,weight,round,length
0,[8],[12],0,158.978472868
1,"[8, 35, 10, 36, 29, 34, 54, 25]","[1, 3, 3, 1, 1, 2, 1, 1]",0,6664.362472760001
