,task,distance
0,[0],4341.58815754
1,[1],1739.245247274
2,[2],8548.003489808
3,[3],0.0
4,[4],0.0
