,customer,weight,round,length
0,[],[],0,0.0
1,"[63, 151, 55, 144, 145, 105, 125, 27, 100]","[1, 2, 1, 1, 1, 3, 1, 3, 2]",0,4686.184720612399
2,[],[],0,0.0
3,"[64, 47, 132, 133, 20, 154, 124, 29, 157, 69]","[1, 1, 1, 1, 1, 1, 2, 1, 1, 2]",0,5189.4899118702
4,"[19, 13, 10, 120, 169, 119, 118, 33, 109, 42, 107]","[1, 2, 2, 1, 1, 2, 1, 1, 1, 2, 1]",0,6089.2132554810005
