,customer,weight,round,length
0,[63],[1],0,81.4691028748
1,"[19, 108, 107, 156, 158, 18, 16, 155, 20, 95, 21, 133, 132]","[1, 1, 1, 1, 1, 1, 1, 3, 1, 1, 1, 1, 1]",0,5241.3792991534
2,"[23, 24, 37, 67, 96, 45, 60, 130]","[2, 1, 4, 1, 1, 4, 1, 1]",0,1822.2250800773998
3,[],[],0,0.0
4,"[69, 34, 136, 137, 66, 65, 47, 64]","[2, 1, 1, 5, 3, 1, 1, 1]",0,979.7095893533
