,customer,weight,round,length
0,"[5, 122, 9, 8, 3, 1, 46, 134, 112, 99]","[2, 2, 1, 1, 1, 2, 1, 2, 1, 2]",0,5017.253546233999
1,"[110, 23, 37, 136, 137, 60]","[1, 2, 4, 1, 5, 1]",0,3824.3227909489997
2,"[93, 128, 158, 17, 16, 21, 96, 45]","[1, 2, 1, 1, 1, 1, 1, 4]",0,4047.3719116769994
3,"[142, 143, 141, 41, 85, 126, 81]","[1, 1, 1, 2, 1, 3, 1]",0,2821.5141178202
4,[],[],0,0.0
