,customer,weight,round,length
0,[],[],0,0.0
1,"[1, 46, 32, 33, 134, 118, 119, 169]","[2, 1, 1, 1, 2, 1, 2, 1]",0,1997.3750840349996
2,"[42, 40, 41, 28, 5, 4, 3]","[2, 3, 2, 1, 2, 1, 1]",0,3145.4833148349994
3,"[8, 9, 10, 122, 121, 120, 7]","[1, 1, 2, 2, 4, 1, 2]",0,2403.780469518
4,"[126, 26, 99, 25, 106, 109, 112, 15]","[3, 3, 2, 2, 1, 1, 1, 2]",0,2709.4235498312
