,task,distance
0,[0],0.0
1,[1],4166.438273268
2,[2],2670.3881647267
3,[3],0.0
4,[4],2950.4579811412004
