,customer,weight,round,length
0,[6],[1],0,206.721971406
1,"[0, 44, 8, 9, 1]","[1, 1, 1, 1, 1]",0,839.3803185922999
