,task,distance
0,[0],206.721971406
1,[1],839.3803185922999
