,task,distance
0,"[0, 2, 4, 7]",15490.8828176842
1,"[1, 3, 5, 6]",16447.1079844262
