,customer,weight,round,length
0,"[73, 86, 37, 23, 120, 63, 62, 61, 60, 158, 71, 102]","[2, 2, 1, 1, 1, 1, 1, 1, 1, 1, 1, 2]",0,2874.684204636
1,"[87, 80, 92, 81, 46, 74, 47, 175, 90, 117]","[1, 4, 1, 1, 1, 1, 1, 2, 1, 2]",0,2616.0293740060997
2,"[116, 78, 29, 77, 52, 55, 154, 16, 101, 84, 82]","[2, 1, 1, 1, 1, 2, 1, 2, 2, 1, 1]",0,2505.1095189429
3,"[179, 98, 43, 44, 35, 21, 48, 49, 50, 136, 38, 11, 14]","[2, 1, 2, 1, 1, 1, 1, 1, 1, 1, 1, 1, 1]",1,5467.782331743999
4,"[122, 67, 114, 103, 66, 121, 96, 180, 28, 182, 125, 65, 178]","[1, 1, 1, 1, 1, 1, 1, 2, 2, 1, 1, 1, 1]",1,5239.429397661999
5,"[163, 164, 68, 113, 124, 112, 156, 95, 41, 145, 54, 152, 99, 184, 183]","[1, 1, 1, 1, 1, 1, 1, 1, 1, 1, 1, 1, 1, 1, 1]",1,5451.5029230420005
6,"[126, 137, 115, 138]","[2, 1, 1, 1]",2,4153.408237924999
7,[],[],2,0.0
8,[],[],2,0.0
