,task,distance
0,"[0, 4, 7]",8114.113602297999
1,"[1, 5, 8]",8067.532297048101
2,"[2, 3, 6]",12126.300088611899
