,customer,weight,round,length
0,"[116, 174, 110, 27, 26, 133, 134, 180, 176, 21, 156, 19, 175]","[1, 1, 1, 1, 1, 1, 1, 1, 1, 3, 1, 1, 1]",0,3711.5729175953
1,"[204, 205, 201, 13, 25, 16, 56, 57, 60, 128, 129, 158, 181]","[1, 1, 2, 1, 1, 1, 1, 1, 1, 1, 1, 2, 1]",0,3679.0439429052003
2,"[194, 69, 0, 188, 65, 66, 67, 45, 46, 31, 121, 120, 119]","[2, 1, 1, 1, 1, 2, 1, 1, 1, 1, 1, 1, 1]",1,4801.601746827
3,"[213, 214, 215, 209, 54, 52, 93, 152, 83, 222, 68, 138, 223, 71, 42]","[1, 1, 1, 1, 1, 1, 1, 1, 1, 1, 1, 1, 1, 1, 1]",1,7079.279010032001
