,customer,weight,round,length
0,"[98, 168, 97, 192, 193, 148, 76, 149]","[1, 1, 1, 1, 2, 7, 1, 1]",0,5067.815300608
1,"[35, 88, 86, 87, 104, 230, 228, 106, 105]","[1, 1, 1, 1, 4, 1, 1, 2, 3]",0,5135.984091449999
2,"[226, 145, 160, 163, 162, 150, 147, 82, 172, 80, 78, 77]","[2, 1, 1, 1, 1, 1, 1, 3, 1, 1, 1, 1]",1,7919.559549513999
3,"[107, 22, 63, 62, 183, 132, 144, 220]","[1, 2, 1, 2, 2, 1, 4, 2]",1,9233.190870897
4,"[5, 8, 10, 11, 94, 6, 12, 211, 9, 7, 199]","[1, 2, 1, 1, 1, 2, 1, 1, 1, 3, 1]",2,16041.2328165669
5,"[72, 29, 186, 64, 185, 184, 157]","[2, 1, 1, 1, 1, 2, 1]",2,8383.469282111
