,task,distance
0,[0],1775.1765417330002
1,[1],0.0
2,[2],2698.6716343486
3,[3],0.0
