,task,distance
0,[0],0.0
1,[1],4382.684275507099
2,[2],14046.657337032002
3,[3],0.0
