,task,distance
0,"[0, 2]",7864.226949824799
1,"[1, 3]",2614.798492883
