,task,distance
0,[0],6970.439200275
1,[1],0.0
2,[2],395.864047118
3,[3],7762.244883136
