,customer,weight,round,length
0,[63],[1],0,81.4691028748
1,"[23, 24, 37, 67, 96, 45, 60, 130]","[2, 1, 4, 1, 1, 4, 1, 1]",0,1822.2250800773998
2,"[132, 133, 21, 95, 20, 155, 16, 18, 158, 156, 107, 108, 19]","[1, 1, 1, 1, 1, 3, 1, 1, 1, 1, 1, 1, 1]",0,5241.3792991534
3,"[69, 34, 136, 137, 66, 65, 47, 64]","[2, 1, 1, 5, 3, 1, 1, 1]",0,979.7095893533
