,task,distance
0,[0],5577.773809088
1,[1],1355.662323226
2,[2],3377.581031001
3,[3],4308.0784171800005
