,task,distance
0,[0],1997.375084035
1,[1],3145.4833148349994
2,[2],2709.4235498312
3,[3],2403.780469518
