,task,distance
0,[0],4047.371911677
1,[1],5017.253546234
2,[2],3824.322790949
3,[3],2821.5141178202
