,task,distance
0,[0],0.0
1,[1],2482.1664184314
2,[2],1161.9477275611998
3,[3],2577.6861632756
