,task,distance
0,[0],3762.4550708608
1,[1],1805.459957549
2,[2],2209.3981277115004
