,task,distance
0,[0],320.457493508
1,[1],6895.919781469
2,[2],320.457493508
3,[3],0.0
