,customer,weight,round,length
0,"[35, 99, 150, 42, 155, 30, 28, 71, 97, 98, 16]","[1, 1, 1, 3, 1, 1, 1, 1, 1, 2, 2]",0,4885.979452890699
1,[35],[15],0,33.8146687494
2,"[35, 92]","[1, 14]",1,228.824482946
3,"[43, 15, 49, 92]","[1, 1, 2, 11]",1,3172.0592182733003
4,[161],[5],2,2139.53146468
5,"[12, 87, 85, 54, 7, 166, 82, 112, 78, 80, 129]","[1, 1, 1, 1, 1, 1, 1, 2, 1, 1, 2]",2,6845.764330809001
