,task,distance
0,[0],2994.04994866
1,[1],4519.658059766
2,[2],0.0
3,[3],2418.4866701948
