,task,distance
0,"[0, 3]",13929.6174593016
1,"[1, 2]",9435.911203785
