,customer,weight,round,length
0,"[63, 46, 133, 27, 25, 47, 44]","[1, 1, 2, 3, 3, 2, 1]",0,2938.033892725
1,"[51, 94, 93, 92, 66, 64, 88, 89, 34, 141]","[2, 1, 1, 1, 2, 1, 1, 2, 2, 1]",0,4633.648257745
2,[130],[8],0,281.4071299
3,[],[],0,0.0
4,[],[],0,0.0
