,customer,weight,round,length
0,"[80, 115, 68, 75, 112, 72]","[2, 1, 3, 2, 2, 2]",0,2014.4646842060001
1,"[74, 20, 79, 22, 116, 26, 37]","[1, 1, 2, 1, 3, 1, 1]",0,1971.6672464439998
2,"[40, 7, 12, 24, 136]","[2, 1, 10, 1, 1]",0,1750.3710474220002
3,[],[],0,0.0
4,[],[],0,0.0
