,customer,weight,round,length
0,[],[],0,0.0
1,"[116, 25, 46, 130]","[3, 3, 1, 8]",0,2470.156379967
2,"[68, 112, 24, 7]","[3, 2, 1, 1]",0,2193.274166532
3,"[51, 64, 34, 35, 61, 98, 138, 119, 14, 133]","[2, 1, 2, 2, 1, 1, 1, 1, 1, 2]",0,6481.728892739001
4,[],[],0,0.0
