,task,distance
0,[0],0.0
1,[1],1312.473518267
2,[2],322.56765989
3,[3],0.0
4,[4],3877.188613164
