,task,distance
0,[0],2014.464684206
1,[1],1971.667246444
2,[2],1750.3710474220002
3,[3],0.0
4,[4],0.0
