,customer,weight,round,length
0,"[59, 9, 57, 19, 37, 20, 21, 15, 5, 68, 60, 23]","[2, 1, 1, 1, 1, 1, 1, 2, 1, 1, 2, 1]",0,3357.6865854413
1,"[29, 25, 28, 11, 75, 8, 53]","[1, 1, 1, 1, 9, 1, 1]",0,7075.657081642
