,customer,weight,round,length
0,"[56, 8, 78, 68, 90, 36, 87, 28, 30, 40, 65, 111, 110, 59]","[1, 1, 1, 1, 2, 1, 1, 1, 1, 1, 1, 1, 1, 1]",0,3635.3429446139
1,"[14, 19, 20, 54, 55, 58, 57, 83, 24, 42, 12]","[2, 1, 1, 1, 1, 1, 2, 1, 2, 2, 1]",1,3054.7381412277
2,"[61, 62, 3, 86, 77, 105, 114, 115, 116, 117, 16, 15]","[1, 1, 1, 1, 1, 2, 1, 2, 1, 1, 1, 2]",2,2324.8032578662
3,"[125, 118, 121, 51, 50, 49, 48, 105, 104, 1, 74, 72]","[1, 1, 1, 1, 2, 1, 1, 1, 2, 1, 1, 2]",3,3003.8162156219996
4,"[120, 119]","[2, 1]",4,1140.8301460689997
