,task,distance
0,"[0, 4, 11]",9857.6265717652
1,"[1, 7, 8]",9439.187585403
2,"[2, 6, 9]",11239.8771975927
3,"[3, 5, 10]",11067.9291105518
