,customer,weight,round,length
0,[18],[15],0,129.3776329568
1,[18],[15],0,129.3776329568
2,"[18, 4]","[10, 4]",1,1469.9611423734
3,"[18, 10, 9, 46, 60, 56, 58, 25]","[2, 4, 2, 1, 2, 2, 1, 1]",1,4200.5856017424
