,task,distance
0,[0],3827.103567491
1,[1],74.7276861206
