,customer,weight,round,length
0,"[22, 45, 23, 40, 39, 30, 33, 21, 27, 51, 63, 72, 47]","[1, 1, 2, 1, 1, 1, 1, 2, 1, 1, 1, 1, 1]",0,1705.019512195
1,"[16, 17, 48, 18, 55, 7, 44, 38, 54, 8, 37, 26, 41, 15, 46]","[1, 1, 1, 1, 1, 1, 1, 1, 1, 1, 1, 1, 1, 1, 1]",0,1611.617557926
2,"[78, 50, 79, 32, 42, 60, 9, 14, 13, 29]","[3, 1, 1, 1, 1, 4, 1, 1, 1, 1]",1,1425.366904835
3,"[53, 24, 28, 71, 52, 43, 34, 49, 25, 1]","[1, 1, 1, 1, 1, 1, 5, 1, 2, 1]",1,1180.6202838974998
4,"[2, 86, 31, 11, 67, 70, 20, 19, 34]","[1, 6, 1, 1, 1, 1, 1, 1, 2]",2,2344.55956883
5,"[58, 4, 36, 65, 85, 5, 6, 35, 77, 57, 12, 3]","[1, 1, 1, 1, 4, 1, 1, 1, 1, 1, 1, 1]",2,1824.449126383
6,"[85, 10, 69, 61, 64, 88, 81, 76, 68, 66, 56, 0]","[1, 1, 1, 1, 1, 3, 1, 1, 1, 1, 1, 1]",3,1573.998330492
7,"[80, 87, 84, 83, 74, 75, 59, 62, 73, 82]","[1, 1, 6, 1, 1, 1, 1, 1, 1, 1]",3,1409.35153298
