,customer,weight,round,length
0,"[42, 65, 82, 56, 64]","[3, 1, 5, 2, 4]",0,8654.107134002
1,[],[],0,0.0
2,"[68, 79, 43, 90]","[3, 1, 1, 1]",0,1592.1075278003
3,[],[],0,0.0
