,task,distance
0,[0],3806.1640179816
1,[1],0.0
2,[2],265.3506506441
