,task,distance
0,[0],3922.380201995
1,[1],0.0
2,[2],2698.548961809
3,[3],0.0
