,customer,weight,round,length
0,"[65, 164, 64, 175, 187, 228, 22, 235, 184, 182, 188, 121, 122, 119]","[1, 1, 1, 1, 1, 1, 1, 1, 1, 1, 1, 2, 1, 1]",0,9173.3289990593
1,"[257, 152, 113, 44, 54, 127, 36, 71, 37, 52, 107, 73]","[1, 1, 2, 1, 1, 1, 1, 1, 1, 2, 2, 1]",0,7195.0800148236
2,"[83, 88, 84, 263, 51, 222, 150, 61, 114, 147, 149, 208]","[1, 1, 2, 1, 1, 1, 1, 2, 1, 1, 2, 1]",0,4734.781989618001
3,"[98, 210, 261, 41, 99]","[1, 1, 1, 2, 1]",1,3479.286964117
4,"[12, 283, 284, 298, 243, 245, 153, 43, 96, 118, 174, 58]","[2, 1, 1, 1, 1, 1, 1, 1, 1, 1, 1, 1]",1,2000005785.6655567
5,"[17, 242, 14, 291, 289, 220, 141, 138, 297, 5, 0, 246]","[1, 1, 1, 1, 3, 1, 1, 1, 1, 1, 2, 1]",1,6723.777252443001
