,customer,weight,round,length
0,"[37, 43, 45, 52, 38, 41, 23, 30, 17, 26]","[1, 1, 1, 3, 1, 2, 1, 1, 1, 2]",0,3827.5282617624
1,[39],[3],0,274.953995092
