,task,distance
0,[0],377.330911094
1,[1],0.0
2,[2],3321.5085651069994
