,task,distance
0,[0],949.977348412
1,[1],2468.153212528
2,[2],0.0
