,task,distance
0,[0],0.0
1,[1],1910.942267714
2,[2],0.0
3,[3],0.0
4,[4],12994.257302964
