,customer,weight,round,length
0,[40],[14],0,254.44492968
1,"[40, 70, 44, 69, 10]","[8, 2, 2, 1, 1]",0,3416.010894188
2,"[24, 25, 23, 26, 53, 32, 72, 55, 45, 71, 39]","[1, 2, 1, 2, 1, 3, 1, 1, 1, 1, 1]",0,3154.5017455182006
3,[],[],0,0.0
