,customer,weight,round,length
0,"[40, 68, 41, 69, 70]","[5, 1, 1, 1, 2]",0,5220.128418437
1,"[53, 32, 55, 45]","[1, 3, 1, 1]",0,2123.4344506909997
2,[40],[15],0,254.44492968
3,"[39, 29, 59, 12, 21, 33, 13]","[1, 1, 1, 1, 1, 6, 4]",0,6185.913668119
