,task,distance
0,[0],0.0
1,[1],10285.288443213
2,[2],0.0
3,[3],1592.9958438528
