,task,distance
0,[0],0.0
1,[1],2000000578.6911511
2,[2],3128.0794485857004
3,[3],0.0
4,[4],0.0
