,task,distance
0,"[0, 3]",4000002555.441495
1,"[1, 2]",2000003744.895807
