,customer,weight,round,length
0,[98],[15],0,5872.59748198
1,"[98, 107, 39, 34, 61, 22, 134, 86, 17, 0, 52, 21, 51]","[2, 1, 1, 1, 1, 1, 1, 1, 1, 1, 1, 1, 2]",0,15268.2251870767
2,[95],[1],1,661.400395172
3,[92],[2],1,461.492122224
