,customer,weight,round,length
0,"[128, 38, 11, 35, 87, 88, 62]","[1, 1, 1, 1, 1, 1, 1]",0,3420.0835739096
1,"[24, 111, 112, 120, 28, 98, 8, 78]","[1, 1, 1, 1, 2, 4, 3, 1]",0,14539.490902861
