,task,distance
0,[0],3420.0835739096
1,[1],14539.490902861
