,customer,weight,round,length
0,[],[],0,0.0
1,"[211, 21, 53, 54]","[3, 1, 2, 2]",0,2962.1122855689996
2,"[184, 56, 57, 121, 82, 42, 106]","[1, 1, 1, 2, 1, 1, 2]",0,6335.511029173
