,task,distance
0,[0],4658.423102813
1,[1],0.0
2,[2],1690.572998464
