,task,distance
0,[0],0.0
1,[1],460.777972766
2,[2],0.0
3,[3],2898.099882105
