,customer,weight,round,length
0,"[55, 24, 26, 6]","[1, 1, 1, 1]",0,1752.6106966529999
1,"[11, 64, 35, 25]","[1, 1, 1, 4]",0,2467.9879193878
