,task,distance
0,[0],0.0
1,[1],1882.690043529
2,[2],1714.4480916155997
3,[3],0.0
