,task,distance
0,[0],0.0
1,[1],2624.5758078490003
2,[2],1865.6600900584
3,[3],0.0
