,customer,weight,round,length
0,"[151, 157, 128, 93, 29, 91, 17, 124, 139, 142, 143, 123]","[2, 1, 2, 1, 1, 1, 1, 2, 1, 1, 1, 1]",0,3392.1042263690006
1,"[85, 41, 127, 27, 105, 145, 125, 79, 55]","[1, 2, 2, 3, 3, 1, 1, 1, 1]",0,3173.1079998220002
2,"[81, 14, 144, 141, 101, 100, 13, 12, 110, 53]","[1, 2, 1, 1, 2, 2, 2, 1, 1, 2]",0,2501.7384645109
