,customer,weight,round,length
0,"[169, 7, 33, 46, 32, 112, 106, 25, 26, 99]","[1, 2, 1, 1, 1, 1, 1, 2, 3, 2]",0,3187.633625399
1,"[8, 9, 10, 121, 120, 119, 118, 134, 1]","[1, 1, 1, 4, 1, 2, 1, 2, 2]",0,2665.043185786
2,"[3, 4, 5, 40, 126, 42, 109, 15]","[1, 1, 2, 3, 3, 2, 1, 2]",0,2755.201845739
3,[],[],1,0.0
4,"[122, 10, 28]","[2, 1, 1]",1,3198.8263239030002
5,[],[],1,0.0
