,task,distance
0,[0],6089.2132554810005
1,[1],5189.4899118702
2,[2],4686.184720612399
