,customer,weight,round,length
0,"[2, 32, 119, 118, 41, 248, 243, 38]","[1, 1, 1, 1, 3, 1, 2, 1]",0,3246.287106323
1,[],[],0,0.0
2,[],[],0,0.0
3,[],[],0,0.0
4,"[7, 44, 117, 116, 190, 194, 153, 157, 208, 77, 81]","[1, 1, 1, 2, 1, 1, 1, 1, 1, 1, 1]",0,6103.971056117
