,task,distance
0,[0],3246.287106323
1,[1],0.0
2,[2],0.0
3,[3],0.0
4,[4],6103.971056117
