,customer,weight,round,length
0,"[51, 170, 210, 211, 212, 138, 213, 5, 52, 3, 2, 165, 217, 205, 206]","[1, 1, 1, 1, 1, 1, 1, 1, 1, 1, 1, 1, 1, 1, 1]",0,2988.0724666247997
1,"[75, 164, 214, 172, 173, 154, 38, 174, 159, 50, 146, 65, 83, 142, 78]","[1, 1, 1, 1, 1, 1, 1, 1, 1, 1, 1, 1, 1, 1, 1]",0,7705.0042578028
2,"[163, 33, 157, 203, 140]","[1, 2, 1, 1, 1]",1,6546.684115415
3,"[106, 220, 30, 178, 103, 179, 93, 35, 13, 168, 141]","[2, 1, 1, 1, 1, 1, 1, 1, 1, 1, 1]",1,37540.03369247499
