,task,distance
0,"[0, 3]",9738.042036993
1,"[1, 2]",41133.55127820179
