,task,distance
0,"[0, 3, 8]",6064.590715661001
1,"[1, 4, 6]",8259.4791312709
2,"[2, 5, 7]",6559.749869722701
