,customer,weight,round,length
0,"[1, 19, 13, 7, 24, 25, 5, 28]","[1, 1, 1, 1, 1, 3, 2, 5]",0,2443.776564971
1,"[26, 27, 14, 3]","[1, 3, 10, 1]",0,869.6791256557001
2,[],[],1,0.0
3,"[28, 16]","[5, 8]",1,2280.398456727
