,task,distance
0,"[0, 5]",5345.044780984
1,"[1, 4]",6866.5925978020005
2,"[2, 3]",8448.8752996
