,task,distance
0,"[0, 3]",5345.044780984
1,"[1, 3]",6896.960040292
2,"[2, 5]",6866.5925978
