,task,distance
0,[0],7222.374754111001
1,[1],1430.261193562
2,[2],0.0
3,[3],0.0
4,[4],3780.0759029662
