,customer,weight,round,length
0,"[20, 46, 191, 77, 78, 79, 209, 156, 141, 112, 126]","[1, 1, 1, 3, 1, 3, 1, 1, 1, 1, 1]",0,14155.944096067999
1,"[184, 239, 39, 72, 167, 67, 68, 93, 174, 63, 61, 60, 66, 139, 89]","[1, 1, 1, 1, 1, 1, 1, 1, 1, 1, 1, 1, 1, 1, 1]",0,15404.417742547
2,[],[],1,0.0
3,[210],[2],1,8262.3712174
