,task,distance
0,"[0, 3]",19990.73597532
1,"[1, 2]",15640.713157738
