,customer,weight,round,length
0,"[1, 0, 7, 9, 14, 5, 11, 4]","[3, 2, 1, 1, 2, 2, 3, 1]",0,8484.05265293
1,"[13, 2, 3, 12, 10, 6, 8]","[2, 5, 1, 1, 2, 1, 3]",1,10652.85718411
