,customer,weight,round,length
0,"[40, 39, 227, 68, 31, 67, 188, 201, 248, 41, 258, 44, 7]","[1, 1, 1, 1, 1, 1, 1, 1, 1, 3, 1, 1, 1]",0,5068.4439918189
1,"[13, 24, 26, 161, 107, 106, 243, 38, 77, 157, 153, 194, 190, 89]","[1, 1, 1, 1, 1, 1, 2, 1, 1, 1, 1, 1, 1, 1]",1,10171.499124756001
2,"[224, 168]","[1, 1]",2,9481.689372289999
