,task,distance
0,"[0, 4, 5]",6168.1223002219995
1,[1],3590.25646672
2,"[2, 3]",7783.468727109
