,customer,weight,round,length
0,"[7, 41, 43, 14, 45, 16, 21, 8]","[1, 1, 1, 1, 1, 2, 6, 2]",0,2929.4999186200002
1,"[11, 44, 22, 35, 32, 4]","[1, 1, 1, 1, 2, 9]",0,1260.851487288
2,"[10, 13, 38, 17, 42]","[1, 2, 1, 1, 10]",0,1253.736275316
3,"[23, 9, 40, 12, 39, 33, 3, 34, 31, 18, 5, 25, 24]","[1, 1, 1, 1, 1, 1, 1, 2, 1, 1, 1, 2, 1]",0,946.248145195
4,"[34, 2, 15]","[1, 5, 9]",1,636.040235379
5,"[6, 1, 19, 27, 0, 46, 29, 37, 36]","[1, 4, 1, 2, 1, 1, 1, 1, 3]",1,1720.7372452589998
6,[30],[8],1,322.190617328
7,"[47, 20, 26, 28]","[8, 1, 2, 2]",1,812.1499967131
