,customer,weight,round,length
0,"[53, 40, 39, 20, 16]","[1, 1, 2, 2, 9]",0,2356.2339235980003
1,"[57, 42, 77, 92, 91, 78, 32, 33, 97, 98, 96, 37, 35]","[1, 1, 2, 1, 1, 1, 1, 1, 1, 1, 1, 1, 2]",0,3222.5397351678002
2,"[19, 17, 95, 94, 9, 34]","[1, 1, 10, 1, 1, 1]",0,1641.4447308960002
3,"[28, 72, 71, 93, 49, 76, 50, 59]","[1, 2, 1, 1, 6, 1, 1, 2]",0,1930.2232746087
4,"[60, 99, 44, 90, 45, 64, 62, 88]","[2, 1, 1, 1, 1, 1, 2, 3]",1,3247.89935673
5,"[77, 67]","[1, 8]",1,2588.196900782
6,"[18, 7, 0, 38]","[1, 4, 1, 9]",1,3883.6326647069995
7,"[61, 8, 100]","[2, 5, 8]",1,3513.8479148019997
