,customer,weight,round,length
0,"[102, 118, 11, 101, 139]","[4, 2, 1, 4, 2]",0,2095.53744276
1,[],[],0,0.0
2,[0],[4],0,588.876243856
3,"[2, 3, 111, 110]","[7, 1, 4, 2]",0,1437.0967347478
4,[],[],0,0.0
