,customer,weight,round,length
0,[],[],0,0.0
1,[64],[2],0,683.861215074
2,[],[],0,0.0
3,"[7, 110, 61]","[1, 2, 12]",0,5525.4367170040005
4,"[27, 103, 36, 118, 12, 106]","[1, 1, 8, 2, 1, 1]",0,6916.644055228999
