,task,distance
0,[0],5463.631954174
1,[1],0.0
2,[2],0.0
3,[3],3202.611124863
4,[4],0.0
