,task,distance
0,[0],2095.53744276
1,[1],0.0
2,[2],588.876243856
3,[3],1437.0967347478
4,[4],0.0
