,task,distance
0,[0],0.0
1,[1],0.0
2,[2],547.674564766
3,[3],2530.2106220528
4,[4],977.467977575
