,customer,weight,round,length
0,"[21, 13]","[1, 5]",0,1275.03223664
1,"[10, 11, 6]","[2, 6, 2]",0,651.47743686
2,"[56, 85, 53, 37, 31, 71, 79, 10]","[1, 6, 2, 1, 1, 2, 1, 1]",0,4008.172067977
