,customer,weight,round,length
0,"[52, 76, 75, 50]","[2, 1, 2, 1]",0,1550.030551936
1,"[28, 56, 9, 17, 72, 149, 25, 0, 142, 93, 92]","[1, 1, 3, 2, 1, 1, 1, 1, 1, 2, 1]",0,11656.581903665
