,task,distance
0,[0],667.27559758
1,[1],13979.44473432
