,task,distance
0,[0],1550.030551936
1,[1],11656.581903665
