,customer,weight,round,length
0,"[54, 77, 78, 145, 74, 102, 178, 62, 44, 43, 21, 101, 154]","[1, 1, 1, 1, 1, 2, 1, 1, 1, 1, 1, 2, 1]",0,6166.128497668999
1,"[122, 67, 114, 113, 164, 126, 98]","[1, 1, 1, 1, 1, 2, 1]",1,6243.321098697
