,customer,weight,round,length
0,"[34, 20, 21]","[6, 2, 2]",0,520.6554262347
1,"[22, 23, 36, 11, 9, 8]","[3, 1, 1, 1, 2, 4]",0,2364.1437513209
