,task,distance
0,[0],520.6554262347
1,[1],2364.1437513209
