,customer,weight,round,length
0,"[70, 63, 6, 5, 0, 62]","[1, 2, 1, 1, 1, 5]",0,1552.7561228117
1,"[87, 36, 88, 129, 89, 50, 100, 102, 49, 48, 37, 85]","[1, 1, 1, 1, 1, 1, 3, 2, 1, 1, 1, 1]",0,1310.2052771754
2,"[71, 73, 74, 122, 173, 172, 68, 69, 64]","[1, 1, 1, 1, 2, 1, 1, 1, 2]",0,1562.2416585709998
