,customer,weight,round,length
0,"[58, 130, 57, 47, 103, 8, 146, 61, 40]","[1, 1, 1, 2, 1, 1, 1, 1, 1]",0,5067.829955810001
1,"[91, 90, 51, 101, 104, 75, 83, 80, 79, 117, 116]","[1, 2, 1, 1, 3, 2, 1, 1, 1, 1, 1]",0,7750.1773977662
2,"[131, 135, 153, 156, 151, 109, 150]","[3, 1, 1, 1, 1, 3, 1]",0,1631.0634400187
