,task,distance
0,[0],0.0
1,[1],4661.324762929001
2,[2],0.0
3,[3],4401.604101902
