,customer,weight,round,length
0,"[105, 35, 58, 2, 36, 113, 112, 102, 81]","[2, 1, 2, 1, 1, 2, 1, 4, 1]",0,4042.3845382980003
1,"[121, 120, 55, 56, 103, 116, 5, 46, 48, 17]","[1, 1, 1, 2, 1, 1, 2, 1, 3, 2]",0,2895.2245266069995
2,"[111, 37, 114, 36, 54, 87, 13, 115, 14, 15]","[1, 2, 2, 1, 1, 2, 1, 1, 1, 1]",1,5651.8003188563
3,[],[],1,0.0
