,customer,weight,round,length
0,"[59, 123, 57, 83, 10, 66, 6, 65, 125, 8, 7, 28]","[1, 1, 1, 1, 2, 1, 1, 2, 1, 1, 1, 2]",0,5638.862017220001
1,"[71, 84, 77, 99, 23, 51, 25, 134, 132, 133, 52, 53]","[1, 2, 1, 1, 2, 1, 2, 1, 1, 1, 1, 1]",0,6255.973475118901
2,[],[],1,0.0
3,"[11, 31, 78, 100]","[2, 1, 1, 1]",1,8745.014752571
