,customer,weight,round,length
0,[24],[2],0,855.223040168
1,[4],[8],0,369.269249284
2,[7],[1],0,623.73705796
