,customer,weight,round,length
0,[],[],0,0.0
1,[10],[3],0,449.857419712
2,[],[],0,0.0
3,"[20, 22, 9, 23, 30, 4, 26, 27, 13]","[2, 3, 2, 1, 2, 1, 1, 1, 1]",0,3691.61597751
4,[],[],0,0.0
