,customer,weight,round,length
0,"[26, 95]","[2, 1]",0,635.657067014
1,[],[],0,0.0
2,"[109, 24, 49, 20, 10, 1, 0, 136, 132, 133, 63, 134]","[1, 1, 1, 2, 2, 1, 1, 2, 1, 1, 1, 1]",0,8214.3933213338
3,[],[],0,0.0
4,[],[],0,0.0
