,task,distance
0,[0],0.0
1,[1],4335.1414267
2,[2],0.0
3,[3],7670.380975096999
4,[4],0.0
