,customer,weight,round,length
0,"[110, 111, 181, 203, 101, 255, 151, 3, 77, 76, 115, 122, 207, 139, 160]","[1, 1, 1, 1, 1, 1, 1, 1, 1, 1, 1, 1, 1, 1, 1]",0,6148.289791045
1,"[80, 93, 144, 218, 217, 65, 177, 58, 24, 238, 261, 237, 134, 60]","[1, 1, 1, 1, 2, 1, 1, 1, 1, 1, 1, 1, 1, 1]",1,8829.077080288
