,customer,weight,round,length
0,[],[],0,0.0
1,"[179, 42, 79, 38, 56, 158, 143, 68, 64, 62]","[2, 1, 1, 1, 1, 1, 1, 1, 1, 1]",0,3860.8555849992003
2,"[73, 80, 2, 174, 3, 121, 112]","[1, 1, 2, 3, 1, 3, 4]",0,5194.161787258
3,"[33, 14, 84, 50, 109, 92, 94, 104]","[1, 4, 1, 1, 3, 1, 1, 2]",0,4626.272507315
