,task,distance
0,[0],0.0
1,[1],3860.8555849992
2,[2],5194.161787258
3,[3],4626.272507315
