,customer,weight,round,length
0,"[180, 80, 179, 64, 66, 141, 42, 67, 68, 8, 113, 7]","[1, 1, 2, 1, 1, 1, 1, 1, 1, 1, 1, 2]",0,1867.9139043865002
1,"[40, 143, 131, 112, 111, 196, 26, 115, 110, 109, 47, 164, 139]","[1, 1, 2, 1, 1, 2, 1, 1, 1, 1, 1, 1, 1]",0,4810.1286372838995
2,"[6, 5, 35, 204, 165, 147, 175, 205, 176, 212, 62, 69, 166]","[1, 2, 1, 1, 1, 1, 1, 1, 1, 1, 1, 1, 1]",0,2004.2306216854001
