,customer,weight,round,length
0,"[107, 151, 188, 16, 154, 122, 153, 55, 198, 197, 199, 105]","[1, 2, 1, 1, 3, 1, 1, 1, 1, 1, 1, 1]",0,2087.6598047918
1,"[104, 15, 106, 174, 173, 203, 4, 36]","[2, 6, 1, 1, 1, 2, 1, 1]",0,2261.250229461
2,"[58, 135, 160, 136, 121, 181, 120, 159, 59, 57, 171]","[2, 1, 2, 1, 2, 1, 1, 1, 1, 1, 2]",0,2512.5606266719997
3,[],[],1,0.0
4,"[189, 132, 182, 51, 34, 33, 181, 119]","[5, 1, 1, 2, 1, 2, 1, 1]",1,5178.333600578
5,[],[],1,0.0
