,customer,weight,round,length
0,[14],[2],0,1217.595041872
1,"[10, 8, 5, 9, 2, 15, 11, 0, 3]","[1, 3, 3, 2, 1, 2, 1, 1, 1]",0,2216.030253464
2,[7],[1],0,984.445017066
3,"[13, 12, 4, 1, 6]","[2, 1, 2, 8, 2]",0,940.516979177
