,customer,weight,round,length
0,[],[],0,0.0
1,"[35, 38, 19, 20, 36]","[1, 1, 3, 2, 1]",0,1247.1576017715
2,"[18, 45, 44, 43, 6, 52, 34]","[2, 2, 1, 3, 2, 3, 1]",0,4057.2892119481
