,customer,weight,round,length
0,[],[],0,0.0
1,[],[],0,0.0
2,[6],[14],0,284.261150894
3,"[9, 11]","[12, 1]",0,2000001878.2143347
