,customer,weight,round,length
0,[],[],0,0.0
1,"[67, 41, 60, 16, 18, 51, 3]","[1, 2, 1, 1, 1, 1, 4]",0,3270.8921703605
2,"[27, 54]","[2, 1]",0,785.361947139
3,[],[],0,0.0
