,task,distance
0,[0],176.7278863438
1,[1],3898.147201043
2,[2],0.0
3,[3],0.0
