,task,distance
0,[0],0.0
1,[1],5864.3073265230005
2,[2],89.108757036
3,[3],89.108757036
