,task,distance
0,"[0, 2, 4, 7, 8]",9797.681111902
1,"[1, 3, 5, 6, 9]",8670.196979922
