,task,distance
0,[0],3601.6234244528
1,[1],198.8675111956
