,task,distance
0,[0],1522.9972087160002
1,[1],194.3549372936
