,task,distance
0,[0],751.215180958
1,[1],6180.65784514
