,customer,weight,round,length
0,"[3, 1, 67, 18]","[1, 1, 2, 1]",0,1417.884220846
1,"[27, 36, 37, 82, 64, 73, 23, 101, 74, 49, 10, 9, 38, 25]","[1, 1, 1, 2, 1, 1, 1, 1, 1, 1, 1, 1, 1, 1]",0,5873.866847040999
2,"[7, 42, 75, 76, 31]","[2, 5, 3, 2, 3]",0,3175.7894927
