,customer,weight,round,length
0,[5],[5],0,1255.08588108
1,"[30, 36, 43]","[1, 3, 2]",0,3114.173067459
2,[],[],0,0.0
