,task,distance
0,[0],1182.823182312
1,[1],934.727694422
2,[2],0.0
