,customer,weight,round,length
0,"[110, 92, 10, 67, 58]","[1, 2, 1, 1, 1]",0,2000001176.6810703
1,"[4, 22, 33, 40, 48, 98, 121, 106, 83, 72, 131]","[1, 1, 2, 1, 1, 1, 1, 3, 1, 1, 1]",0,2000002815.4334702
