,customer,weight,round,length
0,"[49, 84, 107, 77, 99, 42, 29, 122, 118, 103]","[1, 2, 1, 3, 1, 2, 1, 2, 1, 1]",0,2723.830406847
1,"[5, 32, 63, 14, 68, 93]","[1, 1, 1, 1, 2, 1]",0,2000001505.0774248
