,task,distance
0,[0],1767.1503345740998
1,[1],1862.548341087
