,task,distance
0,[0],2236.51519498
1,[1],1117.617377695
