,task,distance
0,[0],2000002363.714985
1,[1],2000001514.204736
