,task,distance
0,"[0, 3]",2000004030.6361442
1,"[1, 2]",2000007737.9416308
