,task,distance
0,"[0, 3]",9908.632467521
1,"[1, 4]",5356.730962629
2,"[2, 5]",4621.224903527
