,customer,weight,round,length
0,"[23, 24, 3, 34]","[1, 1, 2, 3]",0,828.5321520249
1,[],[],0,0.0
2,"[32, 117, 33, 70, 107, 77, 79, 22]","[1, 3, 1, 1, 1, 3, 1, 1]",0,1713.6132783575001
