,task,distance
0,[0],0.0
1,[1],1320.707860527
2,[2],1841.338238835
