,customer,weight,round,length
0,"[161, 57]","[2, 13]",0,338.254675308
1,"[29, 126, 58, 74, 31, 86, 182, 162, 23, 94, 57]","[4, 1, 1, 1, 1, 1, 1, 1, 1, 1, 2]",1,11715.104339264999
2,"[146, 43, 121, 3, 143, 107]","[1, 1, 1, 3, 3, 4]",2,15047.844088668002
