,customer,weight,round,length
0,"[8, 30, 10, 26, 24, 59]","[5, 1, 1, 2, 1, 5]",0,2000002984.7062335
1,"[70, 61, 66, 47, 75, 12, 14, 16, 5, 35, 23, 18]","[2, 1, 1, 1, 1, 1, 1, 1, 3, 1, 1, 1]",0,2000001928.4330451
2,"[42, 41, 54, 55, 0, 3, 76]","[3, 1, 1, 2, 4, 1, 1]",1,2000001384.7746325
3,[],[],1,0.0
