,task,distance
0,"[0, 3]",2000002984.7062333
1,"[1, 2]",4000003313.2076774
