,task,distance
0,"[0, 9]",8499.201270537502
1,"[1, 8]",5632.358434756899
2,"[2, 6]",5948.213776233
3,"[3, 5]",7439.714177637201
4,"[4, 7]",5915.151020211999
