,task,distance
0,[0],2441.6790760862
1,[1],0.0
2,[2],5061.364041499999
3,[3],0.0
4,[4],4742.296904318001
