,task,distance
0,[0],0.0
1,[1],2088.212761313
2,[2],1022.213805276
3,[3],0.0
