,customer,weight,round,length
0,"[102, 121, 120, 54, 14, 116, 35, 57, 36]","[4, 1, 1, 1, 1, 1, 1, 1, 2]",0,4800.058812238
1,"[11, 10, 66, 6, 78, 77, 28, 84, 51, 23]","[2, 2, 1, 1, 1, 1, 2, 2, 1, 2]",0,9589.802680073999
