,customer,weight,round,length
0,"[111, 37, 114, 83, 8, 125, 7, 100, 99, 71, 133, 123]","[1, 2, 2, 1, 1, 1, 1, 1, 1, 1, 1, 1]",0,10999.620933870998
1,"[105, 81, 46, 87, 115, 56, 55]","[2, 1, 1, 2, 1, 2, 1]",0,4112.8918284819
