,task,distance
0,[0],1827.4648244569005
1,[1],10130.0281724893
