,customer,weight,round,length
0,"[153, 11, 119, 9, 10, 113, 120, 156, 139, 138, 117, 152, 155]","[1, 2, 1, 1, 1, 1, 2, 1, 1, 1, 1, 1, 1]",0,1928.1214425362998
1,[],[],0,0.0
2,"[108, 81, 90, 103, 12, 14, 30, 80, 79]","[1, 2, 3, 2, 2, 2, 1, 1, 1]",0,3891.9545948674
3,[78],[1],0,88.5091332314
4,[154],[1],0,67.048553884
