,task,distance
0,[0],0.0
1,[1],1502.003447397
2,[2],2711.555106992
3,[3],5489.8572045255
4,[4],0.0
