,task,distance
0,"[0, 7]",3781.750005116
1,"[1, 5]",2117.18505223
2,"[2, 5]",1910.040726918
3,"[3, 5]",2211.207419614
4,"[4, 5]",1967.732730149
