,customer,weight,round,length
0,"[86, 58, 45, 102, 10, 75, 47, 61]","[2, 4, 1, 2, 2, 2, 1, 1]",0,4301.126730377
1,"[13, 30, 38, 52, 108, 50, 69, 56, 65, 29]","[2, 1, 2, 1, 2, 1, 1, 1, 3, 1]",0,3497.985270835
2,"[19, 82, 98, 23, 34, 17, 18]","[1, 4, 1, 1, 1, 1, 2]",1,3094.712153809
3,"[3, 49, 105, 106, 104, 66]","[5, 1, 1, 1, 1, 2]",1,4549.728902996199
