,task,distance
0,[0],0.0
1,[1],0.0
2,[2],179.0684621892
3,[3],179.0684621892
