,task,distance
0,[0],1704.6294605674998
1,[1],6651.81145284
2,[2],6233.573147652
3,[3],0.0
4,[4],7996.326841065
