,customer,weight,round,length
0,[42],[5],0,182.3799774194
1,[38],[8],0,223.147227862
2,"[59, 60, 61, 25, 79]","[1, 1, 1, 3, 1]",0,2651.319511352
3,"[51, 41, 40, 53, 1, 52, 2, 80, 67, 49, 47]","[1, 3, 1, 1, 1, 2, 1, 2, 1, 1, 1]",0,4002.6161683898995
