,task,distance
0,[0],4270.379920861
1,[1],1265.379056978
2,[2],0.0
3,[3],3414.185323708
