,task,distance
0,[0],1772.476582592
1,[1],3985.1185205759
2,[2],0.0
3,[3],1943.0506486523
