,task,distance
0,[0],1349.0138617108
1,[1],0.0
2,[2],2946.7325389012003
3,[3],1260.1567226405
