,customer,weight,round,length
0,[],[],0,0.0
1,"[102, 4, 120, 99, 115, 90, 51, 183, 173, 108, 55, 95, 143]","[2, 1, 1, 1, 1, 1, 1, 1, 1, 2, 1, 1, 1]",0,9285.083343582999
2,[],[],0,0.0
3,"[186, 77, 182, 46, 19, 53, 10, 133, 29, 137]","[1, 1, 1, 1, 1, 5, 1, 1, 1, 1]",0,8361.6241958947
4,[],[],0,0.0
