,customer,weight,round,length
0,"[152, 16, 29, 202, 26, 24, 151, 13, 201, 4]","[2, 2, 1, 1, 2, 3, 1, 1, 1, 1]",0,3676.8852249789998
1,"[6, 199, 7, 34, 145, 175, 59, 116, 53, 177, 193, 10, 28]","[1, 1, 1, 1, 1, 2, 1, 1, 1, 1, 2, 1, 1]",1,4607.369366566601
2,"[195, 9, 198, 129]","[1, 1, 1, 1]",2,3317.5156383740004
