,customer,weight,round,length
0,[60],[3],0,398.173862678
1,"[85, 53, 42, 74, 49, 18, 17, 32, 86, 28, 27]","[1, 1, 1, 1, 1, 2, 2, 1, 2, 1, 1]",0,3092.7630792619993
