,task,distance
0,[0],2522.616655872
1,[1],1235.3520963059998
