,task,distance
0,[0],13188.08225328
1,[1],14435.686868313998
