,task,distance
0,[0],2159.123654228
1,[1],2264.85186895
2,[2],0.0
3,[3],0.0
