,task,distance
0,"[0, 5]",5627.7057907626
1,"[1, 6]",3582.829388808
2,"[2, 7]",6585.2330838200005
3,"[3, 9]",5063.017496935001
4,"[4, 8]",2789.5197828630003
