,customer,weight,round,length
0,"[35, 38, 99, 36, 68, 95, 96, 37, 97]","[2, 1, 1, 2, 1, 2, 1, 3, 2]",0,1663.3544054705
1,"[72, 66, 102, 45, 60, 71, 39, 109, 69]","[2, 3, 2, 3, 1, 1, 1, 1, 1]",1,4414.1031606589995
2,"[112, 45, 57, 12, 44, 43, 92, 86, 32]","[6, 1, 1, 1, 1, 1, 1, 1, 2]",2,4323.48689568
