,customer,weight,round,length
0,"[10, 12, 41, 43, 40, 39, 29, 9, 11]","[2, 1, 2, 1, 1, 2, 1, 2, 3]",0,2997.5936967899997
1,"[31, 44, 49, 28, 30, 17, 13, 25, 32]","[1, 2, 1, 3, 1, 3, 1, 1, 2]",1,2704.20461375
