,customer,weight,round,length
0,"[93, 68, 76, 36, 27, 64, 80]","[1, 1, 1, 4, 1, 1, 2]",0,7215.194711148999
1,[],[],0,0.0
2,"[71, 50, 84, 111, 61, 90, 69, 17]","[4, 1, 1, 1, 2, 2, 2, 1]",0,7710.6900679421
