,task,distance
0,[0],13979.44473432
1,[1],0.0
2,[2],667.27559758
3,[3],0.0
