,task,distance
0,[0],244.147826102
1,[1],12376.791250421
2,[2],0.0
3,[3],0.0
