,task,distance
0,[0],11656.581903665
1,[1],368.959868808
2,[2],0.0
3,[3],1181.070683128
