,customer,weight,round,length
0,[],[],0,0.0
1,"[57, 12, 41, 40, 27, 70, 32]","[1, 1, 1, 4, 3, 1, 1]",0,4684.393953147
2,"[90, 88, 91, 34]","[3, 4, 3, 2]",0,1067.61684414
3,[],[],0,0.0
4,[51],[4],0,468.69718043
