,task,distance
0,[0],3662.255760219
1,[1],0.0
2,[2],0.0
3,[3],4534.1203004770005
4,[4],0.0
