,customer,weight,round,length
0,[],[],0,0.0
1,[38],[8],0,223.147227862
2,"[79, 64, 24, 61, 47, 49, 67, 60, 59]","[1, 1, 2, 1, 1, 1, 1, 1, 1]",0,3606.6267676438997
3,[],[],0,0.0
4,"[51, 41, 42]","[1, 3, 5]",0,622.7319539547
