,task,distance
0,"[0, 2, 4, 7]",17008.182493784898
1,"[1, 3, 5, 6]",11040.541905658101
