,task,distance
0,[0],0.0
1,[1],305.339943948
2,[2],0.0
3,[3],0.0
4,[4],7408.38562615
