,task,distance
0,[0],305.339943948
1,[1],0.0
2,[2],0.0
3,[3],0.0
4,[4],6471.6142688245
