,customer,weight,round,length
0,"[21, 4, 1, 8, 3, 18, 7, 10, 15, 20, 27, 5, 29, 2]","[1, 1, 1, 1, 2, 1, 1, 1, 1, 1, 1, 1, 1, 1]",0,1185.422849149
1,"[7, 19, 30, 26, 13, 17, 28, 24, 22, 9, 25, 6]","[1, 1, 1, 2, 2, 1, 1, 1, 1, 2, 1, 1]",1,973.477013017
2,"[16, 12, 11, 0, 23, 14]","[1, 1, 1, 1, 1, 1]",2,1194.995194335
