,customer,weight,round,length
0,"[0, 38, 11, 100, 46, 55, 88, 87, 28]","[1, 1, 1, 2, 1, 3, 4, 1, 1]",0,4264.331770694
1,"[34, 74, 75, 73, 80, 81, 79, 31, 3, 58]","[1, 1, 1, 1, 1, 1, 2, 1, 1, 1]",1,3477.7934583820997
