,task,distance
0,[0],1593.816997256
1,[1],0.0
2,[2],0.0
3,[3],1313.66213952
