,task,distance
0,"[0, 5]",13985.2644141816
1,"[1, 6]",12390.9898046718
2,"[2, 4]",13254.5330503538
3,"[3, 7]",5577.596298019
