,task,distance
0,"[0, 5]",3463.738719972
1,"[1, 4]",6820.478295097
2,"[2, 6]",5477.856155765
3,"[3, 7]",6791.2489461000005
