,customer,weight,round,length
0,"[51, 36, 47]","[1, 1, 1]",0,1330.2809673779998
1,"[54, 40, 23, 25, 24, 27, 62, 32, 37, 63, 64, 26]","[1, 1, 1, 1, 2, 1, 1, 2, 2, 1, 1, 1]",0,6703.073294207999
