,customer,weight,round,length
0,"[36, 49]","[2, 3]",0,1056.7203735023
1,"[116, 133, 42, 65, 26, 44, 21, 77, 78, 139]","[1, 2, 1, 2, 1, 2, 1, 1, 3, 1]",0,5585.205963777001
2,[],[],0,0.0
3,[],[],0,0.0
