,customer,weight,round,length
0,"[4, 58, 18]","[4, 1, 10]",0,1643.7828844557
1,[18],[15],0,129.3777604514
2,[18],[15],0,129.3777604514
3,"[60, 56, 31, 84, 25]","[2, 2, 3, 2, 1]",1,2717.386177399
4,"[27, 69, 72, 77, 39, 38, 52, 85, 79, 47]","[1, 1, 1, 4, 1, 1, 2, 1, 1, 2]",1,5195.617726936
5,[59],[10],1,1364.49637093
