,task,distance
0,"[0, 5]",4236.5147584601
1,"[1, 3]",5013.684874054001
2,"[2, 4]",5432.400368206
