,task,distance
0,[0],1168.916358942
1,[1],2606.7462368180004
2,[2],2502.288535939
