,task,distance
0,"[0, 5]",3008.2792553857
1,"[1, 3]",2846.7639378504
2,"[2, 4]",5324.995487387399
