,customer,weight,round,length
0,"[14, 15, 170, 19, 209, 106, 107, 109, 213, 188, 204, 8, 175]","[1, 1, 1, 1, 1, 2, 1, 1, 2, 1, 1, 1, 1]",0,6584.825849853
1,[],[],0,0.0
2,"[196, 0, 96, 98, 219, 87, 85, 259]","[1, 1, 1, 1, 1, 1, 1, 1]",0,3639.6445101879995
3,"[81, 154, 153, 166, 43, 38, 257]","[1, 1, 1, 1, 9, 1, 1]",0,3714.8332153059996
