,customer,weight,round,length
0,"[204, 101, 151, 188, 213, 3, 77, 76, 107, 106, 115, 122, 209]","[1, 1, 1, 1, 2, 1, 1, 1, 1, 2, 1, 1, 1]",0,3702.850719320999
1,"[110, 170, 207, 15, 14, 60, 139, 166, 80, 81, 181, 154, 153, 160, 111]","[1, 1, 1, 1, 1, 1, 1, 1, 1, 1, 1, 1, 1, 1, 1]",0,4161.879208561
2,[19],[1],0,351.328186678
3,[],[],0,0.0
