,customer,weight,round,length
0,"[232, 38, 27, 150, 217, 168, 264, 240, 50, 129, 85, 55]","[2, 1, 1, 1, 1, 1, 1, 1, 1, 2, 1, 2]",0,8816.616994628002
1,"[166, 235, 234, 141, 231, 214, 279, 49, 122, 46]","[1, 1, 1, 1, 1, 1, 3, 2, 3, 1]",0,4959.325432426
2,"[200, 145, 71, 216, 266, 169, 152, 237, 259, 77]","[1, 1, 2, 2, 2, 2, 1, 1, 1, 2]",0,6417.443486427
3,[],[],1,0.0
4,[],[],1,0.0
5,[171],[6],1,5992.82278722
