,task,distance
0,"[0, 3]",6269.1524618403
1,"[1, 5]",5437.088725539
2,"[2, 4]",10255.4087641887
