,customer,weight,round,length
0,[13],[2],0,210.66324749
1,"[87, 114, 128, 105, 23, 91, 28, 130, 119, 117]","[1, 2, 1, 1, 1, 1, 2, 1, 2, 2]",0,2000002267.7333784
2,"[83, 82, 92, 29, 103, 102, 60]","[2, 4, 1, 3, 3, 1, 1]",0,2000002433.0087655
3,"[18, 66, 88, 70, 69, 56, 19, 57, 72, 84]","[1, 1, 3, 1, 1, 2, 1, 2, 2, 1]",0,2115.4448999779997
