,customer,weight,round,length
0,"[90, 55, 35, 78, 75]","[1, 1, 1, 1, 2]",0,5691.240957666
1,[],[],0,0.0
2,[],[],0,0.0
3,"[21, 102, 50, 99, 108, 52, 94, 70, 98, 74, 89, 6]","[1, 2, 1, 2, 1, 1, 1, 1, 1, 1, 1, 1]",0,15294.796959128002
