,task,distance
0,[0],2221.589660171
1,[1],0.0
2,[2],13990.581970348
3,[3],0.0
