,customer,weight,round,length
0,[],[],0,0.0
1,[31],[1],0,592.534046844
2,"[24, 3, 53, 35, 34]","[2, 2, 1, 1, 2]",0,2638.1635079748003
