,task,distance
0,[0],543.4575755326
1,[1],1774.274331571
2,[2],545.098617542
