,customer,weight,round,length
0,[],[],0,0.0
1,"[133, 89, 17, 57, 29, 105, 40, 109]","[1, 1, 1, 1, 1, 1, 1, 1]",0,4726.851732551
2,"[13, 38, 118, 48, 144, 14]","[1, 5, 1, 1, 2, 3]",0,2623.0050106751
