,task,distance
0,[0],1267.4930957133
1,[1],0.0
2,[2],4653.1404872418
