,task,distance
0,[0],4168.065371098501
1,[1],3004.8549379846995
2,[2],0.0
