,customer,weight,round,length
0,"[14, 16, 7, 9, 60, 54, 79, 123, 122, 121, 139, 43]","[1, 1, 1, 3, 1, 1, 1, 1, 2, 1, 1, 1]",0,7626.954092573001
1,"[126, 3, 142, 145, 71, 135, 40, 42, 132, 39, 161, 83]","[1, 1, 1, 1, 1, 1, 2, 1, 3, 1, 1, 1]",1,5597.8145264115
2,"[5, 32, 106, 88]","[1, 1, 1, 1]",2,3891.7559121198005
