,customer,weight,round,length
0,"[8, 19, 0, 2, 4, 30, 28, 9, 31, 11, 27, 15, 6]","[1, 1, 1, 1, 1, 1, 1, 1, 1, 1, 1, 3, 1]",0,515.161088541
1,"[5, 10, 17, 23, 3, 18, 26, 21, 16, 1]","[1, 1, 2, 1, 1, 1, 4, 2, 1, 1]",0,464.334046149
2,"[12, 24]","[14, 1]",1,1556.5861846970001
3,"[25, 20, 13, 14, 22, 7, 29]","[1, 3, 2, 1, 4, 1, 3]",1,2097.413673614
4,[],[],2,0.0
5,[22],[10],2,1660.682036722
