,task,distance
0,[0],2252.3234045328
1,[1],0.0
2,[2],0.0
3,[3],4635.608768165
4,[4],0.0
