,task,distance
0,[0],409.260805116
1,[1],1882.5218608711
2,[2],0.0
3,[3],0.0
4,[4],0.0
