,task,distance
0,[0],0.0
1,[1],0.0
2,[2],3385.074849036
3,[3],784.5935662562
4,[4],0.0
