,customer,weight,round,length
0,"[17, 81, 98, 28, 115, 95]","[1, 1, 8, 2, 1, 1]",0,12935.425717119
1,"[134, 62, 136, 39, 38, 1, 2, 131, 112, 10, 110, 60, 19]","[1, 1, 1, 1, 1, 1, 1, 1, 1, 1, 2, 1, 2]",0,7585.451043990001
