,task,distance
0,[0],11080.567299432
1,[1],14684.248580683
