,customer,weight,round,length
0,"[94, 91, 98, 83, 52, 128, 108, 31, 44, 6, 23, 50, 54]","[2, 1, 1, 1, 1, 1, 1, 1, 1, 1, 1, 1, 1]",0,5776.856621807
1,"[41, 36, 26, 39, 93, 77, 55]","[2, 4, 2, 3, 1, 1, 1]",0,3406.844078394
