,task,distance
0,"[0, 3]",7055.948417299001
1,"[1, 2]",4361.743940953
