,task,distance
0,"[0, 3]",4903.8198319292
1,"[1, 2]",2031.3819638928
