,task,distance
0,"[0, 5]",6058.729480743001
1,"[1, 4]",6953.494521347
2,"[2, 3]",6415.491208142999
