,task,distance
0,[0],1739.245247274
1,[1],8548.003489808
2,[2],4341.58815754
