,customer,weight,round,length
0,"[19, 78, 3, 105, 103]","[2, 1, 1, 5, 6]",0,18177.546969699
1,"[118, 110, 83, 65, 104, 113, 80, 31, 29, 45, 68, 42, 66, 20, 32]","[1, 1, 1, 1, 1, 1, 1, 1, 1, 1, 1, 1, 1, 1, 1]",0,6969.3587707219995
2,"[86, 85, 49, 52, 4, 41, 5, 43, 1, 100]","[4, 1, 1, 1, 1, 1, 1, 1, 1, 1]",1,35783.30591448901
3,[],[],1,0.0
