,customer,weight,round,length
0,"[10, 4, 7, 1, 19, 29, 25, 18, 8, 15, 16, 12, 5, 20]","[1, 2, 1, 1, 1, 1, 1, 1, 1, 1, 1, 1, 1, 1]",0,7140.6606994700005
1,"[6, 24, 27, 26, 28, 17]","[1, 6, 1, 5, 1, 1]",0,7987.081341751
2,[],[],1,0.0
3,"[3, 23, 22, 2, 9, 0, 21, 13, 14, 11]","[1, 1, 4, 1, 1, 1, 1, 1, 1, 1]",1,11132.94871166
