,customer,weight,round,length
0,"[21, 77, 74, 13, 51, 87, 48, 102, 65, 97, 9]","[1, 1, 1, 1, 1, 2, 1, 1, 1, 1, 1]",0,9257.6913457157
1,[38],[1],0,688.573413584
