,task,distance
0,[0],7608.297956771699
1,[1],3154.524892788
