,task,distance
0,[0],9638.398292827
1,[1],1057.085711216
