,task,distance
0,[0],0.0
1,[1],0.0
2,[2],2272.0712948050004
3,[3],6019.259445665
4,[4],0.0
