,customer,weight,round,length
0,"[8, 38, 23, 3, 24]","[1, 1, 1, 3, 1]",0,1020.0743478247999
1,[12],[3],0,338.334492826
2,[],[],0,0.0
