,customer,weight,round,length
0,[28],[2],0,1022.321125872
1,"[17, 20, 23, 24, 6]","[1, 10, 1, 1, 1]",0,2398.1325481340004
2,[],[],0,0.0
