,customer,weight,round,length
0,"[67, 58, 68, 10, 94, 93, 15, 66, 65, 81, 104]","[1, 1, 2, 1, 1, 1, 2, 1, 1, 3, 1]",0,2492.4286897955
1,"[5, 32, 35, 40, 34, 69, 33, 4, 1, 2, 22, 125]","[1, 1, 1, 1, 1, 2, 2, 1, 1, 2, 1, 1]",0,2595.4290650880002
2,"[103, 102, 119, 118, 54, 99, 100, 29, 48, 128, 84, 85, 49]","[1, 1, 1, 1, 2, 1, 1, 1, 1, 1, 2, 1, 1]",0,2219.4994991774997
3,"[42, 98, 77, 121, 122, 31, 30, 46]","[2, 1, 3, 1, 2, 2, 2, 2]",1,3033.00368652
4,"[8, 131, 72, 83, 108, 107, 97, 106, 120, 45]","[2, 1, 1, 1, 1, 1, 1, 3, 1, 3]",1,3031.9097432062995
5,"[78, 16, 14, 56, 89, 92]","[4, 1, 1, 2, 1, 2]",1,3359.06055109
