,task,distance
0,"[0, 3]",5525.4323763155
1,"[1, 4]",5627.338808294299
2,"[2, 5]",5578.560050267501
