,task,distance
0,[0],2002.64432522
1,[1],9119.355695765
