,task,distance
0,[0],9873.250300586998
1,[1],5098.810127289
