,task,distance
0,[0],4422.973603792
1,[1],4677.262184384999
