,task,distance
0,[0],150.6068467936
1,[1],0.0
2,[2],0.0
3,[3],1613.887537267
