,task,distance
0,[0],4225.103502803
1,[1],1986.1470962141
