,task,distance
0,[0],4259.86092329
1,[1],7012.122167737
