,customer,weight,round,length
0,"[27, 11, 18, 29, 3, 87, 32]","[1, 1, 1, 1, 1, 5, 4]",0,4172.445834947999
1,"[75, 76, 47, 102, 64, 100, 74, 85, 49]","[3, 2, 1, 1, 1, 4, 1, 1, 1]",0,3510.097390979
2,[],[],0,0.0
3,[],[],0,0.0
