,task,distance
0,[0],2000006963.7271576
1,[1],1262.228683703
2,[2],0.0
3,[3],0.0
4,[4],2000006485.5113597
