,customer,weight,round,length
0,"[81, 29, 19, 103, 36, 37, 38, 39, 50]","[3, 1, 2, 2, 2, 1, 1, 1, 2]",0,2481.6204153478
1,"[69, 72]","[10, 1]",0,588.6889502913
2,"[43, 83, 57, 24]","[3, 2, 2, 3]",0,1992.1962385340003
