,task,distance
0,[0],5811.062656945
1,[1],1383.05110329
2,[2],0.0
