,task,distance
0,"[0, 2, 4, 6]",8436.0280671693
1,"[1, 3, 5, 7]",10148.765534465301
