,task,distance
0,"[0, 2, 5, 7]",4178.849059514099
1,"[1, 3, 4, 6]",2759.228971615
