,task,distance
0,[0],0.0
1,[1],0.0
2,[2],0.0
3,[3],1468.104712648
4,[4],10308.017380435002
