,task,distance
0,[0],0.0
1,[1],6335.511029173
2,[2],2962.112285569
3,[3],0.0
4,[4],0.0
