,customer,weight,round,length
0,[5],[1],0,443.787394156
1,"[31, 32, 6, 14]","[1, 1, 1, 1]",0,1997.6337298269998
