,customer,weight,round,length
0,"[128, 45, 118, 43, 7, 103, 6, 4, 117]","[1, 2, 1, 3, 3, 2, 1, 1, 1]",0,2322.5110311595
1,"[83, 42, 151, 85, 143, 94, 99, 96, 33, 32, 29, 144, 35]","[1, 1, 1, 1, 1, 1, 1, 1, 2, 1, 1, 1, 2]",0,8328.2294837718
2,[],[],1,0.0
3,[8],[3],1,4164.95986998
