,customer,weight,round,length
0,"[105, 15, 152, 53, 42, 43, 35, 29, 110]","[1, 2, 3, 1, 1, 3, 2, 1, 1]",0,11750.398102041
1,"[69, 24, 140, 41, 97, 10, 121, 8, 60, 11, 113]","[1, 2, 1, 1, 1, 1, 1, 3, 1, 1, 2]",0,8756.511160967999
2,[],[],1,0.0
3,"[87, 91, 19]","[1, 1, 1]",1,10687.397173536001
