,customer,weight,round,length
0,"[124, 55, 108, 23, 27, 156, 73, 133, 76, 157]","[1, 1, 1, 1, 1, 2, 2, 1, 1, 1]",0,8859.3791992589
1,"[50, 49, 96, 94, 144, 118, 4, 6, 52, 93, 86, 89, 17]","[1, 1, 1, 1, 1, 1, 1, 1, 1, 3, 1, 1, 1]",0,6875.519009250101
