,task,distance
0,[0],5388.3531050204
1,[1],2062.1373975512
