,customer,weight,round,length
0,"[74, 133, 140, 76, 77, 132, 60, 6, 29, 33, 32, 157, 108]","[2, 1, 1, 1, 1, 1, 1, 1, 1, 2, 1, 1, 1]",0,11752.906928093002
1,"[28, 68, 12, 23, 11, 1, 109, 27, 110, 113]","[1, 1, 1, 1, 1, 1, 1, 1, 1, 2]",0,2321.2162229990004
2,[],[],0,0.0
3,"[156, 26, 69, 73, 71, 70, 24]","[2, 1, 1, 2, 1, 1, 2]",0,1890.6832505359998
