,customer,weight,round,length
0,"[54, 56, 32, 53, 35, 34, 65, 66]","[3, 2, 1, 4, 1, 1, 2, 1]",0,2725.7222583499997
1,"[17, 62, 14, 13, 45, 38, 33, 15, 10, 59, 19, 26]","[1, 1, 1, 2, 1, 2, 1, 1, 1, 1, 1, 2]",1,3287.159258007
2,"[58, 39, 16, 67, 9, 8, 27, 48, 50, 24, 31, 61]","[3, 2, 1, 1, 1, 1, 1, 1, 1, 1, 1, 1]",2,3746.8844903239997
3,"[29, 12, 68, 43]","[1, 1, 3, 3]",3,2681.56582941
