,customer,weight,round,length
0,"[58, 48, 55, 18, 5]","[1, 11, 1, 1, 1]",0,10983.187164174002
1,"[70, 60]","[2, 1]",1,9332.94266605
