,task,distance
0,[0],7097.992563909
1,[1],1561.3173209184
2,[2],7615.567300367
