,customer,weight,round,length
0,[29],[15],0,90.2681432194
1,"[52, 125, 116, 87, 88, 81, 28, 20, 29]","[1, 3, 1, 2, 1, 1, 2, 1, 3]",1,3737.7703818797
2,"[0, 57, 68, 16, 103, 111]","[1, 2, 1, 1, 1, 1]",2,6152.273681642
