,task,distance
0,[0],4514.095017026
1,[1],691.836577312
2,[2],4230.8414702266
