,task,distance
0,[0],9200.194370323
1,[1],0.0
2,[2],0.0
3,[3],12595.540887873
4,[4],0.0
