,task,distance
0,[0],1273.9460010090002
1,[1],1408.17041907
2,[2],1529.6641862289998
3,[3],1274.133662794
4,[4],1356.461550637
