,customer,weight,round,length
0,[],[],0,0.0
1,"[83, 31, 168, 164]","[2, 1, 1, 5]",0,2207.3263987359996
2,"[102, 2, 139, 22, 121, 18, 19, 151, 134]","[1, 2, 1, 2, 1, 1, 2, 1, 1]",0,5786.024767538001
3,"[76, 85, 80, 13, 110, 154, 41]","[1, 1, 1, 2, 8, 1, 1]",0,5989.828011251001
4,[],[],0,0.0
