,task,distance
0,[0],0.0
1,[1],5580.043589107099
2,[2],0.0
3,[3],4570.812497954
4,[4],0.0
