,task,distance
0,[0],386.70690386
1,[1],8598.751942837
2,[2],3261.606172451
3,[3],90.7560685774
4,[4],90.7560685774
