,customer,weight,round,length
0,"[33, 87, 90, 51, 75, 77, 31]","[1, 4, 3, 4, 1, 1, 1]",0,2834.0755626822
1,[33],[15],0,241.521529762
2,[],[],1,0.0
3,"[9, 29, 14]","[3, 2, 1]",1,3185.388695253
