,task,distance
0,[0],4586.789434008
1,[1],846.3914575006
