,task,distance
0,[0],3091.242946627
1,[1],0.0
2,[2],8280.73980702
3,[3],13088.942777781003
4,[4],10253.419714875
