,customer,weight,round,length
0,[36],[1],0,763.514487654
1,"[25, 32, 91, 89, 6, 54, 70, 96, 47, 9, 64, 75]","[1, 1, 2, 1, 1, 1, 1, 1, 1, 3, 1, 1]",0,11619.678738352
