,task,distance
0,[0],0.0
1,[1],3377.664571232
2,[2],1268.2159703985
3,[3],0.0
4,[4],0.0
