,task,distance
0,[0],2000002295.9510672
1,[1],2000001811.785328
2,[2],0.0
3,[3],0.0
