,task,distance
0,"[0, 6]",7160.051448557
1,"[1, 8]",3955.787111533
2,"[2, 5]",6045.8779583518
3,"[3, 9]",3432.8079042389
4,"[4, 7]",6539.0164547158
