,customer,weight,round,length
0,"[23, 83, 31, 41, 16, 14]","[2, 2, 3, 2, 1, 2]",0,1563.2294903457
1,"[32, 10, 46, 13, 61]","[1, 1, 3, 1, 2]",0,1421.590360209
2,[],[],0,0.0
3,[],[],0,0.0
