,task,distance
0,[0],1563.2294903457
1,[1],1421.590360209
2,[2],0.0
3,[3],0.0
