,task,distance
0,[0],3916.5850966
1,[1],339.256895814
2,[2],0.0
3,[3],0.0
