,task,distance
0,"[0, 4]",20336.9523685148
1,"[1, 5]",10091.952022109
2,"[2, 3]",11684.100821889002
