,task,distance
0,[0],0.0
1,[1],7069.247397927999
2,[2],0.0
3,[3],8130.345100209999
