,task,distance
0,[0],0.0
1,[1],0.0
2,[2],1460.6774913588
3,[3],6026.603754461
