,task,distance
0,[0],1584.1568963827
1,[1],1432.5197306437
2,[2],0.0
3,[3],0.0
