,customer,weight,round,length
0,"[19, 35, 28, 25, 2, 8]","[3, 1, 2, 1, 2, 2]",0,7771.278182750999
1,"[10, 31, 0, 3]","[1, 2, 2, 1]",0,1061.125990479
