,task,distance
0,[0],0.0
1,[1],7160.565658721999
2,[2],6305.07673394
