,task,distance
0,"[0, 8]",11320.060006802
1,"[1, 7]",8142.2099255097
2,"[2, 6]",8014.5960929689
3,"[3, 9]",4140.3362822415
4,"[4, 5]",8155.2795150394
