,task,distance
0,"[0, 5]",14648.5394012108
1,"[1, 9]",8590.1210160681
2,"[2, 8]",11843.837343475101
3,"[3, 6]",4604.448864028001
4,"[4, 7]",4140.3362822415
