,customer,weight,round,length
0,[],[],0,0.0
1,"[70, 50, 67, 68]","[1, 2, 1, 1]",0,879.5108349244999
2,"[65, 35, 66, 8, 64, 0, 11, 80, 79, 34, 55, 19, 20]","[1, 2, 1, 1, 1, 1, 1, 1, 1, 2, 1, 1, 1]",0,7730.6084306949
3,[],[],0,0.0
4,[],[],0,0.0
