,customer,weight,round,length
0,"[57, 97, 2, 1, 78, 33, 32, 31]","[2, 2, 1, 2, 1, 1, 1, 1]",0,2076.483955113
1,[],[],0,0.0
2,[],[],0,0.0
3,"[60, 96, 76, 3, 12, 29, 24, 42]","[1, 1, 2, 2, 1, 1, 1, 1]",0,2497.5089457248
4,[],[],0,0.0
