,task,distance
0,[0],0.0
1,[1],879.5108349244999
2,[2],7730.6084306949
3,[3],0.0
4,[4],0.0
