,customer,weight,round,length
0,"[162, 164, 36, 42, 23, 129, 109, 176, 3, 74, 63]","[2, 2, 1, 1, 1, 3, 1, 1, 1, 1, 1]",0,5663.7385315050005
1,"[58, 65, 64]","[1, 2, 2]",1,2763.311069065
