,customer,weight,round,length
0,[],[],0,0.0
1,[],[],0,0.0
2,"[69, 116, 71, 50, 4, 8, 17, 108]","[2, 3, 4, 1, 1, 2, 1, 1]",0,4779.621493191999
3,[],[],0,0.0
4,"[32, 33, 61, 90]","[3, 1, 2, 2]",0,1253.092392027
