,customer,weight,round,length
0,"[2, 5]","[8, 7]",0,511.35604259800004
1,"[2, 1, 0, 8]","[3, 1, 7, 4]",0,2977.737892738
2,[3],[9],1,554.951713458
3,"[7, 5]","[12, 3]",1,465.916896392
