,task,distance
0,"[0, 2]",1066.307756056
1,"[1, 3]",3443.65478913
