,customer,weight,round,length
0,"[27, 3, 43, 17, 18, 20, 36, 34, 4, 23, 2]","[5, 1, 1, 1, 1, 1, 1, 1, 1, 1, 1]",0,8027.5566115808
1,[30],[15],0,674.483355982
2,[27],[14],1,1004.170555154
3,"[26, 21, 44]","[3, 1, 1]",1,5557.558398626
