,customer,weight,round,length
0,[30],[15],0,674.483355982
1,"[23, 2, 3, 27]","[1, 1, 1, 12]",0,2660.546235763
2,[27],[7],1,1004.170555154
3,"[4, 34, 36, 20, 18, 17, 43, 44, 21, 26]","[1, 1, 1, 1, 1, 1, 1, 1, 1, 3]",1,7347.18707017
