,task,distance
0,"[0, 2]",7370.329579630001
1,"[1, 3]",6955.454002971
