,task,distance
0,"[0, 3]",8021.670426152
1,"[1, 2]",3664.716790917
