,customer,weight,round,length
0,"[0, 80, 75, 78, 32, 35, 67, 30, 131]","[2, 3, 1, 1, 1, 1, 1, 3, 2]",0,5125.860029909
1,"[50, 92, 95, 53, 84, 44, 140]","[5, 1, 1, 1, 1, 1, 1]",1,7779.080772470001
