,customer,weight,round,length
0,"[59, 62, 108, 70, 16, 110, 84, 69, 71]","[2, 1, 1, 2, 1, 1, 1, 3, 3]",0,1918.3189226006
1,"[52, 97, 121, 138, 48, 17, 73]","[2, 2, 1, 1, 1, 1, 1]",1,4726.9218104560005
