,customer,weight,round,length
0,"[103, 184, 81, 114, 191, 0, 157, 110, 6]","[1, 6, 1, 1, 1, 1, 2, 1, 1]",0,12563.4176026354
1,"[59, 61, 149, 190, 166, 168, 88, 36, 216, 172, 218, 94, 177]","[1, 1, 1, 1, 2, 1, 1, 2, 1, 1, 1, 1, 1]",0,6275.093374226
2,"[67, 66, 101, 87, 68, 20, 219, 56, 64, 3, 18, 26, 106, 73, 89]","[1, 1, 1, 1, 1, 1, 1, 1, 1, 1, 1, 1, 1, 1, 1]",0,8657.1832330456
3,[],[],1,0.0
4,[],[],1,0.0
5,"[137, 122, 125, 198, 124, 75, 180]","[1, 1, 1, 1, 1, 1, 4]",1,6527.678837412999
