,task,distance
0,[0],0.0
1,[1],0.0
2,[2],0.0
3,[3],226.75683339
4,[4],916.724846886
