,task,distance
0,[0],2626.88383306
1,[1],24936.5346193
