,customer,weight,round,length
0,[],[],0,0.0
1,"[13, 1, 7, 25]","[2, 3, 1, 9]",0,10184.410343885
2,[25],[14],0,1391.090528658
