,customer,weight,round,length
0,"[51, 67, 89, 35, 18, 24, 97, 68]","[1, 2, 1, 1, 1, 1, 3, 1]",0,4085.556962464
1,"[61, 37, 28, 4, 2, 57, 86, 56]","[1, 2, 1, 1, 1, 3, 2, 1]",0,7197.744967387
2,[],[],0,0.0
