,task,distance
0,"[0, 5, 6, 9]",5584.699478836001
1,"[1, 3, 8, 10]",6443.271354547999
2,"[2, 4, 7, 9]",5539.950525049
