,task,distance
0,[0],2985.259981032
1,[1],937.425698214
2,[2],3590.9170410427
3,[3],0.0
