,task,distance
0,"[0, 3]",6365.853179170001
1,"[1, 2]",5883.583780382999
