,task,distance
0,[0],3343.856365411
1,[1],7243.587259445801
