,customer,weight,round,length
0,"[25, 75, 74, 111, 113, 21, 22, 24, 112, 72, 19, 58]","[1, 1, 1, 1, 1, 2, 1, 1, 1, 2, 2, 1]",0,2000009606.079223
1,"[102, 103, 100, 79, 80, 78, 64, 63, 7, 44]","[1, 3, 1, 2, 1, 1, 2, 1, 1, 1]",0,2000014800.6008747
