,customer,weight,round,length
0,"[25, 63, 75, 55, 113, 21, 111, 72, 54, 58]","[1, 1, 1, 1, 1, 2, 1, 2, 1, 1]",0,2000009112.8324544
1,"[77, 28, 78, 34, 36, 37, 100, 92, 94, 4, 102, 62]","[1, 1, 1, 1, 2, 1, 1, 1, 1, 1, 1, 1]",0,2000002572.3317025
