,customer,weight,round,length
0,"[58, 50, 72, 19, 43, 70]","[1, 1, 7, 3, 2, 1]",0,1508.0802247717
1,[44],[15],0,356.088633562
2,"[54, 61, 60, 79, 47, 49, 67, 48, 17, 34, 8, 56]","[2, 1, 1, 1, 1, 1, 1, 1, 1, 2, 1, 2]",0,2936.8539881511997
3,[],[],1,0.0
4,[],[],1,0.0
5,"[80, 36, 74, 15, 0, 2, 52, 59]","[2, 1, 2, 3, 1, 1, 2, 1]",1,3429.904388513
