,task,distance
0,"[0, 4]",1508.0802247717
1,"[1, 5]",3785.9930220749998
2,"[2, 3]",2936.8539881512
