,customer,weight,round,length
0,[3],[15],0,4053.05890092
1,[],[],0,0.0
2,[3],[15],0,4053.05890092
