,customer,weight,round,length
0,"[2, 3]","[6, 9]",0,633.980732631
1,"[8, 0, 1]","[4, 7, 1]",0,2774.1578071390004
2,[7],[12],0,242.247197532
3,"[2, 5]","[5, 10]",0,511.35604259800004
