,task,distance
0,[0],421.319028598
1,[1],931.090072656
2,[2],223.66969886
3,[3],196.0075030127
