,customer,weight,round,length
0,[],[],0,0.0
1,"[153, 12, 14, 16, 30, 80, 79, 78]","[1, 2, 2, 3, 1, 1, 1, 1]",0,1119.1313670749
2,"[11, 119, 9, 10, 113, 120, 156, 139, 138, 117, 152, 155, 154]","[2, 1, 1, 1, 1, 2, 1, 1, 1, 1, 1, 1, 1]",0,1928.1214425368
3,[],[],0,0.0
4,"[81, 159, 17, 21, 61, 66, 65, 146, 133, 95, 108]","[2, 1, 1, 1, 1, 1, 1, 4, 1, 1, 1]",0,3437.0329572204
