,customer,weight,round,length
0,[25],[1],0,100.036393907
1,"[76, 40, 91, 74, 75, 46, 73, 24, 69, 147, 26, 106]","[1, 1, 1, 1, 1, 1, 2, 2, 1, 1, 1, 2]",0,2107.8017321299
2,[],[],0,0.0
3,"[105, 72, 109, 122, 121, 71, 55, 62, 70, 57, 39]","[2, 1, 1, 2, 1, 1, 1, 1, 3, 1, 1]",0,2790.9044198509996
4,"[47, 48, 93, 90, 103, 49, 34, 35, 28]","[1, 2, 1, 3, 2, 1, 1, 1, 3]",0,1724.674957623
