,task,distance
0,[0],1710.7381489952004
1,[1],2332.8744876208
2,[2],2627.436784026901
3,[3],0.0
4,[4],0.0
