,task,distance
0,[0],0.0
1,[1],1119.1313670749
2,[2],1928.1214425368
3,[3],0.0
4,[4],3437.0329572204
