,task,distance
0,[0],4769.424931588499
1,[1],0.0
2,[2],4287.7372197393
3,[3],0.0
4,[4],2459.619780523
