,task,distance
0,"[0, 5]",7026.021165372999
1,"[1, 8]",3749.576201968
2,"[2, 9]",3100.6624619259
3,"[3, 6]",7502.140077110001
4,"[4, 7]",4547.49948848
