,customer,weight,round,length
0,[],[],0,0.0
1,"[44, 55, 0, 7, 50]","[3, 3, 1, 5, 3]",0,2688.009965183
2,"[54, 53]","[6, 1]",0,813.548695912
3,[],[],0,0.0
