,customer,weight,round,length
0,[],[],0,0.0
1,[],[],0,0.0
2,"[54, 43, 72]","[6, 1, 1]",0,2326.79491048
3,"[66, 11, 48, 34]","[10, 1, 1, 2]",0,2738.6085083840003
