,customer,weight,round,length
0,[72],[1],0,225.682560952
1,"[13, 47, 8, 5, 24, 9]","[2, 1, 1, 1, 1, 1]",0,1325.7294516896998
2,[],[],0,0.0
3,[],[],0,0.0
