,task,distance
0,[0],277.020586912
1,[1],0.0
2,[2],0.0
3,[3],2876.9940780335
