,task,distance
0,[0],0.0
1,[1],281.204632598
2,[2],0.0
3,[3],2588.942609135
