,task,distance
0,[0],9220.159566338
1,[1],1391.090528658
2,[2],0.0
