,task,distance
0,[0],2520.515538107
1,[1],0.0
2,[2],277.020586912
3,[3],143.196378053
