,task,distance
0,[0],3598.4926562519
1,[1],98.7567346056
