,customer,weight,round,length
0,"[26, 25]","[11, 4]",0,758.6724423271
1,"[14, 17]","[8, 7]",0,751.2390590912
2,"[22, 18, 2, 37, 3]","[1, 4, 3, 4, 3]",0,3932.226722907
3,[],[],1,0.0
4,[],[],1,0.0
5,"[24, 38, 9, 26]","[1, 1, 1, 8]",1,4351.469550553
