,customer,weight,round,length
0,"[4, 3]","[7, 8]",0,682.417979703
1,"[9, 5, 8]","[8, 3, 4]",0,2510.13175783
2,"[1, 9, 6]","[3, 11, 1]",0,2328.939681125
3,[10],[4],1,2284.81799492
4,[],[],1,0.0
5,"[5, 0, 2, 11, 7]","[1, 3, 1, 1, 1]",1,1900.8324260680001
