,task,distance
0,"[0, 3]",1736.3244178871998
1,"[1, 5]",6187.158662353201
2,"[2, 4]",865.1241614731001
