,customer,weight,round,length
0,"[51, 15, 59, 76, 25, 80, 41]","[4, 1, 5, 1, 1, 2, 1]",0,7440.061741936
1,"[87, 0, 1]","[1, 4, 10]",0,1472.377079056
2,"[88, 85]","[1, 14]",0,4815.995187797
