,task,distance
0,[0],0.0
1,[1],868.1907173794
2,[2],7346.820690719801
