,customer,weight,round,length
0,"[35, 83, 114, 126, 45, 96, 146, 98]","[3, 4, 1, 2, 2, 1, 1, 1]",0,3001.2288488756
1,"[36, 34, 140, 123, 118, 41, 43, 42, 94, 23, 22, 89]","[1, 3, 1, 1, 1, 1, 1, 1, 2, 1, 1, 1]",0,3623.200992925
2,"[172, 110, 109, 48, 65, 165]","[1, 1, 1, 2, 2, 4]",1,5331.614957473001
3,"[118, 174, 26, 106, 107, 25, 112, 113, 129]","[3, 1, 1, 1, 1, 1, 1, 1, 3]",1,4806.267536377
