,task,distance
0,"[0, 2]",8332.843806348601
1,"[1, 3]",8429.468529302001
