,task,distance
0,"[0, 2]",6457.7545081669
1,"[1, 3]",7611.7333761149985
