,customer,weight,round,length
0,"[4, 1, 75, 36, 93, 8, 30, 66, 71, 114, 5]","[2, 2, 1, 1, 3, 1, 1, 1, 1, 1, 1]",0,14046.657337032
1,"[109, 124, 48, 87, 86]","[1, 1, 1, 1, 1]",0,4382.684275507099
2,[],[],0,0.0
