,customer,weight,round,length
0,[],[],0,0.0
1,"[143, 8, 91, 103, 79, 100, 21, 94, 93, 129]","[2, 1, 1, 2, 1, 1, 1, 1, 3, 2]",0,2000006694.0478425
2,"[87, 106, 105]","[1, 1, 2]",0,2000001410.690111
