,task,distance
0,[0],14046.657337032
1,[1],4382.684275507099
2,[2],0.0
