,customer,weight,round,length
0,[65],[3],0,526.650753628
1,[],[],0,0.0
2,"[12, 25, 27, 50, 47, 37, 2, 15, 46]","[2, 1, 1, 1, 3, 1, 1, 2, 1]",0,3662.608052062
3,[],[],0,0.0
4,[],[],0,0.0
