,customer,weight,round,length
0,"[68, 50, 67, 53, 59, 23, 25]","[1, 1, 1, 1, 3, 1, 1]",0,2668.425949641
1,[],[],0,0.0
2,[],[],0,0.0
3,[],[],0,0.0
4,"[27, 58, 30, 57]","[1, 2, 2, 2]",0,1415.0842305867
