,task,distance
0,[0],2668.425949641
1,[1],0.0
2,[2],0.0
3,[3],0.0
4,[4],1415.0842305867
