,customer,weight,round,length
0,"[12, 33, 40, 39, 61, 15, 32, 24, 8, 52, 3]","[2, 1, 3, 1, 1, 1, 1, 1, 2, 1, 1]",0,5774.253575117201
1,"[9, 11, 30, 55]","[1, 1, 1, 6]",0,2208.7684701595
