,customer,weight,round,length
0,"[4, 75, 73, 74]","[4, 9, 1, 1]",0,1221.5014653027001
1,"[25, 3, 30, 31, 23]","[4, 1, 1, 1, 8]",0,1772.2483851719999
2,"[30, 27, 71, 21, 77, 88, 41]","[1, 1, 1, 1, 1, 1, 1]",1,4936.660579306
3,[],[],1,0.0
