,task,distance
0,[0],2397.9675630016995
1,[1],499.00724554860005
