,task,distance
0,[0],6654.943009070001
1,[1],8398.6538208794
