,customer,weight,round,length
0,"[10, 9]","[10, 5]",0,296.3176786778
1,"[10, 7, 6, 5, 4, 8, 14]","[3, 3, 3, 1, 2, 2, 1]",0,1299.0483555047
2,"[3, 1, 12]","[1, 1, 1]",1,1392.825250479
3,[],[],1,0.0
