,task,distance
0,"[0, 2]",1689.1429291568002
1,"[1, 3]",1299.0483555047
