,customer,weight,round,length
0,"[76, 40, 27, 62, 14, 73, 35]","[1, 1, 1, 2, 1, 8, 1]",0,2808.5118634000005
1,"[34, 64, 61, 74, 57, 51, 82, 33]","[1, 2, 2, 1, 2, 3, 2, 2]",1,3263.322151493
2,"[13, 83, 22, 23, 56, 79, 49, 38, 11, 9, 8, 32]","[1, 1, 1, 1, 1, 1, 1, 2, 1, 1, 2, 2]",2,3821.970819561
3,"[26, 86, 60, 59, 10, 7, 42, 30, 43, 31, 20, 17, 63, 81]","[1, 1, 1, 1, 1, 1, 1, 2, 1, 1, 1, 1, 1, 1]",3,4325.557599393201
4,"[30, 70, 29, 67, 69, 4]","[2, 1, 1, 1, 1, 1]",4,3566.126923325
