,customer,weight,round,length
0,"[19, 6, 16, 5, 25, 2, 17, 3, 21, 9, 18]","[1, 1, 1, 1, 1, 2, 2, 1, 2, 1, 2]",0,778.411881483
1,"[12, 45, 23, 11, 20, 4, 1, 30, 10, 43, 34, 8, 44]","[1, 1, 1, 1, 1, 1, 1, 1, 1, 2, 2, 1, 1]",1,1024.768760531
2,"[41, 29, 15, 38, 26, 24]","[1, 1, 4, 5, 3, 1]",2,2071.192530879
3,"[39, 32, 27, 22, 7, 0, 42, 37, 40, 31, 33, 38]","[1, 1, 1, 1, 1, 1, 1, 1, 1, 2, 1, 3]",3,1472.3722555749998
4,"[32, 28, 36, 35, 14, 13]","[1, 2, 1, 1, 1, 1]",4,390.09085815000003
