,task,distance
0,[0],3628.910567423
1,[1],12810.178969773
2,[2],3190.8775361273
3,[3],35061.762586714
