,customer,weight,round,length
0,"[72, 85, 27, 66, 65, 48, 49]","[1, 5, 3, 1, 2, 2, 1]",0,1637.5676230400002
1,[33],[15],0,3091.77192324
2,"[21, 40, 41, 42, 62, 63, 14, 29, 84, 73]","[1, 4, 1, 1, 1, 1, 1, 2, 2, 1]",0,2116.9478468055
3,"[44, 45, 46, 12, 79, 70, 33, 67]","[1, 8, 1, 1, 1, 1, 1, 1]",0,5050.708122888
4,[],[],1,0.0
5,[],[],1,0.0
6,[10],[1],1,3898.21580336
7,[],[],1,0.0
