,customer,weight,round,length
0,"[91, 0, 15, 37]","[2, 2, 2, 1]",0,1243.9865238334
1,"[95, 87, 97, 13, 39, 11, 38]","[1, 1, 2, 3, 1, 3, 1]",0,1781.1121304706
