,customer,weight,round,length
0,[53],[2],0,307.522828396
1,"[34, 57, 35, 14, 29, 93, 50, 94, 42, 81]","[1, 3, 1, 1, 2, 1, 1, 2, 2, 1]",0,3851.3062018468
