,task,distance
0,[0],2615.788088178
1,[1],4604.418113379001
