,task,distance
0,[0],5000.164835396
1,[1],1549.265596316
