,task,distance
0,[0],0.0
1,[1],10739.290713598
2,[2],3715.21032746
