,task,distance
0,[0],9335.975056938
1,[1],0.0
2,[2],0.0
3,[3],14537.266543385
4,[4],362.553484804
