,task,distance
0,[0],211.967236598
1,[1],6278.707624860999
2,[2],12317.205974161
3,[3],0.0
4,[4],0.0
