,customer,weight,round,length
0,"[49, 34, 54, 61, 17, 8, 29, 0, 53, 66, 20, 12, 47]","[1, 1, 2, 1, 1, 1, 1, 1, 1, 2, 1, 1, 1]",0,375.2174032806
1,"[45, 32, 11, 59, 15, 27, 3, 33, 64, 62, 44, 38, 50]","[1, 2, 1, 1, 1, 1, 1, 1, 1, 2, 1, 1, 1]",0,3685.938783074
2,"[46, 51, 58, 9, 26, 19, 39, 65, 52, 67, 57, 60, 48, 10]","[1, 1, 1, 1, 1, 1, 2, 1, 1, 1, 1, 1, 1, 1]",0,4496.06430097
3,"[54, 41, 63, 1, 2, 37, 5, 13, 40]","[5, 1, 1, 1, 1, 2, 1, 1, 1]",1,3983.05643336
4,"[30, 28, 43, 56, 6, 14, 18, 25]","[1, 1, 1, 4, 1, 1, 5, 1]",1,916.853345881
5,"[23, 22, 24, 31, 4, 21, 7, 55, 35, 36, 42, 68, 16]","[1, 1, 1, 2, 1, 1, 1, 1, 1, 1, 1, 2, 1]",1,3427.17913098
