,task,distance
0,"[0, 4]",14050.555909648001
1,"[1, 5]",11457.885031245998
2,"[2, 3]",12757.610478851702
