,task,distance
0,[0],369.269249284
1,[1],0.0
2,[2],5518.015530843
3,[3],0.0
