,task,distance
0,"[0, 3]",6427.327681295301
1,"[1, 4]",7668.54598247
2,"[2, 5]",6861.2238242492
