,task,distance
0,"[0, 3]",2253.112099028
1,"[1, 5]",2420.5190735220003
2,"[2, 4]",2437.8304609899997
