,customer,weight,round,length
0,"[13, 10, 24, 3, 8, 1, 34, 12]","[1, 1, 1, 8, 1, 1, 1, 1]",0,2035.529862348
1,"[14, 4, 31, 23, 2, 9, 0, 35, 16, 15, 21, 17, 36, 5]","[1, 1, 1, 1, 1, 1, 1, 1, 1, 1, 1, 1, 1, 2]",0,781.706520196
2,"[32, 6, 20, 18, 26, 28, 25, 33]","[1, 1, 1, 1, 5, 1, 4, 1]",1,790.491129557
3,"[7, 29, 40, 27, 19]","[1, 1, 1, 11, 1]",1,503.896540813
4,[],[],2,0.0
5,"[27, 38, 11, 30, 37, 39, 22, 41]","[2, 1, 3, 1, 1, 1, 1, 1]",2,2207.739181645
