,customer,weight,round,length
0,"[17, 72, 49]","[1, 1, 13]",0,2512.946086917
1,"[29, 23, 45, 46, 38, 66, 82, 81, 44, 79, 87, 35, 36, 84, 28]","[1, 1, 1, 1, 1, 1, 1, 1, 1, 1, 1, 1, 1, 1, 1]",0,6090.2550950671
2,"[32, 31, 5, 77, 8, 7, 22, 25, 75, 19]","[1, 1, 1, 1, 5, 1, 1, 1, 1, 2]",1,1866.8583488594998
3,"[60, 52, 27, 47, 48, 30]","[1, 1, 3, 4, 5, 1]",1,5734.512271798999
4,[],[],2,0.0
5,"[33, 34, 20, 74, 21, 73, 6, 78, 8]","[1, 1, 1, 1, 1, 1, 1, 1, 3]",2,1836.9834930833003
