,customer,weight,round,length
0,"[45, 46, 38, 23, 30, 5, 31, 32, 33, 6, 78, 77, 25, 22, 28]","[1, 1, 1, 1, 1, 1, 1, 1, 1, 1, 1, 1, 1, 1, 1]",0,2769.0126898854996
1,"[29, 7, 8, 75, 72, 19, 17]","[1, 1, 8, 1, 1, 2, 1]",0,1101.6473125737
2,"[60, 73, 21, 74, 20, 34, 47, 48]","[1, 1, 1, 1, 1, 1, 4, 5]",1,3440.436864123
3,"[52, 49, 35, 36, 84]","[1, 11, 1, 1, 1]",1,2929.162383748
4,"[49, 44, 87, 79, 27, 81, 82, 66]","[2, 1, 1, 1, 3, 1, 1, 1]",2,5923.213253002001
5,[],[],2,0.0
