,customer,weight,round,length
0,"[34, 14, 76, 40, 61, 62, 27, 57, 74, 56, 79, 49]","[1, 1, 1, 1, 2, 2, 1, 2, 1, 1, 1, 1]",0,3168.9727240479997
1,"[32, 33, 82, 64, 23, 22, 83, 13, 11, 38]","[2, 2, 2, 2, 1, 1, 1, 1, 1, 2]",0,2564.0751749260003
2,"[8, 9, 73, 51, 35]","[2, 1, 8, 3, 1]",0,2130.56857382
3,"[81, 63, 17, 20, 10, 59, 60, 86, 26]","[1, 1, 1, 1, 1, 1, 1, 1, 1]",1,3389.0523947002
4,"[7, 42, 30, 70, 29, 67, 69, 4, 43, 31]","[1, 1, 4, 1, 1, 1, 1, 1, 1, 1]",1,3769.467093355
5,[],[],1,0.0
