,task,distance
0,[0],2364.1437513209
1,[1],0.0
2,[2],520.6554262347
