,customer,weight,round,length
0,"[75, 76, 36, 28, 33, 47, 86, 60, 82]","[3, 2, 1, 3, 1, 1, 1, 2, 1]",0,3445.3653407630004
1,"[81, 97, 94, 95, 96, 22, 41]","[2, 1, 1, 1, 1, 2, 1]",0,1151.3365012505
2,"[23, 29, 53, 66, 50, 49, 54, 67, 89, 93]","[1, 1, 2, 2, 1, 1, 3, 1, 1, 1]",0,3780.5100185461
