,customer,weight,round,length
0,"[41, 42, 22, 96, 31, 73, 94, 95, 97, 0, 72]","[1, 1, 2, 1, 1, 2, 1, 1, 1, 1, 3]",0,1241.1018513565998
1,"[71, 21, 90, 89, 19, 23, 68]","[1, 2, 1, 1, 2, 1, 2]",0,1959.1924049020004
2,"[6, 80, 79, 47, 54, 65, 67, 93]","[1, 1, 6, 1, 3, 1, 1, 1]",0,4875.5349129829
