,task,distance
0,[0],3445.3653407630004
1,[1],1151.3365012505
2,[2],3780.5100185461
