,task,distance
0,[0],1419.6839117957995
1,[1],2963.34578099
2,[2],2229.1395839541
