,task,distance
0,[0],3421.0092915600003
1,[1],2482.7599336855
2,[2],3133.4810976717004
