,customer,weight,round,length
0,"[5, 20, 74, 73, 78, 77, 8, 7]","[1, 1, 1, 1, 1, 1, 8, 1]",0,1345.3461013136998
1,"[72, 75, 25]","[1, 1, 1]",0,559.8251889372
