,customer,weight,round,length
0,[43],[1],0,254.092247976
1,[],[],0,0.0
2,"[49, 42]","[1, 1]",0,2549.70731964
3,[80],[1],0,930.224920672
