,task,distance
0,[0],0.0
1,[1],0.0
2,[2],366.8021568865
3,[3],3976.1016213091
