,customer,weight,round,length
0,[],[],0,0.0
1,"[82, 73, 24, 83, 66]","[3, 3, 2, 1, 1]",0,1868.791243005
2,"[65, 78, 46, 53, 48, 60, 93, 61]","[2, 3, 1, 2, 1, 1, 1, 1]",0,4822.389793505
