,customer,weight,round,length
0,"[16, 35, 37, 72, 73, 5, 0, 12, 79, 15]","[2, 1, 2, 1, 2, 1, 1, 1, 2, 2]",0,4327.888745026
1,"[32, 33, 34, 2, 62, 58, 90, 89, 95, 71, 97, 96]","[1, 1, 1, 3, 2, 1, 1, 1, 1, 1, 1, 1]",0,2777.729354727
2,"[40, 80, 44, 42, 43, 17, 21, 52, 47, 67]","[1, 1, 1, 1, 1, 1, 2, 2, 2, 2]",0,9342.027582140001
