,task,distance
0,"[0, 2]",5258.376805503
1,"[1, 3]",5213.643418693099
