,customer,weight,round,length
0,[],[],0,0.0
1,"[12, 3, 11, 47, 48]","[3, 3, 1, 1, 1]",0,1745.857712622
2,[53],[2],0,495.601906626
