,task,distance
0,[0],0.0
1,[1],1745.857712622
2,[2],495.601906626
