,customer,weight,round,length
0,"[68, 22, 23, 95, 30, 29, 77, 91, 4, 19, 67, 20]","[1, 1, 1, 1, 1, 2, 1, 1, 1, 1, 1, 1]",0,2387.6327768560996
1,[69],[1],0,193.869788327
