,customer,weight,round,length
0,[],[],0,0.0
1,[],[],0,0.0
2,"[66, 65, 115, 120, 28]","[2, 1, 1, 1, 2]",0,1269.511210691
3,"[92, 59, 17, 97, 88, 22, 15, 39, 112, 110]","[2, 1, 1, 1, 1, 1, 1, 1, 1, 2]",0,15118.843348202601
