,customer,weight,round,length
0,[],[],0,0.0
1,[],[],0,0.0
2,"[128, 38, 11, 35, 87, 88, 62]","[1, 1, 1, 1, 1, 1, 1]",0,3420.0835739096
3,"[78, 8, 123, 65, 96, 112, 111, 24]","[1, 3, 2, 1, 2, 1, 1, 1]",0,14438.556107329001
