,task,distance
0,[0],257.4315249
1,[1],15344.584777053002
2,[2],0.0
3,[3],477.416024848
