,task,distance
0,[0],5805.204419197001
1,[1],11297.60047114
2,[2],0.0
3,[3],291.68420181
