,task,distance
0,[0],0.0
1,[1],0.0
2,[2],1269.511210691
3,[3],15118.8433482026
