,customer,weight,round,length
0,"[23, 24, 44, 21, 30, 13, 12, 26, 28, 40]","[2, 2, 2, 1, 1, 1, 1, 1, 3, 1]",0,2269.7499214609998
1,"[29, 20, 8, 6, 43, 5, 7, 38]","[1, 1, 1, 1, 2, 7, 1, 1]",0,2771.399112534
2,"[37, 9, 10, 22, 18, 46, 35, 42]","[1, 1, 1, 3, 1, 1, 5, 2]",0,3898.61241645
3,"[39, 36, 16, 17, 11, 25, 15, 2, 4, 19, 3, 41]","[1, 1, 1, 1, 1, 1, 1, 3, 1, 2, 1, 1]",0,3407.05324028
4,[],[],1,0.0
5,[],[],1,0.0
6,"[33, 31, 34, 26, 27]","[4, 1, 1, 1, 1]",1,889.414048033
7,"[0, 14, 1, 45, 32]","[4, 3, 1, 1, 4]",1,2687.9331519469997
