,customer,weight,round,length
0,"[67, 66, 65, 43, 12, 13, 15, 16, 5, 35, 22, 75, 47]","[1, 1, 1, 1, 1, 1, 1, 1, 3, 1, 1, 1, 1]",0,2507.5415385881
1,"[34, 33, 31, 14, 71, 72, 61, 60, 68]","[2, 2, 3, 1, 2, 2, 1, 1, 1]",0,2049.2697733205996
2,"[42, 39, 8, 7, 6, 70]","[3, 1, 7, 1, 1, 2]",0,4269.138152076
3,"[26, 25, 24, 23, 18, 59, 29, 11, 10, 30]","[2, 1, 1, 1, 1, 5, 1, 1, 1, 1]",0,2649.2505288536004
4,"[0, 74, 3, 20, 58, 56]","[4, 1, 1, 3, 1, 4]",1,5513.033730988
5,[],[],1,0.0
6,"[55, 54, 41, 39]","[4, 1, 1, 1]",1,3885.755764877
7,[],[],1,0.0
