,task,distance
0,[0],669.52882722
1,[1],0.0
2,[2],4261.67514517
