,task,distance
0,[0],50690.267745289
1,[1],0.0
2,[2],2394.38218932
