,customer,weight,round,length
0,"[71, 32, 98, 116, 23, 157, 35]","[1, 2, 2, 1, 2, 1, 6]",0,5398.847793259
1,[35],[15],0,1991.480057406
2,[92],[15],1,1762.65557446
3,[92],[15],1,1762.65557446
4,[],[],2,0.0
5,"[12, 15, 160, 79, 170, 56, 161, 138]","[1, 1, 1, 1, 1, 2, 5, 1]",2,4820.662540268
