,task,distance
0,[0],1614.9639857248
1,[1],0.0
2,[2],4329.471849838
3,[3],757.9473497240001
4,[4],0.0
