,customer,weight,round,length
0,"[31, 12, 5, 24, 30, 25, 9, 2, 4, 8]","[1, 2, 2, 2, 1, 2, 1, 1, 2, 1]",0,294.929628444
1,"[3, 10, 19, 29, 1, 26, 21, 13, 22, 16, 27, 23]","[1, 1, 1, 1, 3, 1, 2, 1, 1, 1, 1, 1]",1,1229.550226706
2,"[11, 17, 14, 7, 18, 28, 0, 20, 15, 6]","[1, 2, 1, 2, 2, 1, 1, 2, 1, 1]",2,431.00054179430003
