,customer,weight,round,length
0,"[16, 62, 84, 20, 86, 74]","[1, 1, 2, 1, 5, 3]",0,1776.38219822
1,[36],[3],0,165.6947843126
