,task,distance
0,[0],0.0
1,[1],0.0
2,[2],0.0
3,[3],1223.86193435
4,[4],9421.7102526503
