,customer,weight,round,length
0,"[79, 5, 16, 19, 8]","[2, 1, 1, 1, 1]",0,2115.1740313
1,"[1, 52, 3, 4, 76, 31, 14, 13, 51]","[1, 1, 2, 1, 1, 1, 4, 2, 1]",0,3572.581057049
