,task,distance
0,[0],409.4115621353
1,[1],0.0
2,[2],8262.144797923998
3,[3],0.0
