,task,distance
0,[0],0.0
1,[1],12971.548495512
2,[2],3027.398360678
