,task,distance
0,[0],0.0
1,[1],1081.263878271
2,[2],6024.2255743900005
