,task,distance
0,[0],3031.479383841
1,[1],10998.714373511
2,[2],0.0
