,task,distance
0,[0],1562.954594628
1,[1],14818.612433046
2,[2],0.0
