,task,distance
0,[0],3504.8954842057
1,[1],3536.2605843209994
2,[2],0.0
3,[3],0.0
4,[4],0.0
