,customer,weight,round,length
0,"[135, 99, 98, 97, 140, 132]","[1, 4, 2, 2, 5, 1]",0,2547.56137659
1,"[190, 171, 23, 70, 101, 185, 184]","[1, 3, 1, 4, 2, 1, 3]",0,3600.2119481640007
2,"[167, 156, 30]","[1, 2, 1]",1,1774.223302976
3,"[145, 7, 9, 126, 152, 10, 202, 24, 177, 179]","[1, 1, 1, 3, 2, 1, 1, 3, 1, 1]",1,4702.0612379740005
