,customer,weight,round,length
0,"[101, 103, 180, 185, 184, 135, 109]","[2, 4, 2, 1, 3, 1, 2]",0,1682.7783716425997
1,"[95, 139, 143, 142, 98, 99]","[1, 3, 1, 4, 2, 4]",0,1161.006440743
2,"[131, 119, 111, 69, 96, 70]","[2, 2, 2, 4, 1, 4]",1,2001.8196248310003
3,"[141, 140, 97, 181, 75, 109, 110]","[2, 5, 2, 1, 2, 1, 2]",1,2196.7982869840002
4,[],[],2,0.0
5,[126],[3],2,4216.36675856
