,task,distance
0,[0],2819.684260962
1,[1],2178.068202517
2,[2],865.4996485080001
3,[3],2039.8220462186
4,[4],136.9257826698
