,customer,weight,round,length
0,[],[],0,0.0
1,"[17, 20, 26]","[1, 1, 3]",0,6300.604989220001
2,[30],[15],0,4937.73835296
3,[],[],0,0.0
4,[],[],0,0.0
