,customer,weight,round,length
0,[27],[4],0,320.457493508
1,[],[],0,0.0
2,"[26, 3]","[3, 1]",0,1873.821460591
3,[27],[15],0,320.457493508
4,[],[],0,0.0
