,customer,weight,round,length
0,"[94, 57, 103, 45, 14, 160, 8]","[1, 1, 1, 2, 2, 1, 1]",0,5123.585001671
1,"[34, 141, 143, 170, 108, 59, 165, 18, 22, 53, 51]","[1, 2, 3, 1, 1, 1, 1, 1, 1, 1, 1]",0,7045.9512793641
2,"[97, 99, 89, 129, 104, 172, 122, 74, 71, 48, 6, 146, 157]","[1, 1, 1, 1, 3, 1, 1, 1, 1, 1, 1, 1, 1]",0,7348.839342826801
3,"[174, 135, 153, 156, 150]","[1, 1, 1, 1, 1]",0,8487.0576579897
