,customer,weight,round,length
0,"[124, 104, 42, 3, 2, 171, 9, 10, 117, 157, 147, 103]","[2, 1, 1, 2, 1, 2, 1, 1, 1, 1, 1, 1]",0,5812.3086172395
1,"[76, 140, 107, 149, 11, 164, 52, 22]","[5, 2, 1, 1, 3, 1, 1, 1]",1,6918.64974534
