,customer,weight,round,length
0,"[114, 146, 60, 63, 27, 120, 65, 96, 57, 123, 139]","[2, 1, 1, 3, 1, 2, 1, 1, 1, 1, 1]",0,13586.267658277997
1,"[111, 59, 154, 145, 23, 164, 18, 17, 108]","[1, 1, 1, 1, 1, 1, 1, 1, 1]",1,16391.78137149
