,customer,weight,round,length
0,"[56, 84, 85, 89, 88, 87, 55]","[1, 3, 1, 1, 4, 1, 3]",0,1906.5273065829997
1,"[97, 38, 11, 39, 13, 100]","[2, 1, 3, 1, 3, 2]",0,1794.3055315919999
2,"[6, 14, 46, 4, 99]","[3, 1, 1, 1, 1]",0,1116.797990639
