,task,distance
0,[0],4995.5078322443
1,[1],0.0
2,[2],2792.316080158
