,task,distance
0,[0],307.522828396
1,[1],1988.049946506
2,[2],1775.9635095128003
