,customer,weight,round,length
0,[],[],0,0.0
1,"[93, 28, 29, 30, 10, 11, 12, 82, 13, 115, 114, 142]","[1, 1, 1, 2, 1, 1, 1, 1, 1, 1, 1, 1]",0,2000003858.4922779
2,"[117, 47, 87, 37, 70, 131, 16]","[1, 3, 3, 1, 1, 1, 1]",0,2000002561.2348108
