,customer,weight,round,length
0,"[69, 68, 67, 24, 35, 45, 46]","[1, 1, 4, 4, 2, 1, 1]",0,3780.0759029662
1,"[103, 122, 50, 100, 99, 143, 48, 40, 57]","[3, 3, 1, 1, 2, 2, 1, 1, 1]",0,7222.3747541110015
2,"[101, 105, 31]","[1, 1, 1]",0,1430.261193562
