,customer,weight,round,length
0,[],[],0,0.0
1,"[56, 58, 45, 87, 76, 79, 43, 44]","[2, 1, 1, 1, 1, 1, 1, 1]",0,2735.2570169570004
2,"[9, 81, 0, 1, 20, 41, 4, 3, 59, 2]","[2, 1, 2, 2, 1, 1, 1, 1, 1, 1]",0,3373.3843897330003
