,task,distance
0,[0],0.0
1,[1],2165.560155948
2,[2],5456.088737947
