,customer,weight,round,length
0,[2],[15],0,162.20905308
1,"[2, 14, 15]","[5, 1, 1]",1,804.0999053099999
