,customer,weight,round,length
0,[],[],0,0.0
1,[107],[1],0,110.352260724
2,"[130, 133, 142, 117, 110, 104, 78, 100, 76, 66, 79, 69, 120, 73, 150]","[1, 1, 1, 1, 1, 1, 1, 1, 1, 1, 1, 1, 1, 1, 1]",0,6017.695402132
3,[],[],0,0.0
4,[],[],0,0.0
