,task,distance
0,[0],0.0
1,[1],1565.3950910469998
2,[2],4408.118721784001
3,[3],0.0
4,[4],0.0
