,customer,weight,round,length
0,"[180, 64, 214, 215, 42, 158, 116, 156, 204, 45, 67, 188, 5, 11]","[1, 1, 1, 1, 1, 2, 1, 1, 1, 1, 1, 1, 1, 1]",0,14128.879312555
1,"[228, 145, 97, 104, 209, 68, 78, 107]","[1, 1, 1, 4, 1, 1, 1, 1]",1,14760.997291611
