,task,distance
0,"[0, 3, 5]",12638.5331909468
1,"[1, 2, 4]",9765.6094940865
