,customer,weight,round,length
0,"[4, 9, 3]","[2, 1, 2]",0,2816.1064311
1,"[6, 1]","[1, 1]",0,407.49728420179997
