,task,distance
0,[0],407.4972842018
1,[1],2816.1064311
