,customer,weight,round,length
0,"[25, 22, 21, 2, 44, 19, 18, 41, 39]","[1, 1, 1, 6, 1, 1, 1, 2, 1]",0,4530.54610385
1,"[10, 42, 2, 5, 43, 26, 13, 34, 35, 23, 20, 33]","[1, 2, 1, 2, 1, 1, 1, 1, 1, 2, 1, 1]",1,2313.216741082
2,"[24, 6, 26, 37, 36, 8, 40, 12, 27, 14, 15, 7, 28, 0, 11]","[1, 1, 1, 1, 1, 1, 1, 1, 1, 1, 1, 1, 1, 1, 1]",2,4381.16886559
3,"[30, 9, 1, 38, 32, 31, 3]","[1, 1, 1, 2, 8, 1, 1]",3,1465.67406491
4,[32],[15],4,1934.612024426
5,"[16, 32, 29]","[1, 13, 1]",5,1415.471360772
6,[16],[15],6,1173.61694562
7,"[16, 17, 4]","[5, 1, 1]",7,1464.109301128
