,customer,weight,round,length
0,"[41, 98, 42, 94, 58, 89, 8, 50, 49]","[1, 1, 1, 2, 1, 1, 6, 1, 1]",0,2685.7842312041
1,"[15, 82, 81, 80, 59, 44, 95, 26, 97, 31, 52, 8]","[2, 1, 1, 1, 1, 1, 2, 1, 1, 1, 2, 1]",1,4445.816077827
2,"[61, 64, 32, 33, 90, 19, 30, 20, 27, 23, 57, 4, 59, 84, 83]","[1, 1, 1, 1, 1, 1, 1, 1, 1, 1, 1, 1, 1, 1, 1]",2,5100.539304480099
3,"[79, 77, 10, 71, 24, 85, 5]","[8, 1, 1, 1, 1, 2, 1]",3,7910.862658203
4,[79],[15],4,2926.4184964
5,"[79, 34, 70]","[13, 1, 1]",5,6776.89517478
6,[34],[15],6,4152.9829439
7,"[34, 11, 36]","[5, 1, 1]",7,9855.774296630001
