,customer,weight,round,length
0,"[21, 37, 116, 85, 67, 95]","[9, 1, 1, 1, 2, 1]",0,4193.394822899
1,"[139, 38, 90, 111, 36, 106, 100, 68, 70, 87, 134, 33]","[2, 1, 1, 1, 1, 1, 1, 1, 2, 1, 1, 1]",1,7575.359488990999
