,customer,weight,round,length
0,"[20, 44, 46, 12, 9, 104, 138]","[1, 3, 3, 2, 4, 1, 1]",0,5305.226094716
1,"[131, 72, 99, 127, 53, 146]","[4, 1, 1, 3, 1, 2]",0,3921.345585899
2,[],[],0,0.0
3,"[4, 112, 93]","[1, 10, 1]",0,2241.971708279
4,[5],[10],0,1329.792526858
