,customer,weight,round,length
0,"[101, 65, 11, 121, 21, 39, 137, 102]","[1, 3, 1, 1, 1, 1, 1, 2]",0,3968.6696293315
1,[],[],0,0.0
2,"[68, 97, 58, 52, 134, 135, 36, 33, 3]","[1, 4, 1, 1, 2, 1, 1, 1, 1]",0,5104.0496103959995
3,[],[],0,0.0
4,[],[],0,0.0
