,customer,weight,round,length
0,"[3, 5, 13, 7, 19, 1]","[1, 2, 1, 1, 1, 1]",0,1192.9889513315
1,[14],[10],0,324.591785182
2,[],[],0,0.0
