,customer,weight,round,length
0,[28],[10],0,110.5779396674
1,"[27, 26, 25, 24]","[3, 1, 3, 1]",0,2001.481212137
2,[16],[8],0,1031.598000334
