,task,distance
0,[0],1192.9889513315
1,[1],324.591785182
2,[2],0.0
