,customer,weight,round,length
0,"[45, 60, 53, 52, 25, 51]","[1, 1, 1, 2, 8, 2]",0,2679.6515178617
1,"[55, 22, 8]","[1, 1, 1]",1,3630.2395354550004
