,customer,weight,round,length
0,[],[],0,0.0
1,[9],[3],0,757.109900466
2,"[113, 111, 93, 131, 44, 6, 32, 127, 48, 125, 161]","[1, 1, 1, 1, 2, 3, 1, 1, 2, 1, 1]",0,6419.69511153
3,"[61, 56, 79, 159, 66, 65, 42, 64, 85, 14]","[1, 1, 4, 1, 1, 2, 1, 1, 2, 1]",0,4605.813453721001
