,customer,weight,round,length
0,"[121, 75, 140, 136, 135, 71, 134, 127, 119, 120, 122, 123]","[1, 2, 1, 2, 1, 1, 1, 1, 1, 1, 2, 1]",0,3053.9304074218
1,"[68, 78, 69]","[3, 7, 5]",0,941.6923753580002
2,"[79, 98, 56, 55, 63, 159, 99]","[4, 3, 1, 1, 3, 1, 2]",0,4260.819890479999
3,[],[],0,0.0
