,task,distance
0,[0],6088.028859629001
1,[1],1734.1346996437003
2,[2],932.1724682683
3,[3],0.0
