,task,distance
0,"[0, 3]",8023.047245845
1,"[1, 2]",4963.935789789
