,customer,weight,round,length
0,"[22, 8, 7, 56, 57, 27, 26, 25, 19, 47]","[2, 1, 1, 1, 1, 3, 2, 2, 1, 1]",0,1963.8135380407002
1,"[18, 17, 33, 5, 92, 4, 38, 61, 84, 13, 2, 62, 41]","[1, 2, 1, 1, 2, 1, 1, 1, 1, 1, 1, 1, 1]",0,2609.8750872200003
2,"[6, 21, 20, 28, 29, 48, 45, 43]","[3, 1, 2, 2, 2, 2, 1, 2]",0,1854.159979965
3,"[82, 78]","[2, 2]",1,616.8588263419999
4,"[55, 54, 52, 51, 72, 73, 70, 71, 40, 75]","[2, 1, 1, 1, 4, 1, 1, 1, 1, 2]",1,3698.2610373705993
5,"[49, 91, 15, 74, 14, 79, 80, 81, 65, 42]","[2, 2, 1, 2, 1, 1, 1, 1, 1, 2]",1,1953.7179815059
