,task,distance
0,[0],416.642797066
1,[1],2961.843015069001
2,[2],0.0
