,task,distance
0,[0],0.0
1,[1],2173.9050287994
2,[2],342.86804324
