,task,distance
0,[0],1417.5788692800002
1,[1],3367.968855362
2,[2],0.0
3,[3],0.0
