,task,distance
0,[0],6229.622401307
1,[1],1545.234348748
2,[2],2525.2811850972003
