,task,distance
0,[0],11118.030325768
1,[1],0.0
2,[2],0.0
3,[3],5718.649654196999
4,[4],0.0
