,customer,weight,round,length
0,"[22, 21, 41, 71, 70, 69, 128, 130, 23, 72]","[2, 2, 2, 1, 1, 3, 1, 1, 1, 1]",0,5066.297398470999
1,"[58, 38, 57, 62, 93, 94, 82, 20]","[1, 3, 3, 3, 1, 2, 1, 1]",0,2084.4061088981
2,"[77, 63, 65, 67, 66, 64, 55, 127, 60]","[1, 2, 2, 1, 1, 1, 1, 3, 2]",0,1611.5514228858997
