,task,distance
0,[0],3437.006324003
1,[1],4613.6154872198
2,[2],3132.7003727444994
