,customer,weight,round,length
0,"[23, 46, 45, 53, 49, 48, 11, 16]","[1, 2, 1, 2, 2, 1, 1, 5]",0,5198.2948122279995
1,"[26, 10, 8]","[10, 3, 2]",1,5621.816804999001
2,"[6, 37, 32, 31, 29, 26]","[2, 1, 2, 1, 2, 3]",2,7201.378680383999
