,customer,weight,round,length
0,"[0, 1]","[12, 3]",0,2792.992004629
1,"[3, 1, 4]","[1, 9, 5]",1,580.174655632
2,"[3, 2]","[4, 1]",2,514.731087208
