,customer,weight,round,length
0,"[38, 37, 106, 24, 35, 66, 114, 61, 60, 115, 19]","[2, 1, 1, 1, 1, 1, 3, 1, 2, 1, 1]",0,2919.2113637334996
1,"[94, 65, 39]","[7, 6, 2]",0,1232.1233909521002
2,"[34, 97, 128, 37]","[2, 1, 1, 1]",1,2068.0557959438997
3,"[113, 2, 44]","[11, 1, 1]",1,2685.569446995
