,customer,weight,round,length
0,"[73, 77, 99, 128, 38, 44, 95, 68, 41, 42, 69, 119]","[1, 1, 1, 1, 2, 1, 2, 1, 1, 1, 1, 2]",0,4856.256816682
1,"[114, 61, 113]","[3, 1, 11]",0,2638.76531038
2,"[48, 5, 40, 124, 8, 118, 25]","[1, 3, 3, 1, 1, 2, 1]",1,4532.287324669
3,[],[],1,0.0
