,customer,weight,round,length
0,"[13, 80, 81, 110, 115, 112]","[2, 1, 2, 8, 1, 1]",0,1940.460494084
1,"[120, 121, 122, 151, 177, 37, 22, 146, 41, 155, 154, 119, 27]","[1, 1, 1, 1, 1, 1, 2, 1, 1, 1, 1, 1, 2]",0,5332.353937066999
2,[],[],1,0.0
3,[163],[1],1,4972.40562304
