,task,distance
0,[0],4315.574915573
1,[1],9046.436682582002
