,task,distance
0,[0],2212.041725123
1,[1],2491.252349029
2,[2],1750.5967071406
