,task,distance
0,[0],3842.064066341
1,[1],2387.3355646969003
2,[2],3364.950992926
