,task,distance
0,[0],14167.3342996843
1,[1],88.452312474
