,customer,weight,round,length
0,"[7, 32, 61, 46, 62]","[4, 1, 5, 1, 4]",0,1756.3696359745998
1,"[28, 63, 7, 0, 53, 34, 1, 22, 30, 47, 68]","[1, 1, 2, 2, 1, 1, 2, 1, 1, 2, 1]",1,4428.590155924299
2,"[38, 21, 35, 24]","[1, 2, 2, 1]",2,3745.0432846169997
