,customer,weight,round,length
0,"[5, 29, 20, 9, 52, 28]","[6, 1, 3, 1, 2, 2]",0,6103.2625655468
1,[5],[15],0,181.4443701256
2,"[49, 26, 15]","[1, 1, 1]",1,7888.401131321
3,[],[],1,0.0
