,customer,weight,round,length
0,"[46, 32, 41, 39, 38, 37, 35, 18]","[1, 2, 1, 1, 1, 1, 1, 7]",0,2000001390.7744083
1,[18],[15],0,180.8016115202
