,task,distance
0,"[0, 2]",8086.441878911
1,"[1, 3]",8242.3983675397
