,task,distance
0,"[0, 3]",8043.419019216
1,"[1, 2]",6679.737891835
