,customer,weight,round,length
0,"[33, 10, 13, 4, 37, 29]","[1, 2, 1, 6, 1, 1]",0,3636.26109011
1,"[17, 18, 21]","[1, 3, 1]",0,717.3060130268
