,customer,weight,round,length
0,"[72, 16, 64, 37]","[1, 1, 1, 1]",0,861.534150916
1,"[38, 62, 58, 65]","[1, 2, 1, 3]",0,1198.436325753
