,customer,weight,round,length
0,"[66, 67, 104, 106, 49, 42, 50, 51, 108]","[2, 2, 1, 1, 1, 1, 1, 1, 2]",0,2430.2184830854003
1,"[52, 39, 38, 53]","[1, 1, 2, 3]",0,831.5085112982
