,customer,weight,round,length
0,"[53, 61, 57, 96]","[1, 1, 1, 12]",0,7384.231207912
1,"[53, 29, 96, 30]","[2, 3, 9, 1]",0,6274.628648108001
2,"[51, 104, 50, 24, 42, 3, 15]","[1, 1, 1, 1, 1, 5, 1]",1,5510.0260981222
3,[],[],1,0.0
