,customer,weight,round,length
0,"[68, 98, 17, 19, 89, 52, 13]","[1, 1, 1, 1, 1, 1, 2]",0,8407.957967344
1,"[100, 46, 58, 14, 86]","[3, 1, 4, 2, 2]",0,7594.346452259001
