,task,distance
0,[0],4344.526736327
1,[1],972.744135295
2,[2],0.0
3,[3],0.0
