,customer,weight,round,length
0,"[21, 139, 80]","[12, 2, 1]",0,984.891922642
1,[21],[15],0,204.671519452
2,"[11, 37, 64, 63, 103, 7, 19, 57, 34, 88, 87, 138, 38, 82]","[1, 1, 1, 1, 1, 1, 1, 1, 2, 1, 1, 1, 1, 1]",1,4704.894290397
3,"[67, 95, 24, 134, 33, 128, 49]","[2, 1, 1, 1, 1, 4, 5]",1,3353.0227536870007
4,[],[],2,0.0
5,"[102, 7]","[1, 1]",2,4357.76033934
