,task,distance
0,[0],2121.677448986
1,[1],2752.81514891
