,task,distance
0,[0],1384.240772842
1,[1],6346.805577080999
