,customer,weight,round,length
0,"[53, 86, 143, 118, 42, 80, 9, 65, 152, 17, 115]","[1, 1, 2, 1, 1, 2, 1, 1, 1, 2, 2]",0,18035.817568135
1,[],[],0,0.0
2,[165],[1],0,398.95613427
3,[],[],0,0.0
4,"[68, 18, 51, 70]","[1, 1, 1, 1]",0,2557.279757825
