,customer,weight,round,length
0,[],[],0,0.0
1,"[149, 146, 129, 126]","[2, 1, 1, 1]",0,4457.140484046
2,[],[],0,0.0
3,"[122, 52, 168, 161, 101, 169, 141, 150, 112, 110, 51, 53]","[1, 3, 2, 1, 1, 1, 1, 1, 1, 1, 1, 1]",0,18419.551596753
4,[],[],0,0.0
