,task,distance
0,[0],0.0
1,[1],0.0
2,[2],15442.3391833166
3,[3],1616.323502986
4,[4],0.0
