,task,distance
0,[0],0.0
1,[1],4457.140484046
2,[2],0.0
3,[3],18419.551596753
4,[4],0.0
