,task,distance
0,[0],3377.512813194
1,[1],821.8619896391999
2,[2],403.200689048
3,[3],0.0
4,[4],0.0
