,customer,weight,round,length
0,"[8, 44, 120, 122]","[3, 8, 1, 2]",0,7847.702045802
1,[44],[13],0,1316.610209248
2,"[111, 72, 107, 12, 23, 15, 22, 89, 97, 80, 129, 128, 52, 59]","[1, 1, 1, 1, 1, 1, 1, 1, 1, 1, 1, 1, 1, 1]",0,11163.651424864001
