,task,distance
0,[0],4121.62639867
1,[1],4542.017631837
2,[2],2056.268827757
