,customer,weight,round,length
0,"[64, 47, 63, 42, 20, 44, 45, 34]","[1, 3, 3, 1, 1, 1, 2, 2]",0,6395.067668094999
1,"[66, 32, 17, 40]","[2, 1, 11, 1]",0,3016.725866859
2,[],[],0,0.0
