,customer,weight,round,length
0,[],[],0,0.0
1,"[29, 25, 28, 8, 53]","[1, 1, 1, 1, 1]",0,1335.267602607
2,"[59, 9, 57, 37, 21, 15, 60, 23]","[2, 1, 1, 1, 1, 2, 2, 1]",0,2573.7415840423
