,task,distance
0,[0],305.339943948
1,[1],0.0
2,[2],1679.7665871125
