,customer,weight,round,length
0,[],[],0,0.0
1,"[38, 7, 59]","[9, 4, 2]",0,4244.938912382
2,"[64, 60, 9, 20, 97, 77, 53, 71, 72]","[1, 2, 1, 2, 1, 3, 1, 1, 2]",0,5309.507064208
3,[],[],0,0.0
4,[],[],0,0.0
