,task,distance
0,[0],0.0
1,[1],2033.052375064
2,[2],0.0
3,[3],5780.801106741999
4,[4],0.0
