,customer,weight,round,length
0,"[2, 3, 6, 1, 8, 14, 0, 13, 7]","[1, 4, 1, 1, 3, 1, 2, 1, 1]",0,1903.75403399
1,"[10, 12, 5, 11, 9, 4]","[2, 1, 1, 1, 1, 1]",1,3511.38471316
