,task,distance
0,"[0, 3]",6307.462841588
1,"[1, 2]",6665.146772696198
