,customer,weight,round,length
0,"[86, 17, 98, 54, 49, 80]","[5, 1, 1, 3, 2, 3]",0,3818.7948577879997
1,[53],[4],1,2364.39401472
