,customer,weight,round,length
0,"[14, 36, 15, 19, 5, 43, 49, 38]","[1, 6, 1, 2, 1, 1, 1, 2]",0,2794.06178913
1,"[8, 26, 12, 18, 42, 4, 28, 2, 9, 27, 13]","[1, 1, 1, 1, 1, 2, 2, 2, 1, 1, 2]",0,1016.1170580789999
2,"[39, 47, 30, 33, 35, 37, 34, 1, 0, 50]","[1, 1, 1, 3, 3, 1, 2, 1, 1, 1]",0,823.281796555
3,"[41, 32, 40, 51, 29, 48, 23, 31, 7]","[1, 2, 1, 1, 3, 1, 2, 3, 1]",0,1228.753138831
4,[],[],1,0.0
5,"[25, 24, 22, 26, 17, 16, 44, 46, 45, 3, 21]","[1, 1, 1, 1, 1, 1, 2, 1, 1, 2, 3]",1,1734.3247495589999
6,"[20, 11, 6, 10]","[3, 1, 3, 1]",1,863.173377927
7,[],[],1,0.0
