,task,distance
0,"[0, 4]",2794.06178913
1,"[1, 6]",1879.2904360060002
2,"[2, 5]",2557.606546114
3,"[3, 4]",1228.753138831
