,customer,weight,round,length
0,"[78, 49, 39, 50, 51, 91, 89, 46, 47, 61, 48]","[2, 1, 2, 1, 1, 2, 2, 1, 1, 1, 1]",0,1707.5349135896997
1,"[33, 55, 56, 58, 79, 40, 60, 11, 10, 85, 96]","[1, 1, 1, 1, 2, 1, 3, 1, 1, 2, 1]",1,4986.124192336801
2,[40],[1],2,3390.73812312
