,customer,weight,round,length
0,"[56, 70, 76, 68, 71, 4, 78, 16]","[1, 2, 2, 2, 1, 3, 1, 1]",0,2000002294.680731
1,"[58, 52, 14, 31]","[6, 1, 1, 7]",0,2000000794.6561985
2,"[0, 54, 53, 67, 31]","[2, 4, 2, 2, 5]",0,2000000288.6831784
