,task,distance
0,[0],2451.6065321765
1,[1],2154.9618940539
2,[2],0.0
