,customer,weight,round,length
0,"[76, 63, 62, 41, 37, 38, 35, 69, 36, 40]","[3, 1, 1, 1, 1, 1, 1, 4, 1, 1]",0,2303.759571491
1,[41],[2],1,766.113616138
