,customer,weight,round,length
0,"[4, 10, 60, 44, 66, 65, 74, 3, 2]","[2, 3, 2, 1, 1, 1, 2, 1, 2]",0,3107.2775111166
1,"[67, 70]","[1, 1]",1,1905.363182183
