,CID,TTDDemd
0,18222,0.0940817967057
1,18223,0.137080997229
2,18224,0.0435128994286
3,18226,0.411242991686
4,18230,0.229745998979
5,39713,0.0456935986876
6,39714,0.280490010977
7,39715,1.05102002621
8,39716,0.189541995525
9,40524,0.0145043004304
10,47335,0.0913871973753
11,47336,0.411242991686
12,47337,0.0473854988813
13,47339,0.959565997124
14,54292,0.189541995525
15,54293,0.228468000889
16,60688,0.505689024925
17,60693,0.335781991482
18,60694,0.0431521981955
