,customer,weight,round,length
0,"[42, 16, 44, 9]","[2, 1, 1, 1]",0,1590.7912804429998
1,[19],[1],0,322.007130174
2,[],[],0,0.0
3,[],[],0,0.0
4,[],[],0,0.0
