,customer,weight,round,length
0,"[54, 3, 2, 10, 19, 20, 18, 55, 17, 16, 43, 21, 47]","[2, 2, 1, 1, 1, 1, 1, 1, 1, 1, 1, 1, 1]",0,3289.273016783
1,"[46, 45, 44, 51, 9, 52]","[1, 1, 1, 1, 1, 1]",0,943.3591474488001
2,[],[],0,0.0
