,task,distance
0,"[0, 3, 6, 9]",8758.643774610899
1,"[1, 5, 7, 11]",5356.024831414
2,"[2, 4, 8, 10]",10818.68280294
