,customer,weight,round,length
0,[],[],0,0.0
1,"[76, 40, 61, 62, 27, 57, 74, 56, 79, 26, 60, 83]","[1, 1, 2, 2, 1, 2, 1, 1, 1, 1, 1, 1]",0,3027.1943206710002
2,[73],[8],0,279.567158728
3,"[51, 23, 22, 64, 33, 69, 82, 34, 35, 14]","[3, 1, 1, 2, 2, 1, 2, 1, 1, 1]",0,5428.603379231
