,customer,weight,round,length
0,[],[],0,0.0
1,"[75, 50, 81]","[1, 1, 1]",0,2000000681.150879
2,[],[],0,0.0
3,[],[],0,0.0
4,"[67, 66, 54, 60, 64, 63, 96, 74, 72, 71, 0]","[3, 1, 1, 2, 2, 1, 1, 1, 1, 1, 1]",0,2000005593.6620605
