,task,distance
0,[0],2517.8547382289
1,[1],0.0
2,[2],5986.0277446176
3,[3],0.0
4,[4],0.0
