,customer,weight,round,length
0,"[77, 84, 100, 76, 29, 30, 110, 55, 61, 92, 38]","[1, 1, 1, 1, 2, 1, 3, 1, 1, 1, 2]",0,3723.799793664
1,"[56, 24, 65, 15, 40, 39]","[1, 1, 3, 1, 2, 7]",0,1981.5329277577
2,[],[],1,0.0
3,"[23, 25, 19, 16, 78, 45, 81, 22, 47, 67, 69]","[2, 2, 1, 1, 1, 1, 1, 1, 1, 1, 1]",1,7149.368686041
