,task,distance
0,"[0, 2]",3723.799793664
1,"[1, 3]",9130.9016137987
