,customer,weight,round,length
0,[73],[1],0,93.2706885114
1,"[74, 122, 75, 77, 78, 140, 109, 108, 83, 84, 70, 137, 62, 72]","[1, 1, 1, 1, 1, 1, 1, 1, 1, 1, 1, 1, 2, 1]",0,6598.3347040813
2,[107],[1],0,128.2520799562
3,[],[],0,0.0
4,[],[],0,0.0
