,task,distance
0,[0],3370.66342877
1,[1],0.0
2,[2],0.0
3,[3],0.0
4,[4],8568.47755514
