,task,distance
0,[0],5699.993182398899
1,[1],437.8465059084
2,[2],0.0
3,[3],0.0
4,[4],0.0
