,task,distance
0,[0],93.2706885114
1,[1],6598.3347040813
2,[2],128.2520799562
3,[3],0.0
4,[4],0.0
