,task,distance
0,[0],0.0
1,[1],2709.385520053
2,[2],6572.106457634999
