,task,distance
0,[0],226.278946548
1,[1],0.0
2,[2],3434.8917652114005
