,customer,weight,round,length
0,"[60, 66, 96, 30, 97, 102, 100, 43, 32]","[5, 1, 2, 1, 2, 1, 1, 1, 1]",0,2897.923442322
1,"[67, 5, 43, 99, 29]","[1, 1, 2, 2, 1]",1,3048.501007364
