,customer,weight,round,length
0,"[117, 137, 146, 145, 87, 57, 71, 46, 45, 28]","[1, 3, 2, 1, 3, 1, 1, 1, 1, 1]",0,2000003089.2542048
1,"[122, 140, 100, 109, 4, 94, 13, 12, 9, 8]","[3, 2, 1, 1, 2, 1, 1, 1, 1, 2]",0,2000003751.0849693
2,[],[],1,0.0
3,"[16, 131, 35, 67, 89, 73]","[1, 1, 2, 2, 1, 2]",1,2000001709.3307447
