,customer,weight,round,length
0,"[61, 46, 53, 45, 70, 35, 68, 69, 134, 71, 74, 37, 72, 57]","[1, 1, 1, 1, 1, 2, 1, 1, 1, 1, 1, 1, 1, 1]",0,2289.8875888344
1,"[137, 47, 31, 11, 41, 40, 48, 38, 144]","[3, 3, 1, 1, 1, 1, 1, 1, 3]",0,2883.136216188
2,[],[],1,0.0
3,"[52, 67]","[1, 4]",1,2431.9749354240003
