,customer,weight,round,length
0,"[16, 35, 64, 89, 50, 95, 81, 73, 76, 79]","[1, 1, 2, 1, 1, 2, 2, 2, 2, 1]",0,13979.664865231
1,"[52, 60, 99]","[1, 1, 2]",1,9773.406483038001
