,customer,weight,round,length
0,"[157, 132, 70, 54, 117, 183, 115, 104, 182]","[1, 1, 1, 1, 1, 1, 1, 1, 1]",0,8046.57601412
1,"[167, 198, 164]","[1, 12, 2]",0,9302.071602786998
2,"[89, 144, 127, 126, 160, 114, 94, 47, 161, 59, 105, 165, 99, 101, 103]","[1, 1, 1, 1, 1, 1, 1, 1, 1, 1, 1, 1, 1, 1, 1]",0,10068.8188834
