,task,distance
0,"[0, 2, 4]",15489.304258769002
1,"[1, 3, 5]",11508.4328366683
