,customer,weight,round,length
0,[],[],0,0.0
1,[],[],0,0.0
2,"[8, 40, 69, 79, 21, 22]","[1, 2, 2, 2, 1, 1]",0,1630.3550543172
3,"[16, 78, 4, 76, 23]","[1, 1, 3, 2, 1]",0,1396.2745470968
4,[],[],0,0.0
