,task,distance
0,[0],0.0
1,[1],0.0
2,[2],1630.3550543172
3,[3],1396.2745470968
4,[4],0.0
