,task,distance
0,[0],250.422632694
1,[1],1217.209921336
2,[2],2527.989773576
3,[3],0.0
4,[4],0.0
