,customer,weight,round,length
0,"[48, 105, 114, 16, 15, 14, 72, 24, 42]","[1, 3, 1, 1, 2, 2, 2, 1, 2]",0,2558.864097565
1,[24],[1],1,587.391996214
