,customer,weight,round,length
0,"[117, 77, 66, 65, 61, 2, 42, 123, 48, 28]","[1, 1, 1, 6, 1, 1, 1, 1, 1, 1]",0,7143.953605261001
1,[],[],0,0.0
2,[],[],0,0.0
3,"[34, 62, 25]","[2, 2, 1]",0,2769.6728257160003
4,[],[],0,0.0
