,customer,weight,round,length
0,[],[],0,0.0
1,"[115, 39]","[1, 2]",0,1077.2728322203
2,"[69, 87, 49, 74, 14, 3, 10, 99, 27, 106, 38]","[1, 1, 1, 1, 1, 4, 1, 1, 1, 1, 2]",0,6514.653606442
3,[],[],0,0.0
4,[],[],0,0.0
