,customer,weight,round,length
0,[63],[1],0,471.909103124
1,[],[],0,0.0
2,"[167, 239, 77, 210]","[1, 1, 3, 2]",0,17233.908808308
3,[],[],0,0.0
