,customer,weight,round,length
0,[29],[15],0,90.2681432194
1,"[97, 0, 57, 93, 30, 84, 83, 114, 92]","[1, 1, 2, 1, 1, 2, 1, 2, 1]",0,4444.487550564
2,"[52, 125, 116, 81, 20, 111, 103, 9, 16, 28]","[1, 3, 1, 1, 1, 1, 1, 1, 1, 2]",0,5086.481621174999
3,[29],[3],0,90.2681432194
