,task,distance
0,[0],3497.153650906
1,[1],0.0
2,[2],597.52470829
3,[3],2508.1316033295
