,task,distance
0,[0],90.2681432194
1,[1],4444.487550564
2,[2],5086.481621174999
3,[3],90.2681432194
