,customer,weight,round,length
0,"[51, 95, 94, 90, 114, 116, 140, 0, 121]","[2, 2, 1, 1, 2, 3, 2, 1, 1]",0,5018.920063918
1,"[130, 129, 127, 137, 107, 134, 133, 109, 106, 117, 89]","[1, 1, 1, 1, 1, 1, 1, 1, 1, 3, 2]",1,6850.048042776
