,task,distance
0,[0],0.0
1,[1],3618.3564596307
2,[2],0.0
3,[3],2072.9257680170003
4,[4],0.0
