,customer,weight,round,length
0,"[36, 31, 32, 28, 35]","[2, 1, 2, 5, 4]",0,5276.727013972
1,"[34, 37]","[2, 1]",0,713.556997465
2,[35],[15],0,4231.7527569
