,customer,weight,round,length
0,"[139, 80, 41, 130, 142, 132, 75, 129, 19, 169, 136, 16, 74, 27]","[1, 2, 1, 1, 1, 1, 1, 1, 1, 1, 1, 1, 1, 1]",0,7044.877568583999
1,"[54, 66, 106, 103, 67, 90]","[3, 1, 2, 1, 1, 1]",1,3316.7285548331
