,task,distance
0,[0],2996.714333795
1,[1],4535.036761847
2,[2],1743.5447528106
