,task,distance
0,[0],1307.5421898047002
1,[1],2924.1660395070003
2,[2],5296.758565089
3,[3],2072.9257680170003
