,customer,weight,round,length
0,"[7, 12, 6, 15, 2, 9, 5, 10, 14]","[1, 1, 2, 2, 1, 2, 3, 1, 2]",0,1101.0200294689998
1,"[3, 13, 1, 4, 8]","[1, 2, 8, 2, 2]",1,2843.140207249
2,"[8, 0, 11]","[1, 1, 1]",2,1120.0784857849999
