,task,distance
0,[0],0.0
1,[1],539.734572254
2,[2],0.0
3,[3],3639.809573077
