,customer,weight,round,length
0,"[32, 31, 77, 9, 70, 17, 1, 28, 3, 0, 57]","[1, 1, 2, 3, 1, 1, 1, 1, 1, 2, 1]",0,2866.8425685429997
1,"[75, 88, 91, 34, 60, 59, 24, 58]","[1, 4, 3, 2, 1, 2, 1, 1]",0,1433.3261872649998
2,"[51, 90, 7, 89, 23]","[4, 3, 1, 3, 4]",0,1347.4462219136
3,[33],[15],1,1602.19593991
4,"[87, 33, 63, 29, 14, 62, 42, 44, 79, 46, 12]","[4, 1, 1, 2, 1, 1, 1, 1, 1, 1, 1]",1,4670.932821764999
5,"[45, 10, 25]","[8, 1, 6]",1,2212.43744505
6,[],[],2,0.0
7,"[41, 40, 21, 73, 49, 48]","[1, 4, 1, 1, 1, 2]",2,3418.6786582796
8,"[84, 72, 85, 67, 27, 66, 65]","[2, 1, 5, 1, 3, 1, 2]",2,3796.1683318079004
