,task,distance
0,[0],0.0
1,[1],3593.644114781
2,[2],198.8675111956
3,[3],198.8675111956
