,task,distance
0,"[0, 7]",4289.3937626245
1,"[1, 9]",2779.652256658
2,"[2, 5]",3145.5357680958004
3,"[3, 8]",2803.168353425
4,"[4, 6]",3056.5755470977
