,customer,weight,round,length
0,[6],[15],0,3590.25646672
1,[],[],0,0.0
2,[6],[15],0,3590.25646672
3,"[42, 6, 45, 44, 19, 2, 51, 54, 21, 15, 14]","[3, 2, 1, 1, 1, 1, 1, 2, 1, 1, 1]",0,8410.806914999
4,[6],[15],0,3590.25646672
