,customer,weight,round,length
0,[0],[15],0,636.047666528
1,"[41, 24, 6, 0]","[1, 2, 2, 10]",0,2566.262201398
2,[6],[15],0,221.10299396
3,[6],[15],0,221.10299396
4,[6],[15],0,221.10299396
5,[],[],1,0.0
6,[],[],1,0.0
7,[],[],1,0.0
8,[],[],1,0.0
9,"[44, 34, 27, 19, 13, 21, 4, 14]","[1, 1, 4, 1, 2, 1, 1, 1]",1,4964.9499720502
