,task,distance
0,[0],226.009948064
1,[1],8371.189315066
2,[2],4841.18873985
3,[3],226.009948064
4,[4],4804.84698344
