,task,distance
0,[0],3954.320174705
1,[1],190.6428795168
