,task,distance
0,[0],312.252487826
1,[1],3445.0853228398
