,task,distance
0,"[0, 5, 6]",9407.2362133975
1,"[1, 4, 8]",5951.2286922589
2,"[2, 3, 7]",6536.396862565501
