,task,distance
0,"[0, 3]",6041.5339174182
1,"[1, 5]",6239.9372910328
2,"[2, 4]",4319.500313450701
