,task,distance
0,[0],7646.248654399001
1,[1],0.0
2,[2],5137.77517406
3,[3],0.0
4,[4],7050.679186088
