,task,distance
0,[0],5137.77517406
1,[1],7646.248654399001
2,[2],0.0
3,[3],7050.679186088
4,[4],0.0
