,customer,weight,round,length
0,[],[],0,0.0
1,"[49, 46, 60, 47, 48, 42, 39, 37]","[2, 1, 2, 1, 1, 1, 1, 1]",0,1121.0286905072999
2,"[87, 74, 9, 72, 34, 35]","[2, 1, 1, 1, 2, 1]",0,3859.044364287
3,[],[],0,0.0
