,task,distance
0,[0],2146.151127103
1,[1],0.0
2,[2],5999.485174457499
3,[3],0.0
