,task,distance
0,[0],0.0
1,[1],0.0
2,[2],10672.883660094398
3,[3],370.62004715
