,customer,weight,round,length
0,"[136, 59, 62, 0, 28, 129, 104, 65, 92, 84]","[3, 1, 1, 1, 1, 1, 1, 4, 1, 1]",0,6519.234760174001
1,"[9, 137, 116, 115, 54, 10]","[1, 2, 1, 1, 4, 1]",0,2225.7651010719997
2,"[79, 118, 119, 20, 117, 123, 125, 126, 102, 103, 68, 78, 43, 90]","[1, 1, 1, 1, 2, 1, 1, 1, 1, 1, 1, 1, 1, 1]",0,5065.1145931236
3,[],[],0,0.0
4,"[109, 40, 81, 47, 95]","[6, 1, 1, 2, 4]",0,3678.6062363359997
