,task,distance
0,[0],2519.1086658522
1,[1],3338.815578172
2,[2],0.0
3,[3],2183.310849933
4,[4],340.269316494
