,task,distance
0,[0],1272.048523134
1,[1],0.0
2,[2],0.0
3,[3],3847.7185821552
