,customer,weight,round,length
0,"[9, 13, 47, 33, 42, 48, 10]","[1, 3, 1, 3, 1, 1, 1]",0,7076.1858264640005
1,[],[],0,0.0
2,"[28, 29]","[4, 2]",0,811.366546878
