,customer,weight,round,length
0,"[113, 146, 147, 15, 148, 95, 149, 111, 185, 186]","[2, 1, 2, 1, 1, 1, 1, 1, 1, 2]",0,2039.3539051226
1,"[139, 24, 133, 120, 26, 53, 19, 48, 51]","[2, 1, 2, 2, 3, 1, 1, 1, 2]",0,4835.792491602
