,customer,weight,round,length
0,"[6, 56, 88, 58, 132, 21, 22, 109, 180]","[1, 2, 1, 1, 1, 1, 1, 1, 1]",0,2265.706131091
1,"[28, 124, 123, 122, 151, 137, 135, 94, 29, 32, 31]","[1, 2, 1, 2, 1, 1, 1, 1, 1, 1, 1]",0,3430.2020415746006
