,task,distance
0,"[0, 3]",4285.236496496
1,"[1, 2]",9979.749227800998
