,customer,weight,round,length
0,"[31, 23, 30, 41, 38, 39, 26, 27, 17, 21]","[2, 1, 1, 2, 1, 3, 2, 1, 1, 1]",0,4894.755099775999
1,"[19, 25]","[1, 14]",0,3448.413140778
2,"[58, 57, 12, 9, 13, 24, 14, 49, 50, 5, 3, 42]","[1, 1, 1, 1, 1, 1, 1, 1, 1, 1, 1, 4]",0,4565.655776385
3,"[29, 45, 10, 37, 43, 52, 46, 48]","[3, 1, 1, 1, 1, 3, 1, 4]",0,3579.975601103
4,[],[],1,0.0
5,[],[],1,0.0
6,[42],[10],1,2994.04994866
7,[],[],1,0.0
