,task,distance
0,"[0, 3]",6244.15143733
1,"[1, 5]",4580.980036687
2,"[2, 3]",6417.87100489
