,task,distance
0,[0],6581.993762832
1,[1],4011.7599572159
2,[2],69.8557331604
3,[3],290.982374858
4,[4],1545.234348747
