,customer,weight,round,length
0,"[123, 77, 143, 108, 134, 130, 62, 19, 106, 81, 154, 120]","[1, 2, 1, 1, 1, 1, 1, 1, 2, 1, 2, 1]",0,12015.8459258874
1,"[128, 153, 140, 152, 138, 91, 14, 11, 10, 45, 75, 50, 0]","[2, 1, 1, 1, 1, 1, 1, 1, 1, 1, 2, 1, 1]",0,11850.353532322999
2,[],[],0,0.0
