,task,distance
0,[0],11669.807778751
1,[1],7387.796009768001
2,[2],457.60604457
