,task,distance
0,[0],623.030011616
1,[1],9470.895535648002
2,[2],10055.5152120587
