,task,distance
0,[0],526.650753628
1,[1],3662.608052062
