,customer,weight,round,length
0,[57],[3],0,88.452312474
1,"[18, 17, 55]","[1, 13, 1]",0,14167.3342996843
2,[],[],0,0.0
