,customer,weight,round,length
0,"[11, 9, 295, 296, 7, 259, 260, 267, 274, 138, 93, 266, 256]","[1, 1, 1, 1, 1, 1, 1, 2, 1, 1, 2, 1, 1]",0,20014.56371830281
1,"[64, 232, 229, 145, 120, 124, 10, 68, 227, 194, 70]","[2, 2, 2, 2, 1, 1, 1, 1, 1, 1, 1]",0,23547.428325021996
2,"[114, 222, 108, 110, 61, 62, 107, 63, 60, 293, 308, 29, 28]","[1, 1, 1, 1, 1, 1, 1, 1, 1, 2, 2, 1, 1]",0,2235.5229825221004
3,"[104, 294, 291, 154, 48, 211, 49, 50, 290, 160, 159, 158, 304, 153]","[1, 1, 1, 1, 1, 1, 1, 2, 1, 1, 1, 1, 1, 1]",0,2621.5865777346
4,[],[],1,0.0
5,[],[],1,0.0
6,[14],[1],1,18151.2221629
7,[],[],1,0.0
