,task,distance
0,"[0, 5]",6595.637610504999
1,"[1, 4]",3149.356510635
2,"[2, 6]",2260.8545412768003
3,"[3, 7]",3637.7017496331
