,task,distance
0,"[0, 6]",9271.253925828398
1,"[1, 4]",25604.095762461904
2,"[2, 7]",5069.884580586499
3,"[3, 5]",5522.253638542
