,customer,weight,round,length
0,"[222, 166, 165, 220, 16, 194, 71, 69, 66, 4, 106]","[1, 2, 1, 2, 2, 1, 1, 1, 1, 1, 2]",0,10920.445287895
1,"[180, 131, 140, 205, 147, 90, 28, 53, 13, 87]","[1, 2, 1, 1, 2, 3, 1, 2, 1, 1]",0,13505.725527497498
2,"[21, 81, 91, 75, 98, 152, 216, 156, 157, 117]","[2, 3, 1, 1, 1, 3, 1, 1, 1, 1]",1,9154.7793828761
3,"[128, 223]","[1, 1]",1,2000003976.0922933
