,task,distance
0,"[0, 2, 5]",13709.9517506468
1,"[1, 3, 4]",12621.733318645402
