,task,distance
0,"[0, 3, 5]",6000006541.536783
1,"[1, 2, 4]",4000007506.0838985
