,task,distance
0,[0],6053.672702619
1,[1],0.0
2,[2],91.33076462
3,[3],0.0
