,task,distance
0,[0],3533.75785064
1,[1],0.0
2,[2],0.0
3,[3],87.7327590792
4,[4],0.0
