,task,distance
0,[0],2000000360.051512
1,[1],2000000000.0
2,[2],0.0
3,[3],2000001223.9034643
4,[4],0.0
