,customer,weight,round,length
0,[],[],0,0.0
1,"[62, 36, 86, 93, 95, 94, 79, 77]","[1, 1, 1, 1, 1, 1, 6, 3]",0,3916.8633635901992
2,[],[],0,0.0
3,"[58, 47, 34, 33, 28]","[1, 1, 1, 1, 3]",0,1365.0186232869999
