,task,distance
0,[0],2878.534225275
1,[1],0.0
2,[2],0.0
3,[3],3159.6512021335
