,customer,weight,round,length
0,[],[],0,0.0
1,"[41, 67, 27, 3, 51, 64]","[2, 1, 2, 4, 1, 1]",0,2650.1684526139998
2,[],[],0,0.0
3,[],[],0,0.0
4,"[20, 22, 56, 15, 8, 49, 57, 62, 63, 60, 16, 81]","[1, 1, 1, 1, 1, 3, 1, 2, 1, 1, 1, 1]",0,4662.7200667791
