,task,distance
0,[0],0.0
1,[1],2908.008816652
2,[2],2123.987839277
3,[3],0.0
4,[4],0.0
