,customer,weight,round,length
0,"[76, 48, 150, 117, 118, 25, 98, 26, 120, 105, 1, 65]","[3, 1, 1, 1, 1, 1, 1, 1, 2, 1, 1, 1]",0,8789.457542523598
1,"[173, 151, 57, 95, 167, 165, 43, 40, 2, 152, 3]","[1, 2, 1, 1, 3, 1, 1, 1, 1, 1, 2]",0,2680.5103379279
2,[],[],1,0.0
3,"[16, 162]","[1, 2]",1,8704.79312883
