,customer,weight,round,length
0,"[40, 65, 2, 152, 1, 171, 26, 25, 19, 16, 48, 59]","[1, 1, 1, 1, 1, 2, 1, 1, 3, 1, 1, 1]",0,8404.6859059932
1,"[173, 151, 96, 95, 57, 165, 43]","[1, 2, 1, 1, 1, 1, 1]",0,1485.357269575
