,customer,weight,round,length
0,"[114, 63, 26, 27, 120, 65, 57, 96, 123, 139]","[2, 3, 1, 1, 2, 1, 1, 1, 1, 1]",0,13361.605152908698
1,"[89, 150, 161, 142, 144, 143, 91, 158, 75]","[1, 1, 2, 2, 2, 3, 1, 1, 1]",0,16428.186113043
