,task,distance
0,"[0, 2]",8789.457542523598
1,"[1, 3]",11385.303466757901
