,task,distance
0,[0],8404.6859059932
1,[1],1485.357269575
