,customer,weight,round,length
0,"[175, 146, 114, 115, 183, 145, 141, 182, 142, 144]","[2, 2, 1, 2, 1, 2, 1, 2, 1, 1]",0,2359.563610308
1,"[3, 65, 105, 120, 68, 117, 118, 67, 119, 98, 97]","[2, 3, 1, 1, 1, 1, 1, 1, 1, 1, 2]",0,3626.348435023
2,"[176, 58, 109, 110, 191, 108, 124, 123, 125, 192]","[1, 3, 1, 1, 3, 1, 1, 1, 1, 2]",0,2165.2681300476997
3,"[59, 17, 138, 113, 18, 19, 0, 1, 2, 139, 181]","[2, 1, 1, 2, 3, 1, 1, 1, 1, 1, 1]",0,2452.3482669597
4,"[16, 186, 91, 90, 185, 78, 12, 131, 38, 171, 129]","[2, 1, 1, 2, 2, 1, 1, 2, 1, 1, 1]",1,21148.112814854398
5,[],[],1,0.0
6,"[14, 52]","[2, 2]",1,3942.9173360279997
7,[],[],1,0.0
