,customer,weight,round,length
0,"[48, 51, 113, 186, 149, 111, 53, 26, 120]","[1, 2, 2, 2, 1, 1, 1, 3, 2]",0,2985.44407028
1,"[125, 182, 174, 94, 122, 139, 102, 185, 95, 148, 15, 146, 19]","[1, 1, 1, 1, 2, 2, 1, 1, 1, 1, 1, 1, 1]",1,5804.6238904982
2,"[14, 24, 135, 134]","[2, 1, 1, 1]",2,6518.278529812999
