,customer,weight,round,length
0,"[31, 124, 28, 180, 109, 21, 6, 62, 132, 58, 56, 64, 33, 88]","[1, 1, 1, 1, 1, 1, 1, 1, 1, 1, 2, 1, 1, 1]",0,3530.772175851
1,"[22, 124, 29, 140, 151, 123, 32, 161, 145, 68, 188, 162]","[1, 1, 1, 1, 1, 1, 1, 1, 1, 1, 1, 1]",1,6485.516411012
