,customer,weight,round,length
0,"[37, 32, 29, 57, 12, 43, 92, 86, 45]","[3, 2, 1, 1, 1, 1, 1, 1, 4]",0,4031.1760864749995
1,[97],[2],0,119.195444421
2,"[68, 72, 66, 102, 112, 60]","[1, 2, 3, 2, 6, 1]",0,2989.999059312
3,[],[],0,0.0
4,"[96, 95, 38, 99, 71, 39, 109, 69, 35, 36]","[1, 2, 1, 1, 1, 1, 1, 1, 2, 2]",0,1872.3997951373003
