,task,distance
0,[0],4031.176086475
1,[1],119.195444421
2,[2],2989.999059312
3,[3],0.0
4,[4],1872.3997951373003
