,customer,weight,round,length
0,[],[],0,0.0
1,"[31, 24]","[2, 1]",0,1343.6094423729999
2,[],[],0,0.0
3,"[6, 41, 7]","[2, 1, 1]",0,1196.072853906
