,task,distance
0,[0],0.0
1,[1],754.805450331
2,[2],523.3693230884
3,[3],0.0
