,customer,weight,round,length
0,"[15, 3, 1, 6]","[2, 1, 10, 2]",0,4283.643489982999
1,"[5, 17, 6]","[7, 2, 6]",1,3203.480833401
2,"[10, 5, 16]","[6, 1, 8]",2,1157.65512449
3,"[10, 8]","[2, 8]",3,579.147660266
