,customer,weight,round,length
0,"[2, 71, 1, 75]","[1, 1, 1, 12]",0,2626.2585532169996
1,"[5, 20, 50, 11, 73]","[1, 1, 2, 1, 1]",1,7812.879624539
