,customer,weight,round,length
0,"[19, 23, 8, 84, 62]","[1, 2, 1, 1, 1]",0,28549.519375297
1,[15],[1],0,2626.88383306
2,[],[],0,0.0
3,[],[],0,0.0
