,task,distance
0,[0],18419.551596753
1,[1],4457.140484046
2,[2],0.0
