,task,distance
0,[0],112.643835689
1,[1],5898.674891658
