,customer,weight,round,length
0,[],[],0,0.0
1,[],[],0,0.0
2,"[182, 132, 23, 45, 159, 149, 120, 103]","[2, 4, 1, 1, 1, 1, 1, 1]",0,56927.14200782501
3,"[20, 142, 207, 210, 92, 125, 57, 198, 215, 116, 114]","[1, 1, 1, 1, 1, 1, 1, 1, 5, 1, 1]",0,11766.6862118
4,[],[],0,0.0
