,customer,weight,round,length
0,[],[],0,0.0
1,[],[],0,0.0
2,"[142, 108, 50, 210, 9, 198, 202, 125, 147]","[1, 1, 1, 1, 1, 1, 1, 1, 1]",0,2000004807.5983024
3,[],[],0,0.0
4,"[156, 158, 159, 149, 84, 132, 182, 184, 35, 94]","[2, 1, 1, 1, 1, 4, 2, 1, 1, 1]",0,2000003574.3165786
