,customer,weight,round,length
0,[26],[2],0,244.147826102
1,"[140, 87, 72, 85, 149, 138, 152, 151, 150, 148, 153, 34, 146, 128]","[1, 1, 1, 1, 1, 1, 1, 1, 1, 1, 1, 1, 1, 2]",0,3287.9515750569994
2,[],[],0,0.0
3,"[91, 143, 108, 130, 97, 77, 10, 8, 73, 25]","[1, 1, 1, 1, 1, 2, 1, 1, 1, 1]",0,13209.482143911999
