,task,distance
0,[0],273.009664624
1,[1],0.0
2,[2],12858.188867795
3,[3],10181.762032426
