,customer,weight,round,length
0,"[5, 32, 104, 81, 65, 66, 93, 16, 14, 89, 68, 58]","[1, 1, 1, 3, 1, 1, 1, 1, 1, 1, 2, 1]",0,2000002276.4717715
1,[],[],0,0.0
2,"[8, 84, 128, 85, 54, 118, 2, 102, 33, 40]","[2, 2, 1, 1, 2, 1, 2, 1, 2, 1]",0,2000002250.1941607
3,"[107, 97, 45, 120, 77, 122, 29, 100, 48, 109]","[1, 1, 3, 1, 3, 2, 1, 1, 1, 1]",0,2000001482.8261533
