,customer,weight,round,length
0,"[63, 8, 131, 72, 83, 108, 78, 85, 84]","[1, 2, 1, 1, 1, 1, 4, 1, 2]",0,2000002497.6814163
1,[],[],0,0.0
2,"[77, 122, 121, 120, 106, 107, 97, 98, 99, 100]","[3, 2, 1, 1, 3, 1, 1, 1, 1, 1]",0,2000001053.8105977
3,"[6, 16, 14, 89, 92, 94, 93, 125, 1, 118, 31, 110, 109]","[1, 1, 1, 1, 2, 1, 1, 1, 1, 1, 2, 1, 1]",0,2000003452.4821634
