,customer,weight,round,length
0,"[81, 65, 66, 15, 56, 10, 68, 58, 67]","[3, 1, 1, 2, 2, 1, 2, 1, 1]",0,2546.096786549
1,"[103, 22, 2, 4, 46, 33, 69, 34, 40, 35, 5]","[1, 1, 2, 1, 2, 2, 2, 1, 1, 1, 1]",0,2233.0463663419005
2,"[104, 32]","[1, 1]",0,295.9524262702
3,"[49, 128, 48, 42, 45, 29, 54, 30, 119, 102]","[1, 1, 1, 2, 3, 1, 2, 2, 1, 1]",0,2931.4334873999996
