,task,distance
0,[0],2000002276.4717717
1,[1],0.0
2,[2],2000002250.1941607
3,[3],2000001482.8261533
