,task,distance
0,"[0, 5]",2513.847415991
1,"[1, 7]",3387.056773627
2,"[2, 6]",3540.18152154
3,"[3, 8]",2675.841616569
4,"[4, 9]",2238.5173412040003
