,customer,weight,round,length
0,"[71, 63, 58, 56, 52, 88, 62, 102, 51]","[1, 2, 1, 2, 1, 2, 1, 1, 4]",0,6000.564771912001
1,[76],[1],0,251.31666526
2,[],[],0,0.0
