,task,distance
0,"[0, 3]",6082.761182077001
1,"[1, 4]",6846.3237337283
2,"[2, 5]",10857.525142037
