,customer,weight,round,length
0,"[55, 38, 54, 52, 51, 35, 60, 59, 86, 93, 95, 94, 96, 58]","[1, 2, 1, 1, 1, 1, 1, 1, 1, 1, 1, 1, 1, 1]",0,3483.8808951108
1,"[101, 30, 29, 76, 84, 47, 56, 9, 7, 97, 45]","[1, 2, 2, 1, 1, 2, 1, 1, 1, 2, 1]",0,2196.2868932777997
2,[],[],1,0.0
3,"[118, 82, 81, 68, 36, 37, 116]","[1, 1, 1, 1, 1, 1, 1]",1,4716.075638283
