,task,distance
0,"[0, 3]",5297.910792639001
1,"[1, 2]",6586.8004759548
