,customer,weight,round,length
0,[9],[2],0,458.205754582
1,"[81, 47, 28, 86, 32, 60, 27, 55, 64, 1]","[1, 1, 1, 2, 1, 3, 1, 1, 2, 2]",0,3682.1494398820005
2,"[41, 20, 4, 48, 49, 74, 42, 53, 85, 18, 17, 54]","[1, 1, 1, 2, 1, 1, 1, 1, 1, 2, 2, 1]",0,4299.50107521
3,"[3, 59, 2, 87, 44, 78, 43, 79, 76, 45, 58, 56, 0]","[1, 1, 1, 1, 1, 1, 1, 1, 1, 1, 1, 2, 2]",0,4328.4079573195995
