,customer,weight,round,length
0,[],[],0,0.0
1,"[82, 120, 101, 135, 175, 113, 128, 150, 0, 148, 174, 64, 123, 172]","[1, 1, 1, 1, 1, 1, 1, 1, 1, 1, 1, 1, 2, 1]",0,8254.559291065
2,"[106, 32, 184, 112, 9]","[2, 2, 1, 2, 1]",0,5756.714202540001
