,task,distance
0,[0],11547.523840808
1,[1],0.0
2,[2],5661.925344734
