,customer,weight,round,length
0,[],[],0,0.0
1,"[118, 49, 89, 96, 97, 88]","[3, 1, 1, 1, 1, 1]",0,1320.1410207595
2,[],[],0,0.0
3,[],[],0,0.0
4,"[119, 25, 0, 36, 21]","[5, 5, 2, 1, 1]",0,2034.4347995183998
