,customer,weight,round,length
0,[],[],0,0.0
1,[],[],0,0.0
2,"[184, 81, 3, 18, 20, 26, 75, 137, 124, 198, 122, 219, 64, 56]","[2, 1, 1, 1, 1, 1, 1, 1, 1, 1, 1, 1, 1, 1]",0,10339.7704553016
3,[184],[6],0,111.1216865952
4,[],[],0,0.0
