,customer,weight,round,length
0,[],[],0,0.0
1,[],[],0,0.0
2,[],[],0,0.0
3,"[172, 218, 94, 177, 180, 36, 88, 68, 216]","[1, 1, 1, 1, 4, 2, 1, 1, 1]",0,13765.674410804
4,"[157, 110, 6, 114, 191, 0]","[2, 1, 1, 1, 1, 1]",0,2803.7351132724
