,task,distance
0,[0],0.0
1,[1],0.0
2,[2],0.0
3,[3],13765.674410804
4,[4],2803.7351132724
