,customer,weight,round,length
0,"[74, 20, 136, 24, 40, 115, 80, 68, 75, 72]","[1, 1, 1, 1, 2, 1, 2, 3, 1, 2]",0,3320.9117351980003
1,"[26, 46, 63, 130, 44, 47, 37]","[1, 1, 1, 8, 1, 2, 1]",0,1544.5175643989
2,"[79, 116, 22, 25, 27, 14, 133]","[2, 3, 1, 3, 3, 1, 2]",0,2927.9951608419997
3,"[112, 75, 12, 7, 120]","[2, 1, 10, 1, 1]",1,3492.0014373510003
4,"[86, 89, 88, 64, 66, 92, 93, 94, 51]","[4, 2, 1, 1, 2, 1, 1, 1, 2]",1,5251.776512905
5,"[13, 119, 118, 139, 117, 53, 141, 142, 61, 106, 35, 34]","[1, 1, 1, 1, 1, 1, 1, 1, 1, 2, 2, 2]",1,4900.938879963999
6,[],[],2,0.0
7,[],[],2,0.0
8,"[138, 101, 103, 98]","[1, 1, 1, 1]",2,4164.419375140999
