,customer,weight,round,length
0,"[26, 46, 27, 13, 14, 120, 133, 22, 25, 37]","[1, 1, 3, 1, 1, 1, 2, 1, 3, 1]",0,2958.6632924419
1,"[74, 7, 12, 24, 40]","[1, 1, 10, 1, 2]",0,1880.5010734640002
2,"[68, 72, 80, 115, 136, 20, 79, 116]","[3, 2, 2, 1, 1, 1, 2, 3]",0,3140.7463094449995
3,"[112, 75, 130, 63, 47]","[2, 2, 8, 1, 2]",1,3191.5334163590005
4,"[44, 34, 35, 61, 106, 89, 66, 92, 93, 51]","[1, 1, 2, 1, 2, 2, 2, 1, 1, 2]",1,5060.290819923999
5,"[86, 141, 53, 98, 142, 103, 101, 138, 139, 117, 118, 119]","[4, 1, 1, 1, 1, 1, 1, 1, 1, 1, 1, 1]",1,5499.769804218
6,[],[],2,0.0
7,[],[],2,0.0
8,"[34, 88, 64, 94]","[1, 1, 1, 1]",2,4439.041436955
