,task,distance
0,"[0, 3, 7]",6812.913172549001
1,"[1, 4, 8]",10960.7134524449
2,"[2, 5, 6]",7828.934040806
