,customer,weight,round,length
0,"[47, 105, 104, 96, 93, 101, 99, 34, 83, 17, 35]","[5, 1, 1, 1, 1, 1, 1, 1, 1, 1, 1]",0,4120.4890716221
1,"[23, 107, 113, 62, 13, 90]","[1, 1, 1, 1, 1, 1]",1,4677.661164067001
