,customer,weight,round,length
0,"[55, 111, 110, 114, 24, 106, 102, 43, 46, 29, 18, 42, 108]","[1, 1, 1, 1, 1, 1, 1, 2, 2, 1, 1, 1, 1]",0,5337.295010723699
1,"[40, 116, 63, 91]","[1, 1, 1, 2]",1,3640.473905399
