,customer,weight,round,length
0,"[48, 36, 49, 47, 27, 95, 78]","[1, 7, 1, 1, 2, 1, 2]",0,3682.763432552
1,"[112, 75, 32, 37, 71, 100, 41, 4, 1, 6]","[1, 2, 1, 2, 1, 1, 1, 1, 1, 3]",1,4101.7551754817005
