,customer,weight,round,length
0,"[12, 9, 8, 43, 6, 11, 46]","[1, 1, 1, 1, 2, 1, 1]",0,1535.2715456148
1,"[33, 37, 36, 35, 25, 20, 22, 23, 21, 49, 5]","[1, 1, 1, 2, 1, 1, 2, 2, 1, 2, 1]",0,2991.215039368
2,"[15, 51, 38, 40, 28, 26, 16, 34, 31, 30, 29]","[2, 1, 1, 1, 1, 3, 2, 1, 1, 1, 1]",0,3020.408815831999
