,task,distance
0,[0],3020.408815832
1,[1],1535.2715456148
2,[2],2991.215039368
