,customer,weight,round,length
0,"[24, 25, 50, 10, 9, 11]","[2, 8, 2, 1, 1, 1]",0,1371.4454237498
1,"[9, 8, 22, 20, 21, 5, 55, 3, 13, 38]","[2, 1, 2, 1, 1, 3, 1, 1, 2, 1]",1,2688.9013407539
2,"[0, 28, 17, 3]","[5, 1, 1, 2]",2,4777.81110291
