,task,distance
0,"[0, 4]",5952.275926131901
1,"[1, 5]",2672.1056341387
2,"[2, 3]",2717.288057477
