,customer,weight,round,length
0,"[49, 13, 55]","[1, 1, 1]",0,2000018694.7259674
1,[],[],0,0.0
2,[],[],0,0.0
3,"[43, 1, 37, 59, 36, 26, 51]","[4, 3, 1, 4, 1, 1, 1]",0,2000003934.080264
