,customer,weight,round,length
0,"[7, 1]","[1, 14]",0,4497.058350959
1,[1],[4],1,569.722923478
