,customer,weight,round,length
0,[],[],0,0.0
1,"[85, 29, 92, 91, 90, 94, 93, 40]","[1, 2, 1, 1, 1, 1, 1, 2]",0,2574.8626593472004
2,[],[],0,0.0
3,"[108, 105, 10, 117, 118, 81, 82, 54, 51, 45, 95, 72, 96]","[1, 1, 1, 2, 1, 1, 1, 1, 1, 1, 2, 1, 1]",0,3789.6316518070003
4,"[111, 70, 8, 2, 0, 43, 73, 27, 9]","[1, 1, 1, 1, 1, 4, 2, 1, 1]",0,3515.4112881984997
