,task,distance
0,[0],2635.3008683888
1,[1],3681.5366742417
2,[2],0.0
3,[3],1533.964652783
4,[4],0.0
