,task,distance
0,[0],0.0
1,[1],2574.8626593472004
2,[2],0.0
3,[3],3789.631651807
4,[4],3515.4112881985
