,customer,weight,round,length
0,[41],[2],0,443.771325498
1,"[78, 85, 53, 100, 66, 34]","[1, 1, 1, 4, 1, 6]",0,4016.3919392
2,[],[],0,0.0
3,"[32, 87, 30, 4, 77]","[4, 5, 1, 3, 2]",0,3390.3695239239996
4,[],[],0,0.0
