,task,distance
0,[0],2685.168159363
1,[1],0.0
2,[2],949.2146361175
3,[3],0.0
4,[4],939.334194088
