,customer,weight,round,length
0,"[40, 7, 74, 80, 79, 22, 25, 13, 133]","[2, 1, 1, 2, 2, 1, 3, 1, 2]",0,5609.586008273
1,"[130, 63, 44, 37, 46, 119, 86]","[6, 1, 1, 1, 1, 1, 4]",1,4041.422658753
2,"[89, 66, 94, 51, 34, 106, 138, 139, 101, 142, 53]","[2, 2, 1, 2, 2, 1, 1, 1, 1, 1, 1]",2,6192.307777663001
