,customer,weight,round,length
0,"[25, 111, 10, 70, 90, 74, 107]","[1, 1, 1, 1, 2, 1, 1]",0,5907.081549960001
1,"[44, 65, 93, 28]","[7, 1, 2, 2]",0,6347.643901281999
2,[44],[14],0,1316.610209248
3,"[81, 17, 97, 47, 62, 61, 35, 15, 113, 1, 129, 0, 24]","[1, 1, 1, 1, 1, 1, 1, 1, 1, 1, 1, 1, 1]",0,7874.552018815
