,customer,weight,round,length
0,"[18, 34, 29, 76, 25, 26, 51, 19, 96]","[1, 1, 1, 1, 1, 2, 3, 1, 4]",0,2966.6624963193003
1,"[61, 2]","[1, 1]",1,3240.92625539
