,customer,weight,round,length
0,[],[],0,0.0
1,"[85, 4, 3, 8, 9, 122, 121, 10, 5]","[1, 1, 1, 1, 1, 2, 4, 2, 2]",0,2917.3870992593006
2,[41],[2],0,326.044547846
3,[40],[3],0,403.054734522
4,"[127, 28, 27, 91, 154, 20, 26, 126]","[2, 1, 3, 1, 1, 1, 3, 3]",0,5286.416218731
