,customer,weight,round,length
0,"[33, 169, 85, 101, 28, 145, 143, 123, 91, 17, 156, 112]","[1, 1, 1, 2, 1, 1, 1, 1, 1, 1, 1, 1]",0,5767.4653580495
1,"[118, 64, 23, 67, 133, 16]","[1, 1, 2, 1, 1, 1]",0,4847.627382643001
2,[],[],0,0.0
3,[],[],0,0.0
4,[],[],0,0.0
