,task,distance
0,[0],0.0
1,[1],2917.3870992593006
2,[2],326.044547846
3,[3],403.054734522
4,[4],5286.416218731
