,task,distance
0,[0],2770.888190677
1,[1],2342.5955889350003
2,[2],0.0
3,[3],0.0
