,task,distance
0,[0],0.0
1,[1],1447.952053345
2,[2],0.0
3,[3],7118.813135363999
