,customer,weight,round,length
0,[],[],0,0.0
1,"[7, 44, 11, 78, 53, 60]","[1, 1, 1, 1, 1, 4]",0,5333.602816872
2,[],[],0,0.0
3,[],[],0,0.0
4,"[30, 94, 42, 98, 68, 99]","[1, 2, 1, 1, 3, 5]",0,4534.4460124342
