,customer,weight,round,length
0,[],[],0,0.0
1,[],[],0,0.0
2,"[94, 87, 6, 17, 16, 63, 4, 22, 35, 42, 25, 98]","[2, 1, 1, 1, 1, 1, 1, 1, 1, 1, 3, 1]",0,3355.8789133394002
3,[30],[1],0,277.999920186
4,[],[],0,0.0
