,task,distance
0,[0],0.0
1,[1],0.0
2,[2],3355.8789133394
3,[3],277.999920186
4,[4],0.0
