,customer,weight,round,length
0,"[10, 49, 23, 12, 43, 42]","[1, 1, 2, 9, 1, 1]",0,4871.6801439362
1,"[8, 5]","[1, 1]",1,3139.9673278689997
