,customer,weight,round,length
0,"[19, 152, 95, 121, 68, 30, 150, 179, 177, 62, 17, 145]","[2, 2, 1, 1, 1, 1, 1, 1, 2, 1, 1, 1]",0,6914.211068269
1,"[142, 143, 0, 125, 154, 34, 104, 102, 18]","[1, 2, 1, 3, 2, 1, 3, 1, 1]",0,3990.9661617110005
2,"[22, 157, 114, 140, 28, 21, 89]","[1, 2, 1, 2, 3, 1, 1]",0,1444.0158686480002
3,"[45, 50, 48]","[1, 12, 2]",0,1444.0849820959997
