,customer,weight,round,length
0,"[21, 49]","[8, 3]",0,2117.771618106
1,[],[],0,0.0
2,"[1, 68, 5, 0, 25, 34, 60, 27, 40, 41]","[1, 1, 1, 1, 1, 4, 1, 1, 2, 1]",0,4297.6483761380005
