,task,distance
0,[0],2117.771618106
1,[1],0.0
2,[2],4297.6483761380005
