,customer,weight,round,length
0,"[120, 60, 178, 182, 121, 164, 71, 82, 29, 55, 101, 44]","[1, 1, 1, 1, 1, 1, 1, 1, 1, 2, 2, 1]",0,6410.603659888
1,"[38, 115, 11]","[1, 1, 1]",0,1733.968916367
