,task,distance
0,[0],5200.803361509999
1,[1],3159.815216494
