,customer,weight,round,length
0,[13],[6],0,363.01002048
1,[],[],0,0.0
2,"[5, 6, 11, 15, 28]","[1, 3, 7, 1, 3]",0,2515.7251445391
