,customer,weight,round,length
0,"[35, 157, 34, 33, 100, 146, 116, 48, 29, 31]","[4, 1, 2, 1, 1, 2, 1, 1, 1, 1]",0,6260.288326534999
1,[35],[15],1,2874.27967102
2,[35],[15],2,2874.27967102
3,[35],[15],3,2874.27967102
4,"[178, 92]","[1, 14]",4,2920.958111811
5,[92],[15],5,2645.45518808
6,"[164, 138, 41, 132, 176, 175, 36, 79, 74, 10, 57, 120]","[2, 1, 1, 1, 1, 1, 2, 1, 1, 1, 2, 1]",6,5855.032834298
7,"[56, 186]","[2, 1]",7,1602.044919334
