,customer,weight,round,length
0,"[152, 153, 151, 23, 147, 101, 35, 181, 105, 32, 44]","[1, 2, 2, 2, 1, 1, 1, 1, 1, 2, 1]",0,4804.103063801
1,[35],[15],1,1555.194042374
2,[35],[15],2,1555.194042374
3,"[43, 92, 35]","[1, 13, 1]",3,2845.4115489309997
4,"[92, 49, 15]","[12, 2, 1]",4,2510.518148495
5,"[78, 112, 82, 166, 80, 54, 12, 161, 129]","[1, 2, 1, 1, 1, 1, 1, 5, 2]",5,6041.182844498
6,"[87, 85, 7]","[1, 1, 1]",6,4529.649253815
