,customer,weight,round,length
0,"[40, 16, 21, 20, 6]","[1, 1, 2, 10, 1]",0,2994.8996129270004
1,[],[],0,0.0
2,[],[],0,0.0
3,"[8, 2, 3, 24]","[1, 1, 3, 1]",0,871.2212440598
4,[],[],0,0.0
