,customer,weight,round,length
0,[],[],0,0.0
1,"[17, 2, 6, 31, 16, 18, 21]","[1, 1, 1, 1, 1, 3, 2]",0,2291.6392453800004
2,[],[],0,0.0
3,[],[],0,0.0
4,[20],[10],0,114.3314621268
