,customer,weight,round,length
0,"[38, 54, 109, 99, 52, 118, 51, 81, 121]","[2, 1, 2, 1, 1, 1, 1, 1, 3]",0,1841.3382388349999
1,"[102, 113, 103, 120]","[4, 1, 2, 3]",0,1320.707860527
