,task,distance
0,[0],4394.3409971992
1,[1],464.81514483
