,customer,weight,round,length
0,[33],[1],0,101.8627615892
1,"[18, 11, 22, 29, 62, 85, 48, 50, 73, 1, 5, 42]","[1, 1, 1, 1, 1, 1, 1, 1, 3, 1, 1, 2]",0,4730.6662074430005
