,task,distance
0,[0],4075.600779244001
1,[1],1765.108072937
