,task,distance
0,[0],4852.3843330359
1,[1],1591.8910748069998
