,customer,weight,round,length
0,"[214, 28, 137, 122, 281, 110, 75, 232, 132, 174, 148]","[1, 1, 1, 3, 1, 2, 1, 2, 1, 1, 1]",0,7512.410492032
1,"[71, 264, 172, 188, 113, 129, 4, 209, 236, 237, 31, 182]","[2, 1, 1, 1, 1, 2, 1, 1, 2, 1, 1, 1]",1,7572.131031815
2,"[219, 202, 212, 216]","[1, 1, 1, 2]",2,5612.968119277
