,customer,weight,round,length
0,"[149, 49, 10, 76, 227, 125, 147, 57, 198, 200, 142, 166]","[3, 2, 1, 1, 1, 1, 1, 1, 1, 1, 1, 1]",0,5518.676183938
1,"[157, 88, 112, 250, 66, 27, 33, 263, 266, 70, 208, 196]","[2, 1, 1, 1, 1, 1, 1, 1, 2, 2, 1, 1]",1,7435.621491721
2,"[211, 213, 221, 240]","[1, 3, 1, 1]",2,6871.156558428999
