,customer,weight,round,length
0,"[63, 13, 181, 231, 145, 61, 234, 229, 153, 226, 209, 19]","[2, 1, 3, 1, 1, 1, 1, 1, 1, 1, 1, 1]",0,6711.332444566
1,"[255, 81, 185, 18, 91, 178, 160, 169, 170, 152]","[2, 1, 1, 2, 2, 1, 2, 2, 1, 1]",1,5488.6979150160005
2,"[217, 159, 242, 177, 168]","[1, 1, 4, 1, 1]",2,5157.226141805
