,customer,weight,round,length
0,"[21, 95, 81, 146, 91, 105, 28, 25]","[1, 1, 2, 4, 1, 2, 3, 1]",0,3430.3468440909996
1,"[159, 12, 11, 132, 137, 116, 157, 22, 110, 87, 15]","[1, 2, 2, 1, 1, 1, 1, 1, 2, 1, 2]",0,4648.8116045199995
2,[],[],1,0.0
3,[103],[2],1,2031.10782092
