,customer,weight,round,length
0,"[147, 18, 133, 79, 154, 8, 84, 54, 126, 127, 96, 5, 64, 62]","[1, 1, 1, 1, 1, 1, 1, 1, 1, 1, 2, 1, 1, 1]",0,6017.8615114268
1,"[109, 122, 70, 40, 75, 72]","[1, 2, 3, 1, 1, 1]",0,2799.6213765232
