,task,distance
0,"[0, 3, 4]",10005.435747634001
1,"[1, 2, 5]",9611.729953375
