,task,distance
0,[0],643.5309326703
1,[1],0.0
2,[2],812.7172721332
3,[3],0.0
4,[4],0.0
