,customer,weight,round,length
0,[],[],0,0.0
1,[],[],0,0.0
2,"[26, 27, 50, 64, 45, 44, 43, 3, 42, 6, 5, 2, 4]","[1, 1, 1, 1, 1, 1, 1, 1, 3, 1, 1, 1, 1]",0,2635.7266176031
3,"[14, 54, 12, 19, 17, 66]","[1, 1, 3, 2, 1, 1]",0,2836.1819294873003
4,[],[],0,0.0
