,customer,weight,round,length
0,"[61, 46, 63, 28, 62]","[5, 1, 1, 1, 4]",0,1045.2249789139
1,"[68, 24, 35, 21, 38, 7]","[1, 1, 2, 2, 1, 6]",0,4059.855009947
2,[],[],0,0.0
3,[],[],0,0.0
4,"[47, 30, 22, 34, 53, 0, 1, 32]","[2, 1, 1, 1, 1, 2, 2, 1]",0,2317.698204634
