,task,distance
0,[0],0.0
1,[1],0.0
2,[2],2635.7266176031
3,[3],2836.1819294873003
4,[4],0.0
