,customer,weight,round,length
0,"[9, 0, 25, 33, 6, 26, 5]","[1, 1, 4, 1, 1, 5, 2]",0,566.4069176380001
1,"[34, 20, 19, 8, 1, 3, 24, 12]","[1, 1, 1, 1, 1, 8, 1, 1]",0,1357.3058963590001
2,"[2, 40, 27, 23, 14]","[1, 1, 11, 1, 1]",0,2069.739266644
3,"[29, 36, 17, 21, 28, 7, 18, 32, 15, 4, 31, 35, 16, 10, 13]","[1, 1, 1, 1, 1, 1, 1, 1, 1, 1, 1, 1, 1, 1, 1]",0,1248.5462376865
4,[],[],1,0.0
5,[],[],1,0.0
6,[],[],1,0.0
7,"[41, 22, 39, 37, 30, 11, 38, 27]","[1, 1, 1, 1, 1, 3, 1, 2]",1,2207.739181645
