,task,distance
0,"[0, 5]",7259.925483893199
1,"[1, 6]",2597.5716786426
2,"[2, 7]",1847.1605380217
3,"[3, 4]",3406.018650967
