,task,distance
0,"[0, 4]",1524.661825875
1,"[1, 5]",2229.267668681
2,"[2, 4]",1665.0399033889998
3,"[3, 4]",1574.679112808
