,customer,weight,round,length
0,"[10, 4, 74, 23, 11]","[3, 2, 2, 1, 1]",0,1716.7310095848002
1,[],[],0,0.0
2,[],[],0,0.0
3,"[12, 52, 50, 53, 51, 9, 28, 8, 6, 7, 14, 19, 73]","[1, 1, 1, 1, 1, 1, 1, 1, 1, 1, 1, 1, 1]",0,1919.1467572462002
4,"[47, 29, 30, 45]","[3, 1, 1, 3]",0,955.247724644
