,customer,weight,round,length
0,"[60, 36, 40, 27, 26, 3, 2, 44, 69, 35]","[2, 1, 1, 1, 1, 1, 2, 1, 4, 1]",0,4683.4921501008
1,[38],[1],0,131.329718405
2,[],[],0,0.0
3,[],[],0,0.0
4,"[76, 65, 66, 63, 67, 77, 70, 31, 41, 37, 62]","[3, 1, 1, 1, 1, 1, 1, 1, 3, 1, 1]",0,1932.1578730504002
