,customer,weight,round,length
0,"[56, 55, 116, 54, 68, 48, 76, 36]","[1, 1, 3, 1, 1, 3, 1, 4]",0,1923.2457785845002
1,"[70, 71, 49, 60]","[2, 4, 3, 3]",0,1642.3109006979998
2,"[109, 111, 35, 110, 96, 26, 114, 115]","[1, 1, 2, 1, 2, 1, 3, 3]",0,2430.6121963768
