,task,distance
0,[0],3618.4870483957
1,[1],2552.0395397944003
2,[2],6656.950438526001
