,customer,weight,round,length
0,"[13, 12]","[5, 5]",0,227.66388009160002
1,"[6, 34, 75, 67, 56, 10, 11]","[2, 1, 1, 1, 1, 2, 6]",0,2277.971363141
