,customer,weight,round,length
0,"[56, 13, 36, 84, 82, 75, 37, 73]","[1, 5, 3, 2, 1, 1, 1, 1]",0,6798.670615509
1,[8],[4],0,2200.3979125
