,customer,weight,round,length
0,[90],[1],0,84.9714015926
1,"[68, 48, 93, 92, 106, 45, 46, 70]","[3, 2, 1, 2, 2, 3, 1, 1]",0,2094.1845102350003
