,customer,weight,round,length
0,"[116, 114, 112, 90, 102, 33, 118]","[5, 2, 1, 1, 1, 1, 1]",0,4105.120722912
1,"[78, 124, 123, 88, 134, 133, 106, 115]","[1, 1, 1, 1, 1, 1, 1, 2]",0,2460.80404498
