,customer,weight,round,length
0,"[35, 111, 90, 67, 138, 128, 130, 40, 50, 94, 95, 139]","[2, 1, 1, 1, 1, 1, 1, 1, 1, 1, 2, 2]",0,5775.211611954001
1,"[146, 51, 131]","[2, 2, 4]",0,526.873984798
