,customer,weight,round,length
0,[],[],0,0.0
1,"[99, 4, 46, 6, 100, 56, 55]","[1, 1, 1, 3, 2, 1, 3]",0,2075.0041094830003
2,"[85, 89, 88, 84]","[1, 1, 4, 3]",0,1266.0386322630002
