,customer,weight,round,length
0,[70],[2],0,1426.17202609
1,[],[],0,0.0
2,[],[],0,0.0
3,"[103, 2, 60, 97, 120, 115, 49, 82, 20]","[1, 1, 1, 1, 1, 7, 1, 1, 1]",0,5954.402017776
4,[],[],0,0.0
