,task,distance
0,[0],0.0
1,[1],5430.089655426
2,[2],0.0
3,[3],173.7688780272
4,[4],0.0
