,task,distance
0,[0],1426.17202609
1,[1],0.0
2,[2],0.0
3,[3],5954.402017776
4,[4],0.0
