,task,distance
0,[0],251.31666526
1,[1],6000.564771912001
2,[2],0.0
3,[3],0.0
4,[4],0.0
