,customer,weight,round,length
0,"[76, 14, 167, 92, 175, 1, 148, 0]","[2, 2, 1, 1, 1, 1, 2, 2]",0,8787.103333568
1,[],[],0,0.0
2,"[12, 186, 150, 63, 170, 178, 3, 4, 17, 158, 131, 128]","[2, 2, 1, 1, 1, 2, 1, 1, 1, 1, 1, 1]",0,12792.234877872
3,[13],[6],0,348.245918836
