,task,distance
0,[0],0.0
1,[1],4501.581005227
2,[2],3334.1723799953
3,[3],2024.500468583
