,task,distance
0,[0],3277.4879411340003
1,[1],3260.266164886
2,[2],0.0
3,[3],0.0
