,customer,weight,round,length
0,"[106, 60, 67, 43]","[1, 1, 1, 1]",0,1453.4467041199998
1,"[81, 82, 127, 40, 50, 47, 88, 101, 97, 110, 131]","[1, 1, 1, 2, 1, 1, 1, 1, 1, 3, 1]",0,7680.684137493002
