,task,distance
0,[0],978.5631458517
1,[1],0.0
2,[2],0.0
3,[3],702.292694933
4,[4],0.0
