,task,distance
0,[0],0.0
1,[1],0.0
2,[2],0.0
3,[3],3630.585130428
4,[4],4754.8953201126
