,customer,weight,round,length
0,[],[],0,0.0
1,[],[],0,0.0
2,"[120, 154, 81, 106, 19, 62, 130, 134, 108, 143, 77, 123]","[1, 2, 1, 2, 1, 1, 1, 1, 1, 1, 2, 1]",0,12015.845925887399
3,[],[],0,0.0
4,"[128, 153, 140, 152, 138, 91, 14, 11, 10, 45, 75, 50, 0]","[2, 1, 1, 1, 1, 1, 1, 1, 1, 1, 2, 1, 1]",0,11850.353532322999
