,customer,weight,round,length
0,[],[],0,0.0
1,[],[],0,0.0
2,"[175, 56, 13, 121, 46, 0, 94, 10, 174, 93, 152, 138, 27]","[1, 1, 1, 1, 1, 1, 1, 1, 1, 1, 1, 1, 1]",0,10843.069729516
3,"[82, 230, 106, 162, 35, 86, 22, 62]","[3, 1, 2, 1, 1, 1, 2, 2]",0,11626.750305175
