,customer,weight,round,length
0,"[112, 101, 102, 137, 138]","[10, 1, 2, 1, 1]",0,2813.0361870211
1,"[20, 21, 121, 12, 11, 9, 39, 104, 65]","[1, 1, 1, 2, 1, 4, 1, 1, 3]",0,3421.1215971585
2,"[68, 93, 5, 4, 3, 146]","[1, 1, 10, 1, 1, 1]",0,4197.0364133190005
3,[],[],1,0.0
4,[],[],1,0.0
5,"[57, 98, 54, 55, 56, 42, 100, 35, 123, 143, 129, 147, 136, 51]","[1, 1, 1, 2, 1, 1, 1, 1, 1, 1, 1, 1, 1, 1]",1,5421.1614229058
