,task,distance
0,[0],3213.8903698080003
1,[1],4307.096754906001
2,[2],4041.873097515
3,[3],0.0
