,customer,weight,round,length
0,"[106, 95, 50, 49, 48, 47, 96]","[1, 4, 1, 1, 4, 2, 2]",0,2109.1355957588
1,"[17, 68, 102, 125, 43, 115, 36]","[1, 1, 1, 1, 1, 1, 1]",1,8586.411801295999
