,task,distance
0,[0],3473.09255588
1,[1],377.330911094
