,customer,weight,round,length
0,"[49, 47, 46, 45, 23, 24, 68, 69, 31, 0, 1, 50, 58, 52, 56]","[1, 1, 1, 1, 1, 1, 1, 1, 1, 1, 1, 1, 1, 1, 1]",0,4251.5009508501
1,"[11, 62, 28, 19, 7, 74, 4, 73, 25, 16, 18, 79, 22]","[1, 1, 1, 1, 1, 1, 1, 1, 1, 1, 3, 1, 1]",0,3196.1193663626
2,"[73, 77, 76, 78, 75, 26, 65, 66, 67, 32]","[1, 1, 1, 1, 1, 3, 1, 1, 1, 1]",1,5345.0702954394
3,"[10, 63, 8, 9, 13, 12, 6, 5, 51]","[3, 1, 1, 2, 1, 1, 1, 2, 1]",1,4109.742530589
