,customer,weight,round,length
0,"[12, 21, 4, 5, 16]","[1, 3, 4, 3, 4]",0,1986.3429603926002
1,[23],[1],0,255.663577442
