,customer,weight,round,length
0,"[17, 11, 35, 34]","[10, 2, 2, 1]",0,1256.795092559
1,"[22, 16, 15, 9, 19, 7, 21, 32, 20, 18, 25, 2, 0, 33]","[1, 2, 1, 1, 1, 1, 1, 1, 1, 1, 1, 1, 1, 1]",0,1403.439025506
2,"[31, 6, 14, 24, 23, 10, 1, 27, 29, 30]","[1, 1, 3, 3, 1, 1, 1, 2, 1, 1]",0,1528.596788589
3,"[26, 4, 5, 8]","[5, 6, 1, 1]",1,1306.613616874
4,"[12, 13, 3, 28]","[1, 4, 1, 2]",1,1025.137556447
5,[],[],1,0.0
