,task,distance
0,"[0, 3]",2563.408709433
1,"[1, 4]",2428.5765819529997
2,"[2, 5]",1528.596788589
