,task,distance
0,"[0, 5]",7630.644033756
1,"[1, 3]",4666.6752066547
2,"[2, 4]",6127.8792380505
