,customer,weight,round,length
0,"[167, 71, 198, 114]","[1, 1, 12, 1]",0,5655.887166824
1,"[69, 181, 79, 157, 92, 103, 126]","[1, 1, 1, 1, 5, 1, 1]",0,8483.653197321999
2,[],[],0,0.0
3,[],[],0,0.0
