,customer,weight,round,length
0,"[89, 45, 126, 106, 113, 114, 83, 35]","[1, 2, 2, 1, 1, 1, 4, 3]",0,2902.724365633
1,"[42, 94, 43, 41, 118, 123, 140, 34, 36]","[1, 2, 1, 1, 4, 1, 1, 3, 1]",0,3151.3266354059997
2,"[129, 109, 110, 172, 165, 22, 23, 146, 96, 98]","[3, 1, 1, 1, 4, 1, 1, 1, 1, 1]",0,4000.9676502685998
3,"[13, 108, 25, 112, 107, 26, 174]","[3, 1, 1, 1, 1, 1, 1]",1,5668.718837004
4,[],[],1,0.0
5,[],[],1,0.0
