,customer,weight,round,length
0,"[78, 66, 176, 79, 175, 164, 162, 151, 4]","[1, 2, 1, 3, 1, 2, 3, 1, 1]",0,1830.3172291990002
1,"[12, 60, 11, 100, 9, 64, 8, 158, 75, 63, 166]","[1, 2, 1, 1, 2, 2, 1, 1, 2, 1, 1]",0,1699.4078778628998
2,"[134, 116, 58, 54, 53, 74, 76, 71, 3]","[4, 1, 1, 1, 2, 2, 1, 2, 1]",0,3037.7520460609003
3,[],[],1,0.0
4,"[30, 48, 65, 103, 102]","[1, 2, 2, 1, 2]",1,3369.042430008
5,[],[],1,0.0
