,customer,weight,round,length
0,"[176, 175, 116, 110, 42, 209, 54, 52, 93, 83, 29, 215, 214, 27, 26]","[1, 1, 1, 1, 1, 1, 1, 1, 1, 1, 1, 1, 1, 1, 1]",0,6719.285644419
1,[],[],0,0.0
2,"[21, 180, 132, 134]","[3, 1, 1, 1]",0,1411.9234203120002
3,[],[],0,0.0
4,"[213, 62, 63, 186, 64, 185, 22, 133]","[1, 2, 1, 1, 1, 1, 2, 1]",0,1857.7786791559997
