,task,distance
0,[0],0.0
1,[1],1139.108270969
2,[2],0.0
3,[3],7736.0518748342
4,[4],3465.331724768
