,task,distance
0,"[0, 6]",12399.458572186
1,"[1, 9]",2110.770356578
2,"[2, 8]",32756.07880323
3,"[3, 7]",12106.890251066
4,"[4, 5]",13677.640514802002
