,customer,weight,round,length
0,"[69, 92, 103, 102, 45, 86, 60, 46, 22, 56, 7, 35]","[1, 1, 1, 1, 1, 1, 1, 1, 1, 2, 2, 1]",0,5310.614758615
1,[],[],0,0.0
2,[],[],0,0.0
3,"[70, 63, 80, 49, 83]","[2, 2, 1, 1, 1]",0,2915.47390912
