,task,distance
0,[0],5310.614758615
1,[1],0.0
2,[2],0.0
3,[3],2915.47390912
