,customer,weight,round,length
0,"[52, 9, 96, 109, 95, 26, 53, 50, 55, 51]","[3, 1, 1, 1, 1, 2, 3, 1, 1, 1]",0,2385.5065411000005
1,"[40, 19, 20, 102, 21, 54, 97, 110]","[2, 1, 2, 2, 1, 3, 1, 3]",1,4501.661585629
2,"[36, 82, 10, 102, 44, 69, 47, 89, 99]","[5, 1, 2, 1, 1, 1, 1, 1, 2]",2,7130.076138544
3,"[101, 24, 93, 91, 88, 108, 85, 49, 142, 135, 128]","[1, 1, 1, 1, 1, 1, 2, 1, 2, 1, 1]",3,9347.272151914
