,customer,weight,round,length
0,"[4, 29, 5, 6]","[4, 4, 4, 3]",0,1345.195360036
1,"[6, 22, 30, 18, 2]","[5, 2, 6, 1, 1]",1,1663.5379945680002
2,"[27, 8, 7]","[2, 1, 12]",2,1668.1032456490002
3,[7],[15],3,1402.667633468
