,customer,weight,round,length
0,"[64, 21, 12, 13]","[4, 3, 4, 4]",0,1096.3982564990001
1,"[65, 21, 54, 4, 41]","[6, 5, 2, 1, 1]",1,2876.6315453859997
2,"[61, 24, 22]","[2, 1, 12]",2,2830.7928559109996
3,[22],[15],3,1585.879111654
4,"[1, 68, 57, 5, 48, 49]","[1, 1, 1, 1, 3, 3]",4,3889.585710837
