,customer,weight,round,length
0,"[9, 8, 7]","[5, 5, 1]",0,5020.436730063
1,[],[],0,0.0
2,[6],[12],0,1628.80822798
3,[2],[12],0,290.225132712
4,[],[],0,0.0
