,task,distance
0,[0],0.0
1,[1],1120.109137009
2,[2],1819.106004458
3,[3],0.0
4,[4],3766.8780048
