,customer,weight,round,length
0,[],[],0,0.0
1,"[9, 15, 36, 18, 11, 40, 25, 37]","[1, 7, 1, 1, 1, 1, 1, 1]",0,4677.262184384999
2,"[20, 23, 19, 10, 6, 41, 7, 31, 27, 24, 12, 14]","[1, 1, 1, 1, 2, 1, 1, 2, 1, 1, 1, 2]",0,4422.973603791999
3,[],[],0,0.0
