,customer,weight,round,length
0,"[216, 225, 139, 260, 179, 60, 176, 83, 131, 204, 74, 229, 249, 197]","[1, 1, 1, 2, 1, 1, 1, 1, 1, 1, 1, 1, 1, 1]",0,16694.233913213997
1,[],[],0,0.0
2,"[254, 31]","[1, 1]",0,1171.956125717
3,[],[],0,0.0
