,task,distance
0,[0],5403.814385474201
1,[1],1269.388669682
2,[2],0.0
3,[3],0.0
4,[4],0.0
