,customer,weight,round,length
0,[],[],0,0.0
1,[],[],0,0.0
2,[],[],0,0.0
3,"[2, 15, 6, 17]","[1, 1, 1, 1]",0,1206.247692073
4,[20],[10],0,114.3314621268
