,customer,weight,round,length
0,"[70, 67, 66, 61, 60, 68]","[2, 1, 1, 1, 1, 1]",0,986.2215683436
1,"[6, 30, 34, 29, 26, 25, 24, 23, 31, 33]","[1, 1, 2, 1, 2, 1, 1, 1, 3, 2]",0,2740.6889576145
