,task,distance
0,[0],986.2215683436
1,[1],2740.6889576145
