,task,distance
0,[0],2000002290.3691576
1,[1],2000001949.225176
