,task,distance
0,[0],3864.43014728
1,[1],0.0
2,[2],142.6452745412
3,[3],0.0
