,task,distance
0,[0],5449.607327330999
1,[1],7226.30034342
2,[2],0.0
3,[3],0.0
