,customer,weight,round,length
0,"[67, 66, 101, 168, 166, 88, 87, 68, 190, 61, 59]","[1, 1, 1, 1, 2, 1, 1, 1, 1, 1, 1]",0,3712.4003221810003
1,"[73, 180, 177, 94, 218, 172, 216, 36, 89]","[1, 4, 1, 1, 1, 1, 1, 2, 1]",0,6585.025935062601
2,"[106, 26, 20, 18, 3, 56, 64, 219, 122, 125, 198, 124, 75, 137, 149]","[1, 1, 1, 1, 1, 1, 1, 1, 1, 1, 1, 1, 1, 1, 1]",0,9443.827821587998
3,[],[],0,0.0
4,"[6, 110, 157, 0, 191, 114, 81, 184, 103]","[1, 1, 2, 1, 1, 1, 1, 6, 1]",0,12563.4176026354
