,customer,weight,round,length
0,[],[],0,0.0
1,[],[],0,0.0
2,"[184, 132, 84, 152]","[1, 4, 1, 1]",0,2000002014.4443486
3,[],[],0,0.0
4,"[76, 120, 81, 142, 14, 16, 92, 146]","[1, 1, 1, 1, 1, 2, 1, 1]",0,2000009454.5299666
