,task,distance
0,[0],0.0
1,[1],2000006800.106475
2,[2],2000002597.440709
3,[3],0.0
4,[4],0.0
