,customer,weight,round,length
0,"[89, 88, 64, 66, 92, 93, 94, 51, 34]","[2, 1, 1, 2, 1, 1, 1, 2, 2]",0,4295.017684588
1,"[141, 142, 53, 98, 101, 138, 139, 117, 103, 61, 35, 106]","[1, 1, 1, 1, 1, 1, 1, 1, 1, 1, 2, 2]",0,3190.3464375149997
2,[],[],0,0.0
3,"[44, 47, 63, 130]","[1, 2, 1, 8]",0,1746.141649192
4,[86],[4],0,1169.155288436
