,task,distance
0,[0],2014.464684206
1,[1],0.0
2,[2],1823.467485334
3,[3],4106.837024703
4,[4],1750.371047422
