,customer,weight,round,length
0,"[35, 51, 139, 94, 40, 119, 84, 129, 0, 29]","[2, 2, 2, 1, 1, 2, 1, 1, 1, 2]",0,6185.615659942
1,"[136, 137, 80, 135, 77]","[1, 1, 1, 1, 1]",1,4609.300699726
