,customer,weight,round,length
0,"[118, 33, 102, 90, 112, 114, 116, 115, 106]","[1, 1, 1, 1, 1, 2, 5, 2, 1]",0,4548.905314848
1,"[78, 133, 134, 88, 123, 124]","[1, 1, 1, 1, 1, 1]",1,2191.162061718
