,task,distance
0,[0],4116.664213987
1,[1],8120.755208576101
