,customer,weight,round,length
0,"[22, 77, 79, 51, 81, 36, 82, 93, 106, 74, 3, 24]","[1, 3, 1, 1, 1, 1, 1, 1, 1, 1, 2, 1]",0,5058.3876225813
1,"[32, 117, 68, 107, 70, 33, 72, 34, 23]","[1, 3, 1, 1, 1, 1, 1, 3, 1]",0,1464.4953212164
