,task,distance
0,[0],3832.8748877899
1,[1],1262.3963887838
