,customer,weight,round,length
0,[],[],0,0.0
1,[],[],0,0.0
2,"[13, 1, 17, 11]","[2, 3, 4, 6]",0,9447.719953238498
3,[11],[15],0,183.183723649
