,task,distance
0,[0],0.0
1,[1],0.0
2,[2],9447.719953238498
3,[3],183.183723649
