,task,distance
0,[0],0.0
1,[1],0.0
2,[2],9536.308465545
3,[3],1629.266725954
