,customer,weight,round,length
0,"[80, 77, 66, 45, 75, 52, 54, 88, 8, 16, 74]","[1, 1, 1, 1, 2, 2, 1, 1, 1, 1, 3]",0,6520.030066740001
1,"[25, 51]","[2, 1]",1,6253.4808026
