,customer,weight,round,length
0,"[80, 105, 91, 40, 76, 16, 67, 15, 14, 68, 104, 74]","[1, 1, 2, 1, 1, 1, 1, 1, 1, 1, 1, 3]",0,6082.0465204628
1,[47],[2],1,4187.09863974
