,task,distance
0,[0],5172.7497095996005
1,[1],1510.960706423
2,[2],8390.737156342
3,[3],0.0
