,customer,weight,round,length
0,"[70, 142, 91, 189, 14, 20, 59]","[1, 1, 1, 2, 1, 1, 8]",0,9982.577396892
1,"[187, 24, 111, 56]","[1, 1, 1, 1]",1,2000008980.6393285
