,customer,weight,round,length
0,[],[],0,0.0
1,"[114, 13, 91, 78, 79, 52, 38, 37, 87, 103]","[1, 1, 1, 2, 1, 2, 1, 4, 1, 1]",0,4639.9139628652
2,[],[],0,0.0
3,[],[],0,0.0
4,"[113, 16, 55, 21, 76, 116, 129, 48, 83, 39, 128, 127]","[1, 1, 1, 1, 1, 1, 1, 2, 1, 1, 1, 1]",0,7298.809842328999
