,customer,weight,round,length
0,[18],[4],0,297.084875992
1,"[14, 25, 24]","[8, 4, 1]",0,2563.983149219
2,[],[],0,0.0
3,[],[],0,0.0
