,task,distance
0,[0],10181.762032426
1,[1],12858.188867795
2,[2],273.009664624
