,task,distance
0,[0],0.0
1,[1],5484.602584498
2,[2],4557.710182488
3,[3],0.0
4,[4],0.0
