,task,distance
0,"[0, 6]",8246.160925272
1,"[1, 5]",6102.1798603040015
2,"[2, 8]",3505.941516601
3,"[3, 9]",3495.2730111420005
4,"[4, 7]",5681.233608072
