,task,distance
0,"[0, 8]",10192.367720178001
1,"[1, 6]",5027.509250003001
2,"[2, 9]",3502.180549396
3,"[3, 5]",5317.363480420001
4,"[4, 7]",3912.428189538
