,task,distance
0,[0],1889.671584322
1,[1],1503.059672981
2,[2],6540.09814121
3,[3],0.0
4,[4],2615.455828468
