,task,distance
0,"[0, 5]",9523.368999550305
1,"[1, 6]",2000005552.588378
2,"[2, 4]",13587.289007013998
3,"[3, 7]",7289.2474007966
