,customer,weight,round,length
0,"[6, 16, 0, 21, 13, 18, 12]","[1, 1, 1, 6, 4, 1, 1]",0,837.172608425
1,[],[],0,0.0
2,"[7, 4, 23]","[7, 1, 3]",0,1736.2283520370001
3,"[7, 15, 3, 22, 19, 24, 2, 5, 11, 9, 8]","[1, 3, 1, 1, 1, 1, 1, 1, 1, 1, 3]",0,1523.209891434
4,"[26, 17, 20, 14, 10, 25, 1]","[1, 1, 1, 2, 1, 3, 1]",0,1615.665202593
