,customer,weight,round,length
0,[],[],0,0.0
1,"[24, 5, 56, 55, 48, 42, 33]","[1, 1, 6, 1, 1, 1, 3]",0,5240.054143073001
2,"[63, 50, 60, 47, 62, 66, 68]","[1, 1, 1, 1, 3, 3, 1]",0,2880.6957852773003
3,"[9, 25, 1, 22, 0, 28, 29, 10, 17, 7, 6]","[1, 1, 1, 1, 1, 4, 2, 1, 1, 1, 1]",0,3290.5053782630002
4,"[13, 12]","[3, 8]",0,791.305820351
