,task,distance
0,[0],232.096566508
1,[1],7185.649675839001
