,task,distance
0,"[0, 3]",6326.3101476013
1,"[1, 2]",6807.995661102
