,task,distance
0,"[0, 2]",7218.992579067999
1,"[1, 3]",2820.5067262883
