,customer,weight,round,length
0,"[74, 143, 13, 142, 96, 130, 48, 16, 145]","[1, 1, 1, 1, 1, 1, 1, 1, 2]",0,1986.1470962140997
1,[],[],0,0.0
2,"[71, 128, 129, 167, 98, 10, 131, 45, 46, 41, 125]","[1, 2, 1, 2, 2, 2, 1, 1, 1, 1, 1]",0,4225.103502803
