,customer,weight,round,length
0,[],[],0,0.0
1,"[71, 100, 99, 76, 156, 145]","[1, 1, 1, 1, 1, 2]",0,2908.4684861960004
2,"[108, 70, 65, 53, 56, 161, 105, 23, 166, 133, 98, 113, 96, 13]","[1, 1, 1, 1, 1, 1, 1, 1, 1, 1, 2, 1, 1, 1]",0,6815.907022879001
