,customer,weight,round,length
0,"[106, 105, 104, 103, 22, 23, 5, 63, 64]","[2, 1, 1, 1, 3, 1, 3, 1, 2]",0,2249.6048155521003
1,[],[],0,0.0
2,"[166, 113, 43, 52, 163, 165, 135, 132, 133, 75, 30]","[1, 1, 1, 1, 1, 1, 1, 1, 1, 1, 1]",0,2931.4124798234
