,task,distance
0,[0],0.0
1,[1],5716.785998472
2,[2],4237.544994794
