,task,distance
0,[0],1986.1470962141
1,[1],0.0
2,[2],4225.103502803
