,customer,weight,round,length
0,"[86, 79, 62]","[3, 9, 3]",0,3477.79026378
1,"[18, 78, 27, 6, 5, 1, 64]","[4, 1, 2, 1, 1, 1, 5]",0,9388.374597354199
2,"[67, 82, 72, 73, 3]","[1, 5, 4, 4, 1]",0,3759.012641372
3,"[44, 48, 55, 68]","[1, 1, 3, 1]",1,1711.1503676186
4,[],[],1,0.0
5,[],[],1,0.0
