,task,distance
0,[0],0.0
1,[1],489.658369908
2,[2],0.0
3,[3],0.0
4,[4],4027.64044149
