,task,distance
0,[0],4549.72976813
1,[1],0.0
2,[2],489.658369908
3,[3],0.0
4,[4],0.0
