,task,distance
0,[0],2352.5253623141
1,[1],0.0
2,[2],240.861507186
3,[3],5073.417316270999
