,customer,weight,round,length
0,"[28, 25, 106, 47, 48, 93, 91, 40, 76, 74, 75, 46]","[3, 1, 1, 1, 2, 1, 1, 1, 1, 1, 1, 1]",0,2215.6864258388996
1,"[90, 103, 62, 152, 138, 14, 159, 95]","[3, 2, 1, 1, 1, 2, 1, 1]",1,5326.438981283
