,task,distance
0,[0],2930.9210577809995
1,[1],4127.887880782
2,[2],0.0
3,[3],0.0
4,[4],4566.738231276301
