,customer,weight,round,length
0,"[101, 23, 149, 78, 79, 66, 80, 61, 132, 129, 34]","[1, 1, 1, 1, 1, 1, 1, 1, 1, 3, 1]",0,14552.346843574
1,[],[],0,0.0
2,[],[],0,0.0
3,"[119, 69, 118, 117, 139, 12, 91, 90]","[1, 1, 1, 1, 1, 1, 1, 1]",0,6865.862618546002
4,[],[],0,0.0
