,customer,weight,round,length
0,[202],[6],0,85.4597814516
1,"[23, 188, 129, 98, 196, 195, 95, 84, 110, 111, 17]","[1, 1, 1, 1, 1, 1, 1, 1, 1, 1, 1]",0,5393.59725061
2,"[43, 136, 137, 90, 169, 144, 202]","[1, 1, 1, 7, 1, 1, 3]",0,3073.4187688878
3,[],[],0,0.0
