,task,distance
0,[0],0.0
1,[1],4101.9406981159
2,[2],1147.9145629154
3,[3],0.0
