,task,distance
0,[0],0.0
1,[1],3944.437625579
2,[2],0.0
3,[3],4767.35310816
