,task,distance
0,[0],0.0
1,[1],1610.4125680809998
2,[2],0.0
3,[3],6925.658455877
