,task,distance
0,[0],85.4597814516
1,[1],5393.59725061
2,[2],3073.4187688878
3,[3],0.0
