,customer,weight,round,length
0,[],[],0,0.0
1,[],[],0,0.0
2,[],[],0,0.0
3,"[59, 48, 130, 121, 80, 79, 78, 64, 118, 117]","[1, 2, 2, 1, 2, 1, 1, 1, 2, 2]",0,5084.415246811
4,"[14, 13]","[1, 1]",0,2680.248034068
