,task,distance
0,[0],3232.727402742
1,[1],542.450718712
2,[2],0.0
3,[3],0.0
4,[4],0.0
