,task,distance
0,[0],172.0324814648
1,[1],1349.285542147
2,[2],0.0
3,[3],0.0
4,[4],4058.4487857594
