,task,distance
0,[0],0.0
1,[1],0.0
2,[2],0.0
3,[3],3338.216503852
4,[4],4061.598799055
