,customer,weight,round,length
0,"[20, 1, 49, 52, 41, 3, 105, 118, 110, 31, 42]","[1, 1, 1, 1, 1, 1, 5, 1, 1, 1, 1]",0,31031.392455959005
1,"[86, 103, 113, 83]","[4, 6, 1, 1]",1,18491.093174365
