,task,distance
0,[0],1359.142345544
1,[1],2630.744275851
2,[2],4108.131672429499
