,customer,weight,round,length
0,[],[],0,0.0
1,[],[],0,0.0
2,"[28, 65, 64, 63, 66]","[1, 2, 4, 1, 3]",0,1285.4709653831
3,"[29, 42, 2, 4, 43, 87, 44, 18, 17, 0, 30, 31]","[3, 1, 1, 1, 2, 1, 1, 1, 1, 1, 1, 1]",0,2347.8525851395
4,[],[],0,0.0
