,customer,weight,round,length
0,"[40, 38, 37, 26, 83, 20, 82]","[6, 1, 3, 1, 1, 1, 1]",0,4257.080524687501
1,[],[],0,0.0
2,[],[],0,0.0
3,"[52, 9, 13, 85, 79, 80, 74, 59, 57]","[1, 1, 1, 2, 2, 1, 1, 2, 2]",0,4890.341030255
4,[],[],0,0.0
