,task,distance
0,[0],0.0
1,[1],8320.8989233979
2,[2],0.0
3,[3],0.0
4,[4],4093.8733006862
