,task,distance
0,[0],4257.080524687501
1,[1],0.0
2,[2],0.0
3,[3],4890.341030255
4,[4],0.0
