,task,distance
0,"[0, 3, 8]",9248.902636787801
1,"[1, 5, 7]",9004.6121424299
2,"[2, 4, 6]",9317.698439383501
