,task,distance
0,"[0, 3, 6]",7814.4138143444
1,"[1, 5, 8]",7154.9674991323
2,"[2, 4, 7]",8401.681540342499
