,task,distance
0,[0],5952.6761145409
1,[1],403.969290492
2,[2],1981.8256874532
