,customer,weight,round,length
0,"[59, 17, 61, 89, 9, 58, 29, 86, 15, 22, 11]","[1, 1, 1, 1, 1, 2, 1, 1, 1, 1, 1]",0,2387.619750281
1,[],[],0,0.0
2,"[19, 84, 20, 21, 79, 18]","[1, 1, 2, 1, 2, 1]",0,1064.1556837489
3,[],[],0,0.0
