,task,distance
0,[0],2179.850712473
1,[1],0.0
2,[2],4441.254084345001
3,[3],0.0
