,task,distance
0,[0],3156.673813892
1,[1],0.0
2,[2],535.799396252
3,[3],0.0
