,task,distance
0,[0],0.0
1,[1],3888.161130576
2,[2],0.0
3,[3],0.0
4,[4],1937.513718628
