,task,distance
0,[0],5066.341194501999
1,[1],160.7360541648
