,customer,weight,round,length
0,"[72, 73, 66, 84, 19, 78, 6, 1]","[4, 4, 1, 2, 1, 1, 1, 1]",0,5425.077731667001
1,"[46, 22]","[1, 1]",1,5259.070838638001
