,customer,weight,round,length
0,"[55, 68, 67, 66, 90, 46, 47, 22, 48]","[3, 1, 1, 1, 4, 1, 2, 1, 1]",0,2057.6135623757
1,[44],[1],1,975.454490372
