,task,distance
0,[0],0.0
1,[1],916.724846886
2,[2],226.75683339
