,customer,weight,round,length
0,"[145, 172, 129, 44, 110, 29, 83, 141, 63, 60, 19, 101]","[1, 1, 1, 1, 1, 1, 1, 1, 1, 1, 1, 1]",0,13593.3436090573
1,[8],[15],0,3920.01853928
