,customer,weight,round,length
0,"[49, 80, 52, 0, 131, 39, 23, 114, 15, 35, 34, 33, 32]","[1, 1, 1, 1, 1, 1, 1, 1, 1, 1, 1, 2, 1]",0,3361.8817869571
1,[],[],0,0.0
2,"[47, 17, 86, 89, 88, 22, 87, 136, 61, 62, 134]","[1, 1, 1, 1, 1, 1, 1, 1, 1, 1, 1]",0,1664.1000189176002
3,[],[],0,0.0
4,[],[],0,0.0
