,customer,weight,round,length
0,"[72, 79, 8, 9]","[2, 1, 1, 4]",0,8431.16701434
1,[0],[2],0,323.415617598
