,task,distance
0,[0],8431.16701434
1,[1],323.415617598
