,task,distance
0,"[0, 2]",10075.315956273
1,"[1, 3]",13743.404246731301
