,customer,weight,round,length
0,"[63, 46, 45, 9, 62, 64, 39, 32, 60, 8, 16, 53, 13]","[1, 1, 1, 1, 1, 1, 1, 1, 2, 1, 1, 2, 1]",0,6705.0046232350005
1,[],[],0,0.0
2,"[47, 21, 20, 48]","[1, 1, 1, 1]",0,1226.925723375
3,"[12, 1, 25, 2, 65, 3, 11]","[3, 1, 1, 2, 1, 3, 1]",0,1402.6986331960002
4,[],[],0,0.0
