,task,distance
0,[0],6705.0046232350005
1,[1],1226.925723375
2,[2],1402.6986331960002
3,[3],0.0
4,[4],0.0
