,task,distance
0,[0],116.453010086
1,[1],0.0
2,[2],3851.704299701
3,[3],0.0
