,customer,weight,round,length
0,"[61, 59, 60, 45]","[3, 5, 6, 1]",0,447.92304797289995
1,"[62, 9]","[13, 2]",0,502.068303155
2,"[85, 51, 44, 48, 47, 90, 61]","[1, 4, 1, 1, 1, 4, 3]",0,689.9577378764
3,"[85, 15, 8]","[13, 1, 1]",1,938.0988273536999
4,"[30, 26, 50, 22, 76]","[4, 8, 1, 1, 1]",1,3245.360375783
5,"[24, 7, 14, 16, 10, 11, 17]","[1, 1, 5, 5, 1, 1, 1]",1,995.9147925913999
6,[],[],2,0.0
7,"[25, 18, 54, 56, 57]","[1, 1, 1, 1, 2]",2,5787.482722484
8,[],[],2,0.0
