,customer,weight,round,length
0,"[90, 61, 59]","[4, 6, 5]",0,4572.1157044551
1,"[65, 50, 22, 51, 26]","[1, 1, 1, 4, 8]",0,5068.168952200999
2,"[11, 24, 62]","[1, 1, 13]",0,5235.839777905
3,"[41, 16, 14, 7, 76]","[1, 5, 5, 1, 1]",1,5791.7468726591
4,"[2, 0, 72, 70, 69, 88]","[3, 4, 1, 1, 1, 1]",1,1806.686001052
5,"[56, 54, 80, 18, 19, 31, 28, 27, 37]","[1, 1, 1, 1, 2, 1, 1, 2, 1]",1,5032.311045097999
