,task,distance
0,"[0, 4, 6]",3693.2834237559
1,"[1, 5, 7]",7285.4658182304
2,"[2, 3, 8]",1628.0565652301
