,customer,weight,round,length
0,[],[],0,0.0
1,[7],[13],0,769.016189872
2,[3],[1],0,8714.44784704
3,[7],[15],0,769.016189872
