,customer,weight,round,length
0,"[7, 54, 111, 22, 29, 78]","[1, 1, 1, 1, 1, 1]",0,28995.39643476
1,"[20, 4, 5]","[1, 1, 1]",0,938.00694892
