,task,distance
0,[0],28995.39643476
1,[1],938.00694892
