,task,distance
0,[0],18580.176481797404
1,[1],1986.0669852919
