,task,distance
0,[0],4465.2904661337
1,[1],0.0
2,[2],0.0
3,[3],553.2891034793
