,task,distance
0,"[0, 2]",7594.447321726
1,"[1, 3]",6868.345184471001
