,customer,weight,round,length
0,[],[],0,0.0
1,"[23, 134, 52, 133, 53, 6, 125, 31, 78, 99, 84]","[2, 1, 1, 1, 1, 1, 1, 1, 1, 1, 2]",0,6622.010269147
2,"[112, 37, 11, 36, 83, 58, 59]","[1, 2, 2, 2, 1, 2, 1]",0,5627.529423609
3,"[103, 55, 15, 116, 54, 87, 46, 102, 121, 105]","[1, 1, 1, 1, 1, 2, 1, 4, 1, 2]",0,8028.279481298999
