,customer,weight,round,length
0,"[16, 186, 27]","[5, 9, 1]",0,2000003669.9403298
1,"[100, 25, 10, 56, 53, 211]","[2, 1, 1, 1, 2, 3]",0,2000002967.411872
2,[186],[11],0,2000000000.0
3,"[140, 182, 79, 46, 149, 1, 193, 26, 81, 125]","[2, 1, 1, 1, 1, 2, 1, 1, 1, 2]",0,2000003947.9235315
4,[],[],0,0.0
