,CID,TTDDemd
0,11544,0.447163999081
1,17389,0.233180001378
2,17390,0.663112998009
3,33281,21.2556991577
4,39011,0.0993696972728
5,39012,0.298108994961
6,39013,0.573678016663
7,39014,0.93874502182
8,39015,0.299122989178
9,39016,0.0496848002076
10,39017,0.347793996334
11,39018,0.298108994961
12,39019,0.104304999113
13,39020,1.04692995548
14,40044,0.397478997707
15,54596,0.248423993587
