,customer,weight,round,length
0,"[18, 84, 39, 77, 8, 36, 10]","[2, 2, 1, 4, 1, 1, 4]",0,4905.75010118
1,[18],[15],0,1419.146445262
2,[18],[15],0,1419.146445262
