,customer,weight,round,length
0,[59],[10],0,1623.251764338
1,"[27, 86, 28, 46, 60, 31, 52]","[1, 2, 1, 1, 2, 3, 2]",0,6210.5226662879995
2,[],[],0,0.0
