,customer,weight,round,length
0,"[26, 25, 85, 20]","[1, 4, 7, 2]",0,3050.704856855
1,"[87, 31, 66, 60, 52]","[1, 7, 1, 1, 1]",0,4500.870717850999
