,task,distance
0,[0],5701.493921734999
1,[1],1270.1457303399002
