,task,distance
0,[0],2980.055366989
1,[1],259.38900075
2,[2],0.0
3,[3],0.0
