,customer,weight,round,length
0,"[79, 16, 14, 13, 32, 83, 31, 23, 78, 61]","[1, 1, 2, 1, 1, 2, 1, 2, 2, 2]",0,2491.6149982883
1,"[33, 46, 31, 41, 44, 53, 18, 19, 84, 72, 77]","[1, 2, 2, 2, 2, 1, 1, 1, 1, 1, 1]",1,2997.5711332511
2,"[42, 45, 65, 34, 64, 62, 55, 68, 22, 10, 46]","[2, 2, 2, 1, 1, 1, 1, 2, 1, 1, 1]",2,3356.3519640749996
3,"[80, 55, 74, 43]","[1, 1, 4, 1]",3,4623.243267072
