,customer,weight,round,length
0,"[2, 28, 7, 8, 29, 9, 20, 1, 3, 31]","[2, 2, 2, 1, 1, 1, 2, 1, 1, 2]",0,1400.24687415
1,"[27, 12, 4, 10, 15, 5, 32, 18, 17, 25, 8]","[1, 2, 1, 1, 2, 1, 1, 1, 2, 1, 2]",1,398.231572338
2,"[16, 24, 22, 13, 23, 21, 6, 11, 19, 0, 17]","[2, 2, 1, 2, 2, 1, 1, 1, 1, 1, 1]",2,519.192360377
3,"[30, 26, 14, 19]","[1, 4, 1, 1]",3,785.222721893
