,customer,weight,round,length
0,[],[],0,0.0
1,"[89, 65, 64, 42, 24, 43, 134]","[1, 2, 3, 1, 1, 2, 2]",0,2461.5821554242
2,"[133, 37, 85, 101, 99, 116, 38, 88]","[2, 3, 1, 2, 2, 1, 1, 1]",0,2323.8697155021
