,task,distance
0,[0],2891.8234204640003
1,[1],0.0
2,[2],2344.4145380625
