,task,distance
0,[0],8758.604148738
1,[1],4210.538670734999
2,[2],0.0
3,[3],0.0
