,task,distance
0,[0],4376.750649031001
1,[1],3092.367187541
