,customer,weight,round,length
0,"[27, 11, 18, 32, 6, 31, 25, 30, 4, 0, 7, 1]","[1, 1, 1, 1, 1, 2, 2, 2, 1, 1, 1, 1]",0,3155.1368572255005
1,[2],[2],0,296.640999534
2,[],[],0,0.0
3,[],[],0,0.0
4,[26],[1],0,105.8512566594
