,customer,weight,round,length
0,[],[],0,0.0
1,[],[],0,0.0
2,"[39, 115]","[2, 1]",0,1077.2728322203
3,"[38, 106, 27, 99, 10, 3, 14, 74, 49, 87, 69]","[2, 1, 1, 1, 1, 4, 1, 1, 1, 1, 1]",0,6514.653606442
