,customer,weight,round,length
0,"[96, 98, 128, 94, 118]","[2, 2, 1, 7, 3]",0,4897.032405265
1,[],[],0,0.0
2,"[95, 93, 5, 45]","[2, 2, 3, 3]",0,2605.460524
3,"[88, 60, 113, 53]","[1, 2, 11, 1]",0,2625.3508459629998
