,customer,weight,round,length
0,"[55, 54, 49, 44, 50, 28, 25, 6, 5, 26]","[2, 1, 1, 1, 3, 2, 2, 1, 1, 1]",0,2856.7299825540003
1,"[57, 53, 36, 59, 21, 12, 13, 38, 39, 56]","[1, 2, 1, 1, 1, 1, 1, 2, 1, 2]",1,5140.751025151001
