,customer,weight,round,length
0,"[87, 36, 88, 129, 89, 100, 102, 71, 70, 63, 48, 37, 85]","[1, 1, 1, 1, 1, 1, 2, 1, 1, 2, 1, 1, 1]",0,1583.4417732552997
1,"[49, 69, 73, 100, 50, 90, 62, 6, 0]","[1, 1, 1, 2, 1, 2, 5, 1, 1]",1,2586.2517588849
2,"[101, 68, 67, 172, 122, 74, 64, 51, 2, 5, 14, 160]","[1, 1, 1, 1, 1, 1, 2, 1, 3, 1, 1, 1]",2,3555.4953947851004
3,"[175, 173, 104]","[1, 2, 1]",3,14361.808240344
