,customer,weight,round,length
0,"[108, 107, 59, 54, 170, 120, 118, 33, 34, 35, 168, 169]","[1, 1, 1, 1, 1, 1, 2, 1, 1, 2, 1, 2]",0,2390.8157326794
1,"[55, 142, 145, 19, 165, 164, 22, 27, 21, 81, 52, 53]","[2, 1, 2, 2, 1, 1, 1, 1, 1, 1, 1, 1]",1,2675.7460503603
2,"[83, 75, 163, 18, 143, 141, 80, 79, 117]","[1, 2, 3, 1, 3, 2, 1, 1, 1]",2,3207.2507566261997
3,"[106, 66, 125, 126]","[1, 3, 1, 2]",3,18211.513899436
