,task,distance
0,[0],1051.7878251851998
1,[1],979.8974671718
2,[2],3560.4786547720005
