,task,distance
0,[0],4898.729294282
1,[1],92.0840973278
2,[2],4451.413700374
