,task,distance
0,[0],0.0
1,[1],4053.05890092
2,[2],0.0
3,[3],4053.05890092
