,customer,weight,round,length
0,"[81, 47, 6, 75, 50, 77, 70, 106, 105, 111, 101, 10, 0]","[1, 1, 2, 2, 1, 1, 1, 1, 1, 1, 1, 1, 1]",0,4288.067093445599
1,"[85, 100, 31, 32, 90, 92, 112]","[1, 1, 1, 2, 1, 1, 1]",1,3386.943682367
