,task,distance
0,[0],8327.8043193411
1,[1],1080.5765262759
2,[2],3257.6727860561
