,customer,weight,round,length
0,"[37, 47, 44, 130, 63, 46, 25, 22, 20, 116]","[1, 2, 1, 1, 1, 1, 3, 1, 1, 3]",0,2831.0589140859997
1,"[26, 133, 120, 13, 119, 118, 86, 14, 27]","[1, 2, 1, 1, 1, 1, 4, 1, 3]",0,4029.1095557699
2,"[72, 112, 75, 68, 80, 115, 24, 40]","[2, 2, 2, 3, 2, 1, 1, 2]",0,2942.0057781269993
3,"[74, 136, 12, 7, 79]","[1, 1, 10, 1, 2]",0,2214.422716149
4,[],[],1,0.0
5,[130],[7],1,1018.5193254
6,"[34, 89, 88, 64, 66, 92, 93, 94, 51]","[2, 2, 1, 1, 2, 1, 1, 1, 2]",1,5149.6386523969995
7,"[141, 142, 53, 98, 101, 138, 139, 117, 103, 61, 35, 106]","[1, 1, 1, 1, 1, 1, 1, 1, 1, 1, 2, 2]",1,4966.756455739001
