,customer,weight,round,length
0,[0],[1],0,839.733639566
1,"[38, 24, 39, 30, 33, 17]","[2, 1, 3, 1, 1, 1]",0,2076.063587227
