,customer,weight,round,length
0,"[15, 14, 42, 3, 32, 12]","[1, 1, 1, 2, 1, 1]",0,1613.065119471
1,[6],[3],0,326.034363286
