,customer,weight,round,length
0,"[5, 7, 0, 46, 45, 12, 13, 31, 15, 57]","[1, 1, 1, 3, 1, 2, 1, 1, 3, 1]",0,2776.2244968972004
1,"[20, 69, 19, 9, 8]","[2, 1, 2, 2, 3]",0,1754.5041816819999
2,"[3, 2, 41, 54, 4, 6]","[1, 1, 1, 2, 2, 2]",0,1298.0114517183
3,"[17, 16, 30, 40, 47, 51, 24, 52, 72, 53, 23, 49, 71]","[1, 1, 3, 1, 1, 1, 1, 1, 1, 1, 1, 1, 1]",0,3884.554961312
4,[],[],0,0.0
