,customer,weight,round,length
0,"[7, 1, 11, 9, 5]","[3, 1, 3, 2, 2]",0,353.98900849020004
1,[],[],0,0.0
2,"[2, 10, 28, 6, 8, 16, 32]","[1, 1, 1, 1, 2, 1, 1]",0,881.606318045
3,"[21, 3, 23, 13, 15, 14, 18, 4]","[1, 2, 3, 1, 2, 2, 3, 1]",0,749.995380228
4,"[31, 33, 17, 24, 0, 19, 20, 26, 27, 29, 22, 25, 12, 30]","[1, 1, 1, 1, 1, 1, 1, 1, 1, 2, 1, 1, 1, 1]",0,1611.649143311
