,task,distance
0,[0],2776.2244968972004
1,[1],1754.504181682
2,[2],1298.0114517183
3,[3],3884.554961312
4,[4],0.0
