,customer,weight,round,length
0,[],[],0,0.0
1,"[60, 52, 0, 54, 53, 72, 68, 71]","[1, 1, 2, 4, 2, 1, 2, 1]",0,2000002065.99055
2,"[56, 70, 31]","[1, 2, 12]",0,2000000291.599286
