,task,distance
0,[0],2822.5178454037
1,[1],0.0
2,[2],1818.781894367
