,customer,weight,round,length
0,[],[],0,0.0
1,"[95, 87, 97, 13, 39, 11, 38]","[1, 1, 2, 3, 1, 3, 1]",0,1781.1121304706
2,[],[],0,0.0
3,"[37, 15, 0, 91]","[1, 2, 2, 2]",0,1243.9865238334
4,[],[],0,0.0
