,customer,weight,round,length
0,[],[],0,0.0
1,[],[],0,0.0
2,[],[],0,0.0
3,"[84, 88, 89, 85]","[3, 4, 1, 1]",0,1266.0386322630002
4,"[55, 56, 100, 6, 46, 4, 99]","[3, 1, 2, 3, 1, 1, 1]",0,2075.0041094830003
