,customer,weight,round,length
0,[79],[2],0,435.970324624
1,"[18, 62, 58, 41, 83, 25, 28, 3, 31, 32]","[2, 1, 1, 2, 4, 1, 1, 1, 1, 1]",0,3944.1265095989006
2,[],[],0,0.0
3,[],[],0,0.0
4,[],[],0,0.0
