,task,distance
0,[0],0.0
1,[1],1781.1121304706
2,[2],0.0
3,[3],1243.9865238334
4,[4],0.0
