,task,distance
0,[0],2797.714484733
1,[1],0.0
2,[2],3095.209456505
