,customer,weight,round,length
0,"[36, 38, 71, 99, 39, 109, 69, 35, 78, 37]","[2, 1, 1, 1, 1, 1, 1, 2, 2, 3]",0,5645.661014916
1,"[96, 95, 97]","[1, 2, 2]",0,549.9846379558
