,task,distance
0,[0],3030.4128657097
1,[1],4859.872552676
