,customer,weight,round,length
0,"[147, 125, 146, 148, 202, 198, 190, 210, 207, 142, 122, 120, 186]","[1, 1, 1, 1, 1, 1, 1, 1, 1, 1, 2, 1, 2]",0,2000009219.8235726
1,"[201, 149, 152, 159, 158, 156, 157, 213, 132, 182]","[1, 1, 1, 1, 1, 2, 1, 1, 4, 2]",0,2000002750.9889917
2,"[184, 35, 33, 84, 45, 23]","[1, 1, 1, 1, 1, 1]",1,2000002500.7767837
3,[],[],1,0.0
