,customer,weight,round,length
0,[26],[8],0,98.7567346056
1,[],[],0,0.0
2,[17],[7],0,1369.470955584
3,[26],[11],0,98.7567346056
