,customer,weight,round,length
0,"[85, 55, 48, 51, 80]","[1, 5, 1, 3, 2]",0,3326.9916744421
1,[],[],0,0.0
2,"[86, 2, 102, 103, 42, 106, 90, 78]","[1, 2, 1, 1, 1, 3, 1, 1]",0,3394.8126065983
