,task,distance
0,[0],0.0
1,[1],1856.05030404
2,[2],4592.5176593510005
