,customer,weight,round,length
0,"[5, 6, 142, 0, 25, 146, 153, 150, 87, 138, 70, 11, 136]","[1, 1, 1, 1, 1, 1, 1, 1, 1, 1, 1, 1, 3]",0,14974.989692669
1,"[101, 57, 130, 59, 62, 68]","[1, 1, 1, 1, 1, 3]",1,2432.393678183
