,customer,weight,round,length
0,"[14, 75, 52, 28, 72, 149, 152, 26, 9, 88]","[1, 2, 2, 1, 1, 1, 1, 2, 3, 1]",0,10261.720592172
1,"[41, 154, 136, 69, 19, 134, 110, 145, 97, 4]","[1, 2, 3, 1, 1, 1, 1, 1, 1, 1]",1,5954.028308379
