,task,distance
0,[0],10560.28799124
1,[1],2937.833357373
2,[2],0.0
