,task,distance
0,"[0, 3]",2461.383195334
1,"[1, 2]",3253.8547659079995
