,task,distance
0,[0],3968.6696293315
1,[1],0.0
2,[2],5104.049610396
3,[3],0.0
