,task,distance
0,"[0, 5]",15761.475755092002
1,"[1, 8]",5038.026768980999
2,"[2, 7]",20853.752570579
3,"[3, 9]",2110.770356578
4,"[4, 6]",20049.146262687
