,customer,weight,round,length
0,"[42, 33, 35, 24, 1, 2, 49, 6]","[1, 1, 4, 5, 1, 1, 1, 1]",0,4833.26062344
1,"[29, 50]","[3, 6]",0,863.262559656
