,task,distance
0,[0],5662.83399988
1,[1],1140.312048732
