,customer,weight,round,length
0,"[51, 45, 80, 102]","[1, 1, 2, 1]",0,1622.6955173292001
1,"[7, 148, 42, 124, 162, 169, 119, 95, 96, 75, 108, 84]","[1, 1, 1, 1, 1, 1, 1, 2, 1, 1, 1, 1]",0,10087.275933417
