,task,distance
0,[0],1708.8121440063
1,[1],1420.296540908
