,task,distance
0,[0],0.0
1,[1],4712.390389643001
2,[2],4687.037427825
3,[3],0.0
4,[4],1631.3149733681
