,customer,weight,round,length
0,"[77, 27, 5, 10, 58, 0, 57, 1, 53, 6, 78]","[2, 2, 1, 3, 1, 1, 1, 1, 1, 1, 1]",0,4807.0744165880005
1,"[79, 18, 19, 17]","[9, 4, 1, 1]",0,1827.211009558
2,"[16, 72, 14, 82, 73]","[1, 4, 1, 5, 4]",0,1707.720600775
3,"[81, 62]","[4, 3]",1,1275.686765489
4,"[66, 47, 44, 48, 22, 46, 55, 68, 67, 3]","[1, 2, 1, 1, 1, 1, 3, 1, 1, 1]",1,5019.1127241703
5,"[64, 90, 86, 84]","[6, 4, 3, 2]",1,9149.804541262
