,task,distance
0,"[0, 3]",4243.828737997001
1,"[1, 4]",11940.564747261
2,"[2, 5]",7605.9409594853005
