,task,distance
0,[0],2506.5929624124
1,[1],0.0
2,[2],1639.1347313929
3,[3],3437.017286145
4,[4],4359.363663396
