,customer,weight,round,length
0,[],[],0,0.0
1,"[102, 115, 28, 104, 52, 130, 30, 6, 25, 50, 124]","[4, 1, 1, 2, 1, 1, 1, 1, 1, 1, 1]",0,5549.294140573001
2,[],[],0,0.0
3,[],[],0,0.0
4,"[63, 55, 41, 22, 21]","[2, 1, 2, 2, 2]",0,2848.022941662
