,customer,weight,round,length
0,[],[],0,0.0
1,"[27, 81, 82, 87, 79, 44]","[3, 1, 1, 1, 1, 1]",0,2144.756584035
2,[],[],0,0.0
3,[],[],0,0.0
4,"[66, 46, 47, 48, 20, 21, 6, 75]","[1, 1, 4, 5, 1, 1, 1, 1]",0,6272.027266352001
