,customer,weight,round,length
0,[49],[13],0,332.876322572
1,[],[],0,0.0
2,[],[],0,0.0
3,"[45, 33, 73, 8, 25, 19, 72]","[1, 1, 1, 8, 1, 2, 1]",0,3615.688323562
4,"[52, 60, 38, 84, 35, 36]","[1, 1, 1, 1, 1, 1]",0,3251.2782752519997
