,customer,weight,round,length
0,[],[],0,0.0
1,[],[],0,0.0
2,"[17, 22, 8, 77, 73, 33, 31, 30]","[1, 1, 8, 1, 1, 1, 1, 1]",0,3520.1895108500003
3,[],[],0,0.0
4,"[35, 87, 66, 48, 29, 28]","[1, 1, 1, 5, 1, 1]",0,5251.591722978999
