,task,distance
0,[0],332.876322572
1,[1],0.0
2,[2],0.0
3,[3],3615.688323562
4,[4],3251.278275252
