,task,distance
0,[0],0.0
1,[1],5981.855224038
2,[2],0.0
3,[3],0.0
4,[4],1830.052891236
