,task,distance
0,[0],0.0
1,[1],0.0
2,[2],3520.1895108500003
3,[3],0.0
4,[4],5251.591722978999
