,task,distance
0,[0],1661.449832741
1,[1],3834.2113445289
2,[2],0.0
3,[3],0.0
