,task,distance
0,[0],188.7565688518
1,[1],0.0
2,[2],3118.8699223290005
3,[3],2780.731112664
