,task,distance
0,[0],4213.4989609405
1,[1],0.0
2,[2],2065.934073412
3,[3],0.0
