,customer,weight,round,length
0,"[71, 85, 83, 18, 82, 79]","[1, 1, 1, 2, 1, 9]",0,4241.370333569
1,"[25, 19, 43, 42, 64, 79, 86, 72, 1]","[2, 1, 1, 1, 1, 6, 1, 1, 1]",1,3997.5960143207
2,"[60, 45, 13, 77, 48, 49, 10, 2, 88, 70, 22, 75, 24]","[1, 1, 1, 1, 1, 1, 1, 1, 1, 1, 2, 1, 1]",2,2536.0098757624
