,customer,weight,round,length
0,[],[],0,0.0
1,[],[],0,0.0
2,"[93, 88, 71, 90, 89, 113]","[2, 1, 1, 1, 1, 1]",0,1159.0511356086
3,[],[],0,0.0
4,"[97, 112, 111, 41, 40, 20]","[1, 1, 1, 1, 1, 1]",0,988.3993331045999
