,task,distance
0,[0],0.0
1,[1],0.0
2,[2],1159.0511356086
3,[3],0.0
4,[4],988.3993331046
