,task,distance
0,[0],2012.832975207
1,[1],5646.3813484444
2,[2],0.0
3,[3],2520.366111012
4,[4],0.0
