,customer,weight,round,length
0,"[130, 44, 37, 47, 46, 63]","[8, 1, 1, 2, 1, 1]",0,1614.513920212
1,"[66, 92, 94, 64, 88, 89, 141, 34]","[2, 1, 1, 1, 1, 2, 1, 2]",0,4078.701964512
