,task,distance
0,[0],3348.315831987
1,[1],2634.140112747
