,customer,weight,round,length
0,[15],[1],0,2626.88383306
1,[],[],0,0.0
2,"[62, 84, 8, 23, 19]","[1, 1, 1, 2, 1]",0,28549.519375297
