,task,distance
0,[0],0.0
1,[1],2506.54061066
2,[2],3826.372910314
