,customer,weight,round,length
0,[],[],0,0.0
1,"[17, 5, 4, 2, 13, 84, 71, 70, 52, 14, 65]","[2, 1, 1, 1, 1, 1, 1, 1, 1, 1, 1]",0,3450.8141011384
2,[],[],0,0.0
3,"[47, 29, 26, 7, 78, 82]","[1, 2, 2, 1, 2, 2]",0,2064.58754315
