,task,distance
0,[0],0.0
1,[1],0.0
2,[2],232.302808126
3,[3],1997.75874665
