,customer,weight,round,length
0,"[73, 72, 51, 52, 38, 92, 61, 2, 13, 84, 71, 70]","[1, 4, 1, 1, 1, 1, 1, 1, 1, 1, 1, 1]",0,3908.6632845038
1,"[92, 33, 40, 74, 14, 79]","[1, 1, 1, 2, 1, 1]",1,3584.887731069
