,customer,weight,round,length
0,"[25, 57, 56, 19, 20, 28, 29, 27, 26]","[2, 1, 1, 1, 2, 2, 2, 2, 2]",0,1323.5787823465
1,"[55, 7, 78, 8, 18, 6, 47, 21, 48, 27]","[2, 1, 2, 1, 1, 3, 1, 1, 2, 1]",1,2676.170195932
