,customer,weight,round,length
0,"[67, 66, 65, 188, 0, 8, 10, 211, 7, 5, 69]","[1, 2, 1, 1, 1, 2, 1, 1, 3, 1, 1]",0,4166.446377398
1,"[194, 60, 128, 129, 57, 56, 16, 25, 13, 204, 205, 31, 46, 45]","[2, 1, 1, 1, 1, 1, 1, 1, 1, 1, 1, 1, 1, 1]",0,3765.8604052732
2,[222],[1],1,4883.4808116
3,[6],[2],1,2544.1123043
