,customer,weight,round,length
0,"[168, 97, 192, 193, 87, 98, 147, 162, 150, 163, 160, 145, 226]","[1, 1, 1, 2, 1, 1, 1, 1, 1, 1, 1, 1, 2]",0,6373.658212998898
1,"[183, 185, 29, 223, 72, 174, 156, 121, 11, 94, 86, 220, 35]","[2, 1, 1, 1, 2, 1, 1, 1, 1, 1, 1, 1, 1]",0,16738.90761779
2,[],[],1,0.0
3,"[199, 68]","[1, 1]",1,19948.13232955
