,customer,weight,round,length
0,"[30, 70, 67, 99, 89, 90]","[1, 1, 2, 5, 5, 1]",0,5171.400148777
1,"[23, 18, 7, 87, 100, 67, 68, 94, 6]","[1, 1, 1, 1, 5, 1, 2, 2, 1]",1,3107.6477624817
2,"[22, 35, 42, 25, 98, 68, 55, 15, 44, 32, 80]","[1, 1, 1, 3, 1, 1, 2, 2, 1, 1, 1]",2,3934.12739208
3,"[17, 33, 85, 60]","[1, 1, 9, 4]",3,1934.673171516
4,"[4, 78, 11, 75, 52, 53, 92, 63, 16]","[1, 1, 1, 1, 1, 1, 1, 1, 1]",4,3355.24625778
