,customer,weight,round,length
0,"[8, 23, 32, 27, 18, 22, 30, 9, 6, 13, 26, 12, 33]","[1, 1, 2, 1, 1, 1, 1, 1, 1, 1, 2, 1, 1]",0,1154.5618901379999
1,"[3, 2, 35, 21, 17]","[1, 1, 1, 1, 3]",1,1526.5797854080001
