,customer,weight,round,length
0,"[20, 22, 59, 49, 57, 30, 62, 63, 82, 18, 79, 29, 83]","[1, 1, 1, 1, 1, 1, 2, 1, 2, 1, 1, 1, 1]",0,3746.336281625
1,"[49, 8, 11, 84, 13, 61]","[2, 1, 1, 1, 1, 1]",1,2344.9307789780005
