,customer,weight,round,length
0,"[6, 20, 21]","[1, 2, 1]",0,800.6262774126001
1,[23],[4],0,161.6442777084
2,[],[],0,0.0
