,customer,weight,round,length
0,"[18, 17]","[1, 1]",0,1308.098160304
1,"[2, 13, 14]","[12, 1, 2]",0,5260.961732329601
2,[],[],0,0.0
