,task,distance
0,[0],800.6262774126001
1,[1],161.6442777084
2,[2],0.0
