,customer,weight,round,length
0,[2],[3],0,79.29067587
1,"[26, 14]","[7, 8]",0,3401.081710263
2,[26],[12],0,3401.08171026
