,task,distance
0,[0],6477.65697258
1,[1],4087.124864789
