,customer,weight,round,length
0,[10],[1],0,81.56811732
1,[],[],0,0.0
2,"[1, 35, 26, 29, 21, 22, 17, 2, 8]","[2, 1, 1, 2, 1, 3, 1, 2, 2]",0,9028.66215822
3,[],[],0,0.0
4,[],[],0,0.0
