,customer,weight,round,length
0,[],[],0,0.0
1,[],[],0,0.0
2,"[6, 16]","[1, 4]",0,409.41156213529996
3,[],[],0,0.0
4,"[38, 27, 31, 0, 32, 37, 36]","[2, 1, 2, 2, 2, 1, 1]",0,8262.144797923998
