,task,distance
0,[0],8386.0336054502
1,[1],0.0
2,[2],0.0
3,[3],0.0
4,[4],504.7505187547
