,task,distance
0,[0],752.6361532263
1,[1],0.0
2,[2],728.8132786011
3,[3],0.0
4,[4],0.0
