,task,distance
0,[0],193.0679152404
1,[1],5298.789434102199
2,[2],193.0679152404
