,customer,weight,round,length
0,[43],[1],0,254.092247976
1,[],[],0,0.0
2,[],[],0,0.0
3,"[80, 16, 102]","[1, 1, 1]",0,6970.023125256001
4,[],[],0,0.0
