,task,distance
0,[0],254.092247976
1,[1],0.0
2,[2],0.0
3,[3],6970.023125256001
4,[4],0.0
