,customer,weight,round,length
0,[1],[4],0,325.768371344
1,"[16, 41, 5, 29, 30]","[1, 1, 2, 1, 1]",0,2665.7086051114
