,customer,weight,round,length
0,"[182, 51, 34, 33, 71, 184, 185, 195, 183, 181, 119, 120]","[1, 2, 1, 2, 1, 1, 1, 1, 1, 2, 1, 1]",0,4169.2930610948
1,"[59, 57, 171, 174, 36, 4, 207, 111, 109, 115, 203, 58]","[1, 1, 2, 1, 1, 1, 1, 1, 1, 1, 2, 2]",0,3647.8058135839997
2,"[159, 160, 135, 136, 121]","[1, 2, 1, 1, 2]",0,863.6664083566
3,[],[],0,0.0
4,[],[],0,0.0
