,task,distance
0,[0],0.0
1,[1],6833.070333931601
2,[2],5265.4471923426
3,[3],8036.872182606
4,[4],0.0
