,task,distance
0,[0],5872.59748198
1,[1],0.0
2,[2],1096.470811577
3,[3],10229.810159228
4,[4],14083.155671138
