,customer,weight,round,length
0,"[60, 1, 2, 11, 80, 79, 78, 33, 32, 31, 42, 24, 29, 12]","[1, 2, 1, 1, 1, 1, 1, 1, 1, 1, 1, 1, 1, 1]",0,3042.0531393716005
1,"[76, 3]","[2, 2]",0,807.161635485
2,"[9, 87, 86, 72, 73, 92, 91, 64, 8, 66, 35, 96]","[3, 1, 1, 1, 1, 1, 1, 1, 1, 1, 2, 1]",0,6870.556118756
3,"[34, 19, 20, 67, 50, 70, 65, 68, 55, 97, 57]","[2, 1, 1, 1, 2, 1, 1, 1, 1, 2, 2]",0,4860.786001844001
4,"[85, 83, 74, 84, 53, 75, 45, 0, 99, 94, 25]","[2, 1, 1, 1, 1, 2, 2, 1, 1, 1, 1]",0,6299.795138541001
