,customer,weight,round,length
0,[],[],0,0.0
1,[],[],0,0.0
2,"[76, 75]","[2, 3]",0,386.39144225020004
3,"[81, 31, 73, 90, 29, 30, 82, 84, 60, 83, 39]","[2, 1, 2, 1, 1, 1, 1, 1, 2, 1, 2]",0,3238.6246667545
4,[],[],0,0.0
