,customer,weight,round,length
0,[],[],0,0.0
1,[],[],0,0.0
2,"[84, 88, 90, 71, 19, 42, 0, 6, 80, 30]","[1, 2, 1, 1, 2, 1, 1, 1, 1, 1]",0,3613.2953868158997
3,[],[],0,0.0
4,"[77, 58, 79]","[3, 1, 6]",0,2695.393460979
