,task,distance
0,[0],0.0
1,[1],0.0
2,[2],0.0
3,[3],3916.8633635902
4,[4],1365.018623287
