,task,distance
0,[0],0.0
1,[1],0.0
2,[2],3613.2953868159
3,[3],0.0
4,[4],2695.393460979
