,task,distance
0,"[0, 2]",5852.172527957
1,"[1, 3]",5413.204104828999
