,task,distance
0,[0],0.0
1,[1],1289.676755722
2,[2],0.0
3,[3],0.0
4,[4],2656.1611774300004
