,task,distance
0,[0],1197.726702745
1,[1],3055.223350855
2,[2],0.0
3,[3],0.0
4,[4],0.0
