,customer,weight,round,length
0,"[17, 85, 87]","[1, 1, 1]",0,513.5716708205
1,"[8, 100, 102, 68]","[2, 1, 11, 1]",0,2591.925127631
2,"[81, 104, 99, 48, 75, 77, 113, 96, 88, 118, 49, 106]","[1, 2, 1, 1, 1, 1, 1, 1, 1, 3, 1, 1]",0,3547.266677297
3,"[43, 16, 45, 32, 0, 25, 22, 109, 108]","[2, 1, 1, 1, 2, 5, 1, 1, 1]",0,3239.5023100789995
