,task,distance
0,[0],0.0
1,[1],1327.8010351189998
2,[2],3685.0249707970006
3,[3],0.0
4,[4],3859.308243937
