,task,distance
0,"[0, 3, 8, 9]",19565.141663597802
1,"[1, 5, 6, 10]",18740.902860001202
2,"[2, 4, 7, 11]",15459.3493075876
