,customer,weight,round,length
0,"[81, 90, 2, 86, 85, 82, 31, 99, 29, 13, 92, 91, 97]","[1, 1, 1, 1, 1, 1, 1, 2, 1, 1, 1, 1, 1]",0,7017.4624739716
1,[],[],0,0.0
2,"[95, 30, 56, 59]","[1, 1, 1, 3]",0,1552.750905895
3,[],[],0,0.0
