,customer,weight,round,length
0,[],[],0,0.0
1,[],[],0,0.0
2,"[95, 97, 59]","[1, 1, 3]",0,1524.4098426179999
3,"[2, 86, 82, 6, 7, 4, 77, 99, 32, 31, 17, 103, 29, 13]","[1, 1, 1, 1, 1, 1, 1, 2, 1, 1, 1, 1, 1, 1]",0,7382.8993590579985
