,task,distance
0,[0],8038.9834271528
1,[1],398.050892224
