,task,distance
0,"[0, 3]",14905.6511778361
1,"[1, 4]",28782.810133585
2,"[2, 5]",18970.451816411
