,task,distance
0,[0],109.4890471006
1,[1],2000000948.101785
