,customer,weight,round,length
0,[75],[1],0,113.780272148
1,"[73, 18, 50, 57, 25]","[1, 1, 1, 1, 1]",0,2326.290919946
