,customer,weight,round,length
0,[24],[14],0,198.8675111956
1,"[24, 45, 6, 8, 56, 71]","[10, 1, 1, 1, 1, 1]",0,3480.3139465478
