,task,distance
0,"[0, 2, 4, 7, 9]",18359.222639640102
1,"[1, 3, 5, 6, 8]",17484.464603172
