,task,distance
0,[0],0.0
1,[1],0.0
2,[2],0.0
3,[3],2107.8684786510003
4,[4],370.8642342501
