,task,distance
0,[0],3922.435390313
1,[1],0.0
2,[2],2750.393246167
