,task,distance
0,[0],418.628507508
1,[1],13251.067364063
2,[2],8019.828155484
3,[3],0.0
4,[4],0.0
