,customer,weight,round,length
0,"[2, 24, 13]","[1, 1, 5]",0,665.519114905
1,"[1, 22]","[4, 5]",0,694.448483411
