,customer,weight,round,length
0,"[48, 61, 54, 12]","[3, 2, 2, 4]",0,1812.576550883
1,"[24, 57, 31, 29, 73, 28, 40, 41]","[1, 1, 1, 7, 1, 1, 2, 1]",0,3922.8282187859995
