,task,distance
0,"[0, 2]",5688.622842561001
1,"[1, 3]",6544.88382255
