,task,distance
0,[0],2000000625.9131868
1,[1],0.0
2,[2],2000000000.0
3,[3],676.32921992
4,[4],2000002633.502802
