,task,distance
0,[0],0.0
1,[1],4519.658059766
2,[2],2994.04994866
3,[3],0.0
4,[4],2418.4866701948004
