,CID,TTDDemd
0,11137,2.62420988083
1,12520,2.67301988602
2,12523,0.489580005407
3,18448,0.742540001869
4,19475,0.276998996735
5,19479,0.683502972126
6,19481,1.86378002167
7,24653,0.20654399693
8,40794,0.0867884010077
9,40795,0.137804999948
10,40796,0.157285004854
11,41022,0.167063996196
