,customer,weight,round,length
0,"[121, 105, 103, 125, 72, 70, 77, 78]","[1, 1, 1, 2, 1, 1, 1, 1]",0,1881.200549107
1,"[61, 97, 41, 57, 99, 48, 56]","[3, 4, 1, 1, 1, 2, 2]",0,3400.4236073739994
2,"[53, 118, 54, 128]","[9, 2, 1, 3]",0,3365.728232029
