,task,distance
0,[0],5864.6519665060005
1,[1],4169.563925418
