,task,distance
0,"[0, 3]",4856.256816682
1,"[1, 2]",7171.052635049
