,customer,weight,round,length
0,"[96, 95, 167, 165, 173, 152, 105, 106, 104, 123, 122, 136]","[1, 1, 3, 1, 1, 1, 1, 1, 1, 1, 2, 1]",0,2000002708.4666433
1,"[92, 112, 113, 114, 103, 117, 118, 98, 120, 171, 124]","[1, 1, 1, 2, 1, 1, 1, 1, 2, 2, 2]",0,2000005216.0536616
2,"[108, 107, 89, 90, 91, 154, 160, 161, 164, 163, 162]","[1, 1, 1, 1, 1, 1, 2, 2, 2, 1, 2]",0,2000002069.005653
3,"[32, 78, 54, 142, 141, 22, 23, 144, 145]","[1, 1, 1, 2, 1, 1, 1, 2, 1]",1,2000002249.715979
4,"[139, 137, 34, 33, 42, 151]","[1, 1, 2, 1, 1, 2]",1,2000001604.50569
5,[],[],1,0.0
