,customer,weight,round,length
0,"[15, 16, 58, 33, 12, 18, 20, 38, 17, 42, 9]","[1, 2, 2, 1, 1, 2, 1, 1, 2, 1, 1]",0,2434.289056902
1,"[39, 56, 34, 49, 35, 28, 27, 23, 41, 31, 45, 50, 8]","[1, 1, 1, 1, 1, 1, 1, 1, 1, 2, 2, 1, 1]",0,1642.289591497
2,"[24, 46, 54, 7, 53, 30, 0, 37, 36, 26]","[3, 2, 1, 1, 3, 1, 1, 1, 1, 1]",1,1161.809177714
3,"[48, 52, 29, 47, 25, 51, 22, 62, 21]","[2, 5, 2, 1, 1, 1, 1, 1, 1]",1,1623.5128085659999
4,"[52, 44, 59, 61]","[6, 7, 1, 1]",2,982.464515024
5,"[11, 6, 19, 32, 43, 10]","[2, 1, 3, 6, 2, 1]",2,2674.9420718
6,"[2, 40, 5, 4, 13, 3, 14]","[3, 1, 3, 1, 1, 1, 2]",3,1611.695263144
7,"[57, 55, 1, 60]","[3, 1, 4, 1]",3,1056.00034434
