,task,distance
0,"[0, 3, 4, 6]",13348.8857070437
1,"[1, 2, 5, 7]",13037.345496404003
