,customer,weight,round,length
0,[],[],0,0.0
1,[],[],0,0.0
2,[],[],0,0.0
3,"[24, 66, 68, 32, 62, 19, 63, 10, 28, 0, 52, 58, 49]","[1, 1, 1, 1, 1, 1, 1, 3, 1, 1, 1, 1, 1]",0,6070.592607404
4,"[22, 79, 6, 4, 76, 77, 78, 26, 18, 47]","[1, 1, 1, 1, 1, 1, 1, 3, 3, 1]",0,4034.4053036685
