,customer,weight,round,length
0,[],[],0,0.0
1,"[62, 28, 51, 50, 1, 0, 19, 7, 10, 63, 8, 9]","[1, 1, 1, 1, 1, 1, 1, 1, 3, 1, 1, 2]",0,2959.5019009330003
2,[],[],0,0.0
3,"[13, 12, 16, 74, 77, 75, 78, 76, 4, 6, 5]","[1, 1, 1, 1, 1, 1, 1, 1, 1, 1, 2]",0,2318.4262701525
4,[],[],0,0.0
