,task,distance
0,[0],0.0
1,[1],2959.5019009330003
2,[2],0.0
3,[3],2318.4262701525
4,[4],0.0
