,customer,weight,round,length
0,"[13, 54, 26, 36, 58, 60, 43, 10]","[1, 2, 1, 1, 2, 3, 4, 1]",0,51730.660428576
1,[49],[1],0,712.187499292
