,task,distance
0,[0],244.143535798
1,[1],11891.167768796
