,task,distance
0,[0],13887.05883713
1,[1],0.0
2,[2],0.0
3,[3],8272.06876184
