,task,distance
0,"[0, 6]",1134.276250366
1,"[1, 6]",1757.2212800019995
2,"[2, 4]",1551.443216262
3,"[3, 5]",2901.9134238780002
