,customer,weight,round,length
0,"[51, 88, 47, 46, 103, 34, 50, 30, 109, 65, 64, 98, 15]","[1, 2, 1, 1, 1, 1, 1, 1, 1, 2, 1, 1, 1]",0,4528.1693215501
1,"[79, 38, 67, 80, 10, 23, 111, 35, 39, 13, 68, 24, 95, 74, 73]","[1, 1, 1, 1, 1, 1, 1, 1, 1, 1, 1, 1, 1, 1, 1]",1,6834.674334089
2,[99],[1],2,2601.90348034
