,customer,weight,round,length
0,"[2, 27, 11, 14, 13, 12, 15, 24, 6, 10, 5, 22, 26]","[1, 1, 1, 1, 1, 1, 2, 1, 1, 1, 1, 2, 1]",0,1237.802540306
1,"[18, 0, 1, 4, 17, 8, 7, 21, 23, 9, 16, 28, 20, 3, 19]","[1, 1, 1, 1, 1, 1, 1, 1, 1, 1, 1, 1, 1, 1, 1]",1,508.03551684300004
2,[25],[1],2,1412.500366888
