,task,distance
0,[0],0.0
1,[1],483.644593176
2,[2],2751.479719439
3,[3],0.0
4,[4],0.0
