,task,distance
0,[0],1693.21930598
1,[1],2040.6926180978005
2,[2],0.0
3,[3],1568.305115459
4,[4],3220.4864807458
