,task,distance
0,[0],6537.191540688
1,[1],6945.8207028301
2,[2],0.0
3,[3],1079.018565773
4,[4],8089.352743935001
