,customer,weight,round,length
0,"[21, 85, 116, 97, 79, 51, 92, 135, 31, 78, 5]","[1, 1, 1, 1, 1, 1, 2, 2, 1, 1, 3]",0,8878.883397941
1,"[90, 72, 100, 130, 63, 91, 118, 41, 14]","[1, 5, 1, 1, 1, 2, 1, 1, 2]",1,5922.911833838
2,[107],[1],2,1248.115665878
