,task,distance
0,[0],6216.529248887
1,[1],0.0
2,[2],3340.018386443
3,[3],5168.972324394
