,customer,weight,round,length
0,"[46, 13, 14, 31, 41, 45, 34, 16, 84]","[2, 1, 2, 3, 2, 2, 1, 1, 1]",0,4894.129377328999
1,"[68, 55]","[2, 1]",1,2779.020563449
