,task,distance
0,"[0, 4]",29218.9696622102
1,"[1, 3]",21219.753874352697
2,"[2, 5]",20777.148547681
