,task,distance
0,"[0, 3]",4641.047212164
1,"[1, 4]",10055.317523067002
2,"[2, 5]",21651.5115912045
