,customer,weight,round,length
0,[],[],0,0.0
1,[36],[7],0,230.038651962
2,"[35, 59, 39, 23, 38, 1, 42, 60, 17, 18, 49]","[1, 1, 1, 1, 1, 1, 1, 1, 1, 1, 1]",0,4884.315818262501
3,"[48, 46, 45, 68, 47]","[1, 2, 1, 3, 8]",0,1398.5341652486
