,task,distance
0,[0],3261.2619492834
1,[1],3623.7652409480006
2,[2],0.0
3,[3],0.0
