,customer,weight,round,length
0,"[61, 68, 47, 22, 34, 0]","[4, 1, 2, 1, 1, 2]",0,3371.286312102
1,"[50, 17, 66, 38, 54, 6, 5, 2, 3, 43, 64, 63, 28, 46]","[1, 1, 1, 1, 1, 1, 1, 1, 1, 1, 1, 1, 1, 1]",0,3990.7587713837997
