,task,distance
0,[0],1018.562223531
1,[1],2059.1662844533
2,[2],2604.1308111318
