,task,distance
0,"[0, 8]",8528.184562178
1,"[1, 6]",5942.470802919
2,"[2, 7]",4369.291299185
3,"[3, 9]",5800.030241096
4,"[4, 5]",6530.9149534672
