,customer,weight,round,length
0,"[54, 26]","[3, 2]",0,802.9020283489999
1,"[10, 59, 66, 65, 35, 32, 53]","[1, 1, 1, 2, 1, 1, 4]",0,1687.274586293
