,customer,weight,round,length
0,"[79, 78, 103, 76, 75, 56, 53, 52, 23, 54, 77]","[2, 1, 2, 2, 1, 1, 1, 1, 2, 1, 1]",0,2475.8635241819998
1,[3],[1],0,122.1384057528
2,[],[],0,0.0
3,"[29, 50, 81, 82, 66, 63, 74, 22, 58, 59, 80, 49, 21]","[1, 1, 1, 1, 1, 1, 1, 1, 2, 1, 1, 1, 2]",0,3387.8937368529996
4,"[118, 119, 26, 102, 27, 83, 85, 100, 14, 93, 92, 132, 19]","[1, 1, 1, 1, 1, 1, 1, 1, 2, 1, 2, 1, 1]",0,5256.728489232
