,customer,weight,round,length
0,"[67, 16]","[1, 1]",0,1155.1107810199999
1,"[29, 30, 63, 44, 79, 33, 13, 25]","[2, 1, 1, 1, 2, 6, 1, 1]",0,4554.345121837
