,customer,weight,round,length
0,"[99, 73, 61, 30, 53]","[1, 1, 1, 1, 1]",0,1563.72513264
1,[],[],0,0.0
2,[],[],0,0.0
3,"[20, 13, 55, 96, 57, 38, 40, 88, 32, 92, 93, 91]","[1, 1, 1, 2, 1, 1, 1, 1, 2, 1, 1, 1]",0,2673.6529606534996
