,task,distance
0,[0],5036.4494407096
1,[1],2016.053849239
2,[2],0.0
3,[3],0.0
