,task,distance
0,[0],2000002470.1856797
1,[1],3944.4603734738
2,[2],0.0
3,[3],3418.68111698
