,task,distance
0,"[0, 3]",2874.2150589123003
1,"[1, 2]",5480.093998353701
