,task,distance
0,"[0, 2]",7930.7115881366
1,"[1, 3]",8630.911176786
