,task,distance
0,[0],2533.4978199219004
1,[1],3340.4351983083006
