,customer,weight,round,length
0,[35],[15],0,88.9793889798
1,"[8, 35]","[11, 4]",0,1366.5173275258999
2,"[8, 25, 41, 38, 9]","[1, 2, 5, 1, 1]",1,5887.993843549
3,[],[],1,0.0
