,task,distance
0,[0],5768.554880936
1,[1],4231.7527569
