,task,distance
0,[0],3115.172172501
1,[1],2295.22188228
