,customer,weight,round,length
0,"[84, 71, 49, 80, 63, 81, 82, 83, 76, 114]","[1, 1, 1, 1, 2, 1, 1, 1, 1, 1]",0,2295.4691332538996
1,"[115, 118, 22, 70, 58]","[7, 4, 1, 2, 1]",0,2615.992600036
2,[],[],0,0.0
3,"[66, 94, 24, 56, 7, 72, 33, 35, 20, 19, 48]","[1, 1, 1, 2, 2, 2, 1, 1, 1, 1, 2]",0,3808.891936786
