,task,distance
0,[0],2376.008965929
1,[1],2186.127272916
2,[2],757.1532053886
3,[3],0.0
