,task,distance
0,[0],0.0
1,[1],0.0
2,[2],3437.4008355975
3,[3],2081.7589619178
4,[4],1491.5879508956
