,task,distance
0,"[0, 9]",3173.771982868
1,"[1, 8]",11948.581745221
2,"[2, 6]",7657.067673039
3,"[3, 7]",7231.413529749001
4,"[4, 5]",7551.649762371
