,task,distance
0,"[0, 3, 5, 6]",28519.2130993605
1,"[1, 2, 4, 7]",27994.8864316158
