,task,distance
0,[0],0.0
1,[1],0.0
2,[2],0.0
3,[3],194.8223916154
4,[4],1140.602457448
