,task,distance
0,[0],98.7567346056
1,[1],4502.7109876298
2,[2],0.0
3,[3],842.889387147
4,[4],0.0
