,task,distance
0,"[0, 6]",13539.3308342461
1,"[1, 5]",9038.304001321798
2,"[2, 7]",9126.993048027598
3,"[3, 4]",11385.3723907761
