,task,distance
0,[0],0.0
1,[1],2265.7061310910003
2,[2],3430.2020415746
