,task,distance
0,[0],0.0
1,[1],1416.362017174
2,[2],7572.4928071825
