,task,distance
0,[0],1153.063112565
1,[1],4046.89518121
2,[2],640.3407403799999
3,[3],4708.96022393
