,customer,weight,round,length
0,[],[],0,0.0
1,"[87, 83, 85, 0, 42, 32, 2, 67, 64]","[1, 1, 2, 1, 1, 1, 1, 1, 1]",0,7799.335769562
2,[91],[1],0,127.187768618
3,[],[],0,0.0
4,[],[],0,0.0
