,task,distance
0,[0],0.0
1,[1],447.46026709
2,[2],2462.29576231
