,task,distance
0,[0],0.0
1,[1],1579.9674930924002
2,[2],399.826466604
