,customer,weight,round,length
0,"[13, 9, 10, 85, 74, 53, 23, 101, 73, 64, 66, 102, 94, 62, 49]","[1, 1, 1, 1, 1, 1, 1, 1, 1, 1, 1, 1, 1, 1, 1]",0,3599.2628962029
1,[],[],0,0.0
2,[],[],0,0.0
3,"[47, 78, 76, 31, 32]","[1, 1, 2, 3, 4]",0,1208.2759222173
4,"[42, 41, 75]","[5, 2, 3]",0,1286.081820818
