,customer,weight,round,length
0,"[58, 94, 23, 72, 71, 20, 21, 22, 82]","[1, 2, 1, 1, 1, 1, 2, 2, 1]",0,3787.4505378653007
1,[],[],0,0.0
2,[],[],0,0.0
3,[],[],0,0.0
4,"[77, 65, 66, 64, 55, 127, 60]","[1, 2, 1, 1, 1, 3, 2]",0,1383.7627215257999
