,customer,weight,round,length
0,"[39, 102]","[3, 4]",0,926.757613403
1,"[93, 62, 63, 67, 38]","[1, 3, 2, 1, 3]",0,2074.679604211
2,"[91, 35, 90, 89, 48, 49, 8, 41, 57]","[1, 1, 1, 1, 3, 2, 1, 2, 3]",0,4922.3545109959
3,[],[],0,0.0
4,[],[],0,0.0
