,customer,weight,round,length
0,[],[],0,0.0
1,[],[],0,0.0
2,"[98, 100, 128, 112, 73, 7, 125, 116]","[1, 2, 1, 5, 1, 2, 2, 1]",0,3558.6314773678
3,"[79, 90, 77, 64, 20, 57, 39, 118]","[2, 1, 1, 1, 1, 3, 3, 1]",0,4165.599535735
4,[],[],0,0.0
