,task,distance
0,[0],926.757613403
1,[1],2074.679604211
2,[2],4922.3545109959
3,[3],0.0
4,[4],0.0
