,task,distance
0,[0],3787.4505378653007
1,[1],0.0
2,[2],0.0
3,[3],0.0
4,[4],1383.7627215258
