,customer,weight,round,length
0,"[7, 0, 28]","[5, 5, 5]",0,1423.2699509027
1,"[41, 10, 37, 13, 19, 11, 36, 31, 32]","[5, 1, 1, 1, 1, 1, 2, 1, 2]",0,3692.175690816
2,"[25, 34, 33, 38, 35]","[2, 2, 4, 1, 6]",0,5078.3804645929995
3,"[20, 8]","[3, 12]",0,2865.7209260219997
4,"[35, 9]","[13, 1]",1,4728.6205058
5,[],[],1,0.0
6,[],[],1,0.0
7,[],[],1,0.0
