,customer,weight,round,length
0,[57],[7],0,90.7560685774
1,"[109, 82, 5, 16, 171, 19, 18, 34, 78, 138]","[3, 1, 1, 1, 2, 2, 1, 1, 1, 2]",0,8598.751942837
2,"[104, 57]","[2, 13]",0,477.46297243770005
3,"[4, 3, 84, 87, 85, 142, 159, 160]","[2, 1, 1, 1, 1, 3, 3, 3]",0,3261.6061724509996
