,task,distance
0,[0],8839.342258461002
1,[1],0.0
2,[2],4352.454334148
3,[3],0.0
