,task,distance
0,[0],3605.215531933
1,[1],826.593996268
2,[2],7559.827447693
3,[3],4488.022825312
