,customer,weight,round,length
0,"[99, 70, 7, 23, 80, 53, 18, 90, 89]","[3, 1, 1, 1, 1, 1, 1, 1, 5]",0,5389.307712878201
1,"[100, 68, 67, 99]","[5, 3, 3, 2]",0,3810.5631120222
