,customer,weight,round,length
0,"[15, 44, 32, 78, 33, 11, 92, 52, 75, 55]","[2, 1, 1, 1, 1, 1, 1, 1, 1, 2]",0,3235.867501196
1,"[85, 60]","[9, 4]",0,543.1612353
