,customer,weight,round,length
0,"[36, 23, 22, 34, 20, 21]","[1, 1, 3, 6, 2, 2]",0,985.3434157198001
1,"[8, 10, 18, 29, 19, 13, 27, 2, 32, 6, 33, 24]","[1, 3, 1, 1, 1, 1, 1, 2, 1, 1, 1, 1]",0,3592.3941071599
2,"[31, 26, 25, 30, 4, 0, 7, 1, 11]","[2, 1, 2, 2, 1, 1, 1, 1, 1]",1,2434.3212172820004
3,"[9, 8]","[2, 3]",1,918.254404972
