,task,distance
0,"[0, 3, 4]",7213.328168879901
1,"[1, 2, 5]",8780.690898698002
