,task,distance
0,[0],2925.6475722584
1,[1],0.0
2,[2],5695.239639329099
3,[3],0.0
