,customer,weight,round,length
0,"[86, 36]","[5, 3]",0,442.6140031763
1,"[34, 67, 76, 54, 73, 63, 8, 20, 16]","[1, 1, 1, 1, 1, 2, 4, 1, 1]",0,4823.916315728799
