,task,distance
0,[0],0.0
1,[1],1165.114746637
2,[2],0.0
3,[3],5977.694097562
4,[4],3714.5327968809006
