,task,distance
0,[0],1267.073124176
1,[1],5363.104944056001
2,[2],0.0
3,[3],1531.214920242
