,customer,weight,round,length
0,[29],[15],0,90.2681432194
1,"[81, 20, 28, 19, 8, 116, 125, 52, 29]","[1, 1, 2, 1, 2, 1, 3, 1, 3]",1,3390.2294533837003
2,"[0, 97, 92, 114, 84, 83, 58, 66, 64, 27]","[1, 1, 1, 2, 2, 1, 4, 1, 1, 1]",2,5015.091562396
3,"[61, 60, 111, 25, 26, 86, 112, 91, 17, 30, 57]","[1, 2, 1, 1, 1, 1, 2, 1, 1, 1, 2]",3,7685.886803936
