,customer,weight,round,length
0,[26],[15],0,143.0183845444
1,"[26, 11, 46, 38, 32, 15]","[2, 1, 2, 2, 2, 1]",1,8119.165572449199
