,task,distance
0,[0],0.0
1,[1],1127.5252677866
2,[2],0.0
3,[3],2727.7982303679
4,[4],0.0
