,customer,weight,round,length
0,"[19, 82, 97, 98, 81, 34, 35, 109, 24, 23]","[1, 4, 3, 1, 1, 1, 1, 1, 1, 1]",0,2029.2346859323
1,"[69, 17, 42]","[1, 1, 1]",1,1518.493847021
