,task,distance
0,[0],1072.569144008
1,[1],1304.76504839
2,[2],601.619927521
