,customer,weight,round,length
0,[184],[6],0,111.1216865952
1,[],[],0,0.0
2,"[56, 64, 219, 122, 198, 124, 137, 75, 26, 20, 18, 3, 81, 184]","[1, 1, 1, 1, 1, 1, 1, 1, 1, 1, 1, 1, 1, 2]",0,10339.7704553016
