,customer,weight,round,length
0,"[172, 218, 94, 177, 180, 36, 88, 68, 216]","[1, 1, 1, 1, 4, 2, 1, 1, 1]",0,13765.674410804
1,[],[],0,0.0
2,"[0, 191, 114, 6, 110, 157]","[1, 1, 1, 1, 1, 2]",0,2803.7351132723998
