,customer,weight,round,length
0,"[59, 73, 103, 106, 149, 61, 190, 125, 166, 168, 87, 101, 66, 67]","[1, 1, 1, 1, 1, 1, 1, 1, 2, 1, 1, 1, 1, 1]",0,6857.118777291999
1,[],[],0,0.0
2,[89],[1],0,184.5512137652
