,task,distance
0,[0],3197.0859023000003
1,[1],0.0
2,[2],0.0
3,[3],3063.222680287
