,task,distance
0,[0],389.90744719
1,[1],905.514335656
2,[2],439.016187764
