,task,distance
0,[0],8796.918454293
1,[1],323.415617598
2,[2],0.0
