,customer,weight,round,length
0,"[59, 73, 84, 29, 72, 63]","[5, 1, 1, 1, 3, 4]",0,1614.9639857248
1,"[104, 67, 70, 106, 66]","[1, 1, 1, 2, 2]",0,4329.471849838
2,"[55, 62, 64]","[2, 1, 4]",0,757.9473497240001
