,customer,weight,round,length
0,"[42, 71, 103, 47, 95]","[3, 1, 1, 1, 1]",0,985.4542142339999
1,[],[],0,0.0
2,"[43, 44, 45, 46, 90, 93, 92, 49, 79, 99]","[1, 1, 3, 1, 1, 1, 2, 1, 1, 2]",0,1850.0034013765
