,task,distance
0,[0],71.079523251
1,[1],1565.5729192492
2,[2],8870.083770836
