,task,distance
0,[0],3985.1185205759
1,[1],1772.476582592
2,[2],0.0
3,[3],0.0
4,[4],1943.0506486523
