,task,distance
0,"[0, 5]",2909.05456807
1,"[1, 5]",1968.995748978
2,"[2, 9]",2642.7144783900003
3,"[3, 5]",3135.65157701
4,"[4, 7]",3672.6995338550005
