,customer,weight,round,length
0,"[12, 93, 58, 32, 59, 39, 38, 36, 40, 35, 22, 83, 21, 20]","[1, 1, 1, 1, 1, 1, 1, 1, 1, 1, 2, 1, 1, 1]",0,7160.565658721999
1,[23],[1],1,6305.07673394
