,customer,weight,round,length
0,"[189, 74, 42, 147, 122, 85, 200, 184, 6, 31, 37, 204, 129, 167, 21]","[1, 1, 1, 1, 1, 1, 1, 1, 1, 1, 1, 1, 1, 1, 1]",0,10458.527691675998
1,"[48, 153, 82, 63, 131, 160, 183, 180, 58, 141]","[1, 1, 1, 1, 1, 1, 1, 1, 3, 2]",1,8501.408112622
