,customer,weight,round,length
0,"[9, 194, 192, 123, 195, 43, 34, 33, 113, 116, 162, 80, 81, 130, 163]","[1, 1, 1, 1, 1, 1, 1, 1, 1, 1, 1, 1, 1, 1, 1]",0,13894.497906372999
1,"[182, 59, 77, 138, 175, 149, 79, 84, 23]","[1, 1, 1, 1, 1, 1, 1, 1, 1]",1,8010.794223134999
