,task,distance
0,"[0, 3]",7059.5062928960015
1,"[1, 5]",9726.809598386
2,"[2, 4]",8897.256840688999
