,customer,weight,round,length
0,"[106, 93, 78, 103, 96, 50, 68, 48, 18, 38]","[1, 1, 2, 1, 1, 3, 3, 1, 1, 1]",0,5496.124182527999
1,"[6, 72, 76, 108, 85, 84, 83, 80, 55, 31, 110, 100, 99, 41, 13]","[1, 1, 1, 1, 1, 1, 1, 1, 1, 1, 1, 1, 1, 1, 1]",0,3614.5549513970004
2,[61],[1],1,299.026629802
3,"[91, 1]","[2, 1]",1,1439.519365803
