,customer,weight,round,length
0,[],[],0,0.0
1,[69],[6],0,635.910661568
2,"[120, 28]","[1, 2]",0,5934.760021458
3,"[97, 23, 113, 2, 60, 71, 72, 10, 74, 76, 109]","[1, 1, 1, 1, 1, 2, 1, 1, 1, 1, 2]",0,9239.474264902
4,[69],[15],0,635.910661568
