,customer,weight,round,length
0,[110],[2],0,477.416024848
1,[70],[1],0,257.4315249
2,[],[],0,0.0
3,[],[],0,0.0
4,"[92, 95, 81, 59, 20, 47, 89, 136, 15, 114, 36, 32]","[2, 1, 1, 1, 2, 1, 1, 1, 1, 1, 1, 1]",0,15344.584777053
