,customer,weight,round,length
0,"[19, 80, 49, 33, 12, 1, 129, 131, 73, 90, 25]","[2, 1, 1, 2, 1, 1, 1, 1, 1, 2, 1]",0,11681.2171079135
1,[],[],0,0.0
2,"[93, 122]","[2, 2]",0,4882.100936128
3,[98],[15],0,2363.6008606
4,[98],[7],0,2363.6008606
