,customer,weight,round,length
0,"[31, 2, 23, 19, 11, 3, 0, 16, 25, 20, 28, 17]","[1, 1, 1, 2, 1, 1, 1, 1, 1, 2, 1, 2]",0,863.811839795
1,"[33, 32, 14, 4, 1, 27, 18, 26, 9]","[1, 3, 1, 4, 1, 2, 1, 1, 1]",0,890.7787176639999
2,"[7, 22, 13]","[12, 2, 1]",0,1340.253811152
3,"[24, 15, 12, 8, 34, 10]","[1, 4, 7, 1, 1, 1]",0,950.332629983
4,[7],[15],0,680.637918906
5,"[20, 5, 6]","[1, 4, 8]",1,993.1497154159999
6,[],[],1,0.0
7,[],[],1,0.0
8,[],[],1,0.0
9,"[29, 30, 21]","[4, 6, 3]",1,1406.318515015
