,task,distance
0,"[0, 6]",4314.416273328
1,"[1, 7]",2623.9995711
2,"[2, 8]",1750.06964266
3,"[3, 9]",4365.8438416435
4,"[4, 5]",3183.463654258
