,customer,weight,round,length
0,"[59, 178, 179, 167, 163, 157]","[1, 1, 1, 1, 9, 2]",0,1805.0880607950999
1,"[159, 160, 113, 1, 171, 186, 21, 190, 189, 188, 187]","[1, 1, 2, 1, 3, 1, 1, 1, 1, 1, 2]",0,2437.8599061699997
2,"[156, 120, 30, 106, 132, 181, 107, 108]","[2, 1, 1, 4, 1, 1, 2, 3]",0,2132.775144648
3,[],[],1,0.0
4,[],[],1,0.0
5,[126],[3],1,2492.04358552
