,task,distance
0,"[0, 5]",1498.723151925
1,"[1, 4]",4071.3474084450004
2,"[2, 3]",2783.8149966116
