,task,distance
0,"[0, 3]",3461.673461973
1,"[1, 5]",2025.506940265
2,"[2, 4]",7937.609556748001
