,customer,weight,round,length
0,[],[],0,0.0
1,"[60, 84, 66, 88, 55, 86, 33, 62]","[2, 1, 2, 2, 3, 1, 1, 1]",0,3463.5238065006
2,"[81, 80, 94, 31, 22, 71, 89, 23, 39]","[2, 1, 1, 1, 2, 1, 1, 1, 2]",0,3345.4838286070003
