,customer,weight,round,length
0,"[29, 0, 114, 84, 47]","[9, 1, 2, 2, 1]",0,3807.1168861290002
1,"[53, 29, 125, 87]","[1, 9, 3, 2]",0,2876.047834671
2,[],[],0,0.0
3,[],[],0,0.0
4,"[69, 17, 15, 9, 112, 26, 27, 64, 88, 12, 34, 124, 98]","[1, 1, 1, 1, 2, 1, 1, 1, 1, 1, 1, 2, 1]",0,6511.917557792
