,task,distance
0,[0],597.52470829
1,[1],3497.153650906
2,[2],0.0
3,[3],2508.1316033295
4,[4],0.0
