,task,distance
0,[0],0.0
1,[1],5801.322659095
2,[2],0.0
3,[3],5884.138932001
4,[4],0.0
