,customer,weight,round,length
0,"[47, 28, 86, 32, 17, 18, 60, 27, 55, 54]","[1, 1, 2, 1, 2, 2, 3, 1, 1, 1]",0,3297.6240994780005
1,"[81, 64, 1, 4, 20, 41, 3, 59, 2, 0, 9]","[1, 2, 2, 1, 1, 1, 1, 1, 1, 2, 2]",0,3651.6658018860007
2,"[76, 79, 43, 78, 44, 87, 56, 58, 45]","[1, 1, 1, 1, 1, 1, 2, 1, 1]",1,4126.9468908416
3,"[48, 49, 74, 42, 53, 85]","[2, 1, 1, 1, 1, 1]",1,3109.256349969
