,task,distance
0,"[0, 2]",2267.3263001679998
1,"[1, 3]",2331.539411956
