,customer,weight,round,length
0,"[66, 161, 56, 53, 54, 108, 70, 112, 90, 65, 67]","[1, 1, 1, 1, 3, 1, 1, 1, 1, 1, 1]",0,3440.0538826839997
1,"[23, 30, 98, 100, 71, 7, 99, 14, 76, 18, 148, 156]","[1, 1, 2, 1, 1, 1, 1, 3, 1, 1, 1, 1]",0,6382.095830626001
2,"[166, 135, 133, 131, 113, 43, 45, 46, 97, 96, 13, 143, 145, 125]","[1, 1, 1, 1, 1, 1, 1, 1, 1, 1, 1, 1, 2, 1]",0,5552.713733926001
3,"[103, 106, 105]","[1, 2, 1]",0,1550.906367672
