,customer,weight,round,length
0,"[16, 148, 156, 158, 136, 18, 19, 14, 2, 0, 71, 7, 100]","[1, 1, 1, 1, 1, 1, 1, 3, 1, 1, 1, 1, 1]",0,3796.5640714560004
1,"[74, 143, 13, 142, 96, 130, 97, 48, 125, 145]","[1, 1, 1, 1, 1, 1, 1, 1, 1, 2]",0,1976.4437998714998
2,"[131, 113, 43, 52, 46, 163, 165, 135, 132, 133, 75, 10, 98]","[1, 1, 1, 1, 1, 1, 1, 1, 1, 1, 1, 2, 2]",0,3612.3475295154
3,"[128, 129, 167]","[2, 1, 2]",0,773.085559453
