,task,distance
0,[0],184.5512137652
1,[1],6857.118777291999
