,task,distance
0,[0],2803.7351132724
1,[1],13765.674410803998
