,task,distance
0,[0],0.0
1,[1],18892.016789436
2,[2],0.0
3,[3],5199.677166520001
4,[4],0.0
