,task,distance
0,[0],5447.987924776
1,[1],81.7757773192
2,[2],6779.385839617
