,task,distance
0,"[0, 3, 5]",14035.9907200955
1,"[1, 2, 4]",6398.858731529
