,customer,weight,round,length
0,"[53, 47, 73, 8, 71, 63, 31, 37, 54]","[2, 1, 1, 4, 2, 2, 1, 1, 1]",0,2486.0143260465998
1,"[81, 76, 41]","[1, 1, 1]",1,2589.320624575
