,task,distance
0,[0],523.8059485322
1,[1],755.144489449
2,[2],0.0
3,[3],0.0
