,task,distance
0,[0],2413.954714967
1,[1],4927.3047134812
2,[2],0.0
3,[3],0.0
4,[4],4588.499638637
