,customer,weight,round,length
0,[16],[15],0,946.444237718
1,"[16, 12, 49, 52, 46]","[3, 4, 2, 1, 2]",0,4938.798335145
2,"[29, 38, 37, 40, 10]","[2, 2, 1, 4, 3]",0,7008.538776971001
