,customer,weight,round,length
0,"[20, 17, 81, 123, 28, 96, 95, 93, 66]","[2, 1, 1, 2, 2, 2, 1, 2, 2]",0,13146.991222712002
1,"[134, 86, 88, 62, 61, 136, 114, 113, 11, 39, 38, 1, 2, 131]","[1, 1, 1, 1, 1, 1, 1, 1, 1, 1, 1, 1, 1, 1]",0,3795.5266381440006
2,"[109, 110, 76, 73, 10, 70, 90, 112]","[2, 2, 1, 1, 1, 1, 2, 1]",0,5204.4307683490015
3,"[98, 51]","[13, 2]",0,6444.0927431
4,"[98, 51, 24, 60, 19]","[9, 2, 1, 1, 2]",0,6864.695884411
