,task,distance
0,[0],9494.850867785
1,[1],193.4998237152
2,[2],0.0
