,task,distance
0,[0],158.978472868
1,[1],6664.36247276
2,[2],0.0
3,[3],0.0
4,[4],0.0
