,task,distance
0,[0],207.798809056
1,[1],207.798809056
2,[2],0.0
3,[3],0.0
