,task,distance
0,[0],708.469003846
1,[1],11135.966527535998
2,[2],0.0
3,[3],0.0
