,customer,weight,round,length
0,"[48, 47, 6, 15, 62, 205, 69, 117]","[1, 2, 1, 1, 1, 6, 1, 2]",0,2601.2605007730003
1,"[158, 75, 1, 77, 157, 39, 124, 125]","[5, 1, 4, 1, 1, 1, 1, 1]",0,5562.712475944
2,"[98, 11, 137, 92, 107, 160, 79, 123, 31]","[1, 1, 1, 4, 2, 2, 1, 2, 1]",0,4698.965832662
3,"[113, 133, 175]","[4, 2, 1]",1,4144.865485557
4,[],[],1,0.0
5,[],[],1,0.0
