,task,distance
0,[0],4801.547909376999
1,[1],7622.745536634
2,[2],4319.749754109
