,customer,weight,round,length
0,"[4, 2]","[1, 1]",0,7167.989084773
1,[10],[15],0,273.68073748
2,"[37, 34, 31, 28, 40, 11, 41, 18]","[3, 1, 3, 2, 1, 2, 1, 1]",0,13065.240140850998
