,task,distance
0,[0],7167.989084773
1,[1],273.68073748
2,[2],13065.240140850998
