,customer,weight,round,length
0,[],[],0,0.0
1,"[12, 6, 11]","[2, 1, 1]",0,802.891555641
2,"[52, 16, 17, 42, 24, 28, 8]","[2, 1, 1, 1, 1, 5, 1]",0,7791.099187168
3,[],[],0,0.0
