,customer,weight,round,length
0,"[108, 70, 71, 69, 84, 144, 141, 32, 43, 48]","[1, 2, 3, 2, 1, 1, 2, 1, 1, 1]",0,4927.6897422946
1,"[59, 63, 24, 129, 76, 77, 0, 101, 149, 110]","[2, 1, 1, 1, 1, 3, 2, 2, 1, 1]",0,3400.3223443642996
2,"[80, 12, 1, 8, 55, 131, 29, 28, 35, 139]","[3, 2, 2, 1, 1, 2, 1, 1, 1, 1]",0,6164.399548941
3,"[121, 138, 22, 152, 91, 128, 50, 51, 95]","[1, 1, 1, 1, 2, 1, 5, 1, 1]",1,5460.819878674
4,[],[],1,0.0
5,"[88, 97]","[1, 1]",1,883.0919869
