,task,distance
0,"[0, 5]",9779.227898698
1,"[1, 4]",6115.8446683489
2,"[2, 3]",6513.6860990943005
