,task,distance
0,[0],7757.655566774999
1,[1],10452.78167972
2,[2],7895.9038350152
