,customer,weight,round,length
0,"[71, 85, 47, 63]","[2, 6, 1, 2]",0,2398.0182196642
1,"[58, 6, 34, 20, 12]","[1, 2, 1, 1, 5]",0,3639.415777722
