,task,distance
0,[0],2398.0182196642
1,[1],3639.415777722
