,customer,weight,round,length
0,"[12, 47, 45, 43, 41, 32]","[9, 1, 1, 1, 1, 2]",0,5272.305433966999
1,"[34, 24, 10, 7, 9]","[2, 2, 1, 1, 1]",1,4140.685482208
