,task,distance
0,[0],1892.318558966
1,[1],0.0
2,[2],0.0
3,[3],2043.8470102238
4,[4],0.0
