,task,distance
0,[0],3203.519193211
1,[1],647.5762260165
2,[2],0.0
