,task,distance
0,[0],961.2131176488
1,[1],0.0
2,[2],956.5731102442
