,customer,weight,round,length
0,"[14, 13, 12, 11, 94]","[1, 1, 1, 1, 1]",0,2855.169501599
1,"[91, 124, 5, 51, 105, 129, 8, 7, 115, 57, 75]","[1, 1, 1, 2, 2, 2, 1, 1, 1, 2, 1]",0,2000007602.4224265
