,customer,weight,round,length
0,[],[],0,0.0
1,"[10, 4, 3, 7]","[1, 3, 1, 5]",0,291.4447534227
2,"[5, 1, 6, 2, 9, 0]","[3, 1, 2, 2, 1, 1]",0,433.297663838
3,[8],[13],0,455.232681336
