,task,distance
0,[0],0.0
1,[1],291.4447534227
2,[2],433.297663838
3,[3],455.232681336
