,task,distance
0,"[0, 2, 4]",7904.999971705201
1,"[1, 3, 5]",7745.557626824
