,task,distance
0,"[0, 3, 5]",10636.898494961
1,"[1, 2, 4]",8027.5726616262
