,customer,weight,round,length
0,[70],[2],0,87.6240065504
1,"[16, 138, 121, 48, 17, 73, 110, 84, 69, 71]","[1, 1, 1, 1, 1, 1, 1, 1, 3, 3]",0,3669.8010710120006
2,"[108, 52, 97, 62, 59]","[1, 2, 2, 1, 2]",0,1812.7234275374
