,task,distance
0,[0],0.0
1,[1],2575.7311937937
2,[2],2643.1999285963
