,task,distance
0,[0],4844.7253297570005
1,[1],0.0
2,[2],5568.652535399
