,customer,weight,round,length
0,[25],[2],0,122.509713501
1,"[30, 26, 7, 1, 31, 6]","[2, 1, 1, 1, 2, 1]",0,1096.5640802044002
2,[],[],0,0.0
3,[],[],0,0.0
4,[],[],0,0.0
