,task,distance
0,[0],4309.278777018
1,[1],1573.760509073
2,[2],7373.542954008
