,customer,weight,round,length
0,"[51, 98, 57, 61, 19, 24]","[1, 2, 1, 3, 6, 2]",0,4328.635303405999
1,"[80, 116, 127, 9, 54, 128]","[2, 2, 2, 1, 1, 3]",1,2823.539828515
