,customer,weight,round,length
0,"[29, 167, 130, 187, 188, 99]","[1, 1, 1, 1, 1, 1]",0,2214.737731124
1,"[37, 114, 112, 34, 128, 2, 172, 136, 25]","[1, 1, 1, 2, 1, 1, 1, 2, 1]",0,11546.323925819
2,[],[],0,0.0
3,[],[],0,0.0
