,task,distance
0,[0],297.137821738
1,[1],297.137821738
2,[2],31843.564280249007
3,[3],0.0
