,customer,weight,round,length
0,"[24, 64, 21, 22, 138, 15, 14]","[2, 2, 1, 2, 1, 1, 6]",0,2578.5409692754006
1,"[129, 74, 58, 76, 26, 27, 98, 97, 137, 46, 106, 105]","[1, 1, 1, 1, 1, 1, 1, 1, 2, 2, 1, 2]",0,5324.1154602121
2,"[103, 12, 136, 47, 71, 89, 95]","[1, 1, 1, 1, 1, 1, 1]",1,7288.2045425100005
3,[],[],1,0.0
