,customer,weight,round,length
0,"[12, 46, 136, 45, 7, 5, 102, 98, 26, 76]","[1, 2, 1, 2, 1, 1, 4, 1, 1, 1]",0,6270.500536391
1,"[129, 24, 21, 71, 95, 106, 105, 14]","[1, 2, 1, 1, 1, 1, 2, 6]",0,4072.3971864294
2,"[111, 2, 0]","[4, 7, 4]",1,4571.2930891860005
3,"[142, 36, 59, 103]","[6, 7, 1, 1]",1,3984.7540068910002
4,[],[],2,0.0
5,[1],[1],2,4132.0387619
