,customer,weight,round,length
0,"[3, 8, 6, 44, 7, 51, 50, 49, 4, 17]","[1, 1, 3, 1, 1, 2, 1, 1, 1, 3]",0,1214.4362627310002
1,"[13, 40, 14, 26, 16, 11, 48, 15, 42, 41, 52]","[1, 1, 1, 4, 1, 1, 1, 2, 1, 1, 1]",1,1343.613251711
2,"[16, 31, 23, 1, 21, 9, 22]","[2, 1, 5, 1, 1, 2, 3]",2,1212.978320192
3,[47],[2],3,945.96903337
