,customer,weight,round,length
0,"[77, 78, 26, 9, 3, 4, 76, 10, 68, 12]","[1, 2, 3, 3, 1, 1, 1, 1, 1, 1]",0,2114.4655200108
1,"[21, 64, 20, 46, 65, 25, 24, 75, 79, 62, 18]","[1, 1, 1, 4, 1, 1, 2, 1, 1, 1, 1]",1,3928.0891010335995
2,"[25, 42, 51, 41, 40, 1, 74]","[2, 5, 1, 3, 1, 1, 2]",2,4711.418280522001
