,customer,weight,round,length
0,"[30, 25, 36, 34, 45]","[1, 10, 1, 2, 1]",0,2217.065152617
1,"[25, 39, 28, 35, 12, 5, 24]","[5, 1, 1, 2, 3, 1, 2]",1,2296.93133572
2,"[46, 10, 38, 53, 18, 29, 27, 43]","[7, 1, 1, 1, 2, 1, 1, 1]",2,1376.505195666
3,"[53, 0, 37, 19, 32, 2, 20]","[1, 1, 1, 1, 2, 1, 8]",3,2564.528837655
