,customer,weight,round,length
0,"[126, 48, 127, 49, 42, 41, 64, 10, 37, 36]","[1, 2, 1, 3, 1, 1, 1, 1, 1, 1]",0,4314.3189948214995
1,"[124, 132, 39, 38, 129, 125]","[1, 3, 1, 2, 1, 1]",0,1335.8895655403
2,"[155, 72, 143, 145, 160, 142, 33, 32, 154, 96, 97, 3]","[2, 2, 1, 1, 1, 1, 1, 1, 2, 1, 1, 1]",0,2726.1199584311003
