,customer,weight,round,length
0,"[63, 66, 159, 99, 121, 122, 123, 79]","[3, 1, 1, 2, 1, 2, 1, 4]",0,2420.000879249
1,"[69, 78, 68]","[5, 7, 3]",0,941.6923753580002
2,"[120, 136, 135, 71, 134, 144, 119, 40, 43, 139, 140, 75]","[1, 2, 1, 1, 1, 1, 1, 2, 1, 1, 1, 2]",0,3477.4847331145
3,[],[],1,0.0
4,"[55, 56, 29, 65, 25]","[1, 1, 3, 2, 2]",1,6390.622389438
5,[],[],1,0.0
