,task,distance
0,"[0, 4]",10031.6006194185
1,"[1, 3]",5960.633682937001
2,"[2, 5]",5221.650560276001
