,customer,weight,round,length
0,"[24, 15, 27, 36, 3]","[1, 1, 2, 3, 2]",0,2500.1572920911
1,[],[],0,0.0
2,[],[],0,0.0
3,[41],[1],0,133.074820359
