,customer,weight,round,length
0,"[85, 17, 108, 9, 8, 98, 20, 19, 18, 82]","[1, 1, 1, 1, 2, 1, 1, 1, 1, 1]",0,1558.5219091033998
1,"[106, 36, 32, 45, 58, 16, 42, 55, 43, 52]","[1, 1, 1, 1, 1, 1, 2, 1, 2, 1]",0,2785.369051613
2,[],[],0,0.0
3,"[81, 78, 104, 103, 79, 83, 86, 87]","[1, 1, 2, 1, 2, 1, 2, 1]",0,1613.5333400445002
4,[],[],0,0.0
