,task,distance
0,[0],4725.2673554210005
1,[1],0.0
2,[2],0.0
3,[3],1542.2981877200002
4,[4],2524.0207245515
