,task,distance
0,"[0, 5]",9079.3403273204
1,"[1, 4]",6510.2782719241
2,"[2, 3]",6928.649913965501
