,customer,weight,round,length
0,"[106, 111, 92, 109, 121, 110, 170, 194, 193]","[1, 1, 1, 1, 1, 1, 1, 1, 1]",0,2000002032.4608362
1,[],[],0,0.0
2,[127],[1],0,167.9648734654
