,task,distance
0,[0],1993.060001848
1,[1],3531.658087065
2,[2],0.0
