,customer,weight,round,length
0,"[70, 96, 47, 3, 6, 0, 54, 93]","[1, 1, 1, 1, 1, 1, 1, 1]",0,2535.2533587446997
1,"[49, 50]","[4, 2]",0,948.384099369
