,task,distance
0,[0],7176.977124283
1,[1],4050.782348246
