,customer,weight,round,length
0,"[110, 92, 10, 67, 22, 4, 121, 106, 98, 83, 72, 131]","[1, 2, 1, 1, 1, 1, 1, 3, 1, 1, 1, 1]",0,2000003970.5339758
1,"[63, 32, 49, 42]","[1, 1, 1, 2]",1,2000001793.9867127
