,customer,weight,round,length
0,"[62, 53, 55, 100, 66, 102, 94, 85, 34]","[1, 1, 1, 4, 1, 1, 1, 1, 4]",0,3947.696096498
1,"[76, 41, 32, 77, 11, 36, 37, 26, 9]","[2, 2, 3, 2, 1, 1, 1, 2, 1]",1,3699.470583084
2,"[35, 5, 4, 29, 30, 87]","[1, 1, 3, 1, 1, 5]",2,3565.609125334
