,customer,weight,round,length
0,"[23, 34, 10, 19]","[1, 6, 3, 1]",0,2266.5330183554997
1,"[6, 30, 31]","[1, 2, 2]",0,955.799499571
2,[],[],0,0.0
3,[],[],0,0.0
4,[],[],0,0.0
