,task,distance
0,[0],0.0
1,[1],450.9412360384
2,[2],0.0
3,[3],15878.1108101663
4,[4],0.0
