,customer,weight,round,length
0,"[33, 34, 52, 51, 59, 25]","[1, 1, 2, 2, 1, 8]",0,1427.1959061129999
1,[23],[7],0,511.102181154
