,customer,weight,round,length
0,"[23, 34]","[7, 1]",0,647.5762260165
1,"[25, 24, 5, 45, 64]","[8, 2, 3, 1, 1]",0,3203.519193211
