,task,distance
0,[0],1427.195906113
1,[1],511.102181154
