,task,distance
0,[0],415.176964944
1,[1],3491.3411470501
