,customer,weight,round,length
0,[],[],0,0.0
1,[],[],0,0.0
2,[114],[2],0,1148.428912032
3,"[73, 116, 68, 75, 74, 122, 119, 39, 23]","[1, 1, 1, 6, 1, 2, 1, 1, 1]",0,6234.349352134
4,[],[],0,0.0
