,task,distance
0,[0],0.0
1,[1],0.0
2,[2],1148.428912032
3,[3],6234.349352134
4,[4],0.0
