,customer,weight,round,length
0,[35],[8],0,88.9793889798
1,[],[],0,0.0
2,"[25, 32, 11, 33]","[2, 2, 1, 4]",0,5544.631220526
3,[35],[11],0,88.9793889798
