,task,distance
0,[0],1761.1399408098998
1,[1],1402.690623805
2,[2],0.0
