,customer,weight,round,length
0,"[27, 86, 28, 46, 52, 31]","[1, 2, 1, 1, 2, 3]",0,5736.401043590999
1,[59],[10],0,1623.251764338
2,[],[],0,0.0
3,[],[],0,0.0
