,task,distance
0,[0],1419.146445262
1,[1],1419.146445262
2,[2],1419.146445262
3,[3],3820.585343692
