,task,distance
0,[0],0.0
1,[1],0.0
2,[2],3755.468944213
3,[3],7521.0437128967
