,task,distance
0,[0],0.0
1,[1],3755.468944213
2,[2],0.0
3,[3],7521.0437128967
