,task,distance
0,[0],3943.962817373
1,[1],9961.3977731
2,[2],8370.08362354
3,[3],13304.06509602
