,task,distance
0,[0],0.0
1,[1],1340.6555618883
2,[2],0.0
3,[3],1725.1122605122002
