,customer,weight,round,length
0,"[91, 77, 76, 74, 73, 105, 17, 103, 87, 11, 29]","[1, 2, 1, 1, 1, 2, 1, 1, 1, 1, 1]",0,4040.6595396099
1,[],[],0,0.0
2,"[81, 58, 64, 4, 1, 71, 10, 110]","[2, 1, 1, 1, 1, 1, 1, 2]",0,4331.08508517
