,task,distance
0,"[0, 6, 8]",5796.4491980651
1,"[1, 5, 11]",9069.6854403476
2,"[2, 7, 9]",5786.9212860566995
3,"[3, 4, 10]",5237.173614436901
