,task,distance
0,"[0, 5, 8]",3168.8098423569995
1,"[1, 6, 8]",2913.4940055770003
2,"[2, 7, 8]",2860.474201818
3,"[3, 4, 9]",3739.40821445
