,task,distance
0,"[0, 2]",2000005083.9073308
1,"[1, 3]",10023.254740041502
