,task,distance
0,[0],0.0
1,[1],769.016189872
2,[2],8714.44784704
3,[3],769.016189872
