,task,distance
0,[0],663.308794443
1,[1],1884.538991153
2,[2],1202.291452133
3,[3],1836.408814349
4,[4],1426.504471078
