,customer,weight,round,length
0,"[91, 45, 130, 79, 8, 133, 38, 105, 31, 126, 92, 96, 114]","[2, 1, 1, 1, 1, 1, 1, 1, 1, 1, 2, 1, 1]",0,7572.956142741001
1,"[59, 58, 101, 26, 69, 54, 118, 120, 21, 84, 85, 86, 83]","[2, 1, 1, 1, 1, 1, 1, 2, 1, 1, 1, 1, 1]",0,4069.3903754604003
2,"[72, 35, 102, 108]","[5, 1, 2, 2]",1,4036.7212916289996
3,[],[],1,0.0
