,task,distance
0,"[0, 2]",9548.3997780144
1,"[1, 3]",3706.139833568
