,customer,weight,round,length
0,[5],[1],0,3773.03951882
1,"[8, 3, 10]","[1, 5, 1]",0,6180.630497759999
2,"[19, 6, 17, 15, 16, 1, 2, 9, 0, 7, 10, 13]","[2, 1, 1, 1, 1, 1, 1, 1, 1, 1, 1, 1]",0,928.686979076
3,[12],[1],0,5781.51269576
4,"[4, 18, 11, 14]","[1, 1, 12, 1]",0,2233.2708996282
