,customer,weight,round,length
0,"[11, 17, 9, 60, 59]","[1, 1, 2, 6, 5]",0,894.4736559424999
1,"[10, 16, 14, 7, 24, 8, 15]","[1, 5, 5, 1, 1, 1, 1]",0,1001.1768263626
2,"[45, 62, 47]","[1, 13, 1]",0,426.6194023505
3,"[44, 85]","[1, 14]",0,487.21591076
4,"[61, 90, 48, 51]","[6, 4, 1, 4]",0,457.6373612292
5,[],[],1,0.0
6,[],[],1,0.0
7,[],[],1,0.0
8,"[26, 30]","[8, 4]",1,1836.213464958
9,"[76, 22, 25, 50, 57, 56, 54, 80]","[1, 1, 1, 1, 2, 1, 1, 2]",1,5865.9764277819995
