,customer,weight,round,length
0,"[8, 35]","[12, 3]",0,1366.517327525
1,"[20, 25]","[3, 2]",1,3675.8035829490004
