,task,distance
0,"[0, 2]",6058.323702871
1,"[1, 3]",8793.434335218
