,task,distance
0,"[0, 3, 4]",10255.254543282
1,"[1, 2, 5]",12775.7290375154
