,customer,weight,round,length
0,"[51, 63]","[1, 1]",0,615.830681914
1,[15],[1],0,531.370409764
2,"[70, 57, 10, 41, 26, 30, 64, 21, 60]","[1, 3, 3, 1, 3, 1, 1, 1, 1]",0,13833.885046340001
