,task,distance
0,[0],615.830681914
1,[1],531.370409764
2,[2],13833.88504634
