,customer,weight,round,length
0,[],[],0,0.0
1,[],[],0,0.0
2,"[57, 5, 67, 21, 54, 24]","[1, 2, 1, 1, 1, 9]",0,3832.975296916
3,[24],[14],0,1107.744781774
