,task,distance
0,[0],3281.446435352
1,[1],198.8675111956
2,[2],0.0
3,[3],198.8675111956
