,customer,weight,round,length
0,"[15, 12, 51, 54, 52, 105, 108, 24, 149, 130, 88, 79]","[1, 1, 2, 1, 1, 2, 1, 1, 2, 1, 1, 1]",0,17175.720843559
1,"[60, 5, 7, 27]","[12, 1, 1, 1]",1,13831.601965924
2,"[124, 3]","[1, 1]",2,25974.47507192
