,customer,weight,round,length
0,"[22, 1, 19, 12, 10]","[2, 2, 2, 2, 1]",0,4029.7025959849993
1,[20],[15],0,56.8270419942
