,task,distance
0,[0],2197.391005633
1,[1],1612.761065442
