,task,distance
0,"[0, 2]",2794.161310992
1,"[1, 3]",2195.0310812956
