,customer,weight,round,length
0,"[105, 66, 64]","[1, 1, 1]",0,1244.9690267964
1,"[95, 8, 19, 27, 20, 30, 3, 26, 91, 69]","[1, 1, 1, 1, 1, 2, 1, 3, 2, 2]",0,8524.058263825998
