,customer,weight,round,length
0,"[42, 43, 45, 82, 54, 55, 78, 8, 22]","[2, 2, 1, 2, 1, 2, 2, 1, 2]",0,1596.0393989527
1,"[18, 21]","[1, 1]",1,1148.712229721
