,customer,weight,round,length
0,"[22, 20, 29, 48, 45, 17, 71, 54, 78]","[2, 2, 2, 2, 1, 2, 1, 1, 2]",0,4532.1797229387
1,"[91, 79]","[2, 1]",1,1277.564047836
