,customer,weight,round,length
0,[],[],0,0.0
1,[],[],0,0.0
2,[],[],0,0.0
3,"[35, 24, 53, 69, 76, 77]","[1, 2, 9, 1, 1, 1]",0,3338.2165038519997
4,"[61, 19, 57, 98, 51]","[3, 8, 1, 2, 1]",0,4061.5987990549997
