,customer,weight,round,length
0,"[1, 4, 36, 117, 103, 40, 91, 92, 75]","[2, 2, 1, 4, 2, 1, 1, 1, 1]",0,4886.7249706105995
1,"[14, 41, 12, 16, 11, 44, 79, 100, 94, 93, 13, 31, 130]","[1, 1, 1, 1, 1, 1, 1, 1, 1, 3, 1, 1, 1]",0,4156.8169372897
2,[],[],1,0.0
3,"[7, 8, 115, 60, 142, 6, 61, 57, 21]","[1, 1, 1, 1, 1, 1, 1, 2, 1]",1,8757.197937735
