,customer,weight,round,length
0,"[130, 30, 71, 86, 51, 22, 105, 123, 54, 24, 87]","[1, 1, 1, 1, 2, 1, 2, 1, 1, 1, 1]",0,2000007301.7946625
1,"[100, 44, 12, 117, 57, 61, 143, 64, 63, 8]","[1, 1, 1, 4, 2, 1, 2, 1, 1, 1]",0,2000006185.3092642
