,task,distance
0,"[0, 2]",4886.7249706106
1,"[1, 3]",12914.014875024699
