,task,distance
0,[0],13568.069462858
1,[1],1719.6774302474005
