,task,distance
0,[0],2000007301.7946625
1,[1],2000006185.309264
