,customer,weight,round,length
0,"[30, 22, 49, 48, 50, 53, 18, 34, 41, 42, 44, 33, 65, 28]","[1, 1, 1, 1, 1, 1, 1, 1, 1, 1, 1, 1, 1, 2]",0,5324.470263362
1,[],[],0,0.0
2,"[60, 38]","[2, 1]",0,1373.7862455089999
