,task,distance
0,[0],1847.3125012628
1,[1],5464.1517723896
