,customer,weight,round,length
0,"[4, 33, 28]","[13, 1, 1]",0,12876.366776364
1,[],[],0,0.0
2,[4],[11],0,559.444364168
