,customer,weight,round,length
0,"[72, 12, 61, 74, 104, 105, 48, 49, 119, 118, 125]","[2, 1, 1, 1, 2, 3, 1, 1, 1, 1, 1]",0,2382.3643214380004
1,"[114, 115, 116, 16, 19, 15, 14, 42, 83, 24]","[1, 2, 1, 1, 1, 2, 2, 2, 1, 2]",0,2514.2299713849998
2,"[56, 8, 78, 68, 90, 36, 40, 65, 111, 110, 59, 58, 57]","[1, 1, 1, 1, 2, 1, 1, 1, 1, 1, 1, 1, 2]",1,3351.0760281800003
3,"[55, 54, 20, 117, 51, 50, 121, 120, 1, 86, 3, 62, 77]","[1, 1, 1, 1, 1, 2, 1, 2, 1, 1, 1, 1, 1]",1,4159.357839495399
4,"[87, 28, 30]","[1, 1, 1]",2,2731.8180250429
5,[],[],2,0.0
