,task,distance
0,[0],0.0
1,[1],0.0
2,[2],0.0
3,[3],6070.592607404
4,[4],4034.4053036685
