,customer,weight,round,length
0,[],[],0,0.0
1,"[44, 45, 24, 47, 22, 34, 0, 7]","[1, 1, 1, 2, 1, 1, 2, 6]",0,4501.581005227
2,"[4, 42, 35, 12, 21, 19, 14]","[1, 3, 2, 3, 2, 2, 1]",0,3334.1723799953
3,"[26, 27, 61, 62]","[1, 1, 5, 4]",0,2024.5004685830002
