,customer,weight,round,length
0,"[46, 28, 63, 64, 43, 17, 66, 38, 54, 6, 5, 2, 3, 50]","[1, 1, 1, 1, 1, 1, 1, 1, 1, 1, 1, 1, 1, 1]",0,3990.7587713837997
1,[],[],0,0.0
2,"[32, 53, 1, 30, 68]","[1, 1, 2, 1, 1]",0,2527.1961126019996
3,[],[],0,0.0
