,task,distance
0,[0],3990.7587713838
1,[1],0.0
2,[2],2527.196112602
3,[3],0.0
