,customer,weight,round,length
0,"[16, 17, 18, 3, 34, 20, 55, 30, 50, 29]","[1, 1, 1, 1, 1, 2, 5, 1, 1, 1]",0,1946.5701718635
1,"[0, 11, 9, 31, 12, 43, 58, 57, 25, 56, 4]","[1, 1, 1, 2, 2, 1, 1, 1, 1, 1, 3]",0,2834.5973328599994
2,"[52, 28, 40, 33, 21, 26, 2, 45]","[1, 4, 3, 1, 2, 2, 1, 1]",0,3763.7459135260005
3,"[39, 8, 22, 24, 32, 23, 15, 13, 37, 47, 41]","[1, 2, 2, 1, 1, 1, 1, 1, 1, 1, 3]",0,2414.3090558669
4,[],[],1,0.0
5,[],[],1,0.0
6,[],[],1,0.0
7,"[55, 61, 46, 62]","[1, 1, 1, 1]",1,2637.6537372710004
