,task,distance
0,[0],0.0
1,[1],477.150762558
2,[2],6710.516426666
3,[3],0.0
