,task,distance
0,[0],0.0
1,[1],0.0
2,[2],8087.140431458999
3,[3],946.444237718
