,customer,weight,round,length
0,"[45, 20, 19, 67, 4, 92, 13]","[6, 2, 2, 1, 1, 2, 1]",0,5517.488302325
1,"[50, 35, 69]","[2, 1, 4]",1,3051.073691248
