,task,distance
0,[0],9461.43466044
1,[1],0.0
2,[2],3122.674486568
