,task,distance
0,[0],0.0
1,[1],161.024658093
2,[2],8543.568138278
