,customer,weight,round,length
0,[],[],0,0.0
1,"[54, 57, 56, 4, 39, 38]","[1, 1, 1, 1, 2, 8]",0,2164.3449129883998
2,[],[],0,0.0
3,[],[],0,0.0
4,[76],[3],0,50.2030497982
