,task,distance
0,[0],4960.900576980501
1,[1],0.0
2,[2],0.0
3,[3],2752.96998272
