,task,distance
0,[0],0.0
1,[1],3187.1986924739995
2,[2],5432.954660605
