,task,distance
0,[0],3646.952950704
1,[1],7748.294389555999
