,task,distance
0,[0],4414.577946382001
1,[1],7431.824164324001
