,customer,weight,round,length
0,"[51, 52, 53, 60, 30, 44, 45, 6]","[2, 2, 1, 1, 1, 1, 1, 1]",0,2194.82694188
1,"[54, 3, 55, 24, 11, 50, 20, 8, 33]","[1, 3, 1, 2, 1, 2, 1, 1, 1]",0,3162.0081347613996
2,"[23, 25]","[7, 8]",0,1370.7845155290001
