,customer,weight,round,length
0,"[36, 2, 68, 78, 8, 72, 58, 14, 34]","[1, 1, 2, 1, 1, 1, 6, 1, 1]",0,3710.999656246
1,"[16, 79]","[1, 2]",1,2580.854149463
