,task,distance
0,[0],1711.704752282
1,[1],10029.48641001
2,[2],0.0
3,[3],0.0
