,task,distance
0,[0],3619.332158842
1,[1],8229.682672258
2,[2],0.0
3,[3],0.0
