,customer,weight,round,length
0,"[210, 209, 156, 89, 60, 63, 93, 68, 61, 39, 239, 46, 191]","[2, 1, 1, 1, 1, 1, 1, 1, 1, 1, 1, 1, 1]",0,21473.404601881
1,[],[],0,0.0
2,[],[],0,0.0
3,[79],[3],0,769.5732536
