,task,distance
0,[0],7807.501545642001
1,[1],0.0
2,[2],0.0
3,[3],6345.843497701001
