,customer,weight,round,length
0,"[8, 18, 79, 80, 72, 73, 77, 27, 13, 15, 17]","[1, 1, 1, 1, 2, 1, 1, 1, 1, 1, 1]",0,7691.475816052699
1,"[8, 26, 0, 9, 7]","[1, 3, 2, 4, 1]",0,4349.5957273237
