,task,distance
0,[0],7691.4758160527
1,[1],4349.5957273237
