,task,distance
0,[0],3545.04743168
1,[1],168.2196668727
