,CID,TTDDemd
0,6847,0.0054195499979
1,6848,0.0106252003461
2,7330,0.468744009733
3,7331,0.894111990929
4,7534,1.07688999176
5,16930,0.595538020134
6,38372,0.627614974976
7,45756,1.24491000175
8,46287,0.0258237998933
9,46289,0.0542959012091
10,47538,0.595538020134
11,53012,0.353161007166
12,53013,0.770196974277
13,53014,1.25985002518
14,53015,0.0102717000991
15,59811,0.894111990929
16,59812,0.885609984398
