,task,distance
0,[0],388.4451002702
1,[1],4510.729990292
2,[2],1685.1025295514996
