,task,distance
0,[0],659.40069342
1,[1],7667.346207533
2,[2],4155.563462122999
3,[3],0.0
