,customer,weight,round,length
0,"[29, 26, 2, 32, 34]","[1, 1, 2, 1, 1]",0,1960.3779397596
1,[6],[1],0,74.1926075176
