,task,distance
0,[0],1527.2806247737
1,[1],218.003922334
