,customer,weight,round,length
0,"[140, 123, 118, 117, 173, 131, 128, 130, 169, 7, 185]","[2, 1, 1, 1, 1, 1, 1, 1, 1, 2, 3]",0,5466.3385375334
1,"[83, 51, 205, 28, 26, 144, 239, 183]","[1, 2, 2, 2, 1, 3, 3, 1]",0,6559.981238871002
2,"[229, 230, 213, 215, 89, 242, 246, 92, 97, 237, 4]","[1, 1, 1, 3, 1, 1, 1, 2, 1, 2, 1]",1,6661.497840633001
3,"[54, 189, 192, 65, 38, 147, 154, 155, 182, 165, 241, 95, 6]","[1, 1, 1, 1, 2, 1, 1, 1, 2, 1, 1, 1, 1]",1,9120.519236982
4,[],[],2,0.0
5,"[90, 109, 197, 196, 63, 10, 202, 57, 115, 37, 152, 253]","[1, 1, 1, 1, 1, 1, 1, 1, 1, 1, 1, 1]",2,9802.688604293999
