,customer,weight,round,length
0,"[101, 69, 183, 117, 115, 104, 79, 182, 153, 151, 99, 145, 167, 158, 98]","[1, 1, 1, 1, 1, 1, 1, 1, 1, 1, 1, 1, 1, 1, 1]",0,5038.587463272001
1,"[103, 144, 133, 89, 92, 178]","[1, 1, 1, 1, 5, 6]",0,6161.575939343
2,"[111, 126, 185, 127, 191, 190, 139, 131, 132, 157, 154, 55, 70, 54]","[1, 1, 1, 1, 2, 1, 1, 1, 1, 1, 1, 1, 1, 1]",0,9932.88531401
3,"[94, 198, 161, 47]","[1, 12, 1, 1]",1,5061.976128043
4,"[71, 59, 123, 162, 164]","[1, 1, 1, 1, 11]",1,5901.6783402785995
5,"[165, 181, 105, 160, 68, 14, 10, 114, 9]","[1, 1, 1, 1, 1, 1, 1, 1, 1]",1,4006.2562961687
