,customer,weight,round,length
0,[],[],0,0.0
1,"[77, 55, 56, 96, 102, 95, 94, 83, 48, 75, 76]","[1, 1, 2, 1, 1, 1, 1, 1, 1, 1, 1]",0,3473.09255588
2,[57],[10],0,377.330911094
3,[],[],0,0.0
