,customer,weight,round,length
0,"[56, 80, 90, 89, 129, 128, 98, 48]","[2, 2, 2, 1, 1, 3, 2, 2]",0,3922.074928632
1,"[127, 69, 117, 77, 70, 9, 46, 78, 103, 104, 8]","[2, 1, 2, 1, 1, 1, 1, 1, 1, 1, 1]",0,4216.357705954801
2,[61],[3],0,207.862080852
3,[],[],0,0.0
4,"[74, 14, 58, 41, 25, 108, 59, 19]","[1, 1, 1, 1, 1, 1, 1, 8]",0,3614.8466951328
