,task,distance
0,"[0, 4, 8, 12, 17, 21]",11470.059342492
1,"[1, 4, 8, 12, 18, 22]",14158.314841362
2,"[2, 4, 8, 12, 16, 20]",14124.624773975002
3,"[3, 4, 8, 12, 18, 23]",13909.37030706
