,customer,weight,round,length
0,"[11, 5, 4, 0, 3, 17, 14, 18]","[1, 1, 1, 1, 2, 1, 1, 1]",0,1888.543404188
1,"[21, 31, 25, 32, 34, 6, 29, 26, 9, 10, 2, 7]","[1, 1, 1, 1, 1, 1, 1, 1, 1, 2, 2, 1]",0,2326.7730796835
2,[],[],0,0.0
