,customer,weight,round,length
0,[],[],0,0.0
1,"[25, 40, 42, 37, 41, 36]","[4, 2, 1, 4, 1, 2]",0,1665.0390742299999
2,[],[],0,0.0
3,"[33, 34, 53, 35, 18, 17, 20, 0, 1, 55, 46, 45, 64]","[1, 1, 1, 1, 1, 1, 1, 1, 1, 1, 2, 1, 1]",0,4278.0128520888
