,task,distance
0,"[0, 3, 5]",7414.4602339747
1,"[1, 2, 4]",10999.2042329775
