,customer,weight,round,length
0,"[81, 63, 46, 106, 92, 71, 103, 72]","[1, 4, 1, 2, 2, 1, 1, 3]",0,5495.387221246
1,[80],[6],1,545.314932494
