,customer,weight,round,length
0,"[60, 53, 80, 66, 28, 58, 56, 57]","[1, 1, 6, 1, 2, 1, 2, 1]",0,4212.989191933701
1,[79],[1],1,4084.3468216
