,customer,weight,round,length
0,"[57, 122, 7, 146, 128, 126, 139, 52, 142, 185, 79, 63, 118, 5]","[1, 1, 1, 1, 1, 1, 1, 1, 1, 2, 1, 1, 1, 1]",0,7167.456952211
1,"[2, 176, 107, 54, 168, 33, 159, 9, 164]","[1, 1, 1, 1, 1, 1, 1, 1, 4]",1,14259.200111357997
