,customer,weight,round,length
0,[],[],0,0.0
1,[],[],0,0.0
2,[24],[8],0,198.8675111956
3,[24],[15],0,198.8675111956
4,"[71, 73, 5, 68, 25, 45, 75]","[1, 1, 2, 1, 1, 1, 1]",0,3593.6441147809996
