,task,distance
0,[0],351.598704072
1,[1],1277.486438999
2,[2],0.0
3,[3],0.0
4,[4],0.0
