,task,distance
0,[0],3009.5602823353
1,[1],666.688752802
