,customer,weight,round,length
0,"[177, 135, 2, 179, 181, 176, 89, 90]","[1, 4, 1, 1, 1, 1, 1, 1]",0,4210.538670734999
1,"[3, 157, 8, 114, 29, 25, 4]","[1, 1, 1, 1, 1, 1, 1]",0,8758.604148738
