,task,distance
0,[0],4210.538670734999
1,[1],8758.604148738
