,customer,weight,round,length
0,[],[],0,0.0
1,"[1, 4]","[1, 14]",0,1155.8845214859998
2,[4],[11],0,553.220150506
