,customer,weight,round,length
0,"[44, 45, 47, 63, 42]","[1, 2, 3, 3, 1]",0,1878.733438384
1,[],[],0,0.0
2,"[48, 5, 20, 50]","[9, 1, 1, 2]",0,5472.84202821
3,[],[],0,0.0
