,task,distance
0,[0],9578.5242299126
1,[1],0.0
2,[2],147.0135932574
3,[3],0.0
