,task,distance
0,[0],339.024184714
1,[1],673.070350566
2,[2],0.0
3,[3],5445.8757132864
