,customer,weight,round,length
0,"[23, 62, 16, 114, 84, 70, 18, 31, 101, 65]","[1, 1, 1, 2, 1, 1, 1, 1, 1, 2]",0,3000002203.001534
1,"[1, 0, 102, 81, 76]","[1, 2, 1, 3, 2]",0,2301.863687695
2,[],[],0,0.0
