,task,distance
0,"[0, 5]",2346.3584027623
1,"[1, 3]",7960.750538342301
2,"[2, 4]",2575.936797486
