,customer,weight,round,length
0,[],[],0,0.0
1,"[93, 81, 203, 151, 76, 109, 106, 19, 111, 170, 139, 166, 257, 24]","[1, 1, 1, 1, 1, 1, 2, 1, 1, 1, 1, 1, 1, 1]",0,7674.456784183
2,[],[],0,0.0
3,"[85, 144, 98, 96, 177]","[1, 1, 1, 1, 1]",0,3303.8032506910004
