,customer,weight,round,length
0,"[213, 76, 77, 3, 109, 107, 106, 115, 122]","[2, 1, 1, 1, 1, 1, 2, 1, 1]",0,1881.9805610957
1,[],[],0,0.0
2,"[188, 151, 101, 8, 204, 181, 111, 19, 207, 209]","[1, 1, 1, 1, 1, 1, 1, 1, 1, 1]",0,3540.0136747900006
3,[],[],0,0.0
