,customer,weight,round,length
0,"[66, 43, 92, 93, 67, 104]","[2, 1, 2, 1, 1, 1]",0,4075.325557267
1,"[72, 58, 80, 64, 62]","[3, 1, 6, 4, 1]",0,2205.6594657625
