,customer,weight,round,length
0,"[42, 29, 57, 81, 63, 65, 103, 102, 49]","[3, 1, 1, 1, 4, 1, 1, 2, 1]",0,8393.486383358002
1,"[68, 48]","[3, 2]",0,892.1428922140001
