,task,distance
0,[0],712.5566866395
1,[1],6991.590446301699
