,task,distance
0,[0],3567.983493391
1,[1],1614.9639857248
