,customer,weight,round,length
0,"[180, 28, 182, 125, 158]","[2, 2, 1, 1, 1]",0,2690.267866587
1,"[122, 96, 121, 66, 103, 114, 67, 68, 113, 112, 156, 164, 46, 47, 163]","[1, 1, 1, 1, 1, 1, 1, 1, 1, 1, 1, 1, 1, 1, 1]",0,2984.6657134106003
2,[],[],0,0.0
