,customer,weight,round,length
0,[],[],0,0.0
1,"[103, 124, 95, 92, 152, 55, 52, 74]","[1, 1, 1, 1, 1, 2, 1, 1]",0,4770.563336752
2,"[180, 178, 61, 120, 23, 43, 21, 115, 138, 136, 86, 87]","[2, 1, 1, 1, 1, 2, 1, 1, 1, 1, 2, 1]",0,6319.365124181999
