,task,distance
0,[0],5816.696396258701
1,[1],5281.1660748867
2,[2],0.0
