,customer,weight,round,length
0,[],[],0,0.0
1,"[20, 38, 19, 34, 45, 44, 52]","[2, 1, 3, 1, 2, 1, 3]",0,3777.4681271889995
2,[],[],0,0.0
3,"[24, 33, 14, 49, 17]","[1, 3, 4, 2, 3]",0,4601.061297002
