,task,distance
0,[0],0.0
1,[1],2543.265479836
2,[2],1714.4130549698998
3,[3],0.0
