,task,distance
0,[0],1829.010107492
1,[1],1489.838738654
2,[2],0.0
3,[3],0.0
