,customer,weight,round,length
0,"[177, 140, 142, 226, 59, 221, 7, 6, 174, 248, 176, 34, 37, 139]","[1, 1, 1, 1, 1, 1, 1, 1, 1, 1, 2, 1, 1, 1]",0,6606.249387366
1,"[219, 247, 245, 69, 257, 196, 107, 106, 41, 84, 66, 63]","[1, 1, 1, 1, 1, 2, 1, 2, 1, 1, 1, 2]",1,10054.9054317228
2,"[187, 186, 185, 182, 181, 64, 118, 83, 84, 65]","[1, 1, 2, 1, 3, 2, 1, 1, 1, 2]",2,6963.479680363599
3,"[133, 265, 132, 30, 188, 227]","[1, 2, 3, 2, 2, 5]",3,27962.306853811002
4,"[134, 124, 120, 121, 125, 160, 123, 49, 27]","[1, 1, 1, 1, 1, 1, 1, 2, 1]",4,26052.470100751194
