,task,distance
0,"[0, 2]",30138.61826144
1,"[1, 3]",22484.7800397572
