,task,distance
0,[0],1661.2679042638
1,[1],3448.108142694
