,task,distance
0,"[0, 3]",6869.630104193
1,"[1, 2]",7528.22762677
