,task,distance
0,[0],5398.9535963935
1,[1],5216.139144299001
