,customer,weight,round,length
0,"[8, 13, 0, 7, 14, 9]","[1, 1, 2, 1, 3, 3]",0,2391.6875466760002
1,"[5, 2, 10, 3]","[1, 1, 1, 1]",0,611.774160722
2,"[4, 15, 11, 6, 12, 1]","[1, 2, 1, 4, 4, 1]",0,3453.4122742520003
