,task,distance
0,[0],0.0
1,[1],9601.638756653
2,[2],4574.039900908
