,task,distance
0,[0],2000000578.6911511
1,[1],3128.0794485857004
2,[2],0.0
