,task,distance
0,[0],0.0
1,[1],7517.4377920489
2,[2],5216.434993844
3,[3],0.0
4,[4],1203.210106527
