,CID,TTDDemd
0,3008,0.0650326013565
1,3009,0.128542006016
2,24212,0.280811995268
3,30599,0.0435971990228
4,30600,0.0768586024642
5,30601,0.207893997431
6,30602,0.168259993196
7,30603,0.0110422996804
8,30604,0.0408041998744
9,31661,2.64354991913
10,31664,0.0625801980495
11,31665,0.0181878991425
12,45797,0.0456443987787
13,45798,2.52095007896
14,46546,1.33359003067
15,46547,5.67496013641
16,46548,2.51454997063
17,53603,1.98924994469
