,customer,weight,round,length
0,"[97, 30, 137, 129, 100, 106, 125, 8, 9]","[2, 1, 2, 1, 1, 1, 2, 1, 2]",0,2518.1696822095
1,"[11, 47, 48, 66, 62, 32, 39, 71, 50, 51]","[1, 1, 2, 1, 1, 1, 1, 2, 1, 1]",0,3355.4047684711004
