,customer,weight,round,length
0,"[113, 33, 35, 19, 122, 10, 11, 21, 76]","[1, 1, 2, 1, 1, 1, 1, 1, 1]",0,3456.0118659679997
1,"[129, 118, 83, 116, 3, 5, 114, 44, 14, 46, 128, 39, 127]","[1, 1, 1, 1, 1, 1, 1, 1, 1, 1, 1, 1, 1]",0,3714.022552093
