,task,distance
0,[0],3456.011865968
1,[1],3714.022552093
