,customer,weight,round,length
0,"[50, 28, 2, 20, 23, 27]","[6, 2, 2, 3, 1, 1]",0,5972.612959855
1,"[18, 57, 45, 42, 32, 40, 38, 37, 31]","[3, 1, 2, 1, 2, 2, 1, 1, 2]",1,2000004427.227922
