,customer,weight,round,length
0,"[17, 39, 26, 4, 37, 49, 1, 3, 2, 9]","[2, 1, 1, 1, 1, 2, 2, 2, 1, 2]",0,2926.910758974
1,"[20, 25, 2, 12, 15, 47]","[3, 1, 1, 1, 1, 1]",1,3315.8927127009997
