,task,distance
0,"[0, 2]",4389.436875496999
1,"[1, 3]",3356.496101052
