,customer,weight,round,length
0,"[156, 116, 214, 215, 209, 68, 42, 158, 204, 45, 67, 188, 5, 11]","[1, 1, 1, 1, 1, 1, 1, 2, 1, 1, 1, 1, 1, 1]",0,15128.685405134998
1,"[78, 107, 104, 64, 180, 97, 145, 228]","[1, 1, 4, 1, 1, 1, 1, 1]",0,12041.779302159997
