,task,distance
0,"[0, 3]",7779.407974385
1,"[1, 2]",6129.374700305999
