,task,distance
0,"[0, 5]",5394.651511348
1,"[1, 3]",5187.689454844
2,"[2, 4]",4232.317479665
