,task,distance
0,"[0, 4]",5360.594447762
1,"[1, 3]",4513.396479244
2,"[2, 5]",5071.535784679
