,customer,weight,round,length
0,[4],[15],0,559.444364168
1,"[29, 33, 4]","[1, 1, 13]",0,13394.131006634
2,[],[],0,0.0
