,customer,weight,round,length
0,[4],[15],0,13188.08225328
1,"[4, 19, 29]","[7, 1, 1]",0,14435.686868314
2,[],[],0,0.0
