,customer,weight,round,length
0,[],[],0,0.0
1,[],[],0,0.0
2,"[122, 96, 121, 66, 103, 114, 67, 68, 113, 112, 156, 164, 46, 47]","[1, 1, 1, 1, 1, 1, 1, 1, 1, 1, 1, 1, 1, 1]",0,2892.4835761446006
3,"[180, 28, 182, 125, 158, 163]","[2, 2, 1, 1, 1, 1]",0,2782.4500038530005
