,customer,weight,round,length
0,[],[],0,0.0
1,"[44, 43, 126, 98, 86, 120, 23, 37]","[1, 2, 2, 1, 2, 1, 1, 1]",0,2890.2181562557
2,[],[],0,0.0
3,"[14, 38, 136, 138, 137, 11, 50, 49, 48, 21, 35]","[1, 1, 1, 1, 1, 1, 1, 1, 1, 1, 1]",0,2289.2597563442
