,task,distance
0,[0],0.0
1,[1],5143.82305483
2,[2],2249.427096751
3,[3],0.0
