,task,distance
0,[0],0.0
1,[1],0.0
2,[2],2892.4835761446006
3,[3],2782.4500038530005
