,customer,weight,round,length
0,[],[],0,0.0
1,"[3, 51, 18, 16, 60, 41, 67]","[4, 1, 1, 1, 1, 2, 1]",0,3270.8921703605
2,"[27, 54]","[2, 1]",0,785.361947139
