,customer,weight,round,length
0,"[44, 7, 46, 15, 45, 65]","[1, 2, 1, 2, 1, 3]",0,1306.673440994
1,"[38, 37, 2, 3, 43, 4, 13, 12, 59, 64]","[1, 1, 1, 1, 1, 1, 1, 2, 3, 3]",0,3282.0942310086
