,task,distance
0,[0],0.0
1,[1],1370.2739825929998
2,[2],5089.640786620999
3,[3],0.0
