,customer,weight,round,length
0,[],[],0,0.0
1,"[20, 10, 13, 21, 4, 5, 41, 6]","[1, 1, 2, 1, 1, 1, 1, 7]",0,4661.7602179161
2,[6],[12],0,221.103008428
3,[6],[13],0,221.103008428
4,[6],[15],0,221.103008428
