,task,distance
0,[0],4855.15805736
1,[1],4804.84698344
2,[2],7811.809913581001
3,[3],0.0
4,[4],226.009948064
