,task,distance
0,"[0, 3, 6, 9, 12, 15, 18, 20, 19]",10158.0108456304
1,"[1, 4, 7, 10, 13, 16]",10056.351849732
2,"[2, 5, 8, 11, 14, 17]",10056.351849732
