,task,distance
0,"[0, 3, 6, 9, 12, 15, 18]",3700.1876752120006
1,"[1, 4, 7, 10, 13, 16, 19]",3700.1876752120006
2,"[2, 5, 8, 11, 14, 17, 20]",3700.1876752120006
