,customer,weight,round,length
0,"[88, 105, 42, 109, 37]","[3, 1, 1, 1, 2]",0,5062.254613720001
1,[100],[3],0,343.10477664
2,"[58, 7, 4, 3, 15, 14]","[4, 1, 1, 5, 1, 2]",0,2234.401608788
3,"[47, 46, 75, 102, 57, 44, 45, 26]","[1, 1, 2, 2, 3, 1, 1, 2]",0,1880.5623872215
