,task,distance
0,[0],0.0
1,[1],7076.941090589399
2,[2],7428.272802369999
3,[3],8889.853133011899
