,task,distance
0,[0],1105.2171120354
1,[1],2140.4515954633
2,[2],0.0
3,[3],908.8152292234
