,customer,weight,round,length
0,"[29, 30, 23, 38, 66, 82, 81, 27, 44, 79, 87, 35, 36]","[1, 1, 1, 1, 1, 1, 1, 3, 1, 1, 1, 1, 1]",0,6368.5917493905
1,"[17, 72, 75, 7, 48, 47, 46, 45]","[1, 1, 1, 1, 5, 4, 1, 1]",0,2112.4724841362004
2,"[84, 49, 28]","[1, 13, 1]",0,2233.5561530125997
3,"[22, 25, 8, 19, 52, 60]","[1, 1, 8, 2, 1, 1]",1,2490.995773394
4,"[5, 77, 78, 6, 73, 21, 74, 20, 34, 33, 32, 31]","[1, 1, 1, 1, 1, 1, 1, 1, 1, 1, 1, 1]",1,1764.8860056842002
5,[],[],1,0.0
