,CID,TTDDemd
0,5399,0.0215597003698
1,5406,7.61461019516
2,5407,2.75214004517
3,12192,0.10779800266
4,17827,0.8051019907
5,24498,1.00637996197
6,24640,0.110803999007
7,24642,0.0431193001568
8,39458,0.233287006617
9,46923,0.704464018345
10,46924,0.0893068015575
11,46925,3.30434989929
12,46926,0.58290797472
13,48349,0.150918006897
14,53853,0.384746998549
15,55273,0.150918006897
16,60324,1.0529999733
