,customer,weight,round,length
0,[59],[15],0,178.8408465032
1,"[59, 51]","[11, 4]",1,827.2733401845999
2,"[51, 26, 16]","[1, 1, 1]",2,4344.781523332001
