,task,distance
0,[0],4899.315591376
1,[1],3549.369352305
2,[2],5503.192725342999
3,[3],1390.6342812389998
