,task,distance
0,"[0, 3, 4]",10136.2495367872
1,"[1, 2, 5]",10912.269725176999
