,task,distance
0,[0],4206.588209787
1,[1],0.0
2,[2],3293.3833744090007
3,[3],1448.2577599380002
