,task,distance
0,"[0, 8, 14, 19, 24]",5438.5738672403995
1,"[1, 5, 10, 15, 20]",7200.3058378509995
2,"[2, 9, 12, 17, 23]",3500.6430627699006
3,"[3, 7, 13, 18, 22]",4404.536531166701
4,"[4, 6, 11, 16, 21]",5956.06521903
