,customer,weight,round,length
0,"[20, 5, 12, 15, 16]","[1, 1, 1, 1, 1]",0,8897.979994039999
1,"[29, 21, 25, 8, 18, 0, 13, 3, 9, 7, 4, 10]","[1, 1, 1, 1, 1, 1, 1, 1, 1, 1, 2, 1]",0,7380.3318897300005
2,"[19, 11, 2, 23, 22, 1, 14, 6]","[1, 1, 1, 1, 4, 1, 1, 1]",0,8121.14722825
3,"[27, 24, 26, 28, 17]","[1, 6, 5, 1, 1]",0,1819.3917209269998
4,[],[],0,0.0
