,task,distance
0,[0],0.0
1,[1],9070.567496132
2,[2],5685.930716224
3,[3],0.0
4,[4],36502.653831608
