,customer,weight,round,length
0,"[37, 39, 1, 19, 20, 47, 29, 61]","[1, 1, 1, 3, 1, 3, 2, 3]",0,2181.806737167
1,"[24, 51]","[1, 1]",1,6297.887109898
