,customer,weight,round,length
0,"[89, 37, 176, 145, 111, 17, 68, 129, 19, 18, 172]","[1, 1, 1, 1, 2, 1, 1, 1, 2, 1, 1]",0,3981.3063788339
1,[],[],0,0.0
2,"[87, 45, 115, 144, 22, 28, 21, 26]","[1, 1, 1, 4, 1, 3, 1, 1]",0,1703.3677168298
3,[],[],0,0.0
