,task,distance
0,[0],0.0
1,[1],6789.875999974001
2,[2],0.0
3,[3],5493.4438456457
