,task,distance
0,[0],0.0
1,[1],1528.87634069
2,[2],0.0
3,[3],5685.087433633
