,task,distance
0,[0],0.0
1,[1],0.0
2,[2],6118.782842638
3,[3],0.0
4,[4],1464.3079928329998
