,task,distance
0,[0],1459.28816995
1,[1],0.0
2,[2],199.5697140458
3,[3],0.0
4,[4],5649.554000531
