,customer,weight,round,length
0,"[39, 45, 18, 13, 21, 26, 16, 10, 35, 34, 8, 22, 9, 27, 38]","[1, 1, 1, 1, 1, 1, 1, 1, 1, 1, 1, 1, 1, 1, 1]",0,2423.8463336699997
1,"[12, 43, 4, 29, 3, 0, 19, 6, 15, 24, 36, 25, 40]","[1, 1, 1, 1, 1, 1, 1, 1, 1, 1, 1, 1, 1]",0,8521.44335637
2,"[31, 32, 11, 30, 37, 17, 5, 42]","[1, 1, 1, 1, 1, 2, 2, 1]",0,1286.700683209
3,"[44, 7, 23, 14, 20, 2, 28, 1, 33, 41]","[1, 1, 1, 1, 1, 1, 1, 1, 1, 1]",0,1191.719830191
