,task,distance
0,[0],0.0
1,[1],2074.4344068495
2,[2],2654.0444216312
3,[3],1753.396549467
