,customer,weight,round,length
0,[],[],0,0.0
1,[11],[1],0,190.025115592
2,"[18, 72, 10, 34, 74]","[1, 1, 1, 1, 1]",0,7670.928643178001
3,[],[],0,0.0
4,[],[],0,0.0
