,task,distance
0,"[0, 4]",4556.531279899001
1,"[1, 3]",11716.407350702
2,"[2, 5]",10950.858025642
