,customer,weight,round,length
0,"[51, 59, 45, 90, 22]","[4, 5, 1, 4, 1]",0,4861.512728170999
1,"[57, 24, 25, 33, 1, 23, 75, 27, 39]","[1, 1, 1, 2, 5, 1, 1, 2, 1]",1,7895.4214567
2,"[49, 43]","[1, 1]",2,3425.8498033280002
