,task,distance
0,[0],0.0
1,[1],0.0
2,[2],6815.6267134941
3,[3],938.677752056
