,task,distance
0,"[0, 3, 4, 7]",11219.86878469
1,"[1, 2, 5, 6]",13576.5073946679
