,task,distance
0,"[0, 4, 6]",7978.301349041801
1,"[1, 5, 7]",5848.0028879050005
2,"[2, 3, 8]",5060.1258509922
