,customer,weight,round,length
0,[],[],0,0.0
1,"[144, 99, 75, 140, 0, 125, 171, 163, 103, 131, 34, 120]","[1, 1, 1, 2, 1, 1, 2, 1, 1, 2, 1, 1]",0,7559.827447693
2,"[115, 119]","[1, 1]",0,826.593996268
3,"[112, 78, 57, 43]","[1, 1, 10, 3]",0,4397.176635864
4,"[29, 57, 142]","[2, 10, 3]",0,3696.061721381
