,customer,weight,round,length
0,"[208, 147, 150, 221, 64, 226, 235, 180, 182, 38, 72, 51, 80]","[1, 1, 1, 1, 1, 1, 1, 2, 1, 2, 1, 1, 1]",0,11629.558954945
1,"[106, 262, 280, 5, 102, 14, 291, 289, 288, 153, 125, 61]","[1, 1, 1, 1, 1, 1, 1, 1, 1, 1, 4, 1]",1,11937.140637894
2,"[143, 118]","[1, 1]",2,2000002468.8586507
