,customer,weight,round,length
0,"[1, 19, 7, 15, 17, 2, 4, 14, 10]","[1, 1, 3, 2, 2, 1, 2, 1, 2]",0,866.066584774
1,"[13, 8, 0, 5, 16, 11, 18, 12, 9, 3, 6]","[1, 1, 1, 2, 2, 1, 1, 1, 1, 1, 2]",0,908.353402745
