,customer,weight,round,length
0,"[54, 25, 3, 24, 32, 23, 39, 17, 41, 40]","[1, 1, 1, 1, 1, 2, 1, 3, 2, 1]",0,2785.2558096765
1,"[31, 33, 38, 19, 20, 36, 35, 34, 18]","[1, 3, 1, 3, 2, 1, 1, 1, 2]",0,3712.567320656
2,"[43, 45, 44, 52]","[3, 2, 1, 3]",0,1086.610518649
3,"[31, 49, 48, 7, 6, 47, 46, 42]","[2, 2, 1, 3, 2, 2, 2, 1]",0,3150.6578137500005
4,"[51, 13, 21, 1, 2, 14]","[2, 1, 3, 2, 3, 4]",0,2984.060055139
