,customer,weight,round,length
0,"[94, 55, 56, 85, 84, 88, 87]","[2, 3, 1, 1, 3, 4, 1]",0,2170.515136978
1,"[95, 28, 27, 93, 29, 50, 35, 15, 75, 0, 37]","[1, 1, 2, 1, 2, 1, 1, 2, 1, 2, 1]",0,2408.3933465802
2,"[91, 38, 11, 39, 13, 6, 4, 99, 97]","[2, 1, 3, 1, 3, 1, 1, 1, 2]",0,2581.479298755
3,[],[],1,0.0
4,[46],[1],1,1384.680743576
5,[],[],1,0.0
