,customer,weight,round,length
0,"[20, 16, 15, 30, 21, 31, 29, 22]","[1, 2, 1, 1, 2, 2, 3, 3]",0,5500.31470626
1,"[18, 7, 1, 19, 35]","[1, 11, 1, 1, 1]",1,2122.165725585
2,"[24, 33, 36, 5, 34]","[2, 1, 10, 1, 1]",2,2667.8034449409997
