,customer,weight,round,length
0,"[9, 12, 5, 6, 17]","[1, 8, 1, 1, 1]",0,2293.574038485
1,"[60, 47, 63, 62, 66, 48, 28, 22]","[1, 1, 1, 3, 3, 1, 4, 1]",0,6888.9533898893005
