,task,distance
0,[0],6357.0106240441
1,[1],748.4451858768
2,[2],4849.706561455
3,[3],0.0
