,task,distance
0,[0],0.0
1,[1],1052.950517346
2,[2],0.0
3,[3],1491.169675203
4,[4],0.0
