,customer,weight,round,length
0,"[51, 65, 22, 63, 62, 174, 157, 66]","[4, 2, 1, 1, 1, 1, 2, 3]",0,1368.2486794715
1,"[53, 58, 59, 241, 156, 240, 239, 60, 52, 147, 206]","[1, 2, 1, 3, 1, 1, 1, 1, 1, 2, 1]",0,1715.8708692018
2,"[177, 71, 247, 245, 244, 21, 158, 25, 214, 61, 242, 64]","[1, 2, 1, 2, 1, 1, 1, 2, 1, 1, 1, 1]",0,2239.8071922664
3,[],[],1,0.0
4,[158],[1],1,1453.286049332
5,[],[],1,0.0
