,task,distance
0,[0],6172.593749065301
1,[1],10951.411567497002
2,[2],1320.3987016906
