,task,distance
0,[0],8273.872615135
1,[1],9716.1352328621
2,[2],6942.438132446001
