,task,distance
0,[0],4699.2871083275
1,[1],5580.658649328998
2,[2],2238.7123397072
