,customer,weight,round,length
0,"[27, 212, 84, 245, 237, 260, 239, 30]","[1, 1, 1, 1, 2, 1, 1, 2]",0,3044.9697044060003
1,[],[],0,0.0
2,"[129, 34, 13, 132, 45, 234, 38, 257, 258]","[1, 1, 1, 1, 1, 1, 1, 1, 1]",0,2062.9964453817
