,task,distance
0,[0],6703.300747484999
1,[1],3361.229682083
2,[2],0.0
