,customer,weight,round,length
0,"[7, 27, 26, 21, 23, 2, 11, 25, 24]","[2, 1, 1, 2, 2, 2, 3, 1, 1]",0,6592.5557307300005
1,"[8, 4, 3, 1, 20, 18, 22, 17, 5, 0]","[1, 2, 1, 2, 2, 1, 2, 1, 1, 2]",1,1008.228518589
2,"[16, 13, 6, 9, 28, 14, 12, 19]","[1, 3, 1, 4, 2, 1, 1, 2]",2,3645.8278387090004
3,"[15, 10]","[1, 1]",3,1132.677348011
