,customer,weight,round,length
0,"[89, 56, 16, 66, 81, 104, 35, 34, 2, 46]","[1, 2, 1, 1, 3, 1, 1, 1, 2, 2]",0,2000002680.4513264
1,"[109, 120, 97, 100, 128, 8]","[1, 1, 1, 1, 1, 2]",0,3000001514.5693293
2,[],[],0,0.0
3,[],[],0,0.0
