,customer,weight,round,length
0,[],[],0,0.0
1,[],[],0,0.0
2,"[155, 154, 210, 70, 111, 204, 192, 30, 54, 148, 147]","[1, 1, 2, 2, 1, 1, 1, 2, 1, 1, 1]",0,3689.065234871
3,"[241, 165, 182, 23, 97, 93, 94, 219, 20, 19, 53]","[1, 1, 2, 1, 1, 1, 2, 1, 1, 1, 1]",0,2296.5475510555
