,customer,weight,round,length
0,[],[],0,0.0
1,"[117, 118, 158, 233, 144, 58, 25, 28, 26, 217]","[1, 1, 1, 1, 3, 1, 2, 2, 1, 1]",0,3255.644845354
2,"[216, 129]","[2, 2]",0,851.4403257199999
3,"[173, 172, 87, 8, 130, 131, 128, 18, 126, 88]","[1, 1, 5, 1, 1, 1, 1, 1, 1, 2]",0,2669.500170159
