,customer,weight,round,length
0,[],[],0,0.0
1,"[185, 184, 138, 140, 122, 24, 123, 218]","[3, 2, 2, 2, 1, 2, 1, 2]",0,2322.334263119
2,"[83, 230, 159, 213, 229, 6, 206, 7, 169, 29, 190, 51, 183]","[1, 1, 1, 1, 1, 1, 1, 2, 1, 1, 1, 2, 1]",0,6715.795553674
3,[239],[3],0,689.246841404
