,customer,weight,round,length
0,"[118, 129, 18, 128, 58, 28, 65, 70, 192, 29, 140]","[1, 2, 1, 1, 1, 2, 1, 2, 1, 1, 2]",0,9251.752779414
1,"[162, 91, 90, 115, 72, 152, 181, 182, 165, 53, 159]","[1, 2, 1, 1, 1, 1, 3, 2, 1, 1, 1]",0,10294.02105448
2,[],[],0,0.0
3,[],[],0,0.0
