,task,distance
0,[0],9251.752779414
1,[1],10294.02105448
2,[2],0.0
3,[3],0.0
