,task,distance
0,[0],5180.5102217250005
1,[1],1841.3478806
2,[2],1313.8454779053
3,[3],0.0
