,task,distance
0,[0],0.0
1,[1],3582.015539302
2,[2],4934.389179785
3,[3],2021.684620495
4,[4],0.0
