,customer,weight,round,length
0,[62],[1],0,234.054548306
1,[],[],0,0.0
2,[],[],0,0.0
3,"[18, 16, 44, 119, 77, 71, 7, 1, 102, 22, 97, 99]","[1, 1, 1, 1, 1, 1, 1, 2, 1, 1, 1, 2]",0,8264.620458182999
