,customer,weight,round,length
0,[],[],0,0.0
1,"[17, 16, 44, 30, 104, 105]","[2, 1, 1, 1, 1, 4]",0,1679.6219722330002
2,"[120, 119, 80, 11, 77]","[1, 1, 3, 1, 1]",0,4061.6546319615
3,"[106, 122, 36]","[2, 3, 1]",0,885.1223123499999
