,task,distance
0,[0],3434.8917652114005
1,[1],0.0
2,[2],0.0
3,[3],226.278946548
