,task,distance
0,[0],1838.764375596
1,[1],9947.809296535002
2,[2],0.0
3,[3],0.0
