,task,distance
0,[0],6587.287570188
1,[1],0.0
2,[2],0.0
3,[3],2169.8317504762
