,customer,weight,round,length
0,"[54, 16, 25, 17, 55, 18, 20, 19, 27, 34, 51]","[2, 1, 1, 1, 1, 1, 1, 1, 4, 1, 1]",0,3125.226457633
1,"[13, 21, 4, 6, 7, 14]","[2, 1, 1, 2, 2, 1]",0,4970.2621736072
2,[24],[12],0,3719.89501056
3,[24],[15],0,3719.89501056
