,task,distance
0,[0],10466.925161669
1,[1],0.0
2,[2],0.0
3,[3],1457.17972112
4,[4],1986.909999272
