,task,distance
0,"[0, 2]",2883.3962419157
1,"[1, 3]",5818.782668698999
