,customer,weight,round,length
0,"[100, 101, 110, 77, 54, 108, 40, 31, 84, 98, 99]","[1, 1, 1, 1, 1, 1, 2, 1, 1, 4, 1]",0,4401.2353564616
1,[109],[1],1,3064.09643232
