,customer,weight,round,length
0,"[114, 35, 7, 142, 173, 99, 100, 91, 81, 3, 153, 37, 70]","[1, 1, 2, 1, 1, 1, 1, 1, 1, 1, 2, 1, 1]",0,6873.732482200499
1,"[25, 185, 182, 14, 27, 179, 177, 189, 132, 115, 41, 42, 76, 21, 20]","[1, 1, 1, 1, 1, 1, 1, 1, 1, 1, 1, 1, 1, 1, 1]",0,6866.011584598999
2,"[85, 86, 82, 187, 59]","[2, 2, 1, 1, 9]",1,17431.438897695
3,"[58, 189, 104, 52, 109, 121, 56, 116, 119]","[7, 1, 1, 1, 1, 1, 1, 1, 1]",1,10517.002480349
4,[],[],2,0.0
5,"[49, 188, 24, 165, 28]","[1, 1, 1, 1, 1]",2,14823.192319437
