,task,distance
0,[0],3564.2466886094994
1,[1],1437.9606875073
2,[2],0.0
3,[3],0.0
