,task,distance
0,[0],756.3552163881
1,[1],0.0
2,[2],1556.3500992558
3,[3],2852.848935772
