,task,distance
0,[0],5076.589155404001
1,[1],0.0
2,[2],1230.043083731
3,[3],2354.478316035
