,customer,weight,round,length
0,"[61, 39, 40, 41, 175, 131, 151, 109, 140, 117, 167]","[1, 1, 1, 1, 1, 3, 1, 3, 1, 1, 1]",0,14690.881989241
1,"[62, 169, 80, 118, 2, 47, 160]","[5, 2, 1, 1, 3, 2, 1]",1,3842.958689501
2,"[85, 87, 88, 55, 142, 107, 64, 102, 63, 0, 70]","[1, 1, 1, 2, 1, 1, 2, 2, 2, 1, 1]",2,3940.9959387602
3,"[73, 163, 19, 27, 173, 125, 67, 49]","[1, 3, 2, 1, 2, 1, 1, 1]",3,3057.531749398
