,customer,weight,round,length
0,[],[],0,0.0
1,[36],[1],0,763.514487654
2,[],[],0,0.0
3,"[75, 64, 9, 70, 47, 96, 54, 6, 89, 91, 32, 25]","[1, 1, 3, 1, 1, 1, 1, 1, 1, 2, 1, 1]",0,11619.678738352
4,[],[],0,0.0
