,customer,weight,round,length
0,"[16, 186]","[5, 10]",0,1817.7771783609999
1,"[24, 172, 25, 100, 123, 1, 58, 149, 64, 150, 193]","[2, 1, 1, 2, 2, 2, 1, 1, 1, 1, 1]",0,4857.6412745751995
2,"[128, 85, 17, 186, 26, 135]","[1, 1, 1, 10, 1, 1]",0,2485.959237633
3,"[114, 126, 115, 113, 175, 151, 83, 82, 81, 125, 121, 120, 101]","[1, 1, 1, 1, 1, 1, 1, 1, 1, 2, 2, 1, 1]",0,4861.868098848999
4,"[171, 10, 57, 56, 184, 31, 32, 27, 115]","[1, 1, 1, 1, 1, 2, 2, 1, 1]",1,13715.735786401001
5,"[0, 182, 140, 148, 174, 79, 45, 60, 46]","[1, 1, 2, 1, 1, 1, 1, 1, 1]",1,4677.551245852
6,"[44, 42, 9, 112, 211, 21, 53, 54, 106]","[1, 1, 1, 2, 3, 1, 2, 2, 2]",1,8093.327780105
7,[],[],1,0.0
