,task,distance
0,[0],0.0
1,[1],3859.34618471
2,[2],4422.861871064
3,[3],3721.8608504252
