,task,distance
0,[0],5849.109650704
1,[1],10885.922013936
