,task,distance
0,"[0, 3, 5, 7, 8]",18144.4869803769
1,"[1, 2, 4, 6, 9]",18822.0289547437
