,customer,weight,round,length
0,"[125, 16, 149, 18, 19, 99, 71, 167, 98, 133, 142, 97, 42]","[1, 1, 1, 1, 1, 1, 1, 2, 2, 1, 1, 1, 1]",0,7615.536707681
1,"[65, 66, 120, 22, 64, 30, 166, 52, 80, 139, 112]","[1, 1, 1, 3, 2, 1, 1, 1, 2, 1, 1]",1,4931.3376602457
2,"[84, 103, 105]","[1, 1, 1]",2,2373.004328308
