,customer,weight,round,length
0,[],[],0,0.0
1,"[92, 154, 121, 44, 19, 17, 16, 52, 88]","[1, 2, 1, 1, 1, 1, 1, 2, 1]",0,5576.310696864
2,"[73, 36, 67, 11, 2, 23, 9, 66, 99, 78]","[1, 1, 1, 1, 1, 3, 2, 2, 1, 1]",0,6538.747685058
3,[],[],0,0.0
4,[],[],0,0.0
