,task,distance
0,[0],8520.471297289
1,[1],0.0
2,[2],520.2913182749
3,[3],0.0
4,[4],1225.6292445294
