,customer,weight,round,length
0,"[96, 114, 68]","[1, 1, 1]",0,1415.249234864
1,"[65, 179, 62, 37, 126, 48, 138, 154, 152, 84, 87, 74, 41]","[1, 2, 1, 1, 2, 1, 1, 1, 1, 1, 1, 1, 1]",0,8137.703185480999
2,[],[],0,0.0
3,[],[],0,0.0
