,customer,weight,round,length
0,"[71, 102, 46, 156, 124, 158]","[1, 2, 1, 1, 1, 1]",0,3287.555809243
1,"[125, 178, 65, 179, 137, 120, 63, 62, 61, 60]","[1, 1, 1, 2, 1, 1, 1, 1, 1, 1]",0,3815.1894116259996
2,[],[],0,0.0
3,[],[],0,0.0
