,customer,weight,round,length
0,"[55, 52, 84, 73, 145, 54, 152, 99, 184, 183]","[2, 1, 1, 2, 1, 1, 1, 1, 1, 1]",0,3790.253104427
1,[],[],0,0.0
2,[],[],0,0.0
3,"[154, 136, 115, 126, 101, 16]","[1, 1, 1, 2, 2, 2]",0,4439.041213056
