,task,distance
0,[0],3790.253104427
1,[1],0.0
2,[2],0.0
3,[3],4439.041213056
