,task,distance
0,[0],0.0
1,[1],3159.815216494
2,[2],0.0
3,[3],5200.803361509999
