,customer,weight,round,length
0,"[17, 22, 8, 77, 73, 33, 31, 30]","[1, 1, 8, 1, 1, 1, 1, 1]",0,3520.1895108500003
1,[],[],0,0.0
2,[],[],0,0.0
3,"[28, 29, 48, 66, 87, 35]","[1, 1, 5, 1, 1, 1]",0,5251.591722979
