,task,distance
0,[0],0.0
1,[1],1638.9590484940002
2,[2],5090.1815560677
3,[3],0.0
