,task,distance
0,[0],3520.1895108500003
1,[1],0.0
2,[2],0.0
3,[3],5251.591722979
