,customer,weight,round,length
0,"[3, 11]","[5, 5]",0,284.2946391909
1,"[5, 12]","[5, 5]",0,430.08831725699997
2,[],[],0,0.0
