,customer,weight,round,length
0,[1],[6],0,138.6714933592
1,[],[],0,0.0
2,"[1, 9, 4, 7]","[1, 5, 5, 3]",0,2556.6255890785997
