,task,distance
0,[0],420.45813467
1,[1],2001.737359457
2,[2],329.46852688
