,customer,weight,round,length
0,"[15, 2, 1, 29, 44, 34, 42, 22, 40, 24]","[1, 1, 1, 3, 1, 1, 1, 1, 1, 1]",0,1954.1225157709998
1,[],[],0,0.0
2,"[5, 52, 47, 46, 16, 26]","[1, 2, 1, 1, 1, 1]",0,1152.1400269994
