,task,distance
0,[0],1954.122515771
1,[1],0.0
2,[2],1152.1400269994
