,task,distance
0,"[0, 3]",7736.609628059
1,"[1, 2]",6509.6770504886
