,task,distance
0,"[0, 3]",6214.0808340945005
1,"[1, 2]",5560.482427576801
