,task,distance
0,"[0, 3]",2554.57414291
1,"[1, 2]",5266.687416131501
