,customer,weight,round,length
0,[2],[15],0,1497.59254802
1,"[11, 1, 0]","[1, 2, 12]",1,2937.7714350220003
2,[6],[12],2,1997.453189484
