,task,distance
0,[0],0.0
1,[1],0.0
2,[2],0.0
3,[3],7660.854112045
4,[4],277.257807778
