,customer,weight,round,length
0,"[7, 135, 137, 142, 110, 38, 144, 109]","[1, 1, 1, 1, 2, 5, 2, 1]",0,5196.944062255
1,"[78, 80, 121, 33, 92, 120]","[1, 2, 2, 1, 3, 1]",0,2783.2929102030002
2,"[90, 85, 64, 51, 62, 47]","[1, 1, 1, 4, 1, 2]",0,2146.852205563
