,task,distance
0,[0],1422.9386214080002
1,[1],2184.0585332678
2,[2],3881.652748502
3,[3],3169.539345694
4,[4],4050.9333921679
