,customer,weight,round,length
0,"[40, 68, 41]","[13, 1, 1]",0,7375.013930620001
1,"[25, 23, 72, 28, 33, 19]","[2, 1, 1, 1, 4, 1]",1,6877.329035217
