,task,distance
0,[0],5884.138932001
1,[1],0.0
2,[2],5801.322659095001
