,task,distance
0,[0],26291.321974919
1,[1],8998.434314074999
