,customer,weight,round,length
0,"[292, 264, 291, 19, 288, 55, 143, 144, 140, 141, 138, 145, 297, 5]","[1, 1, 1, 1, 1, 2, 1, 1, 1, 1, 1, 1, 1, 1]",0,3492.703205185
1,"[152, 153, 14, 241, 242, 248, 16, 246, 286, 245, 280, 278, 100, 102]","[1, 1, 1, 1, 1, 2, 1, 1, 1, 1, 1, 1, 1, 1]",0,4371.554584120102
2,[17],[1],1,1588.480617166
3,"[56, 113, 44, 35]","[1, 2, 1, 1]",1,4362.814064492
