,customer,weight,round,length
0,"[242, 88, 84, 64, 164, 222, 150, 61, 147, 39, 41, 284]","[1, 1, 2, 1, 1, 1, 1, 2, 1, 1, 2, 1]",0,9109.15054267
1,"[203, 152, 44, 127, 36, 37, 119, 188, 235, 187, 175, 107, 102]","[2, 1, 1, 1, 1, 1, 1, 1, 1, 1, 1, 2, 1]",0,10172.376974343
2,"[289, 118, 141, 138, 297, 5, 0, 245]","[3, 1, 1, 1, 1, 1, 2, 1]",1,2000002651.564577
3,[],[],1,0.0
