,customer,weight,round,length
0,"[118, 96, 117, 49, 226, 164, 163, 221, 222, 209, 206, 201, 204, 174]","[1, 1, 1, 1, 1, 1, 1, 1, 1, 2, 1, 1, 1, 1]",0,2000005677.978173
1,"[203, 289, 220, 0, 298, 284, 282, 283, 210, 173]","[2, 3, 1, 2, 1, 1, 1, 1, 1, 2]",0,2000005117.828824
2,"[36, 125, 54, 43, 243, 42, 269, 261, 262]","[1, 4, 1, 1, 1, 2, 1, 1, 1]",1,2000005411.1285248
3,[],[],1,0.0
