,task,distance
0,"[0, 3]",4749.337160545
1,"[1, 2]",11819.468781678599
