,task,distance
0,"[0, 6]",7509.2964813768995
1,"[1, 7]",8464.6001376757
2,"[2, 9]",3737.303608071
3,"[3, 5]",6281.618104916401
4,"[4, 8]",6547.206036814001
