,task,distance
0,[0],0.0
1,[1],595.952297356
2,[2],12826.097929671998
