,customer,weight,round,length
0,"[54, 55, 2, 18, 6, 11, 68, 67, 69, 65, 21, 8, 73]","[1, 1, 1, 1, 1, 1, 1, 1, 1, 3, 1, 1, 1]",0,3843.352414897
1,"[25, 45, 24, 75]","[1, 1, 12, 1]",0,1578.360572229
2,"[57, 50, 56, 71, 24]","[1, 1, 1, 1, 11]",0,2095.55912316
3,"[70, 5]","[1, 2]",1,2367.0967259980002
4,[],[],1,0.0
5,[],[],1,0.0
