,task,distance
0,[0],9194.026743261
1,[1],1181.713406377
2,[2],4807.32475444
