,customer,weight,round,length
0,"[13, 23, 24, 2, 12, 15, 54, 22, 31, 28, 51, 40, 6, 43]","[1, 1, 1, 2, 1, 1, 1, 1, 1, 1, 1, 1, 1, 1]",0,1774.688665276
1,"[53, 41, 55, 11, 16]","[3, 1, 3, 5, 3]",0,1914.130824383
2,"[30, 56, 1, 29, 46, 18, 5, 3, 42, 52, 10]","[1, 5, 1, 1, 1, 1, 1, 1, 1, 1, 1]",0,1076.580181669
3,"[8, 44, 39, 35, 14, 4, 48, 49, 7, 26, 19, 27, 25]","[1, 1, 1, 1, 1, 1, 1, 2, 1, 1, 2, 1, 1]",1,1043.5429373430002
4,"[37, 20, 21, 9, 33, 34, 38, 36, 17, 0, 45]","[1, 2, 1, 1, 2, 1, 2, 1, 1, 2, 1]",1,1723.393478893
5,"[47, 50, 32]","[11, 1, 1]",1,1453.703944951
