,customer,weight,round,length
0,"[68, 9, 24, 26, 62]","[1, 3, 2, 3, 1]",0,3131.620769229
1,"[54, 47, 59, 51, 41, 52, 1, 80, 70]","[2, 1, 1, 1, 3, 2, 1, 2, 1]",0,2705.1239916311997
