,customer,weight,round,length
0,"[67, 75, 65, 46, 21, 4, 18, 19, 50]","[1, 1, 1, 4, 1, 1, 1, 3, 1]",0,4518.198631311
1,"[53, 40, 38, 34, 15]","[1, 1, 8, 2, 3]",0,4279.009497816
