,customer,weight,round,length
0,"[15, 74, 36, 34]","[3, 2, 1, 2]",0,1343.1291004240002
1,"[0, 80, 8, 52, 2, 1, 53, 40, 25, 56]","[1, 2, 1, 2, 1, 1, 1, 1, 3, 2]",0,6150.3073697906
