,task,distance
0,"[0, 3]",1697.4295289219997
1,"[1, 2]",3417.412565957
