,task,distance
0,[0],405.5272052817001
1,[1],4031.050611262901
