,task,distance
0,[0],1260.6811217258
1,[1],1642.6418081798
