,customer,weight,round,length
0,"[65, 25, 82, 24, 83, 66, 61, 93, 60]","[2, 3, 3, 2, 1, 1, 1, 1, 1]",0,5067.441508222
1,[46],[1],1,3663.43749538
