,customer,weight,round,length
0,"[87, 52, 96, 97, 25, 26, 20]","[1, 1, 5, 1, 4, 1, 2]",0,3857.028848773
1,"[48, 93, 82]","[1, 1, 3]",1,4444.864409563
