,task,distance
0,[0],307.54924648040003
1,[1],0.0
2,[2],5646.7657932985
3,[3],0.0
