,customer,weight,round,length
0,"[29, 68, 43, 39, 123]","[1, 1, 1, 1, 1]",0,4746.070507041
1,"[115, 114, 49]","[1, 2, 1]",0,867.759659719
