,customer,weight,round,length
0,"[10, 11, 31, 27, 29, 30, 21, 20, 25, 19]","[3, 2, 1, 1, 1, 1, 1, 1, 2, 1]",0,8461.162875018
1,"[15, 35, 63, 53, 71, 57, 33]","[1, 1, 1, 1, 1, 3, 2]",0,8260.383057368
