,task,distance
0,[0],11571.7686617939
1,[1],3181.383945295
