,task,distance
0,[0],8461.162875018
1,[1],8260.383057368
