,customer,weight,round,length
0,"[121, 60, 164, 11, 169, 117, 153, 154, 147, 51, 107, 46]","[2, 1, 1, 1, 1, 1, 1, 1, 1, 2, 2, 1]",0,20632.554259792596
1,"[129, 16, 67, 114, 181, 138, 113, 18, 65]","[1, 2, 1, 1, 1, 1, 2, 3, 3]",1,25063.686216976996
2,"[91, 92]","[1, 3]",2,22506.094716491
