,customer,weight,round,length
0,"[83, 86, 85, 84, 21, 118, 54, 107, 103, 89, 90, 120]","[1, 1, 1, 1, 1, 1, 3, 1, 1, 1, 1, 2]",0,3981.0185745454005
1,"[26, 69, 101, 58, 59, 130, 45, 91]","[1, 1, 1, 1, 2, 1, 1, 2]",0,3002.825594636
2,[],[],0,0.0
3,[],[],0,0.0
4,"[96, 92, 126, 31, 105, 38, 133, 8, 79, 114]","[1, 2, 1, 1, 1, 1, 1, 1, 1, 1]",0,6208.348660379999
