,task,distance
0,[0],5000.223024073
1,[1],2470.616182441
2,[2],1442.9184286819998
3,[3],8885.051745723
4,[4],0.0
