,customer,weight,round,length
0,"[11, 28]","[7, 3]",0,558.9926925479
1,[],[],0,0.0
2,"[13, 21, 19, 20, 15]","[6, 2, 1, 1, 1]",0,2000001592.6837897
