,task,distance
0,[0],2000001049.323808
1,[1],404.790363764
2,[2],404.790363764
