,customer,weight,round,length
0,"[131, 83, 108, 84, 85, 15, 93, 94, 10, 92, 89, 58]","[1, 1, 1, 2, 1, 2, 1, 1, 1, 2, 1, 1]",0,2000002810.817573
1,"[119, 31, 29, 122, 121, 106, 97, 78]","[1, 2, 1, 2, 1, 3, 1, 4]",0,2000001608.967975
2,[],[],1,0.0
3,[46],[2],1,2000000000.0
