,customer,weight,round,length
0,"[125, 81, 104, 32, 69, 35, 5, 94, 10, 16, 89]","[1, 3, 1, 1, 2, 1, 1, 1, 1, 1, 1]",0,2000002697.6863441
1,"[72, 107, 120, 99, 42, 48, 54, 30, 110, 63]","[1, 1, 1, 1, 2, 1, 2, 2, 1, 1]",0,3000003777.239506
