,customer,weight,round,length
0,"[78, 106, 98, 122, 29, 34, 103, 4, 1]","[4, 3, 1, 2, 1, 1, 1, 1, 1]",0,2000002589.5431776
1,"[109, 8, 131, 84, 85, 66, 67, 58, 68, 93, 15]","[1, 2, 1, 2, 1, 1, 1, 1, 2, 1, 2]",0,2000002680.0608985
2,"[46, 40]","[2, 1]",1,2000000780.7926192
3,[],[],1,0.0
