,task,distance
0,"[0, 2]",2000002810.817573
1,"[1, 3]",4000001608.9679747
