,customer,weight,round,length
0,"[32, 78, 79, 34, 55, 67, 65, 74, 9, 3, 60]","[1, 1, 1, 2, 1, 1, 1, 1, 3, 2, 1]",0,7095.8664527778
1,[0],[1],1,4087.9015062
