,customer,weight,round,length
0,"[9, 85, 74, 84, 83, 53, 87, 94, 45, 75]","[3, 2, 1, 1, 1, 1, 1, 1, 2, 2]",0,4246.665879137
1,"[86, 72, 92]","[1, 1, 1]",1,1676.5380527609998
