,customer,weight,round,length
0,"[178, 70, 132, 131, 89, 92]","[6, 1, 1, 1, 1, 5]",0,2627.544514658
1,"[79, 55, 157, 154, 133]","[1, 1, 1, 1, 1]",1,8468.517149947
