,customer,weight,round,length
0,"[118, 114, 112, 111, 94, 120, 35, 102, 26, 121, 31]","[1, 2, 1, 1, 1, 2, 2, 1, 1, 1, 2]",0,4381.534563071
1,"[90, 95, 139, 131, 51, 146, 50, 40]","[1, 2, 2, 4, 2, 2, 1, 1]",0,3956.4880021549993
2,"[67, 89, 119, 116, 115, 106, 86, 84]","[1, 2, 2, 5, 2, 1, 1, 1]",1,2165.7282539609
3,"[33, 97, 132, 0, 29, 140, 122, 78, 79, 110, 129, 130]","[1, 1, 1, 1, 2, 2, 1, 1, 1, 2, 1, 1]",1,4793.7789999977
4,"[77, 81, 80, 87, 88, 85, 107, 108, 109, 133, 135, 134, 117]","[1, 1, 1, 1, 1, 1, 1, 1, 1, 1, 1, 1, 3]",2,4429.48927201
5,"[124, 123, 136, 137, 138, 127, 128]","[1, 1, 1, 1, 1, 1, 1]",2,2534.158358496
