,task,distance
0,"[0, 2, 4]",10976.7520890419
1,"[1, 3, 5]",11284.4253606487
