,customer,weight,round,length
0,[],[],0,0.0
1,"[77, 26, 78, 75, 24]","[1, 3, 2, 1, 2]",0,1349.0138617108
2,"[12, 15, 68, 10, 76]","[1, 3, 1, 1, 1]",0,2946.7325389012003
3,"[9, 20, 64, 65, 46, 21, 3, 4]","[3, 1, 1, 1, 4, 1, 1, 1]",0,1260.1567226404998
4,[],[],0,0.0
