,customer,weight,round,length
0,"[59, 60, 61, 25, 79]","[1, 1, 1, 3, 1]",0,2651.319511352
1,[38],[8],0,223.147227862
2,"[47, 49, 67, 80, 2, 52, 1, 53, 40, 41, 51]","[1, 1, 1, 2, 1, 2, 1, 1, 1, 3, 1]",0,4002.6161683899004
3,[42],[5],0,182.3799774194
4,[],[],0,0.0
