,task,distance
0,[0],3236.234464373
1,[1],0.0
2,[2],117.4523962402
3,[3],0.0
4,[4],1492.335844176
