,customer,weight,round,length
0,"[138, 139, 49, 137, 19, 4, 136, 66, 44]","[1, 1, 3, 1, 2, 2, 1, 2, 2]",0,3312.9206471079997
1,"[46, 31, 3, 32, 113, 33, 34, 22, 21, 45]","[3, 1, 2, 1, 2, 1, 1, 2, 1, 1]",0,2391.8555900314
2,[],[],0,0.0
