,customer,weight,round,length
0,"[134, 135, 40, 20, 36, 102, 101, 85]","[2, 1, 2, 3, 2, 1, 2, 1]",0,3678.1287203750003
1,"[133, 64, 42, 24, 43, 65, 89]","[2, 3, 1, 1, 2, 2, 1]",0,2538.2469706552
2,"[88, 38, 100, 99, 37]","[1, 1, 1, 2, 3]",0,1675.9965804121
