,task,distance
0,[0],3678.128720375
1,[1],2538.2469706552
2,[2],1675.9965804121
