,task,distance
0,[0],3312.920647108
1,[1],2391.8555900314
2,[2],0.0
