,customer,weight,round,length
0,"[59, 58, 27, 69, 40, 41]","[1, 1, 1, 3, 2, 1]",0,2909.00716897
1,[22],[15],0,453.348848604
2,[22],[12],0,453.348848604
