,customer,weight,round,length
0,"[1, 48, 54, 13, 64, 60]","[1, 3, 2, 4, 4, 1]",0,4645.366737389
1,[36],[1],0,432.297160214
2,[],[],0,0.0
