,task,distance
0,[0],4645.366737389
1,[1],432.297160214
2,[2],0.0
