,task,distance
0,[0],2243.67778924
1,[1],0.0
2,[2],0.0
3,[3],402.673811262
