,task,distance
0,[0],605.975063069
1,[1],4596.2822334486
2,[2],0.0
