,task,distance
0,[0],0.0
1,[1],1430.6498255281
2,[2],1600.0943358977
