,customer,weight,round,length
0,"[13, 12, 50, 51, 94, 93, 81, 141, 15, 111, 1]","[3, 1, 1, 2, 1, 1, 1, 2, 1, 1, 1]",0,3505.191145788
1,"[108, 107, 62, 55, 82, 49, 89, 105, 17, 137, 11]","[1, 1, 1, 1, 1, 3, 2, 2, 1, 1, 1]",0,4678.857160478001
2,"[123, 37, 64, 101, 96, 84, 9, 77]","[1, 1, 1, 1, 1, 1, 1, 2]",1,34183.963847019
3,"[35, 54, 52, 122, 102]","[1, 1, 1, 5, 1]",1,4632.76223769
