,task,distance
0,"[0, 2]",40399.739454327006
1,"[1, 3]",12067.004768287
