,task,distance
0,"[0, 2]",37689.154992806994
1,"[1, 3]",9311.619398168
