,task,distance
0,[0],2552.0395397944003
1,[1],6656.950438526001
2,[2],0.0
3,[3],0.0
4,[4],3618.4870483957
