,customer,weight,round,length
0,"[62, 33, 86, 55, 88, 66, 84, 60]","[1, 1, 1, 3, 2, 2, 1, 2]",0,3463.5238065006
1,"[39, 23, 71, 89, 22, 94, 31, 80, 81]","[2, 1, 1, 1, 2, 1, 1, 1, 2]",0,3345.483828607
