,task,distance
0,[0],1633.7062545560998
1,[1],3521.9456716453
