,task,distance
0,"[0, 3]",1475.7058338665997
1,"[1, 2]",9923.2689653552
