,customer,weight,round,length
0,[],[],0,0.0
1,"[89, 86, 51, 2, 92, 144, 14]","[1, 1, 4, 1, 3, 2, 3]",0,4798.2369874099995
2,[],[],0,0.0
3,[],[],0,0.0
4,"[38, 137, 41, 10, 30, 67, 57]","[5, 1, 1, 1, 1, 4, 1]",0,4661.526288973
