,customer,weight,round,length
0,[],[],0,0.0
1,[],[],0,0.0
2,"[29, 110, 5, 118, 48, 100, 121, 37]","[1, 2, 1, 1, 1, 6, 2, 1]",0,5874.632877805
3,[],[],0,0.0
4,"[78, 19, 85, 126, 127, 47]","[1, 1, 1, 1, 1, 2]",0,2025.700831778
