,customer,weight,round,length
0,"[105, 92, 79, 46, 75, 68, 101, 20, 19, 123, 117, 119]","[3, 1, 1, 1, 1, 1, 1, 1, 1, 1, 2, 1]",0,2724.8200655152004
1,"[65, 118]","[4, 1]",0,538.3132333026999
