,customer,weight,round,length
0,"[88, 109, 110]","[1, 6, 1]",0,343.1712173844
1,"[112, 30, 125, 102, 78, 90, 38, 84, 136, 81, 40]","[1, 1, 1, 1, 1, 1, 1, 1, 3, 1, 1]",0,3463.017714168
