,customer,weight,round,length
0,"[96, 36, 47, 95]","[2, 1, 2, 4]",0,1976.7178279629998
1,"[48, 49, 17, 22, 29, 103, 43, 115, 50, 106]","[4, 1, 1, 1, 1, 1, 1, 1, 1, 1]",0,7303.6358574698
