,customer,weight,round,length
0,"[9, 97, 98, 116, 137, 54]","[1, 1, 1, 1, 2, 4]",0,1563.8587068976
1,"[10, 16, 85, 124, 126, 77, 127, 87]","[1, 1, 1, 1, 1, 1, 1, 1]",0,4463.763407289401
