,task,distance
0,[0],1976.717827963
1,[1],7303.6358574698
