,task,distance
0,[0],343.1712173844
1,[1],3463.017714168
