,customer,weight,round,length
0,[29],[12],0,2391.36034608
1,[],[],0,0.0
2,"[81, 71, 0, 57, 109, 107, 73, 39, 69, 17, 9, 111, 86]","[1, 1, 1, 2, 1, 1, 2, 1, 1, 1, 1, 1, 1]",0,6793.869554868
3,"[29, 125, 52]","[9, 3, 1]",0,2874.105277388
