,task,distance
0,[0],0.0
1,[1],90.2681432194
2,[2],2774.5143052739995
3,[3],4983.2260897767
