,task,distance
0,[0],1737.96415173
1,[1],2049.856643989
2,[2],2393.633609699
3,[3],2517.59958582
