,task,distance
0,[0],5137.77517406
1,[1],7646.248654398999
2,[2],7050.679186088
3,[3],0.0
