,task,distance
0,[0],1892.318558966
1,[1],2043.8470102238
