,task,distance
0,[0],3297.275614619
1,[1],6720.647891813999
