,task,distance
0,[0],0.0
1,[1],968.0781796287
2,[2],0.0
3,[3],2892.0956412480004
