,customer,weight,round,length
0,"[6, 30, 34, 33, 31, 72, 61, 60, 68]","[1, 1, 2, 2, 3, 2, 1, 1, 1]",0,2017.2794498766002
1,"[10, 11, 29, 26, 25, 24, 18, 23, 22, 75, 12, 65, 66, 67]","[1, 1, 1, 2, 1, 1, 1, 1, 1, 1, 1, 1, 1, 1]",0,2829.4501634889
2,[70],[2],0,243.47033129
3,[],[],0,0.0
