,customer,weight,round,length
0,"[8, 7, 47, 43]","[7, 1, 1, 1]",0,2000002139.1421347
1,"[71, 13, 14, 15, 16, 5, 35, 59]","[2, 1, 1, 1, 1, 3, 1, 5]",0,2000001277.945903
2,"[76, 20, 58, 0, 3, 74]","[1, 3, 1, 4, 1, 1]",0,2000001338.98558
3,"[56, 55, 54, 41, 42, 39]","[4, 4, 1, 1, 3, 2]",0,2000000911.591154
