,customer,weight,round,length
0,"[1, 45, 4, 79, 46, 95, 94, 3, 91, 2, 7]","[2, 2, 1, 2, 1, 1, 1, 1, 2, 1, 1]",0,2043.3281527414003
1,"[93, 0, 11, 77, 89]","[1, 1, 1, 1, 2]",1,4807.40136296
