,customer,weight,round,length
0,[],[],0,0.0
1,"[25, 26, 9, 24]","[4, 9, 1, 1]",0,3365.9573922324
2,[26],[10],0,98.7567346056
