,customer,weight,round,length
0,"[1, 6, 7]","[1, 3, 3]",0,659.099556133
1,[10],[13],0,136.0090647204
2,[],[],0,0.0
