,task,distance
0,[0],1061.6371016601
1,[1],174.6927486798
2,[2],0.0
