,task,distance
0,[0],2941.3327834198
1,[1],4161.4932878969
2,[2],1122.3722383331
3,[3],4593.3408239904
4,[4],3144.4015089939994
