,customer,weight,round,length
0,"[10, 4, 7, 14, 1, 22, 23, 2, 11, 19]","[1, 2, 1, 1, 1, 4, 1, 1, 1, 1]",0,7240.22495679
1,"[17, 28, 26, 27, 24, 6]","[1, 1, 5, 1, 6, 1]",0,7987.081341751
2,"[20, 5, 12, 16, 15, 8, 18, 25, 0, 13, 3, 9, 21, 29]","[1, 1, 1, 1, 1, 1, 1, 1, 1, 1, 1, 1, 1, 1]",0,2294.48304882
