,task,distance
0,[0],36502.653831608
1,[1],9070.567496132002
2,[2],5685.930716224
