,customer,weight,round,length
0,"[3, 28, 29]","[3, 1, 3]",0,367.788616635
1,"[35, 1, 9, 33, 19, 7, 15, 31, 21]","[1, 1, 1, 1, 2, 2, 2, 1, 1]",0,1812.303192193
2,"[11, 23, 8, 41, 13, 40, 17, 4, 10, 39, 12, 36]","[1, 2, 1, 1, 2, 1, 1, 2, 1, 1, 1, 1]",0,1083.321745665
3,"[26, 37, 38, 30, 34, 32, 22, 16]","[1, 6, 1, 3, 1, 1, 1, 1]",0,1278.3026806466999
4,"[2, 27, 0, 24, 6, 5, 18, 14, 25, 42, 20]","[1, 1, 1, 1, 1, 1, 1, 2, 1, 1, 4]",0,833.934151841
