,customer,weight,round,length
0,"[26, 66, 54, 62, 64, 21, 96, 23, 63, 38, 40]","[1, 1, 1, 3, 2, 1, 1, 1, 1, 1, 2]",0,3505.7925017986995
1,"[35, 87, 34, 4, 14, 13, 51, 71, 72]","[1, 2, 2, 1, 4, 2, 1, 1, 1]",0,3013.7079533710003
2,"[37, 39, 42, 48, 41, 43, 47, 60, 46, 44, 49]","[1, 1, 1, 1, 1, 2, 1, 2, 1, 2, 2]",0,1664.7751506997001
3,"[76, 74, 52, 3, 1, 79, 5]","[1, 1, 1, 2, 1, 2, 1]",1,3679.6865887729996
4,"[29, 91, 11, 92, 90, 89, 83, 67]","[1, 1, 1, 1, 1, 1, 4, 3]",1,5198.9945092886
5,"[22, 31, 50, 81, 0, 9, 19, 8, 16]","[1, 1, 1, 1, 1, 1, 1, 1, 1]",1,8471.1019956124
