,task,distance
0,[0],1831.2741775555
1,[1],2000006149.6249008
2,[2],3411.9814192092995
