,task,distance
0,[0],2921.463740473
1,[1],0.0
2,[2],0.0
3,[3],3727.241539853
