,customer,weight,round,length
0,"[4, 110, 101, 100, 99, 98, 31, 67, 77, 50, 35]","[1, 1, 1, 1, 1, 4, 1, 1, 1, 1, 2]",0,4699.870411704
1,"[103, 55, 47, 12]","[2, 2, 1, 1]",0,2004.2473663077
2,[],[],0,0.0
