,task,distance
0,"[0, 6]",6953.193467828
1,"[1, 5]",7868.684850435
2,"[2, 7]",4179.7219708137
3,"[3, 4]",5760.010728788999
