,customer,weight,round,length
0,[],[],0,0.0
1,"[16, 60, 13, 82, 18, 50]","[1, 1, 1, 2, 1, 1]",0,1968.0996246456002
2,[81],[1],0,61.539368473
