,task,distance
0,[0],0.0
1,[1],1968.0996246456
2,[2],61.539368473
