,task,distance
0,[0],772.731274536
1,[1],0.0
2,[2],1788.027726844
