,customer,weight,round,length
0,"[97, 184, 110, 109, 189, 1, 111, 96]","[2, 3, 2, 3, 1, 1, 2, 1]",0,3873.9619393380003
1,"[188, 163, 53, 177, 152, 28]","[1, 9, 1, 1, 2, 1]",1,5010.3323638446
2,"[4, 9]","[1, 1]",2,4454.821338964
