,customer,weight,round,length
0,"[182, 181, 132, 113, 21, 103, 101, 95, 98]","[1, 1, 1, 2, 1, 4, 2, 1, 2]",0,3696.4284790792
1,"[106, 156, 59, 145, 199, 126, 13, 201]","[4, 2, 1, 1, 1, 2, 1, 1]",1,5298.847809554
