,customer,weight,round,length
0,"[23, 31, 30, 25]","[8, 1, 2, 4]",0,1772.2483851719999
1,"[74, 73, 75, 4]","[1, 1, 9, 4]",0,1221.5014653027001
2,"[87, 45, 26, 56, 84, 88]","[2, 1, 3, 3, 1, 1]",1,2862.106953818
3,"[52, 41, 90, 91, 44, 48, 38]","[3, 1, 1, 2, 1, 1, 1]",1,4563.7858018796
