,task,distance
0,[0],1746.0170773781
1,[1],2753.2330328012
