,customer,weight,round,length
0,"[17, 18, 69, 70, 79, 84, 56, 4, 54, 87]","[2, 1, 5, 1, 1, 1, 1, 1, 1, 1]",0,2419.572081159
1,"[93, 38, 45, 46, 91]","[4, 8, 1, 1, 1]",0,2009.7609406
2,"[48, 15, 11, 71, 35, 26, 83, 49, 90, 58, 57, 39, 27, 93]","[1, 1, 1, 1, 1, 1, 1, 1, 1, 1, 1, 2, 1, 1]",1,5586.1026567379995
3,"[24, 41, 76]","[9, 3, 3]",1,2280.234541462
4,[],[],2,0.0
5,"[49, 50, 40, 23]","[3, 1, 1, 1]",2,3019.149469537
