,customer,weight,round,length
0,"[48, 18, 15, 26, 23, 40, 50, 83, 49, 79, 84, 91]","[1, 1, 1, 1, 1, 1, 1, 1, 4, 1, 1, 1]",0,3642.137511545
1,"[69, 70, 11, 71, 35, 90, 58, 57, 56, 4, 54]","[5, 1, 1, 1, 1, 1, 1, 1, 1, 1, 1]",0,2377.835806258
2,"[17, 93, 27, 24, 41, 45]","[2, 5, 1, 3, 3, 1]",1,3588.0839678280004
3,"[87, 39, 76, 38, 46]","[1, 2, 3, 8, 1]",1,1513.2459995565002
4,[],[],2,0.0
5,[24],[6],2,1831.088776662
