,task,distance
0,"[0, 3, 4]",3786.799994835
1,"[1, 2, 5]",2959.654611856
