,task,distance
0,[0],1467.870572464
1,[1],1239.0997875458002
2,[2],1986.635366719
