,task,distance
0,[0],0.0
1,[1],2435.2755962640003
2,[2],1249.61570411
3,[3],0.0
