,task,distance
0,[0],165.6947843126
1,[1],1939.517691162
2,[2],0.0
3,[3],0.0
