,customer,weight,round,length
0,"[87, 89, 24, 69, 68, 18, 67]","[1, 1, 2, 1, 1, 1, 1]",0,2299.3365880019996
1,"[45, 103, 15, 108, 106, 58, 73, 26, 114, 99]","[1, 2, 1, 1, 1, 1, 2, 3, 1, 2]",0,5011.1255534540005
2,"[100, 43, 29, 96, 66, 60]","[1, 3, 1, 2, 1, 5]",0,2703.026026146
3,"[63, 71, 35]","[1, 1, 13]",0,3366.965541358
