,customer,weight,round,length
0,"[77, 45, 117, 189, 111, 44, 116, 162, 167, 21, 80, 102, 81]","[1, 1, 1, 1, 1, 3, 1, 1, 1, 1, 1, 1, 1]",0,3035.2651244736003
1,"[165, 166, 128, 130, 129, 204, 163, 177, 48, 160, 51, 52, 50, 164]","[1, 1, 1, 1, 1, 1, 1, 1, 1, 1, 1, 2, 1, 1]",0,2222.2421384404997
2,"[42, 41, 145, 40, 34, 33, 97, 98, 31, 7, 9, 190, 187, 148]","[1, 1, 1, 1, 1, 1, 1, 2, 1, 1, 1, 1, 1, 1]",1,4920.209576126799
3,"[44, 74, 75, 113, 49, 37, 23, 173, 153, 154, 175, 139, 138, 141]","[1, 1, 1, 1, 1, 1, 1, 1, 1, 1, 1, 1, 1, 2]",1,6112.4643654088
4,"[61, 99, 57, 58, 182, 183, 59, 1, 157, 174]","[2, 1, 1, 3, 2, 1, 1, 2, 1, 1]",2,7273.5929093059
5,"[6, 195, 196, 43, 94, 147, 146, 84, 131, 132, 79, 149, 63, 66, 82]","[1, 1, 1, 1, 1, 1, 1, 1, 1, 1, 1, 1, 1, 1, 1]",2,7843.053995646699
6,"[179, 62, 60, 180]","[2, 5, 2, 1]",3,5375.126138513
7,"[120, 123, 122, 55, 192, 10, 110, 194, 87, 85, 200, 108, 185, 184]","[1, 1, 1, 1, 1, 1, 1, 1, 1, 1, 1, 1, 1, 1]",3,11257.456228452
