,task,distance
0,"[0, 2, 5, 6]",21173.6548347601
1,"[1, 3, 4, 7]",26865.7556416072
