,task,distance
0,"[0, 2, 5, 7]",11627.201398075
1,"[1, 3, 4, 6]",13632.054530614001
