,customer,weight,round,length
0,"[28, 33, 4]","[1, 1, 12]",0,12876.366776363999
1,[],[],0,0.0
2,[],[],0,0.0
3,[4],[14],0,559.444364168
