,customer,weight,round,length
0,"[50, 34, 43, 0]","[6, 1, 4, 4]",0,853.019030374
1,"[37, 38, 4, 47, 42, 49]","[4, 4, 1, 2, 2, 2]",0,3940.25623438
2,"[2, 35, 25, 7, 44, 8, 23, 26]","[7, 1, 1, 1, 2, 1, 1, 1]",0,1697.0220699719998
3,"[27, 18, 3]","[12, 2, 1]",0,1649.058016764
4,"[6, 15, 39, 40]","[5, 2, 1, 2]",1,1198.372299133
5,"[46, 22, 48, 14, 17, 31, 29, 32, 20]","[1, 1, 1, 2, 1, 1, 1, 1, 2]",1,2240.79049882
6,"[12, 30, 45, 33, 10, 5, 16, 19, 11, 18]","[1, 1, 1, 1, 1, 1, 1, 1, 1, 6]",1,1799.2124258879999
7,"[36, 9, 28, 24, 21, 13, 41, 1]","[1, 6, 2, 1, 2, 1, 1, 1]",1,1791.642909397
