,task,distance
0,"[0, 6]",9425.090136537001
1,"[1, 5]",5709.9206690129995
2,"[2, 7]",6709.392494717999
3,"[3, 4]",6962.1370969498
