,customer,weight,round,length
0,"[24, 72, 69, 50, 19, 81]","[3, 1, 4, 2, 2, 3]",0,2095.892972829
1,"[57, 29, 103, 69, 36, 37, 38]","[2, 1, 2, 6, 2, 1, 1]",1,2461.3726931536
2,"[67, 84, 83, 43, 35, 51, 39, 104, 20, 11]","[1, 2, 2, 2, 1, 1, 1, 1, 2, 2]",2,4565.925817646
3,"[41, 43, 42, 66, 90, 78, 79, 45, 99, 0, 55, 95, 93]","[1, 1, 1, 1, 1, 1, 1, 2, 1, 1, 2, 1, 1]",3,6174.6376461192
4,"[10, 2, 4, 32, 91, 92, 102, 13, 45]","[1, 2, 1, 1, 2, 2, 1, 1, 4]",4,6790.7359229270005
5,"[31, 34, 12, 5]","[1, 1, 1, 1]",5,5325.569287216
