,customer,weight,round,length
0,"[61, 125, 126, 131, 108]","[1, 9, 1, 3, 1]",0,12727.435723755001
1,"[70, 69, 74, 111, 80, 99, 32, 102, 89, 8]","[1, 1, 1, 1, 1, 1, 2, 1, 2, 4]",0,8255.6649417815
2,"[6, 7, 121]","[1, 1, 1]",1,8621.197401719
3,[],[],1,0.0
