,customer,weight,round,length
0,"[109, 65, 64, 10, 47, 88, 68, 39, 111, 24, 51, 34, 50]","[1, 2, 1, 1, 1, 2, 1, 1, 1, 1, 1, 1, 1]",0,6203.7540541947
1,"[79, 38]","[1, 1]",1,955.80339852
