,customer,weight,round,length
0,"[83, 116, 86, 85, 84, 93, 94, 115, 112, 96, 92, 51, 133, 114]","[1, 1, 1, 1, 1, 1, 1, 1, 1, 1, 2, 1, 1, 1]",0,2808.3800027831003
1,"[104, 59, 130, 131, 63, 45, 71, 132, 61, 91]","[2, 2, 1, 1, 1, 1, 2, 1, 2, 2]",0,3253.151096876
2,"[58, 100, 101, 69, 26, 64, 36, 21, 41, 118, 120, 117]","[1, 1, 1, 1, 1, 2, 2, 1, 1, 1, 2, 1]",0,3476.251704026
3,"[54, 14, 5, 111]","[3, 2, 7, 2]",1,2976.0598202000006
4,"[72, 102, 35, 90, 89, 103, 107, 108]","[5, 2, 1, 1, 1, 1, 1, 2]",1,4732.777788898
5,"[8, 97, 79, 39, 38, 135, 105, 31, 66, 77, 126, 78]","[1, 1, 1, 1, 1, 2, 1, 1, 1, 1, 1, 1]",1,6816.042806994999
