,customer,weight,round,length
0,"[104, 45, 97, 79, 8, 92, 96, 94, 84, 85, 86, 116, 83]","[2, 1, 1, 1, 1, 2, 1, 1, 1, 1, 1, 1, 1]",0,5164.0597121951005
1,"[117, 120, 21, 41, 111, 5, 93]","[1, 2, 1, 1, 2, 7, 1]",0,2493.4157562989994
2,"[114, 133, 51, 39, 38, 78, 126, 77, 66, 31, 105, 135, 112, 115]","[1, 1, 1, 1, 1, 1, 1, 1, 1, 1, 1, 2, 1, 1]",0,4607.084263696
3,"[58, 100, 72, 101, 69, 26, 64, 36]","[1, 1, 5, 1, 1, 1, 2, 2]",1,3435.1655850960005
4,"[91, 61, 71, 132, 63, 131, 130, 59]","[2, 2, 2, 1, 1, 1, 1, 2]",1,2853.590391386
5,"[14, 54, 108, 107, 103, 89, 102, 35, 90, 118]","[2, 3, 2, 1, 1, 1, 2, 1, 1, 1]",1,4792.978971885999
