,task,distance
0,[0],2001.494294017
1,[1],1497.59254802
2,[2],1793.495236546
3,[3],248.148018988
