,customer,weight,round,length
0,"[4, 0, 5, 1]","[7, 3, 4, 1]",0,1723.2819229529998
1,[4],[15],1,553.220150506
2,"[4, 2]","[3, 2]",2,10422.177269753
