,customer,weight,round,length
0,"[53, 87, 117, 116, 125, 52, 20, 81, 8, 66, 88]","[1, 2, 2, 1, 2, 1, 1, 1, 2, 1, 1]",0,2984.2006210530003
1,"[125, 58, 47, 71, 77, 39, 69, 38, 64, 19, 28]","[1, 4, 1, 1, 1, 1, 1, 1, 1, 1, 2]",1,3255.383509044499
2,"[92, 83, 3, 24, 33, 73, 68, 89, 67, 17, 27, 61, 91]","[1, 1, 1, 3, 1, 1, 1, 1, 1, 1, 1, 1, 1]",2,5611.042046805999
3,"[29, 97, 114, 84, 59, 124, 73, 112, 86, 26]","[1, 1, 2, 2, 2, 2, 1, 2, 1, 1]",3,7384.684196529001
4,[29],[15],4,1865.1222891
5,"[60, 111, 16, 108, 12, 13, 34, 98, 30, 0, 29]","[2, 1, 1, 3, 1, 1, 1, 1, 1, 1, 2]",5,7590.6241633829995
6,"[25, 103, 9, 14, 15, 107, 109, 93, 57]","[1, 1, 1, 1, 1, 1, 1, 1, 2]",6,6600.962653191
