,customer,weight,round,length
0,"[72, 91, 49, 62, 42, 45, 41, 92]","[4, 2, 2, 1, 2, 1, 1, 2]",0,3813.1122628482
1,"[73, 33, 6, 48, 28, 25, 56, 55, 54]","[1, 1, 3, 2, 2, 2, 1, 2, 1]",0,4192.0159112971
2,[],[],1,0.0
3,[51],[1],1,1773.885306554
