,customer,weight,round,length
0,"[20, 21, 22, 8, 57, 27]","[2, 1, 2, 1, 1, 3]",0,1733.0819387119
1,"[19, 81, 80, 79, 74, 15, 75, 40, 61, 38, 43, 18]","[1, 1, 1, 1, 2, 1, 2, 1, 1, 1, 2, 1]",0,3845.5114482478
