,customer,weight,round,length
0,"[81, 3, 122, 26, 20, 18, 219, 64, 56, 184]","[1, 1, 1, 1, 1, 1, 1, 1, 1, 6]",0,8754.677068893601
1,"[124, 198, 137, 75]","[1, 1, 1, 1]",1,7440.630473178001
