,task,distance
0,[0],2354.351552117
1,[1],8808.306946099001
