,customer,weight,round,length
0,"[98, 36, 35, 83, 34, 140, 123, 22]","[1, 1, 3, 4, 3, 1, 1, 1]",0,2547.7176697876002
1,"[89, 45, 96, 146, 23, 94, 41, 43, 42]","[1, 2, 1, 1, 1, 2, 1, 1, 1]",0,2532.855152243
2,[],[],0,0.0
