,customer,weight,round,length
0,"[28, 20, 30, 23, 31, 49, 22, 29, 24, 25, 19, 36]","[1, 1, 1, 1, 2, 2, 1, 1, 1, 1, 1, 2]",0,977.5507916046
1,"[27, 26, 18, 9, 21, 37, 43, 23, 35]","[2, 2, 2, 2, 1, 3, 1, 1, 1]",1,929.9819817399999
2,"[38, 9, 12, 40, 33, 3, 15, 14, 54, 42, 39, 8]","[1, 2, 1, 1, 1, 1, 1, 1, 1, 1, 2, 2]",2,1820.305761926
3,"[44, 4, 45, 52, 2, 10, 48, 1, 16, 13, 41]","[1, 1, 1, 1, 2, 1, 2, 1, 1, 1, 3]",3,687.391876587
4,"[48, 17, 53, 7, 0, 50, 51, 46, 34, 6, 11, 47, 5]","[2, 1, 1, 1, 1, 1, 1, 2, 1, 1, 1, 1, 1]",4,1238.5163026129999
5,[32],[1],5,1924.244539028
