,customer,weight,round,length
0,"[50, 5, 29, 52, 43, 39, 38, 27, 17]","[1, 1, 3, 3, 1, 3, 1, 1, 1]",0,2000004031.8988183
1,"[25, 9]","[14, 1]",0,2000001432.5034347
2,[1],[1],0,55.368645427
