,customer,weight,round,length
0,[0],[10],0,30.4994597002
1,[],[],0,0.0
2,"[14, 55, 43, 13, 21, 4]","[1, 1, 1, 2, 1, 1]",0,5235.4233666862
3,[0],[15],0,30.4994597002
