,task,distance
0,[0],0.0
1,[1],7918.54515866
2,[2],0.0
3,[3],226.009948064
