,task,distance
0,[0],30.4994597002
1,[1],0.0
2,[2],5235.4233666862
3,[3],30.4994597002
