,customer,weight,round,length
0,[],[],0,0.0
1,"[215, 206, 29, 30, 210, 19, 219, 94, 93]","[4, 1, 1, 2, 2, 1, 1, 2, 1]",0,5249.14976281
2,"[242, 23, 181, 152, 202, 10, 63, 109, 197]","[1, 1, 3, 1, 1, 1, 1, 1, 1]",0,6607.221016910999
3,[],[],0,0.0
4,"[58, 88, 216, 217, 233, 218, 122, 24, 138, 159]","[1, 2, 2, 1, 1, 2, 1, 2, 2, 1]",0,7790.254836355
