,customer,weight,round,length
0,"[28, 144, 117, 130, 131, 169, 189]","[2, 3, 1, 1, 1, 1, 1]",0,4906.9575886679995
1,"[65, 38, 222, 11, 248, 250, 86, 246, 97, 165, 155]","[1, 2, 1, 1, 1, 1, 1, 1, 1, 1, 1]",0,6910.670368796001
2,[],[],0,0.0
3,[],[],0,0.0
4,"[6, 230, 213, 140, 239, 185, 4, 161, 91]","[1, 1, 1, 2, 3, 3, 1, 1, 2]",0,8634.981056153
