,task,distance
0,[0],2473.0948940935
1,[1],0.0
2,[2],0.0
3,[3],9139.549116934
4,[4],5731.767303324
