,customer,weight,round,length
0,"[63, 82, 10, 166, 74, 8, 7, 57, 170]","[1, 1, 1, 1, 1, 1, 1, 2, 1]",0,2192.7023192350002
1,[],[],0,0.0
2,"[80, 173, 120, 175, 36, 73, 50, 71, 79, 78, 112]","[1, 1, 1, 1, 2, 2, 2, 1, 1, 1, 2]",0,4207.313539177
