,task,distance
0,"[0, 4, 8]",5667.476472638
1,"[1, 3, 6]",4280.0601894663005
2,"[2, 5, 7]",2473.3863370477
