,task,distance
0,[0],3625.923323118
1,[1],1834.015746555
2,[2],1874.8460293338
