,customer,weight,round,length
0,"[58, 87, 15, 116, 55, 121, 112, 11, 83, 52]","[2, 2, 1, 1, 1, 1, 1, 2, 1, 1]",0,8573.347170385
1,"[6, 125, 31, 23]","[1, 1, 1, 2]",0,4623.7386743160005
