,task,distance
0,[0],11190.76752439
1,[1],5217.091515439
