,customer,weight,round,length
0,"[85, 78, 26, 21, 29, 40, 87, 75, 63]","[4, 3, 1, 1, 1, 1, 1, 1, 2]",0,5748.334770901999
1,"[73, 31, 81, 65, 93]","[3, 6, 1, 2, 1]",1,2571.1486517679996
