,customer,weight,round,length
0,"[86, 88, 46, 52, 62, 97, 25, 38]","[2, 1, 1, 1, 1, 3, 4, 2]",0,3233.5756083969995
1,"[85, 96, 83, 61, 60, 48]","[3, 7, 1, 1, 1, 1]",1,4797.082731119
