,customer,weight,round,length
0,"[136, 135, 134, 245, 225, 84, 214, 206, 251, 144, 143, 81, 148]","[1, 1, 1, 1, 1, 1, 1, 1, 1, 2, 2, 1, 1]",0,5729.935091841001
1,"[151, 265, 220, 219, 177, 154, 263, 150]","[1, 1, 1, 1, 1, 1, 1, 1]",0,2066.063239261
2,[],[],0,0.0
