,customer,weight,round,length
0,"[182, 128, 199, 103, 110, 111, 112, 158]","[1, 1, 1, 1, 1, 1, 1, 1]",0,2256.9062031732997
1,"[231, 105, 262, 137, 207, 237, 243, 203, 67, 72, 71, 174, 200]","[1, 2, 1, 1, 1, 2, 1, 1, 1, 1, 1, 1, 1]",0,5618.007680716001
2,[],[],0,0.0
