,task,distance
0,[0],7172.706732055
1,[1],311.5638942545
2,[2],1637.1538610280002
