,task,distance
0,[0],4274.083440163
1,[1],6395.997391252
2,[2],0.0
