,task,distance
0,[0],4705.149510701
1,[1],304.969366398
2,[2],0.0
3,[3],0.0
