,customer,weight,round,length
0,"[6, 62, 34, 43, 27, 28, 26, 48, 1, 2]","[1, 2, 1, 3, 1, 1, 1, 1, 1, 1]",0,3035.2956165033
1,"[33, 37, 64, 16, 72, 15, 50, 78, 31, 32, 73]","[2, 1, 1, 1, 1, 2, 1, 3, 1, 1, 1]",0,2480.6497299519997
2,[],[],0,0.0
3,"[21, 23, 68, 71, 24, 40, 11, 61, 38, 58, 65]","[2, 1, 1, 1, 2, 1, 1, 1, 1, 1, 3]",0,3449.6285898879996
4,[],[],0,0.0
