,customer,weight,round,length
0,[],[],0,0.0
1,"[33, 37, 64, 16, 72, 15, 50, 78, 31, 32, 73]","[2, 1, 1, 1, 1, 2, 1, 3, 1, 1, 1]",0,2480.6497299519997
2,"[2, 1, 48, 26, 28, 27, 43, 34, 62, 6]","[1, 1, 1, 1, 1, 1, 3, 1, 2, 1]",0,3035.2956165033
3,[],[],0,0.0
4,"[21, 23, 68, 24, 71, 40, 11, 61, 38, 58, 65]","[2, 1, 1, 2, 1, 1, 1, 1, 1, 1, 3]",0,3449.6285898879996
