,customer,weight,round,length
0,"[111, 70, 103, 180, 185, 95, 143]","[2, 4, 4, 2, 1, 1, 1]",0,4290.230797851
1,"[99, 98, 141, 142, 75, 110]","[4, 2, 1, 4, 2, 2]",1,3911.114479389
2,"[167, 159, 188, 106, 181, 182, 108, 189, 171, 23]","[1, 1, 1, 2, 1, 1, 3, 1, 3, 1]",2,4355.4356097380005
3,"[116, 157, 156, 30, 187, 53, 177, 13, 29, 16, 152]","[1, 2, 2, 1, 1, 1, 1, 1, 1, 2, 2]",3,4837.9494926446005
4,"[175, 7, 199, 198, 126, 4, 202]","[2, 1, 1, 1, 3, 1, 1]",4,3335.7768954561
