,customer,weight,round,length
0,"[0, 30, 22, 12, 2, 24, 1, 16, 3, 10, 25, 9]","[2, 1, 1, 1, 1, 2, 1, 1, 1, 1, 1, 2]",0,959.778621962
1,"[20, 23, 11, 5, 14, 26, 28, 7]","[1, 8, 1, 1, 1, 1, 1, 1]",0,1013.269012419
2,"[29, 13, 4, 17]","[2, 1, 6, 6]",0,2447.0689693
3,"[6, 15, 8, 21, 19, 18, 27]","[1, 1, 1, 1, 1, 5, 5]",0,1686.25854191
