,task,distance
0,[0],2500.290899686
1,[1],3232.047336164
2,[2],3003.585071165
3,[3],5535.528185630999
