,task,distance
0,[0],1430.393569741
1,[1],3237.961507293
2,[2],2317.9011335273003
3,[3],0.0
