,customer,weight,round,length
0,"[51, 56, 20]","[2, 3, 7]",0,3985.3034885650004
1,"[161, 110, 14, 150, 84, 87, 28, 176, 182, 143, 147, 94, 122, 96, 93]","[1, 1, 1, 1, 1, 1, 1, 1, 1, 1, 1, 1, 1, 1, 1]",0,10622.769198736001
2,[20],[13],0,323.110467672
3,[],[],0,0.0
