,task,distance
0,[0],3340.4351983083
1,[1],2533.4978199219
2,[2],0.0
3,[3],0.0
