,customer,weight,round,length
0,"[46, 41, 81, 92, 145, 80, 29, 78, 116, 117]","[1, 1, 1, 1, 1, 4, 1, 1, 2, 2]",0,3009.8088404397
1,"[122, 96, 121, 66, 103, 114, 67, 68, 113, 124, 112, 95, 156, 164, 163]","[1, 1, 1, 1, 1, 1, 1, 1, 1, 1, 1, 1, 1, 1, 1]",0,2986.5817871953
2,"[175, 47, 74, 90, 102, 71, 158, 125, 182, 28, 180]","[2, 1, 1, 1, 2, 1, 1, 1, 1, 2, 2]",0,4078.48910101
3,"[152, 99, 184]","[1, 1, 1]",1,3632.323449605
4,[],[],1,0.0
5,[],[],1,0.0
