,customer,weight,round,length
0,"[122, 121, 114, 124, 112, 81, 90, 145, 152, 99, 184, 101, 102]","[1, 1, 1, 1, 1, 1, 1, 1, 1, 1, 1, 2, 2]",0,6109.952961135001
1,"[60, 63, 86, 138, 38, 48, 21, 43, 98, 37, 120, 65, 125]","[1, 1, 2, 1, 1, 1, 1, 2, 1, 1, 1, 1, 1]",0,6545.777871315
2,[],[],0,0.0
