,task,distance
0,[0],5931.602821774
1,[1],3714.611759594999
2,[2],2966.716268288
