,task,distance
0,[0],1453.2133990287002
1,[1],0.0
2,[2],12028.274129915
3,[3],0.0
