,task,distance
0,[0],0.0
1,[1],2000005339.1478016
2,[2],2000005256.605803
3,[3],0.0
