,customer,weight,round,length
0,"[57, 28, 25]","[1, 2, 2]",0,2077.327950586
1,[53],[2],0,295.078669178
2,[36],[1],0,116.453010086
