,task,distance
0,"[0, 5]",8234.1976099269
1,"[1, 4]",3421.1215971585
2,"[2, 3]",4197.0364133190005
