,task,distance
0,"[0, 5]",4580.132179301
1,"[1, 4]",4770.7538887360015
2,"[2, 3]",5845.2357431735
