,task,distance
0,"[0, 3]",5033.932879835301
1,"[1, 2]",3021.8423597723995
