,task,distance
0,[0],2636.631409807
1,[1],1958.9763892301
2,[2],0.0
3,[3],1402.5291911047
