,task,distance
0,[0],1399.5046312471
1,[1],0.0
2,[2],996.40642338
3,[3],0.0
