,customer,weight,round,length
0,"[62, 76, 22]","[13, 1, 1]",0,5189.101410466
1,"[85, 50]","[14, 1]",0,4431.226505799999
2,"[39, 37, 43, 87, 70, 23, 38]","[1, 1, 1, 1, 1, 1, 1]",0,2322.3440820363003
3,"[19, 18, 80, 64, 44, 9, 17, 14]","[2, 1, 2, 1, 1, 2, 1, 5]",0,6898.468392677999
