,task,distance
0,[0],332.616067036
1,[1],1459.5173335737
2,[2],0.0
3,[3],2450.4256318319995
