,task,distance
0,[0],440.493880898
1,[1],11533.880542171
2,[2],0.0
3,[3],0.0
4,[4],210.729243718
