,task,distance
0,[0],3110.796899157
1,[1],661.376655368
2,[2],10498.190419583698
3,[3],0.0
4,[4],0.0
