,customer,weight,round,length
0,[1],[15],0,207.79886865
1,"[1, 0]","[12, 3]",1,1551.915259315
2,[0],[15],2,2896.03164998
