,customer,weight,round,length
0,"[97, 132, 100, 102, 35, 64, 36, 104, 115]","[1, 1, 1, 2, 1, 2, 2, 2, 1]",0,7324.408079548999
1,[],[],0,0.0
2,"[112, 14, 5, 111, 77, 135]","[1, 2, 7, 2, 1, 2]",0,5040.290098887001
