,task,distance
0,[0],7324.408079548999
1,[1],0.0
2,[2],5040.290098887001
