,customer,weight,round,length
0,"[2, 1, 0]","[1, 7, 7]",0,3436.052139377
1,"[4, 5]","[11, 4]",0,111.7305472394
2,[],[],1,0.0
3,[5],[7],1,81.1567075492
