,task,distance
0,"[0, 2]",3436.052139377
1,"[1, 3]",192.8872547886
