,task,distance
0,[0],0.0
1,[1],1872.284976416
2,[2],3276.47768533
