,customer,weight,round,length
0,"[113, 115, 61, 19, 35]","[11, 1, 1, 1, 1]",0,2946.6981072840003
1,"[67, 95, 24, 65, 94, 37, 106, 77]","[1, 2, 1, 6, 1, 2, 1, 1]",1,4241.291820294
2,"[117, 73, 108, 96, 98, 99, 62, 119, 48, 49, 50]","[1, 1, 1, 2, 2, 1, 2, 2, 1, 1, 1]",2,3705.1077671282
3,"[93, 5, 124, 123, 28, 26, 11, 10, 3]","[2, 1, 1, 1, 1, 2, 3, 1, 3]",3,4917.3840769887
