,task,distance
0,[0],2293.574038485
1,[1],6888.9533898893005
