,customer,weight,round,length
0,"[35, 113, 217, 170, 169, 34]","[3, 5, 1, 3, 1, 1]",0,1418.7214503450998
1,"[23, 214, 166, 168, 55, 57, 165, 164, 151, 22]","[2, 2, 1, 2, 1, 2, 1, 1, 1, 1]",0,1806.6464293401
2,"[306, 102, 241, 240, 239, 286, 97, 98, 95, 162, 238]","[1, 1, 1, 1, 1, 1, 1, 1, 1, 1, 2]",0,1520.4152029737998
3,"[285, 309, 246, 174]","[2, 1, 1, 1]",0,5880.2844704796
4,"[96, 52, 53, 213, 51, 101, 129, 147, 130]","[1, 2, 2, 1, 2, 2, 3, 1, 1]",0,1857.0904489788002
