,customer,weight,round,length
0,"[101, 213, 241, 240, 35, 98, 95, 57, 162, 238]","[2, 1, 1, 1, 3, 1, 1, 2, 1, 2]",0,2443.3456455914
1,"[46, 143, 142, 281, 288, 289, 298, 73]","[1, 1, 1, 1, 2, 2, 1, 1]",0,4629.507355446401
2,"[138, 39, 246, 309, 285, 20, 198, 196, 25]","[1, 1, 1, 1, 2, 2, 5, 1, 1]",0,6587.5276739166
3,"[124, 227, 145, 222, 63, 60, 293, 294, 153, 48, 295, 259, 67]","[1, 1, 2, 1, 1, 1, 2, 1, 1, 1, 1, 1, 1]",0,25624.456547322003
4,[],[],0,0.0
