,customer,weight,round,length
0,[85],[9],0,272.468710798
1,[],[],0,0.0
2,"[55, 15, 44, 33, 52, 60]","[2, 2, 1, 1, 1, 4]",0,1789.645691696
3,[],[],0,0.0
