,task,distance
0,[0],322.775148256
1,[1],956.010512394
2,[2],112.643835689
3,[3],5898.823036200501
