,task,distance
0,[0],2442.1663195280003
1,[1],547.674564766
2,[2],9106.787415594
