,task,distance
0,[0],416.418391156
1,[1],0.0
2,[2],0.0
3,[3],5726.697013396
4,[4],1612.7587157312
