,customer,weight,round,length
0,[7],[15],0,769.016189872
1,[7],[13],0,769.016189872
2,[],[],0,0.0
