,customer,weight,round,length
0,"[14, 120, 20, 136, 24, 12]","[1, 1, 1, 1, 1, 10]",0,3007.7753294189997
1,"[72, 68, 115, 116, 47, 27, 26]","[2, 3, 1, 3, 2, 3, 1]",1,3396.947131461
2,"[112, 75, 130, 93, 92, 106, 35, 61, 103, 117, 118]","[2, 2, 2, 1, 1, 1, 2, 1, 1, 1, 1]",2,6531.312614224
3,"[64, 88, 141, 98]","[1, 1, 1, 1]",3,5094.862187069
