,task,distance
0,"[0, 3, 4, 6, 8]",12265.238240766
1,"[1, 2, 5, 7, 9]",10572.018268757
