,customer,weight,round,length
0,"[21, 30, 29, 17, 1, 26, 28, 31, 18, 0, 36, 2]","[1, 1, 2, 1, 1, 1, 1, 1, 1, 1, 3, 1]",0,1387.2770906810001
1,"[4, 3, 16, 32, 12, 11, 17]","[3, 3, 4, 1, 1, 2, 1]",1,599.333925714
2,"[33, 34, 22, 6, 20, 35, 15, 14, 5, 25]","[2, 2, 1, 2, 1, 1, 1, 1, 2, 2]",2,4372.547965265
3,"[19, 13, 23, 24, 10, 9, 8, 7, 27, 34]","[1, 1, 1, 1, 1, 1, 1, 1, 1, 1]",3,1343.40317654
