,customer,weight,round,length
0,"[106, 0, 92, 91, 66, 84, 89, 54, 93, 50, 3, 6]","[3, 1, 1, 2, 1, 1, 1, 1, 1, 1, 1, 1]",0,3172.0561627772004
1,"[32, 31, 9, 8, 50, 49, 96]","[1, 2, 3, 3, 1, 4, 1]",1,3944.452034644
2,"[80, 105, 103, 102, 10, 11, 64, 48, 47, 70]","[2, 1, 2, 2, 2, 2, 1, 1, 1, 1]",2,5988.07807359
3,"[103, 86, 12, 25, 24, 26, 73, 56, 36, 75]","[1, 1, 1, 1, 1, 1, 1, 1, 1, 1]",3,11174.557024855
