,customer,weight,round,length
0,"[77, 79, 103, 100, 99, 6, 7, 0, 98, 97, 21]","[1, 2, 1, 1, 1, 2, 1, 1, 1, 1, 1]",0,2880.9062876850003
1,"[73, 121, 147, 89, 88, 34, 87, 86, 65, 11, 9]","[2, 2, 1, 1, 1, 2, 1, 1, 1, 1, 1]",0,2741.3543091499996
