,customer,weight,round,length
0,"[148, 45, 60, 59, 77, 9, 65, 86, 88, 93]","[2, 1, 1, 1, 1, 1, 1, 1, 1, 1]",0,6224.232519751
1,"[54, 126, 133, 48, 26, 95, 25, 6, 98, 21, 100]","[1, 1, 1, 1, 1, 1, 2, 2, 1, 1, 1]",0,7476.6826915970005
