,customer,weight,round,length
0,"[93, 119]","[14, 1]",0,4487.721537804
1,"[50, 51, 0, 73, 123, 106, 146, 103, 94, 153, 157]","[1, 1, 1, 2, 2, 1, 1, 1, 2, 2, 1]",0,5945.6570325002
2,[],[],1,0.0
3,"[89, 34, 87, 10, 114, 160, 42, 92, 91]","[1, 2, 1, 1, 1, 1, 1, 1, 1]",1,8528.204045054
