,customer,weight,round,length
0,[59],[15],0,178.8408465032
1,"[59, 51]","[11, 4]",1,827.2733401845999
2,"[51, 15, 25, 28, 57]","[1, 2, 1, 3, 4]",2,3199.787810706
