,customer,weight,round,length
0,"[72, 19, 18, 43]","[7, 3, 1, 2]",0,1281.95903135
1,"[50, 17, 48, 58, 54, 70]","[1, 1, 1, 1, 2, 1]",0,1645.4472702772
2,[44],[15],0,117.4523962402
