,task,distance
0,[0],1297.9818245877
1,[1],1150.7181723968
2,[2],0.0
