,task,distance
0,[0],0.0
1,[1],3073.7987108688
2,[2],459.6391016326001
