,customer,weight,round,length
0,"[31, 32, 21, 74, 73, 78, 8, 7]","[1, 1, 1, 1, 1, 1, 8, 1]",0,1177.9845533588
1,"[25, 72, 17, 28, 36, 35, 27, 38, 48]","[1, 1, 1, 1, 1, 1, 3, 1, 5]",0,5523.875578221
2,[23],[1],0,136.7869711254
3,"[45, 49, 52]","[1, 13, 1]",0,2580.8797702889997
4,[],[],0,0.0
