,task,distance
0,[0],4941.780519141999
1,[1],4102.804830817
2,[2],332.876322572
3,[3],0.0
4,[4],0.0
