,task,distance
0,[0],1177.9845533588
1,[1],5523.875578221
2,[2],136.7869711254
3,[3],2580.879770289
4,[4],0.0
