,task,distance
0,"[0, 3]",4869.214053812
1,"[1, 2]",7134.877060815001
