,customer,weight,round,length
0,"[99, 9, 49, 8]","[1, 1, 1, 1]",0,499.00724554860005
1,[],[],0,0.0
2,"[18, 92, 19, 82, 80, 79, 107, 38, 71, 95, 16]","[1, 1, 1, 1, 1, 3, 1, 1, 1, 1, 1]",0,2429.0188993796996
3,[],[],0,0.0
