,customer,weight,round,length
0,[],[],0,0.0
1,"[63, 15, 64, 65, 66, 102, 57, 106, 11]","[1, 1, 1, 1, 1, 1, 1, 3, 3]",0,1761.1399408099
2,"[59, 105, 104, 12, 103, 97, 96]","[2, 1, 1, 1, 1, 1, 3]",0,1402.6906238049999
3,[],[],0,0.0
