,task,distance
0,[0],0.0
1,[1],2771.3290714118
2,[2],0.0
3,[3],1674.0560021295
