,task,distance
0,[0],3559.7687264825
1,[1],7420.096189499
2,[2],0.0
3,[3],5854.209071425
4,[4],1931.969475441
