,task,distance
0,[0],703.7152240861001
1,[1],694.448483411
