,task,distance
0,[0],5395.363092638
1,[1],10730.951748087
2,[2],0.0
