,task,distance
0,[0],2135.477468715
1,[1],7494.8834590087
2,[2],0.0
