,task,distance
0,"[0, 2]",20419.769602531702
1,"[1, 3]",12457.127307593995
