,customer,weight,round,length
0,"[11, 4]","[1, 1]",0,2000000428.104503
1,[],[],0,0.0
2,[1],[14],0,71.8444315662
