,customer,weight,round,length
0,[8],[12],0,1377.954798394
1,[9],[12],0,256.589220322
2,[0],[12],0,539.734572254
