,task,distance
0,[0],2000002147.875236
1,[1],71.8444315662
2,[2],0.0
