,task,distance
0,[0],1215.26557037
1,[1],4005.484067632
2,[2],0.0
3,[3],4027.478977675
