,customer,weight,round,length
0,"[61, 37, 72, 29, 10, 34, 74, 60, 8, 73, 11, 12, 62]","[1, 1, 1, 1, 1, 1, 1, 1, 1, 1, 1, 2, 2]",0,8515.715048386699
1,"[23, 67, 28, 27, 18]","[2, 1, 1, 1, 1]",1,4467.875064799
