,task,distance
0,[0],2349.281088747
1,[1],0.0
2,[2],0.0
3,[3],3260.9565569290003
