,customer,weight,round,length
0,"[37, 47, 44, 130, 63, 46, 27, 133, 26]","[1, 2, 1, 3, 1, 1, 3, 2, 1]",0,2405.6280880208997
1,"[25, 116, 40, 74, 80, 72, 79]","[3, 3, 2, 1, 2, 2, 2]",0,3342.05288898
2,"[130, 13, 14, 22, 20, 136, 24, 115, 68]","[5, 1, 1, 1, 1, 1, 1, 1, 3]",1,3792.0092271729995
3,"[12, 7, 75, 112]","[10, 1, 2, 2]",1,2658.3360990339997
4,"[51, 94, 93, 92, 66, 64, 88, 89, 86]","[2, 1, 1, 1, 2, 1, 1, 2, 4]",2,5251.776512904999
5,"[34, 35, 106, 61, 53, 141, 142, 117, 139, 118, 119, 120]","[2, 2, 2, 1, 1, 1, 1, 1, 1, 1, 1, 1]",2,5312.815433935
6,[],[],3,0.0
7,"[138, 101, 103, 98]","[1, 1, 1, 1]",3,4164.419375140999
