,customer,weight,round,length
0,"[12, 8, 25, 28, 16, 20, 24, 47, 9]","[1, 1, 1, 2, 2, 1, 2, 2, 3]",0,1623.805018256
1,"[15, 27, 13, 46, 7, 41, 14]","[1, 2, 2, 3, 3, 3, 1]",0,1365.486525309
2,"[39, 1, 2, 26]","[2, 10, 1, 2]",1,254.30839245590002
3,"[4, 46, 3, 5, 6, 48, 0, 40, 23]","[1, 5, 1, 1, 1, 1, 1, 1, 3]",1,1569.010296849
4,"[31, 22, 29, 21, 42, 30, 51, 19, 11]","[2, 2, 4, 1, 1, 1, 1, 1, 2]",2,1577.552700965
5,"[45, 32, 34, 38, 10, 52, 43, 18, 50, 44, 33, 17]","[1, 1, 1, 2, 2, 1, 1, 1, 1, 1, 1, 2]",2,813.49810523
6,[],[],3,0.0
7,"[35, 36, 49, 37]","[1, 1, 1, 1]",3,1575.241997017
