,task,distance
0,[0],0.0
1,[1],1107.744781774
2,[2],0.0
3,[3],0.0
4,[4],3832.975296916
