,task,distance
0,[0],489.054444328
1,[1],7380.828950928001
2,[2],0.0
3,[3],489.054444328
4,[4],489.054444328
