,task,distance
0,[0],0.0
1,[1],5250.6637511
2,[2],763.177430275
3,[3],7719.303142530599
4,[4],0.0
