,customer,weight,round,length
0,[],[],0,0.0
1,"[1, 53, 0, 34]","[2, 1, 2, 1]",0,984.9442678119999
2,"[22, 30, 47, 61, 32]","[1, 1, 2, 5, 1]",0,1557.2403692350001
