,task,distance
0,[0],0.0
1,[1],527.44910109
2,[2],0.0
3,[3],1286.273351147
4,[4],0.0
