,customer,weight,round,length
0,"[33, 27, 17]","[7, 1, 1]",0,2370.640852092
1,[2],[12],0,132.5386982992
2,"[20, 6, 24, 12, 32]","[2, 1, 6, 2, 1]",0,6748.90575337
