,customer,weight,round,length
0,"[74, 23, 62]","[1, 2, 2]",0,1830.838152233
1,[61],[1],0,184.7284312814
