,task,distance
0,[0],1830.838152233
1,[1],184.7284312814
