,customer,weight,round,length
0,"[73, 72, 86, 87, 74, 12, 99, 64]","[1, 1, 1, 1, 1, 1, 1, 1]",0,8200.683039012
1,[91],[1],0,127.187768618
2,[],[],0,0.0
3,[92],[1],0,125.7311773098
