,customer,weight,round,length
0,[41],[1],0,133.074820359
1,"[3, 27, 36, 15, 24]","[2, 2, 3, 1, 1]",0,2500.1572920911
