,task,distance
0,[0],117.481634218
1,[1],936.9950506669
