,task,distance
0,[0],88.5335638314
1,[1],890.5000410267999
