,task,distance
0,[0],2342.092445219
1,[1],0.0
2,[2],1616.8580619082002
3,[3],3238.5662828901
