,customer,weight,round,length
0,"[68, 93, 54, 57, 103, 102, 98, 100]","[1, 2, 3, 3, 1, 1, 1, 1]",0,4118.631142188
1,[],[],0,0.0
2,[],[],0,0.0
3,"[38, 70]","[8, 1]",0,411.978542018
4,"[73, 49, 51, 97, 85, 83, 24]","[1, 4, 3, 1, 1, 1, 1]",0,2757.5379574540007
