,task,distance
0,"[0, 8]",7533.4405961915
1,"[1, 9]",3355.0797756511997
2,"[2, 5]",7884.770204937401
3,"[3, 7]",6498.792701856801
4,"[4, 6]",4070.806565434
