,task,distance
0,[0],884.615244298
1,[1],97.4838871138
