,customer,weight,round,length
0,"[41, 22, 96, 95, 94, 97, 81]","[1, 2, 1, 1, 1, 1, 2]",0,1151.3365012505
1,[],[],0,0.0
2,"[23, 29, 53, 66, 50, 49, 54, 67, 89, 93]","[1, 1, 2, 2, 1, 1, 3, 1, 1, 1]",0,3780.5100185461
3,"[75, 76, 36, 28, 33, 47, 86, 60, 82]","[3, 2, 1, 3, 1, 1, 1, 2, 1]",0,3445.3653407630004
