,task,distance
0,"[0, 4]",9515.4136896104
1,"[1, 3]",9797.4073098681
2,"[2, 5]",10324.095253392004
