,task,distance
0,[0],1598.277195881
1,[1],0.0
2,[2],0.0
3,[3],16195.493240897002
4,[4],0.0
