,task,distance
0,[0],6345.843497701
1,[1],0.0
2,[2],7807.501545642001
3,[3],0.0
4,[4],0.0
