,task,distance
0,"[0, 5, 7]",4056.709701254
1,"[1, 4, 8]",4133.5323987233
2,"[2, 3, 6]",5071.2484245947
