,task,distance
0,[0],7702.996415285
1,[1],0.0
2,[2],1447.952053345
