,task,distance
0,[0],0.0
1,[1],2342.595588935
2,[2],2421.714242969
