,customer,weight,round,length
0,"[48, 47, 6, 18, 8, 78, 7, 55, 56, 57]","[2, 1, 3, 1, 1, 2, 1, 2, 1, 1]",0,2312.1870723839997
1,"[26, 27, 29, 28, 21, 20, 19, 25]","[2, 3, 2, 2, 1, 2, 1, 2]",0,1034.4370606154
