,customer,weight,round,length
0,"[54, 53, 56, 162, 66, 160, 67, 120, 65, 90, 112, 139, 138]","[3, 1, 1, 1, 1, 1, 1, 1, 1, 1, 1, 1, 1]",0,2175.3340177758
1,"[70, 27, 161]","[1, 2, 1]",1,1559.421254484
