,customer,weight,round,length
0,"[133, 134, 27, 54, 60, 76, 160, 37, 157, 6, 169]","[1, 3, 2, 1, 1, 2, 1, 1, 1, 1, 1]",0,25890.577792907996
1,"[67, 98, 192, 2, 100, 80, 152, 154, 155, 84, 86, 51, 68, 120]","[1, 1, 1, 1, 1, 1, 1, 1, 1, 1, 1, 2, 1, 1]",1,28166.626559158394
2,"[109, 110, 58, 142, 182, 114, 52, 138, 1, 13, 187]","[1, 1, 3, 1, 2, 1, 1, 1, 1, 2, 1]",2,17909.536654213698
3,"[174, 92]","[3, 3]",3,779.870348702
