,customer,weight,round,length
0,"[25, 32, 11, 19, 37, 10, 33, 38]","[2, 2, 1, 1, 1, 1, 4, 1]",0,6228.342918997
1,"[28, 35]","[5, 4]",0,3102.0733541399004
2,[35],[15],0,88.9793889798
