,customer,weight,round,length
0,[],[],0,0.0
1,"[55, 24, 26, 6]","[1, 1, 1, 1]",0,1752.6106966529999
2,[],[],0,0.0
3,[],[],0,0.0
4,"[25, 35, 64, 11]","[4, 1, 1, 1]",0,2467.9879193878
