,task,distance
0,[0],1479.4127516513
1,[1],297.084875992
2,[2],0.0
