,task,distance
0,[0],2478.97959498
1,[1],79.29067587
2,[2],942.559762858
