,task,distance
0,[0],3654.485839534
1,[1],248.344466074
2,[2],0.0
3,[3],0.0
4,[4],0.0
