,customer,weight,round,length
0,"[82, 79, 85]","[1, 13, 1]",0,2556.7082282929996
1,"[86, 59, 11, 61, 87, 3, 76, 60, 1, 42, 43]","[1, 1, 1, 1, 1, 1, 1, 1, 1, 1, 1]",1,4438.6438404097
