,customer,weight,round,length
0,"[38, 37, 106, 24, 35, 66, 114, 61, 60, 115, 19]","[2, 1, 1, 1, 1, 1, 3, 1, 2, 1, 1]",0,2919.2113637334996
1,"[94, 65, 39]","[7, 6, 2]",0,1232.1233909521002
2,"[44, 23, 25, 11, 10, 116, 34, 97, 128, 98, 99, 37]","[1, 1, 1, 2, 1, 1, 2, 1, 1, 2, 1, 1]",1,4255.4191071999
3,"[113, 2, 27, 62]","[11, 1, 1, 2]",1,3169.5468126899996
4,[],[],2,0.0
5,"[11, 118]","[1, 3]",2,3661.273036053
