,task,distance
0,"[0, 3]",6708.2873209752
1,"[1, 2]",4717.296184076
