,customer,weight,round,length
0,"[38, 106, 5, 4, 202, 60, 178, 181, 182, 180, 179, 131, 186]","[1, 1, 1, 1, 1, 1, 1, 1, 1, 1, 1, 2, 2]",0,6827.118447927201
1,"[64, 116, 117, 168, 167, 21, 218, 219, 106]","[1, 1, 1, 3, 3, 2, 2, 1, 1]",1,8569.325758182
2,"[100, 101, 82]","[1, 1, 1]",2,9862.131099342001
