,customer,weight,round,length
0,"[128, 158, 157, 156, 154, 152, 119, 148, 136, 52, 127]","[1, 1, 1, 1, 1, 3, 1, 3, 1, 1, 1]",0,2000004186.5420256
1,"[140, 163]","[1, 14]",1,2000002015.2241986
2,"[206, 28, 83, 53, 163, 223, 195, 166, 22, 204, 205, 197]","[1, 1, 1, 2, 1, 1, 1, 2, 1, 1, 1, 1]",2,2000015053.3568146
