,customer,weight,round,length
0,"[158, 223, 42, 71, 72, 138, 68, 83, 54, 215, 214, 27, 26]","[2, 1, 1, 1, 2, 1, 1, 1, 1, 1, 1, 1, 1]",0,6416.671315585
1,[],[],0,0.0
2,"[110, 174, 181, 116, 204, 175, 19, 156, 21, 176, 180, 132, 134]","[1, 1, 1, 1, 1, 1, 1, 1, 3, 1, 1, 1, 1]",0,3942.6868605180002
3,[],[],0,0.0
4,"[213, 63, 186, 64, 185, 184, 183, 62, 22, 133]","[1, 1, 1, 1, 1, 2, 2, 2, 2, 1]",0,2916.0590652250003
