,customer,weight,round,length
0,"[7, 9, 211, 12, 6, 94, 11, 10, 8]","[3, 1, 1, 1, 2, 1, 1, 1, 2]",0,1517.7085815879002
1,"[0, 188, 65, 66, 67]","[1, 1, 1, 2, 1]",0,2559.16732502
2,"[5, 56, 57, 13, 205, 119, 120, 121, 31, 201, 46, 45, 25, 16]","[1, 1, 1, 1, 1, 1, 1, 1, 1, 2, 1, 1, 1, 1]",0,5071.1382161274005
3,"[194, 69, 60, 128, 129, 222, 93, 144, 199]","[2, 1, 1, 1, 1, 1, 1, 4, 1]",0,18164.937576049997
4,[],[],0,0.0
