,task,distance
0,[0],0.0
1,[1],10908.400988498004
2,[2],4198.4384803
3,[3],2482.043617388
4,[4],4859.317908004
