,task,distance
0,[0],0.0
1,[1],21669.793811853
2,[2],13806.80713539
3,[3],0.0
