,customer,weight,round,length
0,[],[],0,0.0
1,"[176, 66, 78, 134, 3, 116, 26, 30, 107, 109, 110]","[1, 2, 1, 4, 1, 1, 1, 1, 1, 1, 1]",0,3335.1674729899996
2,[],[],0,0.0
3,"[79, 175, 162, 164, 165, 172]","[3, 1, 3, 2, 4, 1]",0,1502.4342666459002
4,"[129, 108, 25, 113, 114, 83]","[3, 1, 1, 1, 1, 4]",0,1704.440639078
