,customer,weight,round,length
0,[],[],0,0.0
1,"[63, 6, 26, 28, 55, 13, 19, 66, 18, 9, 34, 35, 37]","[1, 1, 1, 1, 1, 1, 3, 1, 1, 1, 1, 1, 1]",0,5761.7025540530985
2,[29],[2],0,301.504447166
3,[],[],0,0.0
4,"[65, 49]","[1, 1]",0,406.03639978169997
