,task,distance
0,[0],703.001189624
1,[1],6271.605002524
2,[2],7850.992334287001
