,task,distance
0,[0],1621.9175378873
1,[1],3191.4796094289995
2,[2],2100.564403796
3,[3],4065.444870601
