,task,distance
0,[0],24536.339592543
1,[1],2626.88383306
