,customer,weight,round,length
0,"[55, 86, 11, 61, 64, 81, 1, 36, 30, 50]","[4, 1, 1, 1, 1, 3, 1, 1, 1, 1]",0,4799.884684793
1,[55],[5],0,254.708786292
