,customer,weight,round,length
0,"[61, 158, 71, 163, 96, 113, 156, 74, 175, 117, 29, 77, 84]","[1, 1, 1, 1, 1, 1, 1, 1, 2, 2, 1, 1, 1]",0,5434.853180686
1,"[23, 62, 73, 16, 55, 54, 136, 115, 11, 49, 126]","[1, 1, 2, 2, 2, 1, 1, 1, 1, 1, 2]",0,6033.079579296
2,[],[],1,0.0
3,"[28, 103]","[2, 1]",1,4257.451974962
