,customer,weight,round,length
0,"[102, 101, 184, 99, 152, 145, 90, 81, 112, 124, 114, 121, 122]","[2, 2, 1, 1, 1, 1, 1, 1, 1, 1, 1, 1, 1]",0,6109.952961135
1,"[60, 63, 86, 138, 38, 48, 21, 43, 98, 37, 120, 65, 125]","[1, 1, 2, 1, 1, 1, 1, 2, 1, 1, 1, 1, 1]",0,6545.777871315
