,task,distance
0,[0],3608.085778723
1,[1],3774.0766271242
