,customer,weight,round,length
0,"[27, 77, 30, 68, 70, 48, 33, 99, 98, 100, 5]","[1, 1, 1, 1, 1, 1, 1, 1, 1, 1, 1]",0,1953.6331363936
1,[],[],0,0.0
2,[102],[11],0,221.478652384
3,[],[],0,0.0
