,customer,weight,round,length
0,"[10, 171, 9, 42, 44, 172, 25, 24, 100, 79, 82]","[1, 1, 1, 1, 1, 1, 1, 2, 2, 1, 1]",0,7818.453526489
1,"[106, 57, 184, 56, 54, 53, 21, 112]","[2, 1, 1, 1, 2, 2, 1, 2]",0,2766.8894372209998
2,[],[],0,0.0
