,task,distance
0,[0],7818.453526489
1,[1],2766.889437221
2,[2],0.0
