,task,distance
0,[0],7961.265245297
1,[1],4441.3203054410005
2,[2],8074.732070894001
