,customer,weight,round,length
0,"[64, 129, 35, 128, 91, 90, 89]","[1, 1, 1, 3, 1, 2, 1]",0,1753.396549467
1,"[79, 80, 121, 104, 103, 56, 1, 126, 125]","[1, 2, 1, 1, 1, 2, 3, 2, 2]",0,2074.4344068494997
2,"[78, 46, 54, 118, 75, 76, 9, 70, 77, 117, 72, 116]","[1, 1, 1, 2, 1, 1, 1, 1, 1, 2, 1, 2]",0,2654.0444216312003
