,task,distance
0,[0],1753.396549467
1,[1],2074.4344068495
2,[2],2654.0444216312003
