,customer,weight,round,length
0,"[84, 66, 91, 32, 80, 105, 36, 56, 73, 26, 75, 24, 25]","[1, 1, 2, 1, 2, 1, 1, 1, 1, 1, 1, 1, 1]",0,10832.005250788
1,[],[],0,0.0
2,"[8, 9, 64, 50, 49, 6, 0]","[3, 3, 1, 2, 4, 1, 1]",0,2410.1309048192
3,"[89, 92, 31, 12, 86, 103, 102, 10, 11]","[1, 1, 2, 1, 1, 3, 2, 2, 2]",0,3494.028624637
4,"[3, 70, 96, 48, 47, 93, 54, 106]","[1, 1, 1, 1, 1, 1, 1, 3]",0,2908.7574991710007
