,task,distance
0,"[0, 2]",4834.1774897031
1,"[1, 3]",6127.993966861
