,customer,weight,round,length
0,"[48, 47, 46, 10, 61]","[1, 1, 1, 1, 1]",0,595.722166782
1,"[89, 96, 86, 91, 51, 55, 33, 56, 39, 50, 49]","[2, 1, 2, 2, 1, 1, 1, 1, 2, 1, 1]",0,1986.9560744529
2,[78],[2],0,241.22834815
