,task,distance
0,[0],0.0
1,[1],6014.2315970873005
2,[2],558.406511091
