,task,distance
0,[0],595.722166782
1,[1],1986.9560744529
2,[2],241.22834815
