,customer,weight,round,length
0,"[120, 186, 184, 182, 93, 33, 84, 45, 159, 158, 156]","[1, 2, 1, 2, 2, 1, 1, 1, 1, 1, 2]",0,2000028723.496126
1,"[215, 99, 14, 122, 20, 118, 82, 101, 103, 81]","[5, 1, 1, 2, 1, 1, 1, 1, 1, 1]",0,2000004894.184573
2,"[57, 147, 148, 2, 92, 9, 210, 50]","[1, 1, 1, 1, 1, 1, 1, 1]",1,2000004027.402645
3,[],[],1,0.0
