,task,distance
0,"[0, 3]",2000028723.496126
1,"[1, 2]",4000008921.5872183
