,customer,weight,round,length
0,"[116, 117]","[2, 2]",0,499.041907178
1,"[76, 9, 70, 77, 46, 54, 91, 125, 69, 126, 124, 72]","[1, 1, 1, 1, 1, 1, 1, 2, 1, 2, 1, 1]",0,3415.2186174340995
