,customer,weight,round,length
0,"[25, 24, 8, 87, 130, 100, 99, 98, 48]","[1, 2, 1, 3, 2, 1, 1, 2, 2]",0,3093.0996425588996
1,"[114, 14, 57, 58, 41]","[1, 1, 1, 1, 1]",0,1229.9246038419
