,customer,weight,round,length
0,"[61, 53, 124, 127]","[3, 9, 1, 2]",0,2702.1089238060003
1,"[59, 108, 74, 97, 19]","[1, 1, 1, 4, 8]",0,2045.800338212
2,[],[],1,0.0
3,"[75, 118, 128, 1, 50, 13]","[1, 2, 3, 3, 1, 1]",1,4900.717914974
