,task,distance
0,[0],499.041907178
1,[1],3415.2186174340995
