,task,distance
0,[0],192.51841682
1,[1],2309.7288055673
