,task,distance
0,"[0, 2]",2702.1089238060003
1,"[1, 3]",6946.518253186001
