,customer,weight,round,length
0,"[61, 62, 56, 40]","[2, 2, 1, 1]",0,1661.595656249
1,"[31, 30, 69, 42, 11, 26, 22, 51]","[1, 4, 1, 1, 1, 1, 1, 3]",0,5096.420817329999
