,customer,weight,round,length
0,[47],[3],0,57.085733657
1,"[44, 46]","[1, 1]",0,642.341920183
