,customer,weight,round,length
0,[],[],0,0.0
1,"[39, 2, 20, 6]","[1, 1, 3, 1]",0,5004.446855597
2,[29],[12],0,47.4038279018
