,customer,weight,round,length
0,[7],[12],0,248.344466074
1,[8],[12],0,601.74746436
2,"[18, 31, 38, 23]","[3, 1, 2, 1]",0,3591.077277106
