,task,distance
0,[0],248.344466074
1,[1],601.74746436
2,[2],3591.077277106
