,task,distance
0,[0],0.0
1,[1],3654.485839534
2,[2],248.344466074
