,task,distance
0,[0],4797.653593327
1,[1],133.4840945196
