,customer,weight,round,length
0,"[16, 205, 204, 57, 175, 176, 21, 180, 185, 64, 26, 138]","[1, 1, 1, 1, 1, 1, 3, 1, 1, 1, 1, 1]",0,7359.6483056918
1,[],[],0,0.0
2,"[11, 6, 8, 0]","[1, 2, 2, 1]",0,3093.3952133939997
3,[],[],0,0.0
4,"[86, 220, 87, 192, 193, 149, 106, 97, 226, 145, 147]","[1, 2, 1, 1, 2, 1, 2, 1, 2, 1, 1]",0,12891.452416979002
