,customer,weight,round,length
0,"[104, 67, 93, 92, 43, 66, 29, 28, 56, 63, 62]","[1, 1, 1, 2, 1, 2, 1, 2, 2, 1, 1]",0,5462.342046882502
1,[80],[1],1,1339.419187814
