,customer,weight,round,length
0,"[6, 39, 77, 33, 53, 65, 54, 29, 23]","[1, 2, 3, 1, 2, 1, 3, 1, 1]",0,4440.74708361
1,[],[],0,0.0
2,[],[],0,0.0
3,[71],[1],0,305.126902184
