,customer,weight,round,length
0,"[71, 89, 90, 21, 41, 0, 68, 23, 19]","[1, 1, 1, 2, 1, 1, 2, 1, 2]",0,2260.364007475
1,[],[],0,0.0
2,[93],[1],0,388.998968964
3,[],[],0,0.0
