,task,distance
0,[0],1706.273449358
1,[1],1157.9738109811
2,[2],0.0
3,[3],0.0
