,customer,weight,round,length
0,"[41, 44, 10, 52, 46, 43, 15, 6]","[1, 1, 1, 1, 1, 1, 1, 8]",0,7783.468727109
1,[6],[15],0,3590.25646672
2,"[23, 0]","[8, 7]",1,2959.115754282
3,[23],[15],1,226.009948064
