,customer,weight,round,length
0,"[19, 20, 18, 25, 16, 54, 21, 6]","[1, 1, 1, 1, 1, 2, 1, 7]",0,5729.281838474999
1,[6],[15],0,887.650120188
2,[24],[15],1,2102.24063692
3,[24],[15],1,2102.24063692
