,task,distance
0,"[0, 3]",8009.478675173
1,"[1, 2]",6549.3722210020005
