,task,distance
0,"[0, 5]",4062.641686534
1,"[1, 3]",3835.7777770835
2,"[2, 4]",4204.411530474001
