,task,distance
0,"[0, 3]",5287.5038804764
1,"[1, 4]",5114.770419307
2,"[2, 5]",5378.043314855
