,task,distance
0,[0],6928.9216698496
1,[1],0.0
2,[2],0.0
3,[3],2838.912257287001
