,task,distance
0,[0],0.0
1,[1],15421.166061372998
2,[2],6534.072185495001
3,[3],2803.7351132724
