,customer,weight,round,length
0,"[41, 42]","[4, 4]",0,490.612211828
1,"[41, 33, 7, 16, 61, 64, 38]","[1, 6, 1, 3, 1, 1, 2]",0,3585.1936040479995
2,"[27, 17, 12, 2, 47, 10, 60, 44]","[2, 1, 1, 3, 1, 1, 3, 3]",0,4147.815530344
