,task,distance
0,"[0, 2]",4628.7287607947
1,"[1, 3]",2297.1659870457
