,customer,weight,round,length
0,"[115, 99, 63, 51, 92, 90, 60, 57, 122, 59, 4, 5, 120, 118]","[1, 1, 1, 1, 2, 1, 1, 1, 1, 1, 1, 1, 1, 1]",0,4822.4897311197
1,[],[],0,0.0
2,"[153, 52, 2, 173, 176, 26, 183, 79, 88]","[7, 1, 1, 1, 1, 1, 1, 1, 1]",0,6662.513131746001
