,task,distance
0,[0],1841.4316260747
1,[1],4162.23644216
2,[2],1177.722450825
