,customer,weight,round,length
0,"[106, 26, 20, 18, 3, 56, 64, 219, 122, 125, 198, 124, 75, 137, 149]","[1, 1, 1, 1, 1, 1, 1, 1, 1, 1, 1, 1, 1, 1, 1]",0,9443.827821587998
1,"[6, 110, 157, 0, 191, 114, 81, 184, 103]","[1, 1, 2, 1, 1, 1, 1, 6, 1]",0,12563.4176026354
2,"[67, 66, 101, 166, 168, 88, 87, 68, 190, 61, 59]","[1, 1, 1, 2, 1, 1, 1, 1, 1, 1, 1]",0,3712.400322181
3,"[89, 36, 216, 172, 218, 94, 177, 180, 73]","[1, 2, 1, 1, 1, 1, 1, 4, 1]",0,6585.0259350626
