,task,distance
0,[0],9443.827821587998
1,[1],12563.4176026354
2,[2],3712.400322181
3,[3],6585.0259350626
