,customer,weight,round,length
0,"[254, 138, 90, 166, 216, 251, 249, 212, 225, 237, 71]","[1, 1, 1, 1, 1, 1, 1, 1, 1, 1, 3]",0,11301.832486914
1,"[191, 197, 196, 31, 34]","[1, 1, 1, 1, 1]",0,1622.9197744319997
