,customer,weight,round,length
0,[],[],0,0.0
1,[117],[4],0,650.8979515
2,[],[],0,0.0
3,"[114, 35, 34, 23, 88, 17, 55, 125, 126, 37, 25, 111, 41, 75]","[1, 1, 1, 2, 1, 1, 1, 1, 1, 1, 1, 1, 1, 1]",0,7823.492650194999
4,[],[],0,0.0
