,task,distance
0,[0],0.0
1,[1],0.0
2,[2],0.0
3,[3],1208.01162531
4,[4],7137.640765320999
