,task,distance
0,[0],2480.917350996
1,[1],0.0
2,[2],0.0
3,[3],0.0
4,[4],2014.647425443
