,customer,weight,round,length
0,"[86, 263, 204, 202, 46, 71, 230, 68, 67, 45, 198, 70]","[1, 1, 1, 1, 1, 1, 1, 1, 1, 1, 2, 1]",0,2000004243.223469
1,"[133, 161, 239, 157, 122, 24, 155]","[1, 2, 1, 2, 1, 1, 1]",0,2000003610.3076115
2,[],[],0,0.0
3,"[91, 107, 247, 245, 6, 174, 41, 65, 64, 185]","[1, 1, 1, 1, 1, 1, 1, 2, 2, 2]",0,2000006736.7830098
4,[],[],0,0.0
