,task,distance
0,[0],3394.602182909
1,[1],2085.314564739
2,[2],0.0
3,[3],2172.624872421
4,[4],33956.409910841
