,task,distance
0,[0],0.0
1,[1],0.0
2,[2],5865.380002415999
3,[3],0.0
4,[4],2042.212152538
