,customer,weight,round,length
0,"[55, 79, 80, 81, 57, 86, 84, 83, 32, 29, 46, 37, 31, 30]","[1, 1, 1, 1, 1, 1, 1, 1, 1, 1, 1, 2, 1, 1]",0,2609.2358169732
1,"[75, 85, 107, 47, 46, 45, 78, 118]","[2, 1, 1, 5, 1, 1, 2, 2]",1,3390.8370652888
2,"[40, 76, 111, 110, 114, 71, 94, 95, 68, 47, 39, 82, 108]","[1, 1, 1, 1, 1, 1, 1, 1, 1, 3, 1, 1, 1]",2,4564.569966865999
3,"[115, 112, 38, 23, 59, 48, 68, 43, 105, 104, 96, 103, 93]","[1, 1, 1, 1, 1, 1, 2, 2, 1, 1, 1, 1, 1]",3,4633.546144
4,"[49, 35, 60, 113, 72, 116, 101, 92, 117, 102, 27]","[1, 1, 1, 1, 1, 1, 1, 1, 4, 1, 2]",4,4496.792744277
5,"[100, 34, 117, 28, 51, 36, 18, 17]","[1, 1, 1, 2, 1, 7, 1, 1]",5,4460.782276915201
6,"[50, 106, 24, 99, 41, 98, 4, 5, 13, 14, 63, 62, 42]","[3, 1, 1, 1, 1, 1, 1, 1, 1, 1, 1, 1, 1]",6,5737.395642437401
7,"[67, 25, 64, 61, 6, 1, 91, 90]","[2, 1, 3, 1, 3, 1, 2, 1]",7,4482.9851711387
