,customer,weight,round,length
0,[],[],0,0.0
1,"[51, 108, 52, 53, 38]","[1, 2, 1, 3, 2]",0,908.8152292234
2,"[66, 67, 104, 40, 106, 89, 49, 50]","[2, 2, 1, 1, 1, 1, 1, 1]",0,1105.2171120353999
3,[],[],0,0.0
4,"[19, 23, 24, 18, 35, 98, 97, 82, 50]","[1, 1, 1, 2, 1, 1, 3, 4, 1]",0,2140.4515954633002
