,customer,weight,round,length
0,"[80, 24, 155, 32, 33, 210, 93, 88, 270, 86, 89, 90, 269]","[2, 1, 1, 1, 1, 1, 2, 1, 1, 1, 1, 1, 1]",0,3277.6173354720004
1,"[201, 202, 187, 185, 188, 186, 227, 182, 181, 127]","[1, 1, 1, 2, 2, 1, 1, 1, 3, 2]",0,2000018575.525525
2,"[190, 192, 198, 197, 191, 189, 259, 260, 153, 152, 91]","[2, 2, 2, 1, 1, 2, 1, 1, 1, 1, 1]",0,2000003469.0694222
3,"[196, 257, 7, 6, 174, 248, 176, 245, 247, 219, 221, 226, 177]","[2, 1, 1, 1, 1, 1, 2, 1, 1, 1, 1, 1, 1]",0,2000003894.364789
4,"[231, 69, 140, 41, 63, 66, 84, 83, 118, 64, 65]","[1, 1, 1, 1, 2, 1, 2, 1, 1, 2, 2]",1,2000020930.8370519
5,[],[],1,0.0
6,[],[],1,0.0
7,[227],[4],1,2000000000.0
