,task,distance
0,[0],4653.140487241801
1,[1],0.0
2,[2],1267.4930957133
3,[3],0.0
