,task,distance
0,[0],0.0
1,[1],4958.063867614
2,[2],0.0
3,[3],102.1624838766
