,customer,weight,round,length
0,"[61, 60, 63, 9, 27, 10, 30]","[3, 2, 3, 1, 1, 1, 4]",0,2469.980526005
1,"[133, 72, 50, 120, 171, 85, 2, 1, 73]","[3, 1, 1, 2, 2, 2, 1, 1, 2]",0,3814.9012058222997
2,"[34, 42, 43, 57, 40, 65, 152, 3]","[2, 1, 1, 1, 1, 1, 1, 2]",1,3328.9331740820003
3,"[26, 25, 59, 146, 49, 77, 148, 74]","[1, 1, 1, 1, 1, 1, 1, 1]",1,3323.7074417804
