,customer,weight,round,length
0,"[103, 102, 157, 158, 112, 113, 111, 90, 89, 108, 107, 161, 162]","[1, 1, 1, 1, 1, 1, 1, 1, 1, 1, 1, 2, 2]",0,2000004019.336492
1,"[98, 118, 117, 114, 122, 123, 104, 124, 106, 105, 96, 95]","[1, 1, 1, 2, 2, 1, 1, 2, 1, 1, 1, 1]",0,2000003930.8941548
2,[],[],1,0.0
3,"[164, 173, 165, 167, 136, 137, 139]","[2, 1, 1, 3, 1, 1, 1]",1,2000005659.8738348
