,customer,weight,round,length
0,[35],[8],0,88.9793889798
1,"[9, 38, 33, 41]","[1, 1, 4, 5]",0,5135.475091339
2,[35],[11],0,88.9793889798
