,customer,weight,round,length
0,[],[],0,0.0
1,"[20, 31, 36, 7]","[3, 1, 2, 5]",0,4118.0416685420005
2,[8],[12],0,291.593085738
