,task,distance
0,[0],0.0
1,[1],4118.0416685420005
2,[2],291.593085738
