,customer,weight,round,length
0,"[100, 104, 82, 105, 18, 152, 106, 125, 128]","[1, 1, 1, 1, 1, 1, 1, 2, 1]",0,1948.944837932
1,[],[],0,0.0
2,[],[],0,0.0
3,[],[],0,0.0
4,"[132, 133, 101, 129, 137, 156, 30, 157, 154, 6]","[1, 1, 1, 1, 2, 1, 1, 1, 2, 1]",0,2067.1850303839997
