,customer,weight,round,length
0,"[28, 27, 93, 92, 110, 111, 115, 72, 82, 107, 57, 84, 83]","[2, 2, 1, 1, 1, 1, 1, 1, 1, 1, 1, 1, 1]",0,3497.0344687540996
1,"[40, 63, 67, 64, 14, 13, 4, 1, 90, 41, 34, 71]","[1, 1, 2, 3, 1, 1, 1, 1, 1, 1, 1, 1]",0,5106.721938826
2,"[55, 80, 118, 78, 117, 102, 103, 104, 45]","[1, 1, 2, 2, 5, 1, 1, 1, 1]",0,2302.2191363691
3,"[46, 49, 35, 60, 42, 38, 39, 37]","[2, 1, 1, 1, 1, 1, 1, 2]",0,1901.7858534331997
