,task,distance
0,[0],3359.2067674461
1,[1],1788.0222471853
2,[2],1652.0078073067
3,[3],3150.9450650308
