,task,distance
0,"[0, 2]",4000003508.9699454
1,"[1, 3]",4000002010.8788247
