,customer,weight,round,length
0,[],[],0,0.0
1,"[29, 40, 45]","[1, 12, 1]",0,3304.039886888
2,"[59, 21, 41, 68, 40, 53]","[1, 1, 1, 1, 8, 1]",0,9010.664281560003
