,task,distance
0,[0],2290.367384547
1,[1],0.0
2,[2],254.44492968
