,customer,weight,round,length
0,[2],[6],0,1068.173929594
1,[4],[12],0,895.822495492
2,[6],[12],0,370.171490992
3,[2],[14],0,1068.173929594
