,customer,weight,round,length
0,[],[],0,0.0
1,[5],[12],0,248.14786777
2,"[15, 0]","[1, 12]",0,3511.3335862599997
3,[],[],0,0.0
