,task,distance
0,[0],0.0
1,[1],3293.7317073080003
2,[2],0.0
3,[3],103.5470782022
