,task,distance
0,[0],5137.507388182001
1,[1],15491.140383059002
2,[2],23685.454992099
3,[3],15847.5622351158
