,task,distance
0,[0],7382.347392598001
1,[1],10596.655204805998
