,task,distance
0,[0],839.733639566
1,[1],2076.063587227
