,task,distance
0,[0],1613.065119471
1,[1],326.034363286
