,customer,weight,round,length
0,"[48, 36, 110, 96, 109, 56, 55, 60]","[3, 4, 1, 1, 1, 1, 1, 3]",0,2316.9612868255
1,"[116, 70, 49, 96]","[3, 2, 3, 1]",1,1957.377060248
