,customer,weight,round,length
0,"[43, 109, 54, 115, 137, 40]","[1, 6, 4, 1, 2, 1]",0,4608.218725389001
1,"[62, 0, 28, 129, 123, 125, 102, 20, 65, 118, 79]","[1, 1, 1, 1, 1, 1, 1, 1, 4, 1, 1]",0,4228.0784368882
