,task,distance
0,[0],6348.179868276002
1,[1],4556.061872862
2,[2],0.0
