,customer,weight,round,length
0,"[51, 73, 74, 95, 68, 13, 39, 35, 111, 23, 24, 88, 47, 46]","[1, 1, 1, 1, 1, 1, 1, 1, 1, 1, 1, 2, 1, 1]",0,5488.062085389999
1,"[15, 98, 64, 79, 38, 67, 65, 109, 80, 10, 30, 50, 34, 103]","[1, 1, 1, 1, 1, 1, 2, 1, 1, 1, 1, 1, 1, 1]",0,4119.1384764802
2,[],[],1,0.0
3,[99],[1],1,2601.90348034
