,customer,weight,round,length
0,"[2, 19, 4, 0, 14, 18, 20, 3, 7, 13, 21, 23, 16, 8, 6]","[1, 1, 1, 1, 1, 1, 1, 1, 1, 1, 1, 1, 1, 1, 1]",0,912.538626197
1,"[26, 22, 5, 17, 10, 9, 1, 15, 24, 28, 12, 11, 27]","[1, 2, 1, 1, 1, 1, 1, 2, 1, 1, 1, 1, 1]",0,1694.469359181
2,[],[],1,0.0
3,[25],[1],1,1412.500366888
