,customer,weight,round,length
0,"[59, 42, 71, 148]","[1, 1, 1, 2]",0,2422.98712982
1,[],[],0,0.0
2,"[107, 94, 133, 119, 156, 153, 98, 147, 87, 99, 100]","[1, 2, 1, 1, 1, 2, 1, 1, 1, 1, 1]",0,8395.713406239
3,[93],[15],0,182.3455743378
4,[],[],0,0.0
