,customer,weight,round,length
0,[96],[15],0,491.701582982
1,"[96, 86, 26, 100, 10, 2]","[6, 1, 2, 3, 2, 1]",1,8132.566151318
2,"[8, 86, 37, 28, 108, 67, 89, 17, 69]","[1, 1, 2, 1, 2, 2, 1, 1, 1]",2,11068.596832824
