,customer,weight,round,length
0,"[68, 97, 51, 56, 86, 61, 28, 37, 57, 2]","[1, 2, 1, 1, 2, 1, 1, 2, 3, 1]",0,10364.044248019998
1,"[34, 18, 98, 49, 105, 104]","[1, 2, 1, 1, 1, 1]",1,8346.047812993
