,customer,weight,round,length
0,"[82, 97, 81, 23, 98, 66, 51, 50, 49, 19]","[4, 3, 1, 1, 1, 1, 1, 1, 1, 1]",0,2124.5294844094997
1,"[66, 68, 24, 34, 109, 42]","[1, 1, 1, 1, 1, 1]",1,2276.01026261
