,customer,weight,round,length
0,"[75, 26, 47, 100, 96, 30]","[2, 2, 1, 3, 6, 1]",0,7462.515013505999
1,"[14, 15, 58, 109, 81, 66, 40, 108, 52]","[2, 1, 4, 1, 1, 2, 1, 2, 1]",1,6042.587462988
2,[42],[1],2,2530.31509084
