,customer,weight,round,length
0,"[65, 29, 53, 13, 54, 55, 61, 56]","[3, 3, 3, 2, 1, 1, 1, 1]",0,2165.7351076639998
1,"[41, 35, 40, 104, 52, 38, 39, 30, 88]","[1, 1, 1, 1, 1, 2, 1, 1, 3]",1,4610.8147229267
