,task,distance
0,"[0, 6]",942.292716233
1,"[1, 6]",1325.389807528
2,"[2, 8]",2476.5541228354
3,"[3, 6]",1364.7591707370002
4,"[4, 5]",1921.8523255339999
