,task,distance
0,[0],2118.678323323
1,[1],2477.316643288
2,[2],0.0
