,task,distance
0,[0],0.0
1,[1],2117.412627602
2,[2],3050.043922142
