,customer,weight,round,length
0,"[196, 41, 145, 146, 111, 190, 98, 108, 55, 110]","[1, 1, 1, 1, 1, 1, 2, 1, 1, 1]",0,8812.298512038
1,[],[],0,0.0
2,"[187, 148, 180, 61, 57, 51, 132, 66, 174, 154, 164, 45, 165, 102]","[1, 1, 1, 2, 1, 1, 1, 1, 1, 1, 1, 1, 1, 1]",0,16061.78082528
3,[],[],0,0.0
