,task,distance
0,[0],54486.415230713006
1,[1],5934.888597632
2,[2],55758.92413989602
3,[3],6202.009138833
4,[4],11152.5736982253
