,customer,weight,round,length
0,[],[],0,0.0
1,[],[],0,0.0
2,"[14, 44, 34]","[2, 1, 2]",0,1651.3534727429999
3,[],[],0,0.0
4,"[0, 33, 24]","[1, 1, 1]",0,781.884601174
