,task,distance
0,[0],2000002926.7568212
1,[1],218.193410744
