,task,distance
0,[0],3000003283.354642
1,[1],50.6120493344
