,customer,weight,round,length
0,"[88, 20, 28, 61, 25, 26, 89]","[1, 1, 2, 1, 1, 1, 1]",0,4200.497840742
1,"[87, 117, 3, 84, 30, 13, 12, 33]","[2, 2, 1, 2, 1, 1, 1, 1]",0,3513.699152164
2,[],[],0,0.0
