,task,distance
0,[0],0.0
1,[1],3301.7792059568
2,[2],312.3349114905
3,[3],0.0
4,[4],4389.9394227859
