,customer,weight,round,length
0,"[20, 7, 36, 41]","[3, 5, 2, 5]",0,2737.103049625
1,"[8, 35]","[12, 2]",1,4399.961302693
