,CID,TTDDemd
0,6857,1.23017001152
1,59267,1.32527005672
2,59268,0.680733978748
