,customer,weight,round,length
0,"[111, 60, 70, 48, 96, 26, 35, 104]","[1, 3, 2, 3, 2, 1, 2, 1]",0,3466.8260136709996
1,"[62, 118, 72, 68]","[2, 4, 1, 1]",1,7262.1248924520005
