,customer,weight,round,length
0,"[115, 114, 25, 45, 90, 108, 71]","[3, 3, 3, 1, 2, 1, 2]",0,4815.654555248
1,"[76, 63, 22, 24, 37]","[1, 7, 1, 2, 1]",1,6373.789145770999
