,task,distance
0,[0],7012.122167737
1,[1],4259.86092329
2,[2],0.0
3,[3],0.0
