,customer,weight,round,length
0,"[100, 107, 111, 110, 6, 109]","[1, 1, 1, 1, 1, 10]",0,1902.8201012619998
1,"[106, 36, 7, 51]","[1, 1, 2, 1]",1,4476.8263235859995
