,customer,weight,round,length
0,"[92, 89, 56, 15]","[2, 1, 2, 2]",0,2000000652.747637
1,"[125, 119, 31, 85, 100, 107, 83, 8]","[1, 1, 2, 1, 1, 1, 1, 2]",0,2000002631.8043664
2,[],[],0,0.0
