,customer,weight,round,length
0,"[63, 121, 77, 97, 29, 48, 85, 35, 102, 2, 104, 10]","[1, 1, 3, 1, 1, 1, 1, 1, 1, 2, 1, 1]",0,2000004152.7244182
1,[],[],0,0.0
2,[110],[1],0,1107.676232588
