,task,distance
0,[0],2000000652.747637
1,[1],2000002631.8043664
2,[2],0.0
