,task,distance
0,[0],2000002836.9982383
1,[1],2000000676.4763184
2,[2],0.0
