,task,distance
0,[0],0.0
1,[1],1117.617377695
2,[2],2000005140.530079
