,task,distance
0,[0],454.14179906
1,[1],2193.016162448
