,customer,weight,round,length
0,"[77, 126, 187, 125, 71, 56]","[1, 1, 1, 1, 1, 2]",0,3646.9529507039997
1,"[48, 10, 147, 11, 133, 108, 174, 123, 172, 190]","[1, 1, 1, 1, 2, 2, 2, 2, 2, 1]",0,7748.294389555999
