,task,distance
0,[0],4783.9056088077
1,[1],1088.796235584
