,task,distance
0,"[0, 3]",8297.2433184745
1,"[1, 2]",6940.736148876001
