,task,distance
0,[0],2729.0412413060003
1,[1],4953.0668724675
