,customer,weight,round,length
0,"[88, 46, 131, 109, 83, 161, 84, 62, 112, 111, 110, 94, 93, 149]","[1, 1, 1, 1, 1, 1, 2, 1, 1, 1, 1, 1, 1, 1]",0,3635.6505438936006
1,"[6, 81, 5, 146, 103, 107, 104, 105, 106, 44]","[3, 1, 1, 3, 1, 1, 1, 1, 1, 2]",0,4509.652641022
2,[],[],1,0.0
3,"[147, 39, 10, 114]","[3, 1, 1, 1]",1,6746.418067459999
