,customer,weight,round,length
0,"[79, 139, 111, 85, 134, 121, 69]","[4, 1, 1, 2, 1, 1, 5]",0,4238.460336622
1,"[55, 61, 59, 156, 91, 16, 116, 115, 17, 15]","[1, 1, 1, 1, 3, 1, 2, 1, 2, 2]",0,5960.633682937001
2,[49],[3],1,2348.11852164
3,"[124, 125, 110, 149, 44, 104, 107, 146, 25, 147]","[1, 1, 1, 1, 2, 1, 1, 2, 2, 3]",1,7018.576405898399
