,task,distance
0,"[0, 2]",2886.5673516833
1,"[1, 3]",8281.9603980139
