,customer,weight,round,length
0,"[182, 46, 164, 97, 159, 53, 196]","[1, 1, 4, 1, 1, 5, 2]",0,9490.349685122
1,"[185, 184, 153, 94]","[2, 1, 7, 2]",0,2128.061497406
2,"[78, 88, 51, 63, 115, 118, 120, 4, 57, 102, 28, 137]","[1, 1, 1, 1, 1, 1, 1, 1, 1, 2, 1, 1]",0,6339.668686162
3,[],[],0,0.0
4,"[186, 126, 26, 169, 176, 54, 108, 128, 96, 95, 168, 146]","[1, 1, 1, 1, 1, 1, 2, 1, 1, 1, 1, 1]",0,4762.622918884999
