,task,distance
0,[0],9490.349685122
1,[1],2128.061497406
2,[2],6339.668686162
3,[3],0.0
4,[4],4762.622918884999
