,customer,weight,round,length
0,"[77, 67, 55, 60, 94, 93, 57, 21, 82]","[1, 1, 1, 2, 2, 1, 3, 2, 1]",0,2504.9300222101997
1,"[124, 54, 50, 121, 108, 31, 45, 44, 51, 43, 6, 125, 110, 23]","[1, 1, 1, 1, 1, 1, 1, 1, 1, 1, 1, 2, 1, 1]",0,5124.660173288298
2,"[91, 80, 98, 83, 52, 130, 128, 28, 26, 39]","[1, 3, 1, 1, 1, 1, 1, 1, 2, 3]",0,4216.159301947999
3,"[71, 70, 69, 114, 33, 116, 36, 41]","[1, 1, 3, 1, 2, 1, 4, 2]",0,2926.579915829
