,customer,weight,round,length
0,"[60, 127, 55, 64, 66, 67, 65, 77, 63, 93]","[2, 3, 1, 1, 1, 1, 2, 1, 2, 1]",0,1969.3549182888999
1,"[38, 39, 89, 90, 35, 91, 62, 94]","[3, 3, 1, 1, 1, 1, 3, 2]",0,2102.5800113459
2,"[72, 124, 54, 33, 50, 121, 106, 23, 20, 22, 21, 82]","[1, 1, 1, 2, 1, 1, 1, 1, 1, 2, 2, 1]",0,4542.138787062199
3,"[58, 57, 102, 69, 70, 71, 41]","[1, 3, 4, 3, 1, 1, 2]",0,2402.3651200771
4,[],[],1,0.0
5,[],[],1,0.0
6,[],[],1,0.0
7,"[25, 15, 110, 7]","[1, 1, 1, 2]",1,3194.3182335438996
