,customer,weight,round,length
0,"[29, 102, 38, 62, 35, 90, 89, 118]","[1, 4, 3, 3, 1, 1, 1, 1]",0,2824.5808481672
1,"[103, 87, 79, 99, 47, 48, 46, 85, 104]","[3, 1, 2, 1, 1, 3, 1, 1, 2]",0,2333.6763884609995
2,"[100, 129, 108, 107, 81, 106, 15, 25, 73, 7, 30]","[2, 1, 3, 1, 1, 1, 1, 1, 1, 2, 1]",0,3355.626041052
3,"[115, 72, 20, 22, 58, 127, 64, 66, 65, 63]","[1, 1, 1, 2, 1, 3, 1, 1, 2, 2]",0,5041.216691113001
4,[],[],1,0.0
5,"[49, 5, 8, 112]","[2, 1, 1, 5]",1,2788.166120318
6,[],[],1,0.0
7,[],[],1,0.0
