,task,distance
0,"[0, 7]",5163.6731518328
1,"[1, 6]",2102.5800113459
2,"[2, 4]",4542.138787062199
3,"[3, 5]",2402.3651200771
