,customer,weight,round,length
0,"[1, 6]","[10, 5]",0,2000000758.356947
1,"[5, 8]","[8, 7]",1,2000000468.2714834
2,[12],[5],2,245.454672584
