,customer,weight,round,length
0,"[12, 6, 15]","[8, 5, 2]",0,2000001131.0543678
1,"[5, 1]","[8, 7]",1,2000001253.5104907
