,customer,weight,round,length
0,"[78, 49, 39, 50, 51, 91, 89, 46, 47, 61, 48]","[2, 1, 2, 1, 1, 2, 2, 1, 1, 1, 1]",0,1707.5349135896997
1,"[10, 33, 85]","[1, 1, 1]",1,1502.3118186259999
