,task,distance
0,"[0, 5]",1405.832147749
1,"[1, 9]",5200.415660818
2,"[2, 5]",2648.51167544
3,"[3, 5]",1737.246840022
4,"[4, 5]",1740.7483664873
