,customer,weight,round,length
0,[],[],0,0.0
1,"[34, 33, 104, 79, 68]","[1, 1, 2, 1, 1]",0,1128.865911701
2,"[78, 53, 49, 39, 38, 65, 36]","[1, 1, 2, 1, 1, 2, 1]",0,1345.8613538513
3,[],[],0,0.0
4,[],[],0,0.0
