,task,distance
0,[0],2000002890.2403257
1,[1],0.0
2,[2],0.0
3,[3],149.1867673474
4,[4],0.0
