,task,distance
0,[0],899.7409495617001
1,[1],16715.589890506
2,[2],0.0
3,[3],0.0
4,[4],0.0
