,customer,weight,round,length
0,[6],[15],0,221.10299396
1,[6],[15],1,221.10299396
2,"[6, 14]","[14, 1]",2,2234.48288844
3,"[11, 27, 10, 4]","[1, 4, 1, 1]",3,4427.159039819
