,customer,weight,round,length
0,"[4, 46, 54, 27, 9, 6]","[1, 1, 2, 4, 1, 6]",0,5553.982050719
1,"[6, 42]","[7, 3]",1,1494.575301192
