,customer,weight,round,length
0,"[9, 14, 7, 0, 13, 8]","[3, 3, 1, 2, 1, 1]",0,2391.6875466760002
1,"[3, 10, 2, 5]","[1, 1, 1, 1]",0,611.774160722
2,"[4, 15, 11, 6, 12, 1]","[1, 2, 1, 4, 4, 1]",0,3453.4122742520003
3,[],[],0,0.0
4,[],[],0,0.0
