,customer,weight,round,length
0,"[36, 39, 51, 1, 42, 45, 37, 9]","[1, 1, 1, 2, 1, 4, 3, 1]",0,9601.638756653
1,"[21, 23, 25, 59, 17, 24, 33, 54]","[1, 1, 4, 2, 1, 1, 1, 3]",0,4574.039900908
2,[],[],0,0.0
3,[],[],0,0.0
4,[],[],0,0.0
