,customer,weight,round,length
0,[],[],0,0.0
1,[],[],0,0.0
2,"[15, 138, 21, 22, 89, 71, 64, 24, 129, 74, 58]","[1, 1, 1, 2, 1, 1, 2, 2, 1, 1, 1]",0,3905.0488669799993
3,"[105, 14]","[2, 6]",0,276.53584516850003
4,"[26, 27, 95, 136, 47, 46, 106, 137, 98, 97, 103, 76]","[1, 1, 1, 1, 1, 2, 1, 2, 1, 1, 1, 1]",0,7191.3512282030015
