,customer,weight,round,length
0,"[98, 36, 142]","[1, 8, 6]",0,3815.2857241789998
1,"[46, 136, 45, 7, 5, 111, 102]","[2, 1, 2, 1, 1, 4, 4]",0,5006.812628874
2,"[76, 103, 59, 2, 0, 12]","[1, 1, 1, 7, 4, 1]",0,5266.1557257449995
3,[14],[6],0,109.4766128088
4,"[105, 26, 106, 95, 71, 21, 24, 129]","[2, 1, 1, 1, 1, 1, 2, 1]",0,4305.3461183771
