,customer,weight,round,length
0,[],[],0,0.0
1,"[32, 34, 35, 24, 5, 33]","[2, 2, 4, 5, 1, 1]",0,4449.108978112
2,"[42, 41, 31]","[1, 1, 1]",0,351.8327253458
3,"[37, 14, 45, 50, 29, 43]","[2, 2, 1, 6, 3, 1]",0,1269.9163345688
