,task,distance
0,[0],117.4523962402
1,[1],0.0
2,[2],1645.4472702772
3,[3],1281.95903135
