,customer,weight,round,length
0,"[224, 223, 144, 136, 138, 15, 55, 113, 35, 36]","[1, 1, 1, 2, 1, 1, 1, 1, 5, 1]",0,7437.7411354549995
1,"[236, 29, 160, 256, 168, 232, 234, 235, 33, 75]","[1, 1, 1, 1, 4, 1, 1, 3, 1, 1]",0,13049.42336575
2,"[147, 219, 44, 47, 46, 100, 242, 214, 25, 157, 240, 53]","[2, 1, 1, 1, 1, 1, 1, 1, 2, 2, 1, 1]",0,4755.8189014843
