,customer,weight,round,length
0,"[146, 147, 15, 148, 95, 149, 111, 185, 186]","[1, 2, 1, 1, 1, 1, 1, 1, 2]",0,1760.4305646136002
1,"[51, 48, 19, 113]","[2, 1, 1, 2]",0,1126.2240782949998
2,"[139, 24, 133, 120, 26, 53]","[2, 1, 2, 2, 3, 1]",0,3883.4710736399998
3,[],[],0,0.0
