,task,distance
0,[0],6218.750586756
1,[1],1289.636173719
2,[2],2346.213711355
3,[3],359.611023088
