,task,distance
0,[0],7572.4928071825
1,[1],1416.362017174
2,[2],0.0
3,[3],0.0
