,task,distance
0,[0],0.0
1,[1],3430.2020415746
2,[2],2265.706131091
3,[3],0.0
