,task,distance
0,[0],2896.03164998
1,[1],207.79886865
2,[2],3103.830518625
