,customer,weight,round,length
0,"[44, 45]","[2, 1]",0,1084.088042485
1,[],[],0,0.0
2,[],[],0,0.0
3,"[177, 151, 176, 215, 150, 101, 180, 237, 179, 178]","[2, 2, 1, 1, 1, 1, 2, 2, 1, 1]",0,4865.268021565
