,customer,weight,round,length
0,"[195, 95, 103, 173, 145, 16, 154]","[1, 1, 2, 3, 1, 1, 1]",0,9119.355695765
1,[],[],0,0.0
2,"[140, 223, 39, 38, 155]","[1, 2, 1, 1, 1]",0,2002.64432522
3,[],[],0,0.0
