,customer,weight,round,length
0,[6],[15],0,3590.25646672
1,[6],[15],0,3590.25646672
2,"[6, 15, 43, 46, 52, 10, 44, 41]","[8, 1, 1, 1, 1, 1, 1, 1]",0,7783.468727109
3,[],[],1,0.0
4,[],[],1,0.0
5,"[42, 23]","[3, 5]",1,2577.865833502
