,customer,weight,round,length
0,"[0, 11, 2, 3, 9]","[10, 1, 1, 2, 1]",0,4762.231571038999
1,[0],[15],0,1078.253668916
2,"[23, 45, 47, 5]","[12, 1, 1, 1]",0,7098.675434453
