,customer,weight,round,length
0,[6],[15],0,221.103008428
1,[6],[15],0,221.103008428
2,[6],[15],0,221.103008428
3,[],[],1,0.0
4,[24],[10],1,993.487508298
5,"[51, 20, 18, 19, 11, 44, 6]","[1, 1, 1, 1, 1, 1, 2]",1,4146.229382971
