,task,distance
0,[0],4762.231571038999
1,[1],1078.253668916
2,[2],7098.675434453
