,task,distance
0,[0],8307.818308007001
1,[1],226.009948064
2,[2],226.009948064
