,customer,weight,round,length
0,"[33, 44]","[1, 14]",0,1068.331613774
1,"[79, 82, 18, 34, 83, 85, 36, 71, 32]","[6, 1, 2, 1, 1, 1, 1, 1, 1]",0,2452.843392168
2,"[72, 79, 74, 15]","[1, 8, 1, 5]",1,2666.1663392043
3,"[79, 86, 29]","[13, 1, 1]",1,1121.6374699222
4,"[8, 13, 95, 94, 24, 76, 75, 22, 21, 48, 11, 77, 78]","[1, 1, 1, 1, 2, 1, 1, 2, 1, 1, 1, 1, 1]",2,3839.9419835418003
5,"[54, 64, 69, 68, 45, 59, 60, 57, 25, 19, 43, 42, 1, 41]","[1, 1, 1, 1, 1, 1, 1, 1, 2, 1, 1, 1, 1, 1]",2,3399.1465583624
6,[],[],3,0.0
7,"[49, 10, 62, 61, 3, 2, 87, 88, 20, 70]","[1, 1, 1, 1, 1, 1, 1, 1, 1, 1]",3,3990.6101420406
