,task,distance
0,"[0, 3, 5, 6]",5403.575626011
1,"[1, 2, 4, 7]",4384.23528699
