,customer,weight,round,length
0,"[42, 94, 43, 41, 118, 123, 140, 34, 36]","[1, 2, 1, 1, 4, 1, 1, 3, 1]",0,3151.3266354059997
1,"[98, 96, 146, 23, 22, 35, 112, 106, 126, 45, 89]","[1, 1, 1, 1, 1, 3, 1, 1, 2, 2, 1]",0,3879.5179493626
2,[],[],1,0.0
3,"[58, 174]","[1, 1]",1,3156.028611546
