,customer,weight,round,length
0,"[140, 41, 94, 42, 98, 96, 112, 26, 134, 78, 110]","[1, 1, 2, 1, 1, 1, 1, 1, 4, 1, 1]",0,5991.930961927999
1,"[129, 165, 164, 162, 166, 75]","[3, 4, 2, 3, 1, 2]",0,2658.0760300290003
2,"[65, 103, 54, 158, 8, 60]","[2, 1, 1, 1, 1, 2]",1,3303.65802589
3,[],[],1,0.0
