,customer,weight,round,length
0,"[21, 49, 5, 6, 11, 43, 8, 28, 40, 36, 35, 25]","[1, 2, 1, 2, 1, 1, 1, 1, 1, 1, 2, 1]",0,4567.2829364961
1,"[22, 23, 20]","[2, 2, 1]",0,362.5138908572
