,task,distance
0,[0],15878.1108101663
1,[1],408.5579088944
2,[2],42.383327144
