,customer,weight,round,length
0,[],[],0,0.0
1,[],[],0,0.0
2,"[85, 86, 36, 62, 28, 33, 34, 58, 77, 76]","[1, 1, 1, 1, 3, 1, 1, 1, 3, 2]",0,2963.34578099
3,"[60, 83, 39, 75, 81, 30, 29, 82, 84]","[2, 1, 2, 3, 2, 1, 1, 1, 1]",0,1419.6839117958
4,"[53, 70, 55, 88, 66, 49, 50]","[2, 3, 3, 2, 2, 1, 1]",0,2229.1395839541
