,task,distance
0,[0],0.0
1,[1],0.0
2,[2],3780.5100185461
3,[3],3445.365340763
4,[4],1151.3365012505
