,customer,weight,round,length
0,"[152, 67, 44, 192, 115, 201, 121, 161, 132, 77, 204, 19]","[1, 1, 1, 2, 1, 1, 1, 2, 1, 2, 1, 1]",0,21803.302434686
1,"[88, 127, 24, 185, 187, 63, 177, 34, 247, 176, 123, 160]","[1, 1, 1, 2, 1, 2, 1, 1, 1, 2, 1, 1]",1,2000027625.2875276
