,task,distance
0,[0],2366.464367607
1,[1],3572.291202975
