,customer,weight,round,length
0,"[22, 23, 24, 25, 20, 31, 26, 43, 15, 11, 10]","[2, 1, 1, 1, 3, 2, 1, 1, 1, 1, 1]",0,8391.762681243401
1,[50],[11],0,204.480113214
2,[],[],0,0.0
3,"[21, 27]","[1, 1]",0,4438.175714317
4,[50],[12],0,204.480113214
