,task,distance
0,[0],8391.762681243401
1,[1],204.480113214
2,[2],0.0
3,[3],4438.175714317
4,[4],204.480113214
