,task,distance
0,[0],204.480113214
1,[1],0.0
2,[2],204.480113214
3,[3],8035.4860767214
4,[4],0.0
