,customer,weight,round,length
0,"[75, 23, 73, 74]","[9, 4, 1, 1]",0,935.5150013667
1,"[23, 31, 30, 25, 4]","[4, 1, 2, 4, 4]",1,2073.981237527
2,"[103, 83, 27, 21]","[1, 2, 1, 1]",2,7879.440080265
