,customer,weight,round,length
0,"[69, 20, 50, 13, 51, 45, 46, 48, 91, 44, 52]","[1, 1, 2, 1, 1, 1, 1, 1, 2, 1, 3]",0,4059.9450541776996
1,"[69, 106]","[1, 3]",1,5740.7888609209995
