,customer,weight,round,length
0,"[96, 59, 11, 65, 57, 102, 66, 64, 15, 63]","[3, 2, 3, 1, 1, 1, 1, 1, 1, 1]",0,2409.9538946779
1,"[97, 104, 105]","[1, 1, 1]",1,1256.497367097
