,customer,weight,round,length
0,[83],[2],0,274.129526978
1,"[50, 49, 71, 72, 38, 39, 40, 46]","[1, 4, 2, 1, 1, 1, 3, 2]",0,1528.0274366022
2,"[127, 48, 69, 58, 93, 65, 67, 51, 56, 44]","[3, 2, 1, 2, 1, 2, 1, 1, 1, 1]",0,4002.073868805
3,[],[],0,0.0
