,customer,weight,round,length
0,"[108, 53, 55, 62, 107, 106, 105, 49, 89, 17, 137]","[1, 1, 1, 1, 1, 1, 2, 3, 2, 1, 1]",0,2527.8781743309
1,"[94, 93, 81, 141, 101, 3, 18, 11, 82, 102, 52, 54, 35]","[1, 1, 1, 2, 1, 1, 1, 1, 2, 1, 1, 1, 1]",1,29810.381731749
