,customer,weight,round,length
0,"[44, 65, 37, 75]","[1, 3, 2, 2]",0,2752.2294206918
1,[],[],0,0.0
2,"[44, 55, 35, 34, 81, 97, 82, 108, 45]","[1, 1, 1, 1, 1, 3, 4, 2, 1]",0,5557.646469697801
3,[],[],0,0.0
