,task,distance
0,[0],541.8717389625
1,[1],5307.219982925599
2,[2],316.094772062
3,[3],0.0
