,task,distance
0,[0],8255.321637277999
1,[1],0.0
2,[2],491.701582982
3,[3],8013.570536656
