,customer,weight,round,length
0,[],[],0,0.0
1,"[0, 70, 77, 50, 75, 6, 47, 81]","[1, 1, 1, 1, 2, 2, 1, 1]",0,2768.2189184326003
2,[],[],0,0.0
3,"[10, 40, 99, 84, 93, 91, 86, 101, 96, 111, 106, 105]","[1, 2, 1, 1, 1, 1, 1, 1, 1, 1, 1, 1]",0,4218.247109132999
