,task,distance
0,[0],2707.7439558071005
1,[1],1630.5029673719
2,[2],468.740552694
3,[3],0.0
