,task,distance
0,[0],0.0
1,[1],5422.262535972
2,[2],3123.6473304779
3,[3],0.0
