,task,distance
0,[0],3536.2605843209994
1,[1],0.0
2,[2],3504.8954842057
3,[3],0.0
