,customer,weight,round,length
0,[],[],0,0.0
1,[79],[13],0,193.0679152404
2,[],[],0,0.0
3,[79],[14],0,193.0679152404
4,"[33, 18, 15, 42, 57, 75, 11, 10, 62, 45]","[1, 2, 5, 1, 1, 1, 1, 1, 1, 1]",0,5396.28388594
