,customer,weight,round,length
0,[],[],0,0.0
1,[],[],0,0.0
2,[79],[14],0,193.0679152404
3,[79],[15],0,193.0679152404
4,"[33, 83, 36, 70, 77, 78, 68, 72, 29, 86, 79]","[1, 1, 1, 1, 1, 1, 1, 1, 1, 1, 5]",0,5298.7894341022
