,customer,weight,round,length
0,"[123, 83, 15, 84, 82, 81, 26, 14, 13]","[1, 2, 2, 2, 1, 2, 1, 2, 2]",0,3130.0370223335
1,"[16, 77, 78, 6, 39, 116, 25, 80, 12]","[2, 1, 2, 1, 1, 1, 2, 1, 4]",1,4627.748261705
2,"[34, 20]","[1, 3]",2,4187.1335058
