,customer,weight,round,length
0,[62],[4],0,116.2422052064
1,[],[],0,0.0
2,"[3, 89, 57, 103, 63, 102, 98, 86, 2]","[1, 2, 3, 1, 1, 1, 1, 1, 2]",0,2808.2637842139998
