,customer,weight,round,length
0,"[73, 50, 44, 42, 57, 58, 3, 87, 100]","[1, 1, 4, 1, 3, 2, 1, 1, 1]",0,4257.513586909
1,[78],[1],0,139.6484361746
2,[],[],0,0.0
