,customer,weight,round,length
0,"[5, 1, 4, 0]","[2, 1, 4, 6]",0,9733.4898612215
1,[3],[14],0,249.229065696
2,[3],[12],0,249.229065696
