,task,distance
0,[0],13505.099553831998
1,[1],13708.2804625368
2,[2],0.0
3,[3],15205.183966727802
