,task,distance
0,[0],0.0
1,[1],8982.54038664
2,[2],0.0
3,[3],8982.54038664
4,[4],0.0
