,task,distance
0,[0],260.993680116
1,[1],2719.91264648
