,task,distance
0,[0],2460.80404498
1,[1],0.0
2,[2],4105.120722912
3,[3],0.0
4,[4],0.0
