,customer,weight,round,length
0,"[37, 31, 15, 17]","[3, 3, 3, 2]",0,1851.5815370110001
1,"[100, 78, 93, 95, 90, 85, 81, 108, 25, 60]","[1, 1, 1, 1, 1, 1, 1, 1, 1, 1]",0,8763.705837106998
