,task,distance
0,[0],6572.106457634999
1,[1],2709.385520053
