,task,distance
0,"[0, 2, 5, 7]",23860.240405956298
1,"[1, 3, 4, 6]",21153.1030507108
