,customer,weight,round,length
0,"[106, 108, 69, 61, 32, 90, 89]","[2, 1, 2, 2, 3, 2, 1]",0,2117.0114126406997
1,[],[],0,0.0
2,"[45, 4, 104, 59, 50, 83, 84]","[1, 1, 1, 1, 1, 1, 1]",0,2134.004003995
3,[],[],0,0.0
