,task,distance
0,[0],6733.707066515
1,[1],0.0
2,[2],0.0
3,[3],8192.1777125761
