,task,distance
0,[0],0.0
1,[1],2858.0241617600004
2,[2],3755.000659756
3,[3],5569.913688959
4,[4],0.0
