,task,distance
0,[0],5891.047816825999
1,[1],3753.458370024
2,[2],0.0
3,[3],1899.630411295
4,[4],0.0
