,customer,weight,round,length
0,[],[],0,0.0
1,"[60, 103, 25, 86, 19, 20, 52, 39, 68, 67, 89]","[2, 1, 1, 1, 1, 1, 1, 1, 1, 1, 1]",0,3769.9601770200006
2,"[38, 33, 109, 59, 57, 97, 83, 3, 58, 116]","[1, 1, 1, 2, 2, 1, 1, 1, 4, 1]",0,5193.392771530001
