,task,distance
0,[0],0.0
1,[1],3769.9601770200006
2,[2],5193.392771530001
