,task,distance
0,[0],3497.153650906
1,[1],597.52470829
2,[2],2508.1316033295
