,customer,weight,round,length
0,"[22, 63, 73, 68, 69, 72, 3, 10, 9, 54, 21]","[2, 1, 1, 1, 1, 1, 1, 1, 1, 3, 2]",0,3192.431095669
1,"[73, 33, 36, 30, 62, 41]","[1, 2, 3, 2, 3, 4]",1,3213.6485796350003
2,"[59, 25, 42, 0, 29]","[1, 2, 1, 1, 1]",2,2867.650411356
