,task,distance
0,[0],0.0
1,[1],11672.071787885
2,[2],4915.823901413
3,[3],0.0
