,customer,weight,round,length
0,"[78, 79, 74, 118, 119, 33, 37, 108, 29, 71, 90, 56]","[1, 1, 1, 1, 1, 2, 2, 2, 1, 1, 1, 1]",0,6270.945517335
1,"[93, 94, 124, 34, 3]","[1, 1, 1, 1, 1]",0,1191.1915255591
