,task,distance
0,[0],9383.49506959
1,[1],2542.533928217
