,customer,weight,round,length
0,"[64, 68, 69, 48, 58, 1, 3, 31, 18, 62]","[5, 1, 1, 1, 1, 1, 1, 1, 2, 1]",0,2897.6767357800004
1,"[74, 73, 48, 79, 32]","[1, 1, 1, 2, 1]",1,3238.8754543145
