,customer,weight,round,length
0,"[57, 94, 93, 29, 87, 84, 89, 4, 13]","[1, 2, 1, 2, 1, 3, 1, 1, 3]",0,5589.751957242001
1,"[73, 83, 48, 32, 3]","[1, 4, 2, 1, 1]",1,3350.243561341
