,customer,weight,round,length
0,"[77, 63, 65, 67, 66, 64, 55, 127, 60]","[1, 2, 2, 1, 1, 1, 1, 3, 2]",0,1611.5514228858997
1,"[20, 72, 22, 21, 82]","[1, 1, 2, 2, 1]",0,1591.2960392292
2,[],[],0,0.0
3,[],[],0,0.0
4,"[58, 38, 57, 62, 93, 94]","[1, 3, 3, 3, 1, 2]",0,1784.5034805281
