,task,distance
0,[0],1611.5514228858997
1,[1],1591.2960392292
2,[2],0.0
3,[3],0.0
4,[4],1784.5034805281
