,task,distance
0,"[0, 5]",6907.3961994
1,"[1, 4]",8151.629589877401
2,"[2, 3]",6701.7637676193
