,task,distance
0,"[0, 5]",7131.9220568044
1,"[1, 4]",7041.5888159523
2,"[2, 3]",6173.455338107
