,customer,weight,round,length
0,[8],[3],0,747.13240622
1,"[50, 64, 25, 73, 80, 91, 0, 106, 47]","[2, 1, 1, 1, 2, 2, 1, 3, 1]",0,10947.349336631
