,customer,weight,round,length
0,"[48, 47, 53, 13, 11, 2, 65, 3, 12]","[1, 1, 2, 1, 1, 2, 1, 3, 3]",0,3108.9624389579003
1,"[25, 1, 63, 46, 45, 9, 62, 64, 32, 60, 8, 16, 21, 20]","[1, 1, 1, 1, 1, 1, 1, 1, 1, 2, 1, 1, 1, 1]",1,7403.239250720999
2,[39],[1],2,3987.07894186
