,task,distance
0,"[0, 9]",4915.895745094999
1,"[1, 6]",8394.942786539
2,"[2, 7]",5999.362362901
3,"[3, 5]",8948.299160350001
4,"[4, 8]",5980.757295996001
