,customer,weight,round,length
0,"[48, 43, 141, 144, 28, 29, 55, 131, 8, 101, 149, 63]","[1, 1, 2, 1, 1, 1, 1, 2, 1, 2, 1, 1]",0,6665.806932269999
1,"[59, 110, 84, 69, 71, 70, 108]","[2, 1, 1, 3, 3, 2, 1]",0,2032.0438198245997
2,"[24, 129, 76, 77, 0, 1, 12, 80]","[1, 1, 1, 3, 2, 2, 2, 3]",0,4090.9161696243
3,"[51, 50, 128, 91, 22, 152, 98, 32, 35, 139]","[1, 5, 1, 2, 1, 1, 1, 1, 1, 1]",0,6068.530563287001
4,"[97, 54, 53]","[2, 1, 1]",0,738.1474336
