,task,distance
0,[0],3134.120658037
1,[1],1883.963465946
2,[2],4075.64320402
3,[3],2061.4997784298
4,[4],149.5028722738
