,customer,weight,round,length
0,"[84, 9, 33, 78, 77, 5, 26, 105, 98]","[2, 1, 1, 2, 1, 1, 2, 1, 2]",0,2815.502591059
1,"[115, 116, 40, 44, 30, 53, 108, 52, 65, 51, 62]","[2, 1, 3, 1, 1, 1, 1, 1, 1, 1, 1]",0,2947.523386407
2,"[59, 49, 48, 6, 107, 106, 94]","[2, 1, 1, 1, 1, 1, 2]",0,2161.055840613
