,customer,weight,round,length
0,"[192, 231, 43, 233, 150, 72, 261, 23]","[2, 1, 1, 1, 1, 2, 1, 2]",0,5278.4920068110005
1,"[19, 210, 80, 269, 90, 49, 125, 120, 132, 134, 77]","[1, 1, 2, 1, 1, 2, 1, 1, 3, 1, 1]",0,2000011517.647615
2,[],[],0,0.0
3,"[76, 77, 84, 187, 186, 142, 106, 69, 34, 248, 7]","[3, 1, 2, 1, 1, 1, 2, 1, 1, 1, 1]",0,38407.173085761
