,task,distance
0,[0],2000003631.0167148
1,[1],2000007184.4056468
2,[2],0.0
3,[3],2000003774.8917289
