,customer,weight,round,length
0,"[49, 128, 48, 45, 42, 29, 54, 30, 119, 102]","[1, 1, 1, 3, 2, 1, 2, 2, 1, 1]",0,2931.4334874
1,"[103, 22, 2, 46, 4, 33, 69, 34, 40, 35, 5]","[1, 1, 2, 2, 1, 2, 2, 1, 1, 1, 1]",0,2233.0463663419005
2,"[104, 32]","[1, 1]",0,295.9524262702
3,[],[],0,0.0
4,"[65, 81, 66, 67, 58, 68, 10, 56, 15]","[1, 3, 1, 1, 1, 2, 1, 2, 2]",0,2546.0967865489997
