,customer,weight,round,length
0,[],[],0,0.0
1,"[103, 119, 30, 31, 121, 106, 98, 99, 42, 49]","[1, 1, 2, 2, 1, 3, 1, 1, 2, 1]",0,2519.8992891129
2,"[78, 108, 83, 72, 131, 63, 6, 110, 69, 34, 35]","[4, 1, 1, 1, 1, 1, 1, 1, 2, 1, 1]",0,2000003432.8205338
3,[],[],0,0.0
4,"[67, 94, 92, 10, 56, 15, 125, 22, 4, 46, 1]","[1, 1, 2, 1, 2, 2, 1, 1, 1, 2, 1]",0,3630.135972229
