,customer,weight,round,length
0,[],[],0,0.0
1,"[42, 23, 8, 15, 40]","[1, 1, 3, 3, 3]",0,5649.7563029
2,[40],[15],0,89.108757036
