,customer,weight,round,length
0,"[34, 70, 59, 22, 41, 13, 65]","[1, 1, 1, 1, 1, 4, 6]",0,4246.964342504
1,"[25, 0, 5, 68, 1, 49]","[1, 1, 1, 1, 1, 3]",1,3118.168310741
