,customer,weight,round,length
0,"[29, 33, 70, 73, 60, 34]","[7, 1, 1, 1, 1, 4]",0,1788.9556930473002
1,"[28, 69, 5, 57, 31, 62]","[1, 2, 1, 1, 1, 1]",1,2652.9876142900002
