,customer,weight,round,length
0,[54],[1],0,80.0735478658
1,"[65, 1, 81]","[3, 1, 3]",0,1132.95000141
2,"[85, 89, 61, 9, 18, 79, 20, 23, 13, 26, 24, 48]","[1, 1, 1, 1, 1, 2, 2, 2, 1, 1, 1, 1]",0,4534.299206838
3,[],[],0,0.0
4,[],[],0,0.0
