,task,distance
0,[0],1587.838631005
1,[1],7172.6441669784
2,[2],0.0
3,[3],0.0
4,[4],0.0
