,customer,weight,round,length
0,"[239, 51, 213, 229, 4, 237, 6, 24, 140]","[3, 2, 1, 1, 1, 2, 1, 2, 2]",0,5522.397763518001
1,"[44, 94, 182, 181, 38, 111, 53, 19, 7, 206]","[1, 2, 2, 3, 1, 1, 1, 1, 2, 1]",0,8615.178170227002
2,"[118, 126, 87, 58, 25, 144, 217, 183]","[1, 1, 5, 1, 2, 3, 1, 1]",0,6910.015822937001
3,"[196, 202, 114, 57, 250, 152, 149, 86, 242, 162]","[1, 1, 1, 1, 1, 1, 1, 1, 1, 1]",1,8887.176462966
4,[],[],1,0.0
5,[],[],1,0.0
