,customer,weight,round,length
0,"[93, 53, 68, 99, 24, 85, 44]","[2, 3, 1, 1, 1, 1, 4]",0,4082.196186207
1,[],[],0,0.0
2,[54],[3],0,109.4698320574
3,[],[],0,0.0
4,"[56, 55]","[4, 5]",0,673.087658424
