,customer,weight,round,length
0,[],[],0,0.0
1,[62],[4],0,116.2422052064
2,[],[],0,0.0
3,"[2, 86, 98, 102, 63, 103, 57, 89, 3]","[2, 1, 1, 1, 1, 1, 3, 2, 1]",0,2808.2637842139998
4,[],[],0,0.0
