,task,distance
0,[0],1232.36133208
1,[1],3732.023874925
2,[2],1471.339442851
3,[3],0.0
4,[4],0.0
