,customer,weight,round,length
0,"[100, 102, 13, 104, 65, 33, 40, 36]","[1, 1, 1, 1, 1, 6, 3, 1]",0,2624.1549873780004
1,"[44, 9, 79, 10, 14, 73, 27, 25, 24, 82, 80, 23, 95, 96]","[1, 1, 2, 1, 1, 1, 1, 1, 1, 1, 1, 1, 1, 1]",0,3500.649999596
2,"[57, 69, 68, 22, 20, 67, 19, 16, 4, 91, 77, 29, 30]","[1, 1, 1, 1, 1, 1, 1, 1, 1, 1, 1, 2, 1]",1,3566.8139499449994
3,"[63, 41, 75, 15, 76, 3]","[1, 1, 1, 1, 1, 4]",1,2569.7100642100004
