,customer,weight,round,length
0,"[66, 18, 91, 23, 105, 128, 28, 130, 119, 117, 13]","[1, 1, 1, 1, 1, 1, 2, 1, 2, 2, 2]",0,2000002512.8178475
1,[],[],0,0.0
2,"[83, 82, 92, 29, 103, 102, 60]","[2, 4, 1, 3, 3, 1, 1]",0,2000002433.0087655
3,[87],[1],0,85.138421418
4,"[114, 84, 72, 57, 19, 56, 69, 70, 88]","[2, 1, 2, 2, 1, 2, 1, 1, 3]",0,2018.236216936
