,task,distance
0,[0],13887.05883713
1,[1],8272.06876184
