,customer,weight,round,length
0,[],[],0,0.0
1,"[8, 0, 14, 28, 26, 30, 29, 21, 27]","[1, 2, 1, 3, 3, 1, 1, 1, 2]",0,5851.151663076
2,[],[],0,0.0
3,"[1, 4, 33, 34, 3, 17, 38, 22, 23, 24, 25]","[1, 1, 1, 1, 1, 1, 1, 1, 1, 4, 2]",0,3525.51279727
4,"[42, 41]","[1, 1]",0,543.0094545540999
