,task,distance
0,[0],0.0
1,[1],5851.151663076
2,[2],0.0
3,[3],3525.51279727
4,[4],543.0094545540999
