,customer,weight,round,length
0,"[24, 56, 65, 5, 68, 69, 54, 25]","[5, 1, 3, 2, 1, 1, 1, 1]",0,3873.5770096868
1,[45],[1],1,990.98025387
