,customer,weight,round,length
0,"[161, 142, 106, 108, 207, 198, 85, 146, 125, 202, 16, 190, 188]","[2, 1, 1, 1, 1, 1, 1, 1, 1, 1, 2, 1, 1]",0,12089.562249736999
1,"[76, 77, 116, 114, 54, 165]","[1, 1, 1, 1, 1, 1]",0,3664.441209503
2,"[94, 35, 132, 23, 157, 213, 97, 152, 149, 201]","[1, 1, 4, 1, 1, 1, 2, 1, 1, 1]",0,2000028943.1425812
