,customer,weight,round,length
0,"[37, 62, 120, 23, 35, 21, 48, 49, 50, 11, 14, 98, 43, 44]","[1, 1, 1, 1, 1, 1, 1, 1, 1, 1, 1, 1, 2, 1]",0,3930.2268636850004
1,"[38, 136, 138, 115, 137, 126, 179, 65, 178, 60, 61, 154]","[1, 1, 1, 1, 1, 2, 2, 1, 1, 1, 1, 1]",1,5596.263368032
