,customer,weight,round,length
0,"[22, 13, 37, 14, 15, 30, 27, 10, 0, 12, 7]","[1, 1, 1, 2, 1, 1, 3, 2, 1, 1, 1]",0,3930.1894197837996
1,"[24, 4]","[2, 6]",0,434.829973832
