,task,distance
0,[0],789.9466336539
1,[1],1945.1265295834005
