,customer,weight,round,length
0,"[96, 59, 175, 139, 183, 54, 55, 182, 157, 160, 162, 163, 189, 45, 44]","[1, 1, 1, 1, 1, 1, 1, 1, 1, 1, 1, 1, 1, 1, 1]",0,5484.758380086099
1,"[95, 81, 75, 0, 19, 18, 187, 117, 170, 113]","[1, 2, 1, 1, 2, 1, 2, 1, 2, 2]",0,4344.701850922001
2,"[124, 48, 164, 47, 166, 155]","[1, 2, 2, 2, 2, 1]",0,2115.088761807
3,"[51, 128, 130, 129, 192]","[2, 1, 1, 2, 2]",0,1686.7087052329998
4,"[125, 24, 30, 147, 61, 67, 41, 60, 150, 105, 144, 36, 35]","[2, 1, 1, 1, 1, 1, 1, 1, 1, 2, 1, 1, 1]",0,4581.585610972001
