,customer,weight,round,length
0,"[95, 85, 24, 134, 33, 128, 49]","[1, 1, 1, 1, 1, 4, 5]",0,3638.659266017
1,"[21, 139, 80]","[12, 2, 1]",0,1189.563409831
2,[21],[15],0,204.671487188
