,customer,weight,round,length
0,"[35, 38, 39, 99, 36, 96, 95, 97, 37]","[2, 1, 1, 1, 2, 1, 2, 2, 3]",0,1702.304131561
1,"[69, 71]","[1, 1]",1,1264.5592288369999
