,customer,weight,round,length
0,"[51, 40, 57, 97, 37, 112]","[1, 3, 1, 1, 3, 6]",0,5433.941654983
1,"[5, 35, 109, 39, 38]","[1, 2, 1, 1, 1]",1,5371.478451784
