,customer,weight,round,length
0,[],[],0,0.0
1,[43],[4],0,468.740552694
2,[],[],0,0.0
3,"[0, 2, 6, 109, 55, 54, 82, 18, 117, 11, 10]","[1, 1, 2, 1, 2, 1, 1, 1, 2, 1, 1]",0,2824.6905759010997
