,task,distance
0,[0],0.0
1,[1],8260.383057368
2,[2],0.0
3,[3],0.0
4,[4],8461.162875018
