,customer,weight,round,length
0,[],[],0,0.0
1,"[50, 26, 3, 6, 35, 66, 44, 45, 68, 34, 32]","[1, 1, 1, 1, 2, 1, 1, 1, 1, 1, 1]",0,5927.1453198849995
2,[61],[5],0,224.486432414
