,task,distance
0,[0],0.0
1,[1],0.0
2,[2],2899.6073291364005
3,[3],862.4950433839999
4,[4],0.0
