,task,distance
0,[0],6314.6439640280005
1,[1],2247.593431343
2,[2],4946.05527182
3,[3],5503.351091165
