,task,distance
0,[0],0.0
1,[1],181.4443701256
2,[2],7983.746118904
3,[3],181.4443701256
4,[4],0.0
