,task,distance
0,[0],204.480113214
1,[1],8277.785729399
2,[2],0.0
3,[3],0.0
4,[4],204.480113214
