,customer,weight,round,length
0,"[119, 123, 124, 126, 112, 49, 106, 95, 110, 81]","[1, 1, 1, 1, 1, 1, 1, 4, 1, 1]",0,5576.759549156201
1,"[65, 122, 23, 0]","[4, 1, 2, 1]",0,2518.069907984
2,[],[],0,0.0
