,customer,weight,round,length
0,[],[],0,0.0
1,"[88, 109, 110]","[1, 6, 1]",0,343.1712173844
2,"[40, 81, 136, 84, 38, 90, 78, 102, 125, 30, 112]","[1, 1, 3, 1, 1, 1, 1, 1, 1, 1, 1]",0,3463.017714168
