,customer,weight,round,length
0,"[96, 36, 47, 95]","[2, 1, 2, 4]",0,1976.7178279629998
1,"[106, 50, 17, 22, 29, 103, 43, 115, 49, 48]","[1, 1, 1, 1, 1, 1, 1, 1, 1, 4]",0,7303.6358574698
2,[],[],0,0.0
