,task,distance
0,[0],0.0
1,[1],343.1712173844
2,[2],3463.017714168
