,task,distance
0,[0],1563.8587068976
1,[1],4463.763407289401
2,[2],0.0
