,customer,weight,round,length
0,"[47, 9, 10, 49, 78, 75, 41, 42]","[1, 1, 1, 1, 1, 3, 2, 5]",0,2274.445682481
1,"[76, 77, 87, 31, 32]","[2, 1, 5, 3, 4]",0,1111.6622034355
2,"[30, 34, 38]","[1, 6, 1]",1,4206.746991087
3,[],[],1,0.0
