,customer,weight,round,length
0,"[23, 101, 100, 55, 73]","[1, 1, 4, 1, 1]",0,1504.5487161123
1,"[53, 74, 94, 62, 85, 29, 18, 82, 66, 64, 102]","[1, 1, 1, 1, 1, 1, 1, 2, 1, 1, 1]",0,5145.9345294753
