,task,distance
0,[0],1504.5487161123
1,[1],5145.9345294753
