,customer,weight,round,length
0,[],[],0,0.0
1,"[26, 11, 16, 18, 4, 8, 21, 15, 24, 25]","[1, 1, 1, 1, 1, 1, 1, 1, 1, 1]",0,3847.7185821552002
2,[],[],0,0.0
3,"[13, 1, 22, 2]","[5, 4, 5, 1]",0,1272.048523134
4,[],[],0,0.0
