,task,distance
0,[0],1523.352941703
1,[1],47651.486209588
2,[2],0.0
3,[3],0.0
