,customer,weight,round,length
0,"[21, 23, 54, 33, 36, 45, 37, 9]","[1, 1, 3, 1, 1, 4, 3, 1]",0,6959.1332769109995
1,"[59, 17, 24, 25, 42, 1, 51, 39]","[2, 1, 1, 4, 1, 2, 1, 1]",1,10459.52192146
