,customer,weight,round,length
0,"[10, 59, 98]","[4, 10, 1]",0,3129.661556934
1,"[79, 18]","[1, 14]",0,4341.532904227
2,"[72, 18, 60, 89]","[1, 11, 2, 1]",0,4874.5769920269995
3,[18],[15],0,4265.18344542
4,"[77, 52, 100, 92, 49]","[4, 2, 2, 1, 1]",0,2979.12542908
