,customer,weight,round,length
0,"[10, 47, 88, 24, 111, 39, 68, 51, 34, 50]","[1, 1, 2, 1, 1, 1, 1, 1, 1, 1]",0,5727.0575154200005
1,"[64, 79, 38, 65, 109]","[1, 1, 1, 2, 1]",0,955.8033985198
2,[],[],0,0.0
3,[],[],0,0.0
