,customer,weight,round,length
0,"[10, 9, 8, 7, 134, 118, 119, 121]","[2, 1, 1, 2, 2, 1, 2, 4]",0,3289.973851752
1,"[14, 141, 144, 143, 142, 139, 124, 91, 29, 128, 53]","[2, 1, 1, 1, 1, 1, 2, 1, 1, 2, 2]",0,3428.0027368317
2,"[27, 145, 101, 100, 12, 109, 1, 4, 5]","[3, 1, 2, 2, 1, 1, 2, 1, 2]",0,4111.2473999720005
3,"[67, 23, 24, 136, 47, 130, 45, 96, 132, 133, 95]","[1, 2, 1, 1, 1, 1, 4, 1, 1, 1, 1]",1,5367.804049236601
4,[],[],1,0.0
5,"[108, 155, 154, 17, 158, 157]","[1, 3, 1, 1, 1, 1]",1,3906.5828317100004
