,customer,weight,round,length
0,"[119, 44, 61, 114, 8, 108]","[1, 6, 1, 2, 4, 1]",0,14981.931677407001
1,"[46, 121, 30, 100, 70, 92, 72, 26]","[1, 1, 3, 1, 1, 1, 1, 1]",0,3966.039032138
