,task,distance
0,[0],435.0667058734
1,[1],15933.494544489002
