,task,distance
0,[0],0.0
1,[1],2690.357316232
2,[2],4338.402588946001
3,[3],4907.441600388001
4,[4],0.0
