,task,distance
0,[0],228.605068686
1,[1],4868.6973601400005
