,customer,weight,round,length
0,[7],[15],0,769.016189872
1,[7],[3],1,769.016189872
