,task,distance
0,[0],4217.158531462001
1,[1],0.0
2,[2],4314.275585131801
3,[3],0.0
