,task,distance
0,[0],0.0
1,[1],1988.135150041
2,[2],6028.865531971999
3,[3],0.0
