,task,distance
0,"[0, 3]",4784.039476192001
1,"[1, 2]",5218.916677387
