,task,distance
0,"[0, 3]",6531.362417841
1,"[1, 2]",4354.584165937
