,task,distance
0,[0],1053.665124891
1,[1],557.325380702
