,customer,weight,round,length
0,"[26, 76, 101, 0, 20, 71, 138, 74, 129]","[1, 1, 4, 4, 1, 1, 1, 1, 1]",0,7137.820002402001
1,"[61, 36]","[7, 8]",1,4209.673530764
