,task,distance
0,[0],0.0
1,[1],1892.318558966
2,[2],0.0
3,[3],2043.8470102238
