,customer,weight,round,length
0,[],[],0,0.0
1,"[9, 37, 45, 42, 1, 51, 39, 36]","[1, 3, 4, 1, 2, 1, 1, 1]",0,9601.638756653
2,"[21, 23, 25, 24, 17, 59, 33, 54]","[1, 1, 4, 1, 1, 2, 1, 3]",0,4574.039900907999
3,[],[],0,0.0
4,[],[],0,0.0
