,task,distance
0,[0],2902.455360352
1,[1],6936.2959389570005
2,[2],2890.09494696
