,task,distance
0,[0],0.0
1,[1],2840.874962168
2,[2],341.834138912
