,customer,weight,round,length
0,[21],[8],0,490.217573344
1,"[65, 12]","[5, 4]",0,1560.130349967
2,"[42, 25, 24, 1, 68, 48, 61, 4, 54]","[2, 1, 1, 1, 1, 3, 2, 1, 2]",0,2713.665272966
