,customer,weight,round,length
0,[9],[13],0,315.295058014
1,"[126, 95, 25, 74, 92, 46, 38, 14, 119, 34]","[1, 1, 1, 1, 1, 1, 1, 1, 1, 1]",0,14381.020032549999
