,task,distance
0,[0],6514.388633798
1,[1],13835.505905485
