,task,distance
0,[0],315.295058014
1,[1],14381.02003255
