,task,distance
0,[0],9173.4438010986
1,[1],10610.719117027002
