,customer,weight,round,length
0,[],[],0,0.0
1,[],[],0,0.0
2,"[26, 23, 38, 32, 29, 15]","[4, 1, 2, 2, 2, 1]",0,8110.3184594062
3,[26],[13],0,143.0183845444
