,customer,weight,round,length
0,"[108, 54]","[2, 3]",0,1209.4100783630001
1,"[41, 21, 84, 85, 132, 130, 59, 126, 94, 93, 111]","[1, 1, 1, 1, 1, 1, 2, 1, 1, 1, 2]",0,6801.57627648
2,"[5, 14]","[7, 2]",0,320.5634809398
3,[],[],0,0.0
