,task,distance
0,[0],3312.3344678158
1,[1],7536.235021989
