,task,distance
0,[0],225.954571292
1,[1],6799.348331932901
