,customer,weight,round,length
0,"[6, 67, 123, 177, 183, 131, 90, 58, 133, 157]","[1, 1, 1, 1, 2, 1, 1, 1, 5, 1]",0,21262.741672344
1,"[167, 29]","[1, 1]",0,1356.9072119879997
2,[],[],0,0.0
3,[],[],0,0.0
4,[133],[15],0,15560.31939824
