,customer,weight,round,length
0,"[54, 62, 63, 64, 47, 6, 7, 43, 45, 44, 30, 60, 59, 53]","[1, 1, 1, 1, 2, 1, 1, 1, 1, 1, 1, 1, 1, 1]",0,2604.3213449953
1,"[51, 52, 34, 23, 33]","[2, 2, 1, 7, 1]",0,1409.498896575
