,task,distance
0,[0],0.0
1,[1],276.486751662
2,[2],0.0
3,[3],2707.0371318955
4,[4],0.0
