,customer,weight,round,length
0,[],[],0,0.0
1,"[102, 69, 89, 93]","[3, 1, 1, 1]",0,4335.1414267
2,"[52, 9, 115, 66, 71, 107, 64, 80, 57, 128, 129]","[3, 1, 1, 1, 1, 1, 1, 1, 1, 1, 2]",0,7670.3809750969995
