,customer,weight,round,length
0,"[61, 46, 63, 28, 62]","[5, 1, 1, 1, 4]",0,1045.2249789139
1,"[7, 38, 21, 35, 24, 68]","[6, 1, 2, 2, 1, 1]",0,4059.8550099470003
2,"[32, 1, 0, 53, 34, 22, 30, 47]","[1, 2, 2, 1, 1, 1, 1, 2]",0,2317.698204634
