,task,distance
0,[0],0.0
1,[1],2635.7266176031
2,[2],2836.1819294873003
