,customer,weight,round,length
0,"[108, 27, 65, 67, 84, 5, 52, 43, 97, 130, 48]","[1, 2, 1, 1, 1, 3, 1, 1, 1, 1, 1]",0,5838.7749797964
1,[],[],0,0.0
2,"[7, 0, 99, 16, 145]","[1, 1, 1, 1, 2]",0,3004.416146154
