,task,distance
0,[0],5838.7749797964
1,[1],0.0
2,[2],3004.416146154
