,customer,weight,round,length
0,"[97, 40, 25, 18, 72, 22, 49, 100]","[2, 1, 1, 6, 1, 1, 1, 2]",0,5316.261743247
1,[4],[4],1,1932.719571174
