,customer,weight,round,length
0,"[84, 210, 144, 154, 39, 38, 20, 21, 169, 5, 223, 195, 101]","[1, 1, 1, 1, 1, 1, 1, 1, 1, 1, 2, 1, 1]",0,15088.6502608227
1,[],[],0,0.0
2,"[101, 177, 151, 44, 122, 181, 199, 60]","[1, 2, 2, 2, 1, 1, 2, 2]",0,5407.811729726701
3,[],[],0,0.0
