,customer,weight,round,length
0,"[38, 106, 5, 4, 202, 186, 131, 178, 181, 182, 180, 179]","[1, 2, 1, 1, 1, 2, 2, 1, 1, 1, 1, 1]",0,6524.3641577222
1,"[204, 64, 116, 117, 100, 101, 21, 168, 218, 219, 60]","[1, 1, 1, 1, 1, 1, 2, 3, 2, 1, 1]",0,7133.2723737920005
2,[],[],1,0.0
3,"[83, 22]","[1, 1]",1,10591.20862547
