,customer,weight,round,length
0,"[149, 220, 153, 24, 216, 115, 217, 96, 108, 81]","[1, 2, 1, 1, 1, 2, 1, 2, 2, 2]",0,2998.6704012839004
1,"[98, 75, 97, 120, 48, 17, 93, 214, 94, 95, 91, 15, 16]","[1, 1, 1, 1, 1, 1, 1, 2, 1, 1, 1, 1, 2]",0,2663.7719926419
2,[],[],1,0.0
3,"[82, 81]","[1, 1]",1,6058.8696233
