,customer,weight,round,length
0,"[163, 136]","[14, 1]",0,2000002350.4090765
1,"[127, 52, 148, 119, 152, 154, 156, 157, 158, 140, 128]","[1, 1, 3, 1, 3, 1, 1, 1, 1, 1, 1]",0,2000002602.0098217
2,"[206, 28, 53, 163, 223, 166, 165, 102, 167, 205, 197]","[1, 1, 2, 1, 1, 2, 1, 1, 3, 1, 1]",1,2000014287.8643446
3,[],[],1,0.0
