,customer,weight,round,length
0,[4],[15],0,553.220150506
1,[4],[10],0,553.220150506
