,task,distance
0,[0],136.0090647204
1,[1],0.0
2,[2],1133.167521769
3,[3],0.0
