,task,distance
0,[0],2441.46686642
1,[1],0.0
2,[2],4292.766660799999
