,customer,weight,round,length
0,[],[],0,0.0
1,"[53, 6, 7, 16, 88]","[4, 1, 6, 1, 2]",0,2176.857493006
2,"[1, 2, 101, 66, 64, 83, 24, 48, 75, 103, 94, 102, 87]","[1, 1, 1, 1, 1, 1, 1, 1, 1, 2, 1, 1, 2]",0,4698.258508238001
3,[],[],0,0.0
