,customer,weight,round,length
0,"[156, 69, 70, 74, 110]","[2, 1, 1, 2, 1]",0,2432.944546714
1,"[27, 57, 121, 152, 93, 87, 102, 92, 14, 41, 50]","[1, 1, 1, 3, 3, 1, 1, 1, 1, 1, 1]",0,11407.305184989002
2,[],[],0,0.0
3,"[109, 11, 37, 122, 34, 42, 103, 4, 83, 128, 144, 32, 157, 77]","[1, 1, 1, 1, 1, 1, 2, 1, 1, 1, 1, 1, 1, 1]",0,12464.268225832999
4,[],[],0,0.0
