,task,distance
0,[0],1685.1811246943
1,[1],2069.1098117548
2,[2],3790.8325981004
3,[3],0.0
4,[4],0.0
