,task,distance
0,[0],0.0
1,[1],9602.361058921
2,[2],10967.991057310895
