,task,distance
0,"[0, 2]",7162.529433745
1,"[1, 3]",13092.71691023
