,task,distance
0,[0],147.0135932574
1,[1],9578.5242299126
