,task,distance
0,[0],8166.115002014999
1,[1],3057.685143861
