,customer,weight,round,length
0,"[130, 114, 77, 3, 116, 89, 128, 135, 172, 91, 136]","[1, 1, 1, 1, 1, 1, 1, 4, 1, 1, 2]",0,12827.392024762
1,[95],[1],1,18083.5356527
