,customer,weight,round,length
0,[133],[15],0,297.137821738
1,"[133, 3, 116, 2, 176, 131, 144, 90, 80, 157, 156]","[5, 1, 1, 1, 1, 1, 1, 1, 1, 1, 1]",1,18729.099744587005
